date,equity,cash
2018-01-01,999500.2884820173,77.25251705158735
2018-01-02,997501.8236497114,77.25251705158735
2018-01-03,994650.0051835249,77.25251705158735
2018-01-04,1008567.2583726118,77.25251705158735
2018-01-05,1011359.439860649,77.25251705158735
2018-01-08,1014504.220189491,198.42698422988178
2018-01-09,1020250.1831907423,198.42698422988178
2018-01-10,1016286.6249860914,198.42698422988178
2018-01-11,1002916.8637556226,198.42698422988178
2018-01-12,1008444.1352934034,198.42698422988178
2018-01-15,1013697.7014134139,170.95189406571444
2018-01-16,1008018.8267567365,170.95189406571444
2018-01-17,1005602.2961514205,170.95189406571444
2018-01-18,1002505.2573940963,170.95189406571444
2018-01-19,1018733.8042195052,170.95189406571444
2018-01-22,1030579.5255613936,244.93391710647848
2018-01-23,1046923.8774138106,244.93391710647848
2018-01-24,1040251.96991259,244.93391710647848
2018-01-25,1043303.3298597946,244.93391710647848
2018-01-29,1061745.5703685835,49.13476830278523
2018-01-30,1048811.8517330245,49.13476830278523
2018-01-31,1047687.9678791121,49.13476830278523
2018-02-01,1038279.089453514,49.13476830278523
2018-02-02,1043007.0615032271,49.13476830278523
2018-02-05,1023552.7658010728,19.31524336419534
2018-02-06,1000512.0569311389,19.31524336419534
2018-02-07,1009252.7860723742,19.31524336419534
2018-02-08,1004493.8598448046,19.31524336419534
2018-02-09,1011796.4971586474,19.31524336419534
2018-02-12,1017979.0362936266,19.31524336419534
2018-02-14,1002353.1672979601,19.31524336419534
2018-02-15,1011097.0452085742,19.31524336419534
2018-02-16,1015765.2395101793,19.31524336419534
2018-02-19,1013219.2175871142,19.31524336419534
2018-02-20,1012977.5138517625,19.31524336419534
2018-02-21,1007166.2439161547,19.31524336419534
2018-02-22,1012569.0745588549,19.31524336419534
2018-02-23,1013536.781372667,19.31524336419534
2018-02-26,1015408.3676306019,19.31524336419534
2018-02-27,1034623.9878622302,19.31524336419534
2018-02-28,1034104.4020849474,19.31524336419534
2018-03-01,1028369.7062307604,19.31524336419534
2018-03-05,1040195.1996694813,19.31524336419534
2018-03-06,1035992.5655714283,19.31524336419534
2018-03-07,1033778.2297559984,19.31524336419534
2018-03-08,1066256.3416830308,19.31524336419534
2018-03-09,1039475.4932523974,19.31524336419534
2018-03-12,1056700.6744772205,19.31524336419534
2018-03-13,1065510.5267416248,19.31524336419534
2018-03-14,1064408.4304510364,19.31524336419534
2018-03-15,1049550.1404005298,19.31524336419534
2018-03-16,1065459.75336516,19.31524336419534
2018-03-19,1057395.8327646577,645.3360872590565
2018-03-20,1061042.6216783845,645.3360872590565
2018-03-21,1070089.692235025,645.3360872590565
2018-03-22,1054367.4154939973,645.3360872590565
2018-03-23,1042069.4798670138,645.3360872590565
2018-03-26,1042019.2481415002,27.41506120847771
2018-03-27,1047854.4970390528,27.41506120847771
2018-03-28,1032170.1376754967,27.41506120847771
2018-04-02,1054201.3655519846,485.41810325410916
2018-04-03,1054846.436123884,485.41810325410916
2018-04-04,1057479.5724611643,485.41810325410916
2018-04-05,1042487.0616960886,485.41810325410916
2018-04-06,1055704.617299116,485.41810325410916
2018-04-09,1056026.388160982,175.78839138970943
2018-04-10,1044284.3794253252,175.78839138970943
2018-04-11,1055056.6382754229,175.78839138970943
2018-04-12,1054777.7506258867,175.78839138970943
2018-04-13,1055044.2281268022,175.78839138970943
2018-04-16,1052791.810791292,175.78839138970943
2018-04-17,1056469.5770266436,175.78839138970943
2018-04-18,1059311.7213671587,175.78839138970943
2018-04-19,1060756.383850374,175.78839138970943
2018-04-20,1070991.4408800984,175.78839138970943
2018-04-23,1072479.346691408,175.78839138970943
2018-04-24,1059914.8415835283,175.78839138970943
2018-04-25,1074361.558838167,175.78839138970943
2018-04-26,1068487.441223421,175.78839138970943
2018-04-27,1068061.7761996172,175.78839138970943
2018-04-30,1080874.2271426104,175.78839138970943
2018-05-02,1067903.129730501,175.78839138970943
2018-05-03,1062725.5037501238,175.78839138970943
2018-05-04,1061489.4429324053,175.78839138970943
2018-05-07,1042325.4817617815,82.88344940362731
2018-05-08,1058626.2263792437,82.88344940362731
2018-05-09,1056466.3628614824,82.88344940362731
2018-05-10,1062820.994823305,82.88344940362731
2018-05-11,1065062.6139143389,82.88344940362731
2018-05-14,1068107.3659571244,77.99080453661736
2018-05-15,1068540.0980928973,77.99080453661736
2018-05-16,1061660.7201403216,77.99080453661736
2018-05-17,1057225.4423502518,77.99080453661736
2018-05-18,1049415.0492724017,77.99080453661736
2018-05-21,1044666.1972014329,233.00313633895712
2018-05-22,1037778.4348837754,233.00313633895712
2018-05-23,1035781.429547014,233.00313633895712
2018-05-24,1046144.762875261,233.00313633895712
2018-05-25,1053546.3442694566,233.00313633895712
2018-05-28,1066247.58647603,233.00313633895712
2018-05-29,1075916.7585493943,233.00313633895712
2018-05-30,1072970.8970801255,233.00313633895712
2018-05-31,1079710.9508597276,233.00313633895712
2018-06-01,1074339.4528166675,233.00313633895712
2018-06-04,1062449.481636705,233.00313633895712
2018-06-05,1071260.2208029649,233.00313633895712
2018-06-06,1082630.7626006028,233.00313633895712
2018-06-07,1080970.7897498035,233.00313633895712
2018-06-08,1090760.9519431016,233.00313633895712
2018-06-11,1096573.725126848,2.6684061143314466
2018-06-12,1094957.3509889697,2.6684061143314466
2018-06-13,1103413.812578783,2.6684061143314466
2018-06-14,1099410.765753374,2.6684061143314466
2018-06-15,1061355.2797990893,2.6684061143314466
2018-06-18,1053501.0316600816,150.74791145487688
2018-06-19,1047836.7527027146,150.74791145487688
2018-06-20,1051192.5112705247,150.74791145487688
2018-06-21,1045389.2473392503,150.74791145487688
2018-06-22,1052954.971837999,150.74791145487688
2018-06-25,1046302.2673625962,150.74791145487688
2018-06-26,1041484.1244106309,150.74791145487688
2018-06-27,1028439.5018749253,150.74791145487688
2018-06-28,1016256.8628940599,150.74791145487688
2018-06-29,1021071.4538555162,150.74791145487688
2018-07-02,1015038.935331682,440.93864283914445
2018-07-03,1019154.9157699144,440.93864283914445
2018-07-04,1021627.9369834459,440.93864283914445
2018-07-05,1026041.5279563463,440.93864283914445
2018-07-06,1021655.4948180711,440.93864283914445
2018-07-09,1024374.6403101687,88.97957789950306
2018-07-10,1040466.496858478,88.97957789950306
2018-07-11,1045037.9569605594,88.97957789950306
2018-07-12,1050125.2395037417,88.97957789950306
2018-07-13,1050895.9081476931,88.97957789950306
2018-07-16,1046529.8303913265,36.18619195523206
2018-07-17,1053793.7088855894,36.18619195523206
2018-07-18,1053503.6536792906,36.18619195523206
2018-07-19,1051775.7813152461,36.18619195523206
2018-07-20,1059453.3966373594,36.18619195523206
2018-07-23,1062329.825859466,36.18619195523206
2018-07-24,1063954.3102916868,36.18619195523206
2018-07-25,1061370.727474609,36.18619195523206
2018-07-26,1064599.4121784358,36.18619195523206
2018-07-27,1071838.7218975215,36.18619195523206
2018-07-30,1081538.2191568334,10.226767154352274
2018-07-31,1072396.8163591344,10.226767154352274
2018-08-01,1066850.2411180455,10.226767154352274
2018-08-02,1062259.67692432,10.226767154352274
2018-08-03,1068845.7919145543,10.226767154352274
2018-08-06,1080130.1199845385,38.11419001343893
2018-08-07,1068005.0929841113,38.11419001343893
2018-08-08,1065698.5236023974,38.11419001343893
2018-08-09,1087036.1825112414,38.11419001343893
2018-08-10,1074342.457936199,38.11419001343893
2018-08-13,1063393.1573113513,38.11419001343893
2018-08-14,1057473.7601594042,38.11419001343893
2018-08-16,1066517.4847535205,38.11419001343893
2018-08-17,1075021.239182384,38.11419001343893
2018-08-20,1086993.993290813,38.11419001343893
2018-08-21,1081391.3995713308,38.11419001343893
2018-08-23,1081570.9984978747,38.11419001343893
2018-08-24,1079091.2904099538,38.11419001343893
2018-08-27,1089992.5096124301,144.34082733490504
2018-08-28,1083213.1693109164,144.34082733490504
2018-08-29,1093072.0365327487,144.34082733490504
2018-08-30,1091933.9811128268,144.34082733490504
2018-08-31,1097638.4464181552,144.34082733490504
2018-09-03,1086789.370540012,144.34082733490504
2018-09-04,1063013.3831933627,144.34082733490504
2018-09-05,1060126.1673463474,144.34082733490504
2018-09-06,1065089.931388248,144.34082733490504
2018-09-07,1069923.9764627109,144.34082733490504
2018-09-10,1054479.869812084,170.7529068713775
2018-09-11,1043331.6938935047,170.7529068713775
2018-09-12,1039996.2088127856,170.7529068713775
2018-09-14,1055003.5537491567,170.7529068713775
2018-09-17,1054896.807285381,170.7529068713775
2018-09-18,1044955.9181633716,170.7529068713775
2018-09-19,1042013.2817269092,170.7529068713775
2018-09-21,1033120.9096413379,170.7529068713775
2018-09-24,1030597.3853518282,82.54399173607817
2018-09-25,1025491.6645476138,82.54399173607817
2018-09-26,1027939.0510508334,82.54399173607817
2018-09-27,1026705.2107359683,82.54399173607817
2018-09-28,1020790.036949805,82.54399173607817
2018-10-01,1026492.4560286929,316.00707697169855
2018-10-03,1038260.0582015445,316.00707697169855
2018-10-04,1037046.5025660922,316.00707697169855
2018-10-05,1040819.7569777896,316.00707697169855
2018-10-08,1041710.0543334414,316.00707697169855
2018-10-09,1035540.0531337191,316.00707697169855
2018-10-10,1030584.219050162,316.00707697169855
2018-10-11,1016713.6217753817,316.00707697169855
2018-10-12,1037335.3992221286,316.00707697169855
2018-10-15,1027724.4946448733,316.00707697169855
2018-10-16,1020753.5189540316,316.00707697169855
2018-10-17,1028068.6087405612,316.00707697169855
2018-10-19,1027597.3071200778,316.00707697169855
2018-10-22,1031254.5504443576,316.00707697169855
2018-10-23,1027827.3104140689,316.00707697169855
2018-10-24,1024617.6582400729,316.00707697169855
2018-10-25,1023020.4414184024,316.00707697169855
2018-10-26,1024943.6548564364,316.00707697169855
2018-10-29,1009032.26292681,316.00707697169855
2018-10-30,1014895.6811358859,316.00707697169855
2018-10-31,1014268.2989718844,316.00707697169855
2018-11-01,1009175.8493583133,316.00707697169855
2018-11-02,1011241.6089351107,316.00707697169855
2018-11-05,1020944.2816060835,297.5133546643774
2018-11-06,1012105.8750928694,297.5133546643774
2018-11-07,1017201.4445852095,297.5133546643774
2018-11-09,1011742.8632768446,297.5133546643774
2018-11-12,996056.1240770661,9.331905587750953
2018-11-13,994288.3170950257,9.331905587750953
2018-11-14,1001361.8467943512,9.331905587750953
2018-11-15,1004162.479376062,9.331905587750953
2018-11-16,1009676.6166593872,9.331905587750953
2018-11-19,1014648.107771032,125.5290204216144
2018-11-20,997810.1480389764,125.5290204216144
2018-11-21,1008723.2044354607,125.5290204216144
2018-11-22,995542.9488965203,125.5290204216144
2018-11-26,1005776.8473492791,125.5290204216144
2018-11-27,1010401.7467175652,125.5290204216144
2018-11-28,999582.2014752557,125.5290204216144
2018-11-29,1010290.8784466912,125.5290204216144
2018-11-30,1005567.0422650505,125.5290204216144
2018-12-03,1011814.5360931564,34.743299882509746
2018-12-04,1002917.0222610642,34.743299882509746
2018-12-05,993231.061613481,34.743299882509746
2018-12-06,985303.50794832,34.743299882509746
2018-12-07,991363.5468887497,34.743299882509746
2018-12-10,975368.2790970017,34.743299882509746
2018-12-11,981167.5641769576,34.743299882509746
2018-12-12,999384.6266998459,34.743299882509746
2018-12-13,1006643.2798065353,34.743299882509746
2018-12-14,1010044.4303116013,34.743299882509746
2018-12-17,1014679.4967534347,23.361713151505683
2018-12-18,1018403.7009160323,23.361713151505683
2018-12-19,1034823.8954045577,23.361713151505683
2018-12-20,1028378.6314160628,23.361713151505683
2018-12-21,1017483.2866704268,23.361713151505683
2018-12-24,1007517.6919208237,216.91271168668754
2018-12-26,1015928.5174937912,216.91271168668754
2018-12-27,1019089.2456622787,216.91271168668754
2018-12-28,1030280.5779452987,216.91271168668754
2018-12-31,1032434.7569726577,296.7623017898295
2019-01-01,1036839.3699792495,296.7623017898295
2019-01-02,1018166.0857080093,296.7623017898295
2019-01-03,1009827.8363488785,296.7623017898295
2019-01-04,1021310.9463609329,296.7623017898295
2019-01-07,1011958.8805000063,79.96771733724745
2019-01-08,1025521.9756690736,79.96771733724745
2019-01-09,1028829.0362693544,79.96771733724745
2019-01-10,1029884.5785705324,79.96771733724745
2019-01-11,1025530.1341296907,79.96771733724745
2019-01-14,1022626.1094562288,79.96771733724745
2019-01-15,1025020.3709861513,79.96771733724745
2019-01-16,1030964.9789840456,79.96771733724745
2019-01-17,1024241.0156299348,79.96771733724745
2019-01-18,1024554.5238715883,79.96771733724745
2019-01-21,1013618.2726642939,44.617886767024174
2019-01-22,1005750.3820373865,44.617886767024174
2019-01-23,1003594.7497207972,44.617886767024174
2019-01-24,1000734.1170036646,44.617886767024174
2019-01-25,1000272.971270785,44.617886767024174
2019-01-28,991520.9132607656,31.02328235685127
2019-01-29,994470.8015263753,31.02328235685127
2019-01-30,993533.8281377036,31.02328235685127
2019-01-31,1008699.6154378135,31.02328235685127
2019-02-01,1015474.9013741689,31.02328235685127
2019-02-04,1018995.6631901938,31.02328235685127
2019-02-05,1024431.3775742727,31.02328235685127
2019-02-06,1031928.0037358481,31.02328235685127
2019-02-07,1028203.3521073537,31.02328235685127
2019-02-08,1020364.7233861166,31.02328235685127
2019-02-11,1021707.5422280508,31.02328235685127
2019-02-12,1016193.8894036489,31.02328235685127
2019-02-14,1020801.3313439565,31.02328235685127
2019-02-15,1023834.8985150533,31.02328235685127
2019-02-18,1027043.2521527486,31.02328235685127
2019-02-19,1021452.9827740865,31.02328235685127
2019-02-20,1029279.4247048575,31.02328235685127
2019-02-21,1026677.1805585105,31.02328235685127
2019-02-22,1025823.4681809621,31.02328235685127
2019-02-25,1032508.9390996175,31.02328235685127
2019-02-26,1028785.9193566518,31.02328235685127
2019-02-27,1033076.2840893941,31.02328235685127
2019-02-28,1032161.9349320608,31.02328235685127
2019-03-01,1027543.4386704641,31.02328235685127
2019-03-05,1021981.797061936,30.161230103112757
2019-03-06,1025170.0024204412,30.161230103112757
2019-03-07,1011824.6269722143,30.161230103112757
2019-03-08,1006975.5391559759,30.161230103112757
2019-03-11,1025863.7360313174,48.74844815698452
2019-03-12,1024125.0939624545,48.74844815698452
2019-03-13,1013582.0356910464,48.74844815698452
2019-03-14,1023147.7674224612,48.74844815698452
2019-03-15,1025868.2553832766,48.74844815698452
2019-03-18,1024720.3426143709,128.95012016926194
2019-03-19,1033049.1985199037,128.95012016926194
2019-03-20,1027248.6626216951,128.95012016926194
2019-03-22,1023285.7938968721,128.95012016926194
2019-03-25,1028848.2541896882,128.95012016926194
2019-03-26,1039351.3972389284,128.95012016926194
2019-03-27,1035690.7720748965,128.95012016926194
2019-03-28,1040045.9774887147,128.95012016926194
2019-04-01,1042362.6634569403,24.600628876360133
2019-04-02,1046396.7507238623,24.600628876360133
2019-04-03,1032273.1835584876,24.600628876360133
2019-04-04,1030201.2785425421,24.600628876360133
2019-04-05,1030952.3893900153,24.600628876360133
2019-04-08,1022286.2055807349,24.600628876360133
2019-04-09,1033568.3201437232,24.600628876360133
2019-04-10,1027672.4328470465,24.600628876360133
2019-04-11,1027741.49602797,24.600628876360133
2019-04-12,1030085.5169534918,24.600628876360133
2019-04-15,1035484.1042623755,24.600628876360133
2019-04-16,1041124.5859079596,24.600628876360133
2019-04-18,1029955.7853937384,24.600628876360133
2019-04-22,1009863.8260355231,24.600628876360133
2019-04-23,1008428.6983747717,24.600628876360133
2019-04-24,1021897.5084104773,24.600628876360133
2019-04-25,1013488.0145349738,24.600628876360133
2019-04-26,1018728.5765543219,24.600628876360133
2019-04-30,1008216.347615235,53.83224200503901
2019-05-02,1002183.8854532172,53.83224200503901
2019-05-03,998956.4416475226,53.83224200503901
2019-05-06,989993.4008545119,297.7211097914842
2019-05-07,987362.4266246993,297.7211097914842
2019-05-08,977222.9398731429,297.7211097914842
2019-05-09,970906.4747528273,297.7211097914842
2019-05-10,970399.0714325149,297.7211097914842
2019-05-13,959224.6719009215,364.8262702758075
2019-05-14,956930.5714256102,364.8262702758075
2019-05-15,956484.6612159545,364.8262702758075
2019-05-16,958419.469412976,364.8262702758075
2019-05-17,960455.3226081664,364.8262702758075
2019-05-20,952810.0693733031,364.8262702758075
2019-05-21,948621.7714454466,364.8262702758075
2019-05-22,947154.2401801879,364.8262702758075
2019-05-23,947866.8443290526,364.8262702758075
2019-05-24,945737.4954292113,364.8262702758075
2019-05-27,944724.6151728788,377.9699702421203
2019-05-28,942950.4175715605,377.9699702421203
2019-05-29,927223.6061396757,377.9699702421203
2019-05-30,933645.0350337187,377.9699702421203
2019-05-31,924896.1893611113,377.9699702421203
2019-06-03,922741.072064755,18.936932919139508
2019-06-04,931929.6583989835,18.936932919139508
2019-06-06,920652.0909551359,18.936932919139508
2019-06-07,920418.814252255,18.936932919139508
2019-06-10,920290.5565618253,18.936932919139508
2019-06-11,923859.1265996671,18.936932919139508
2019-06-12,918558.724774716,18.936932919139508
2019-06-13,919053.5852483488,18.936932919139508
2019-06-14,913701.4552739835,18.936932919139508
2019-06-17,899881.2597755857,11.022196240082849
2019-06-18,903911.7412819334,11.022196240082849
2019-06-19,899615.3561500974,11.022196240082849
2019-06-20,919398.5748695799,11.022196240082849
2019-06-21,915398.9353432127,11.022196240082849
2019-06-24,918506.3832802244,11.022196240082849
2019-06-25,926916.3785805174,11.022196240082849
2019-06-26,927333.6638283201,11.022196240082849
2019-06-27,930076.8748268553,11.022196240082849
2019-06-28,925390.1049293944,11.022196240082849
2019-07-01,917864.7909039389,30.648989571200218
2019-07-02,918986.388834847,30.648989571200218
2019-07-03,931855.0443829428,30.648989571200218
2019-07-04,937295.9546841513,30.648989571200218
2019-07-05,933820.1034191977,30.648989571200218
2019-07-08,907567.9124554526,30.648989571200218
2019-07-09,907249.2535275351,30.648989571200218
2019-07-10,905080.0443524253,30.648989571200218
2019-07-11,915686.1759899985,30.648989571200218
2019-07-12,911901.1654919516,30.648989571200218
2019-07-15,902275.8962248007,285.10450727137504
2019-07-16,905919.7881620566,285.10450727137504
2019-07-17,902860.9988248984,285.10450727137504
2019-07-18,900845.563522164,285.10450727137504
2019-07-19,905692.9035490195,285.10450727137504
2019-07-22,904397.520553414,285.10450727137504
2019-07-23,902161.1169279257,285.10450727137504
2019-07-24,905567.5333097617,285.10450727137504
2019-07-25,908253.7152250449,285.10450727137504
2019-07-26,907997.5297392049,285.10450727137504
2019-07-29,904603.542404,285.10450727137504
2019-07-30,899932.7001798789,285.10450727137504
2019-07-31,899732.0951688925,285.10450727137504
2019-08-01,889455.0109098593,285.10450727137504
2019-08-02,906679.8805692832,285.10450727137504
2019-08-05,909143.5197294394,285.10450727137504
2019-08-06,911131.7162931601,285.10450727137504
2019-08-07,916544.9067533652,285.10450727137504
2019-08-08,918340.099471871,285.10450727137504
2019-08-09,922865.480178658,285.10450727137504
2019-08-13,918565.2109220664,285.10450727137504
2019-08-14,934359.8247526328,285.10450727137504
2019-08-16,923885.5567472617,285.10450727137504
2019-08-19,920045.1157888571,366.3075002828846
2019-08-20,929150.5111135641,366.3075002828846
2019-08-21,925158.147984902,366.3075002828846
2019-08-22,929689.5301565329,366.3075002828846
2019-08-23,941450.9484914938,366.3075002828846
2019-08-26,937503.4077156988,43.24202050839085
2019-08-27,941652.2192276922,43.24202050839085
2019-08-28,940761.261292359,43.24202050839085
2019-08-29,943234.5114411322,43.24202050839085
2019-08-30,942293.3738144842,43.24202050839085
2019-09-03,951914.8479063879,13.104772842954844
2019-09-04,953952.4684393774,13.104772842954844
2019-09-05,955026.8848364721,13.104772842954844
2019-09-06,948520.5884726415,13.104772842954844
2019-09-09,953112.5679378611,14.434469233150594
2019-09-11,946772.4085025889,14.434469233150594
2019-09-12,970478.7123622994,14.434469233150594
2019-09-13,963743.6254062754,14.434469233150594
2019-09-16,959934.0928096873,14.434469233150594
2019-09-17,972325.1506290537,14.434469233150594
2019-09-18,953977.9538860423,14.434469233150594
2019-09-19,952247.8064937693,14.434469233150594
2019-09-20,941237.9193935496,14.434469233150594
2019-09-23,947955.8825276801,129.88979086373
2019-09-24,943106.6382039497,129.88979086373
2019-09-25,924165.8575948188,129.88979086373
2019-09-26,933476.0318196723,129.88979086373
2019-09-27,937805.030324311,129.88979086373
2019-09-30,926147.5246480415,129.88979086373
2019-10-01,914810.9075826118,129.88979086373
2019-10-03,908195.1146443794,129.88979086373
2019-10-04,895327.8690999458,129.88979086373
2019-10-07,887710.1212349555,401.58949667430716
2019-10-09,894104.7350655219,401.58949667430716
2019-10-10,886594.1832466742,401.58949667430716
2019-10-11,900548.9767037055,401.58949667430716
2019-10-14,903649.4215584418,401.58949667430716
2019-10-15,908140.8376045844,401.58949667430716
2019-10-16,906752.4800911568,401.58949667430716
2019-10-17,914429.5322456977,401.58949667430716
2019-10-18,915625.0331001899,401.58949667430716
2019-10-22,926616.7609081924,9.965414112783037
2019-10-23,916272.8737965284,9.965414112783037
2019-10-24,908838.7218571365,9.965414112783037
2019-10-25,914946.0044346511,9.965414112783037
2019-10-27,908976.8232632338,9.965414112783037
2019-10-29,925033.6405646864,239.483063465741
2019-10-30,924803.6532294813,239.483063465741
2019-10-31,924452.6263740126,239.483063465741
2019-11-01,920602.6295173231,239.483063465741
2019-11-04,911667.1202863127,17.741669979703147
2019-11-05,906471.6938641935,17.741669979703147
2019-11-06,907240.8813184171,17.741669979703147
2019-11-07,903568.154694882,17.741669979703147
2019-11-08,892513.6040051847,17.741669979703147
2019-11-11,895804.3009570128,442.79766111436766
2019-11-13,872291.7745745664,442.79766111436766
2019-11-14,889389.4035571105,442.79766111436766
2019-11-15,913071.6489642148,442.79766111436766
2019-11-18,897490.1004751287,36.193942841142416
2019-11-19,896844.8572576605,36.193942841142416
2019-11-20,894520.2683752142,36.193942841142416
2019-11-21,891181.4668996893,36.193942841142416
2019-11-22,894293.5622442327,36.193942841142416
2019-11-25,904701.7514834104,7.470145672385115
2019-11-26,907873.2936091123,7.470145672385115
2019-11-27,912816.3004336057,7.470145672385115
2019-11-28,929816.4922785459,7.470145672385115
2019-11-29,923130.6216845212,7.470145672385115
2019-12-02,918933.075744122,7.470145672385115
2019-12-03,904996.9417757688,7.470145672385115
2019-12-04,912347.3871264157,7.470145672385115
2019-12-05,902316.1636118589,7.470145672385115
2019-12-06,889146.0939440427,7.470145672385115
2019-12-09,888859.2022639757,10.48440661485074
2019-12-10,879126.5831481463,10.48440661485074
2019-12-11,882950.1045257098,10.48440661485074
2019-12-12,891167.4007445818,10.48440661485074
2019-12-13,900311.4734450823,10.48440661485074
2019-12-16,900994.254710566,21.252732645603828
2019-12-17,906646.6909173838,21.252732645603828
2019-12-18,900590.4731763713,21.252732645603828
2019-12-19,366165.47633660946,21.252732645603828
2019-12-20,368640.58517397556,21.252732645603828
2019-12-23,909279.9725919843,24.672291386290453
2019-12-24,909075.0260206342,24.672291386290453
2019-12-26,909343.2762685895,24.672291386290453
2019-12-27,915116.1916967513,24.672291386290453
2019-12-30,912950.771449244,668.0873328804737
2019-12-31,910661.040312922,668.0873328804737
2020-01-01,912079.2892257331,668.0873328804737
2020-01-02,914011.9685889839,668.0873328804737
2020-01-03,910558.8318549752,668.0873328804737
2020-01-06,895453.4359276472,125.54003073542845
2020-01-07,890328.3598091779,125.54003073542845
2020-01-08,892293.9420311626,125.54003073542845
2020-01-09,877516.2656891522,125.54003073542845
2020-01-10,880391.3945419964,125.54003073542845
2020-01-13,884461.4828989911,300.60771588556236
2020-01-14,892748.3054697919,300.60771588556236
2020-01-15,894608.0455325055,300.60771588556236
2020-01-16,889596.6028330731,300.60771588556236
2020-01-17,889740.7359393048,300.60771588556236
2020-01-20,891521.8448269085,98.11818429990672
2020-01-21,884384.5063945965,98.11818429990672
2020-01-22,882269.6359684186,98.11818429990672
2020-01-23,887008.9470798688,98.11818429990672
2020-01-24,906975.5719272809,98.11818429990672
2020-01-27,901017.9662601666,98.11818429990672
2020-01-28,880907.5889179425,98.11818429990672
2020-01-29,894927.8808643536,98.11818429990672
2020-01-30,884880.3479435162,98.11818429990672
2020-01-31,874279.1774837689,98.11818429990672
2020-02-03,874084.7982619558,59.090845421364065
2020-02-04,869994.0112479483,59.090845421364065
2020-02-05,880507.0761016165,59.090845421364065
2020-02-06,888236.0122855459,59.090845421364065
2020-02-07,890603.9908049856,59.090845421364065
2020-02-10,873396.3151534353,59.090845421364065
2020-02-11,886075.0574973379,59.090845421364065
2020-02-12,885369.089124993,59.090845421364065
2020-02-13,889208.9570601736,59.090845421364065
2020-02-14,880439.4854682242,59.090845421364065
2020-02-17,885797.8666969687,89.83569873863598
2020-02-18,882729.7127052695,89.83569873863598
2020-02-19,891163.9604088217,89.83569873863598
2020-02-20,895662.0596443564,89.83569873863598
2020-02-24,892290.343671456,89.83569873863598
2020-02-25,879988.703019753,89.83569873863598
2020-02-26,867834.1413055807,89.83569873863598
2020-02-27,866127.0264984518,89.83569873863598
2020-02-28,841624.1615158468,89.83569873863598
2020-03-02,843675.3555193087,84.58538533642422
2020-03-03,839510.5268373629,84.58538533642422
2020-03-04,853851.041211142,84.58538533642422
2020-03-05,855134.9290132661,84.58538533642422
2020-03-06,857340.5543069979,84.58538533642422
2020-03-09,861363.378266379,380.6256952729309
2020-03-11,858311.0436983551,380.6256952729309
2020-03-12,855089.7858248199,380.6256952729309
2020-03-13,842782.0015230621,380.6256952729309
2020-03-16,887959.5353708711,380.6256952729309
2020-03-17,828390.3380327668,380.6256952729309
2020-03-18,833728.1975412813,380.6256952729309
2020-03-19,830298.0337572541,380.6256952729309
2020-03-20,836946.8311930146,380.6256952729309
2020-03-23,827973.07696633,380.6256952729309
2020-03-24,819628.6927347627,380.6256952729309
2020-03-25,857925.0092363801,380.6256952729309
2020-03-26,846593.8855600801,380.6256952729309
2020-03-27,855226.5623445954,380.6256952729309
2020-03-30,870183.8618135896,380.6256952729309
2020-03-31,857561.8453951324,380.6256952729309
2020-04-01,859111.0614214387,380.6256952729309
2020-04-03,861614.5102129426,380.6256952729309
2020-04-07,866257.9399179539,17.310008438595105
2020-04-08,858039.5004533848,17.310008438595105
2020-04-09,875736.271167191,17.310008438595105
2020-04-13,884874.0105487695,843.8313266625046
2020-04-15,897361.8220760217,843.8313266625046
2020-04-16,909926.793267428,843.8313266625046
2020-04-17,911582.8791705957,843.8313266625046
2020-04-20,898512.6962078232,0.31638223119080067
2020-04-21,904195.4667308945,0.31638223119080067
2020-04-22,895445.8538883347,0.31638223119080067
2020-04-23,892272.9168575425,0.31638223119080067
2020-04-24,890991.4137790818,0.31638223119080067
2020-04-27,904353.5539539475,0.31638223119080067
2020-04-28,905555.6289737839,0.31638223119080067
2020-04-29,896770.5207088608,0.31638223119080067
2020-04-30,901626.7784679551,0.31638223119080067
2020-05-04,887667.2745465741,60.13704581113416
2020-05-05,886922.3959111676,60.13704581113416
2020-05-06,890380.3593358502,60.13704581113416
2020-05-07,883953.9980649457,60.13704581113416
2020-05-08,899923.4409512982,60.13704581113416
2020-05-11,899397.6173659252,2.6550780223915353
2020-05-12,898596.814848988,2.6550780223915353
2020-05-13,898415.7669936108,2.6550780223915353
2020-05-14,898583.8249693798,2.6550780223915353
2020-05-15,879077.9944373058,2.6550780223915353
2020-05-18,888375.4426317714,113.08537774314755
2020-05-19,880933.4842157863,113.08537774314755
2020-05-20,893142.9967966579,113.08537774314755
2020-05-21,886347.9553499721,113.08537774314755
2020-05-22,885030.0603304409,113.08537774314755
2020-05-26,891455.794892361,113.08537774314755
2020-05-27,886520.7853899501,113.08537774314755
2020-05-28,894526.7833872341,113.08537774314755
2020-05-29,892208.0565653347,113.08537774314755
2020-06-01,901058.620234383,149.41165436594747
2020-06-02,910388.3959759602,149.41165436594747
2020-06-03,919624.5733059773,149.41165436594747
2020-06-04,921176.8081463703,149.41165436594747
2020-06-05,931858.1676434407,149.41165436594747
2020-06-08,937128.8824247632,54.13137190666748
2020-06-09,928665.3183988843,54.13137190666748
2020-06-10,934540.2298368725,54.13137190666748
2020-06-11,915173.5560240063,54.13137190666748
2020-06-12,917675.0447019849,54.13137190666748
2020-06-15,911771.6877553386,36.62382387346588
2020-06-16,921036.9687030239,36.62382387346588
2020-06-17,916379.3203036708,36.62382387346588
2020-06-18,916737.8235614223,36.62382387346588
2020-06-19,634870.9120910091,36.62382387346588
2020-06-22,938074.8869257831,35.922307100263424
2020-06-23,954953.2636690998,35.922307100263424
2020-06-24,951074.4364176656,35.922307100263424
2020-06-25,951848.4825716877,35.922307100263424
2020-06-26,950725.4779253864,35.922307100263424
2020-06-29,927756.1573583684,87.68252487998689
2020-06-30,922173.0978414617,87.68252487998689
2020-07-01,944525.5202047429,87.68252487998689
2020-07-02,945711.0049020848,87.68252487998689
2020-07-03,939072.1666023335,87.68252487998689
2020-07-06,956830.6138098785,10.73339682299411
2020-07-07,962882.9381926603,10.73339682299411
2020-07-08,973362.6081984588,10.73339682299411
2020-07-09,983603.5633910247,10.73339682299411
2020-07-10,964031.6486685821,10.73339682299411
2020-07-13,955493.904523265,51.06035746290581
2020-07-14,929700.1977743024,51.06035746290581
2020-07-15,924989.3684305067,51.06035746290581
2020-07-16,925306.4944356794,51.06035746290581
2020-07-17,938911.0112584943,51.06035746290581
2020-07-20,944416.1700238513,132.7776288317982
2020-07-21,964740.7207364368,132.7776288317982
2020-07-22,951009.5155286121,132.7776288317982
2020-07-23,956975.6095837879,132.7776288317982
2020-07-24,944539.9086484241,132.7776288317982
2020-07-27,948805.3273493823,16.070040422375314
2020-07-28,956776.534220415,16.070040422375314
2020-07-29,954644.2448679982,16.070040422375314
2020-07-30,942497.214274126,16.070040422375314
2020-07-31,948368.6668498096,16.070040422375314
2020-08-03,934481.8490719051,26.2282451838837
2020-08-04,936036.1075977534,26.2282451838837
2020-08-05,945364.2643055171,26.2282451838837
2020-08-06,952856.8604015559,26.2282451838837
2020-08-07,953850.9001583308,26.2282451838837
2020-08-10,952063.2612181643,15.051776025618892
2020-08-11,944512.4985114078,15.051776025618892
2020-08-12,931786.0656882266,15.051776025618892
2020-08-13,940641.1604643802,15.051776025618892
2020-08-14,943849.5661078433,15.051776025618892
2020-08-17,942845.2350818384,10.144642995670438
2020-08-18,952156.2769290674,10.144642995670438
2020-08-19,956313.4909030665,10.144642995670438
2020-08-20,949113.9937526453,10.144642995670438
2020-08-21,967953.9448520411,10.144642995670438
2020-08-24,973804.029092039,13.495110715681221
2020-08-25,972208.0686924113,13.495110715681221
2020-08-26,978979.9444095744,13.495110715681221
2020-08-27,982734.0083343638,13.495110715681221
2020-08-28,974665.1626255168,13.495110715681221
2020-08-31,961668.4573068636,108.28210926230531
2020-09-01,959579.5395288484,108.28210926230531
2020-09-02,964056.0014047641,108.28210926230531
2020-09-03,961178.8557939547,108.28210926230531
2020-09-04,940038.8295907993,108.28210926230531
2020-09-07,935139.1477560175,115.65812436467968
2020-09-08,930746.1826681269,115.65812436467968
2020-09-09,920566.0649046076,115.65812436467968
2020-09-10,931597.9493154658,115.65812436467968
2020-09-11,931524.2795194758,115.65812436467968
2020-09-14,956399.4569736193,72.12924534786725
2020-09-15,955066.3559680651,72.12924534786725
2020-09-16,960089.6115565966,72.12924534786725
2020-09-17,952847.3320918749,72.12924534786725
2020-09-18,956274.1577029894,72.12924534786725
2020-09-21,931308.6879008445,12.377029720286373
2020-09-22,921688.5133135947,12.377029720286373
2020-09-23,912522.219963375,12.377029720286373
2020-09-24,898742.740780178,12.377029720286373
2020-09-25,915678.2173236045,12.377029720286373
2020-09-28,931109.8893344994,7.362368404399604
2020-09-29,923987.7161739464,7.362368404399604
2020-09-30,928488.0732677574,7.362368404399604
2020-10-01,942109.2842128868,7.362368404399604
2020-10-05,938171.303672965,20.28481882379856
2020-10-06,942216.5910875159,20.28481882379856
2020-10-07,941469.9448968725,20.28481882379856
2020-10-08,948627.7654077369,20.28481882379856
2020-10-09,945978.8675100164,20.28481882379856
2020-10-12,947110.3662194508,87.74048893636791
2020-10-13,964957.6418561239,87.74048893636791
2020-10-14,951882.8820599813,87.74048893636791
2020-10-15,924428.919161727,87.74048893636791
2020-10-16,931883.3585538168,87.74048893636791
2020-10-19,941978.0889947444,14.774350884428713
2020-10-20,948181.8542211084,14.774350884428713
2020-10-21,954027.7597939996,14.774350884428713
2020-10-22,948037.6622521905,14.774350884428713
2020-10-23,950054.7266957788,14.774350884428713
2020-10-26,941836.1882951288,14.774350884428713
2020-10-27,945611.2365529567,14.774350884428713
2020-10-28,932131.4823205499,14.774350884428713
2020-10-29,931584.6816976098,14.774350884428713
2020-10-30,930658.6149308711,14.774350884428713
2020-11-02,939053.5161244897,14.774350884428713
2020-11-03,950729.3316876916,14.774350884428713
2020-11-04,961312.8742597131,14.774350884428713
2020-11-05,973710.6531579522,14.774350884428713
2020-11-06,982031.4842011956,14.774350884428713
2020-11-09,1004200.9395871668,97.2689443139825
2020-11-10,1011190.7881322412,97.2689443139825
2020-11-11,1022714.5043225794,97.2689443139825
2020-11-12,1013211.6267247705,97.2689443139825
2020-11-13,1016261.1060338526,97.2689443139825
2020-11-14,1020527.9316087274,97.2689443139825
2020-11-17,1031844.164005268,43.48988722602371
2020-11-18,1042772.4101142768,43.48988722602371
2020-11-19,1023389.3802299384,43.48988722602371
2020-11-20,1028220.9396247749,43.48988722602371
2020-11-23,1026392.1593268355,14.34458379354328
2020-11-24,1038970.6445982894,14.34458379354328
2020-11-25,1034225.6646674117,14.34458379354328
2020-11-26,1047381.7718966445,14.34458379354328
2020-11-27,1054893.5292056045,14.34458379354328
2020-12-01,1076311.692047819,13.7418792094104
2020-12-02,1074978.112215742,13.7418792094104
2020-12-03,1100268.6758963908,13.7418792094104
2020-12-04,1117956.6564986552,13.7418792094104
2020-12-07,1129539.2705733622,13.7418792094104
2020-12-08,1150868.8451812114,13.7418792094104
2020-12-09,1155742.5505492534,13.7418792094104
2020-12-10,1147434.8247248973,13.7418792094104
2020-12-11,1160288.9141204203,13.7418792094104
2020-12-14,1178873.4095680597,4.941516149381641
2020-12-15,1177863.9973156336,4.941516149381641
2020-12-16,1186853.0428840998,4.941516149381641
2020-12-17,1174319.9472133997,4.941516149381641
2020-12-18,1152021.0590050104,4.941516149381641
2020-12-21,1099446.3304791297,16.14669083012268
2020-12-22,1115142.3988365973,16.14669083012268
2020-12-23,1137479.2484612311,16.14669083012268
2020-12-24,1146887.375824436,16.14669083012268
2020-12-28,1156257.4944652156,4.868383748922497
2020-12-29,1153338.9368957118,4.868383748922497
2020-12-30,1144560.2869094447,4.868383748922497
2020-12-31,1143099.8542598323,4.868383748922497
2021-01-01,1152522.2300590114,4.868383748922497
2021-01-04,1171771.662851528,81.78801365272375
2021-01-05,1184942.76142712,81.78801365272375
2021-01-06,1178290.997114376,81.78801365272375
2021-01-07,1180285.098715023,81.78801365272375
2021-01-08,1200375.2794172324,81.78801365272375
2021-01-11,1206748.490063961,4.091397579119075
2021-01-12,1227880.0361931878,4.091397579119075
2021-01-13,1243037.0869076804,4.091397579119075
2021-01-14,1240684.3806984976,4.091397579119075
2021-01-15,1220423.7288830832,4.091397579119075
2021-01-18,1203890.5734004057,383.2937583007151
2021-01-19,1209291.237398056,383.2937583007151
2021-01-20,1233551.932241348,383.2937583007151
2021-01-21,1210601.3976115265,383.2937583007151
2021-01-22,1197036.4342421568,383.2937583007151
2021-01-25,1177142.8285333365,78.28397385776043
2021-01-27,1159195.1687547415,78.28397385776043
2021-01-28,1146839.13815324,78.28397385776043
2021-01-29,1118114.448524639,78.28397385776043
2021-02-01,1136573.0413649674,12.654466926469468
2021-02-02,1149177.553087532,12.654466926469468
2021-02-03,1177870.7887824173,12.654466926469468
2021-02-04,1174826.4490073319,12.654466926469468
2021-02-05,1168552.8351691358,12.654466926469468
2021-02-08,1182540.4199175518,324.736287562293
2021-02-09,1182614.9935145061,324.736287562293
2021-02-10,1178993.1528944653,324.736287562293
2021-02-11,1176949.1424612682,324.736287562293
2021-02-12,1180587.6540007275,324.736287562293
2021-02-15,1208479.4966559096,324.736287562293
2021-02-16,1212704.5920290633,324.736287562293
2021-02-17,1237973.8869681044,324.736287562293
2021-02-18,1264872.0833944958,324.736287562293
2021-02-19,1223537.8679136916,324.736287562293
2021-02-22,1197123.7239570264,28.990732157602906
2021-02-23,1205970.6032561902,28.990732157602906
2021-02-24,1230874.6386127118,28.990732157602906
2021-02-25,1244996.3325996045,28.990732157602906
2021-02-26,1199489.9113864545,28.990732157602906
2021-03-01,1201993.6735676134,26.923895677377004
2021-03-02,1205509.6930702531,26.923895677377004
2021-03-03,1230749.35490497,26.923895677377004
2021-03-04,1226335.3482921922,26.923895677377004
2021-03-05,1197834.7037418687,26.923895677377004
2021-03-08,1214878.925808748,26.923895677377004
2021-03-09,1204925.8756225908,26.923895677377004
2021-03-10,1202908.4623211229,26.923895677377004
2021-03-12,1196261.8517559373,26.923895677377004
2021-03-15,1183687.7445335377,46.37856483343057
2021-03-16,1188655.0866947162,46.37856483343057
2021-03-17,1169300.6486778248,46.37856483343057
2021-03-18,1152009.3162021625,46.37856483343057
2021-03-19,1156164.8843364704,46.37856483343057
2021-03-22,1158032.285921847,4.545635973743629
2021-03-23,1155278.157604968,4.545635973743629
2021-03-24,1148992.1868522519,4.545635973743629
2021-03-25,1128193.3530948514,4.545635973743629
2021-03-26,1148246.9164054745,4.545635973743629
2021-03-30,1157534.0849096496,10.061001034511719
2021-03-31,1175913.9594328124,10.061001034511719
2021-04-01,1182789.40742323,10.061001034511719
2021-04-05,1163390.8783361632,10.061001034511719
2021-04-06,1170537.7618162353,10.061001034511719
2021-04-07,1174856.362928601,10.061001034511719
2021-04-08,1189213.4630624969,10.061001034511719
2021-04-09,1180688.3386308867,10.061001034511719
2021-04-12,1167047.57797836,66.14955924695823
2021-04-13,1155888.1383306854,66.14955924695823
2021-04-15,1157360.0532343262,66.14955924695823
2021-04-16,1162804.6484396332,66.14955924695823
2021-04-19,1160866.9231418408,205.95669591781916
2021-04-20,1163005.4689487254,205.95669591781916
2021-04-22,1160788.359581355,205.95669591781916
2021-04-23,1162830.8006519114,205.95669591781916
2021-04-26,1156574.0072864331,205.95669591781916
2021-04-27,1160449.0639346873,205.95669591781916
2021-04-28,1156298.7420810496,205.95669591781916
2021-04-29,1159771.3798984324,205.95669591781916
2021-04-30,1148931.903923396,205.95669591781916
2021-05-03,1155832.883357249,9.699557505256962
2021-05-04,1143990.2677032573,9.699557505256962
2021-05-05,1147438.0871746165,9.699557505256962
2021-05-06,1132695.5217182261,9.699557505256962
2021-05-07,1137931.8565075023,9.699557505256962
2021-05-10,1141514.401100617,126.86621139588533
2021-05-11,1153964.5234150703,126.86621139588533
2021-05-12,1154769.0693821723,126.86621139588533
2021-05-14,1141384.365581971,126.86621139588533
2021-05-17,1150286.0715184028,126.86621139588533
2021-05-18,1161630.5733074958,126.86621139588533
2021-05-19,1166313.145657044,126.86621139588533
2021-05-20,1160459.4118313605,126.86621139588533
2021-05-21,1161529.636612397,126.86621139588533
2021-05-24,1168939.750087836,6.708248236391228
2021-05-25,1161560.9545784974,6.708248236391228
2021-05-26,1157780.066558936,6.708248236391228
2021-05-27,1167060.8920670536,6.708248236391228
2021-05-28,1169088.6627503422,6.708248236391228
2021-05-31,1170602.771614165,309.8622933337465
2021-06-01,1166934.1670781085,309.8622933337465
2021-06-02,1182572.8476582477,309.8622933337465
2021-06-03,1191982.8502713153,309.8622933337465
2021-06-04,1188055.8739014575,309.8622933337465
2021-06-07,1199925.2227437436,321.1128022609628
2021-06-08,1193688.5370747983,321.1128022609628
2021-06-09,1186822.2956998288,321.1128022609628
2021-06-10,1201000.6647260129,321.1128022609628
2021-06-11,1207348.926204437,321.1128022609628
2021-06-14,1206910.04676123,14.34595175134018
2021-06-15,1206510.9536311184,14.34595175134018
2021-06-16,1198204.2457644497,14.34595175134018
2021-06-17,1183048.6615778957,14.34595175134018
2021-06-18,1161080.9728171383,14.34595175134018
2021-06-21,1186364.1297084594,19.117211511183996
2021-06-22,1193093.860394647,19.117211511183996
2021-06-23,1181924.0679866578,19.117211511183996
2021-06-24,1187066.8853542113,19.117211511183996
2021-06-25,1208784.048638513,19.117211511183996
2021-06-28,1212019.9103891999,70.86494471126935
2021-06-29,1208361.6744082123,70.86494471126935
2021-06-30,1211916.3438608795,70.86494471126935
2021-07-01,1209022.8489878327,70.86494471126935
2021-07-02,1213271.8670237213,70.86494471126935
2021-07-05,1215938.723087564,70.86494471126935
2021-07-06,1207699.0631907133,70.86494471126935
2021-07-07,1212260.8535730988,70.86494471126935
2021-07-08,1202674.789531961,70.86494471126935
2021-07-09,1200878.091133371,70.86494471126935
2021-07-12,1202082.8157989632,74.15886994707398
2021-07-13,1204448.1632263314,74.15886994707398
2021-07-14,1217835.4266922127,74.15886994707398
2021-07-15,1222725.1023971688,74.15886994707398
2021-07-16,1220938.5403778206,74.15886994707398
2021-07-19,1211781.2755462776,74.15886994707398
2021-07-20,1204616.9115631233,74.15886994707398
2021-07-22,1216881.487651075,74.15886994707398
2021-07-23,1226330.162196363,74.15886994707398
2021-07-26,1232811.4252741411,39.55159402627032
2021-07-27,1228729.013393648,39.55159402627032
2021-07-28,1230233.70074106,39.55159402627032
2021-07-29,1238398.691494234,39.55159402627032
2021-07-30,1237052.909801729,39.55159402627032
2021-08-02,1245789.4449638687,67.3391746841371
2021-08-03,1247557.322985109,67.3391746841371
2021-08-04,1246188.5840324722,67.3391746841371
2021-08-05,1249777.3666099869,67.3391746841371
2021-08-06,1254709.9395241104,67.3391746841371
2021-08-09,1249881.4173339554,48.66776883089915
2021-08-10,1255187.698500032,48.66776883089915
2021-08-11,1251649.6551116654,48.66776883089915
2021-08-12,1262379.817968721,48.66776883089915
2021-08-13,1277109.293371553,48.66776883089915
2021-08-16,1276945.215498323,48.66776883089915
2021-08-17,1288454.3913329788,48.66776883089915
2021-08-18,1285112.872228975,48.66776883089915
2021-08-20,1280416.8030837723,48.66776883089915
2021-08-23,1295645.2942336746,48.66776883089915
2021-08-24,1298957.4954284378,48.66776883089915
2021-08-25,1306371.1333831497,48.66776883089915
2021-08-26,1305313.8430007645,48.66776883089915
2021-08-27,1310369.119871492,48.66776883089915
2021-08-30,1308216.6055538612,23.34157681040233
2021-08-31,1314123.0516827065,23.34157681040233
2021-09-01,1314680.7699520546,23.34157681040233
2021-09-02,1321531.0349895912,23.34157681040233
2021-09-03,1335436.8971226173,23.34157681040233
2021-09-06,1345330.2066263328,279.62215367652243
2021-09-07,1337153.6202310692,279.62215367652243
2021-09-08,1333904.4082559715,279.62215367652243
2021-09-09,1339459.0834573875,279.62215367652243
2021-09-13,1348564.9724344383,279.62215367652243
2021-09-14,1354978.5602945457,279.62215367652243
2021-09-15,1367724.127555288,279.62215367652243
2021-09-16,1373357.3461221824,279.62215367652243
2021-09-17,1370182.8278421531,279.62215367652243
2021-09-20,1355361.198590322,271.12458519503707
2021-09-21,1370692.170666738,271.12458519503707
2021-09-22,1379511.4831057028,271.12458519503707
2021-09-23,1392563.0152712304,271.12458519503707
2021-09-24,1394172.4465761618,271.12458519503707
2021-09-27,1380148.4626315513,61.59523042815272
2021-09-28,1360671.5368655599,61.59523042815272
2021-09-29,1361075.32252535,61.59523042815272
2021-09-30,1356516.0831302083,61.59523042815272
2021-10-01,1348629.0343020835,61.59523042815272
2021-10-04,1359364.646015298,470.32319272728637
2021-10-05,1373470.708782327,470.32319272728637
2021-10-06,1367472.7125131008,470.32319272728637
2021-10-07,1368545.1081277248,470.32319272728637
2021-10-08,1372543.0097314236,470.32319272728637
2021-10-11,1389531.999935792,44.62981097528245
2021-10-12,1396521.59497516,44.62981097528245
2021-10-13,1409577.894444154,44.62981097528245
2021-10-14,1428384.8364912733,44.62981097528245
2021-10-18,1439215.4853067582,18.80858327797614
2021-10-19,1405741.4204721635,18.80858327797614
2021-10-20,1388674.1245279496,18.80858327797614
2021-10-21,1393985.841092128,18.80858327797614
2021-10-22,1382939.8248911088,18.80858327797614
2021-10-25,1380077.686264293,397.1212885544519
2021-10-26,1385593.8471300767,397.1212885544519
2021-10-27,1388234.8599054976,397.1212885544519
2021-10-28,1335396.56772639,397.1212885544519
2021-10-29,1334951.9740832017,397.1212885544519
2021-11-01,1352982.3555596764,40.86895307863597
2021-11-02,1371441.6285890038,40.86895307863597
2021-11-03,1365726.0707887108,40.86895307863597
2021-11-04,1393911.605388015,40.86895307863597
2021-11-08,1410820.8382066186,40.86895307863597
2021-11-09,1401414.3996995385,40.86895307863597
2021-11-10,1378688.2090638576,40.86895307863597
2021-11-11,1371166.6291612084,40.86895307863597
2021-11-12,1368499.48057875,40.86895307863597
2021-11-15,1371644.1375630982,14.560822833387647
2021-11-16,1362163.3964055665,14.560822833387647
2021-11-17,1363257.0414365418,14.560822833387647
2021-11-18,1357714.2215055116,14.560822833387647
2021-11-22,1339663.3157735132,85.81658604368567
2021-11-23,1334359.893032577,85.81658604368567
2021-11-24,1332541.074368026,85.81658604368567
2021-11-25,1340382.34794667,85.81658604368567
2021-11-26,1310363.766872909,85.81658604368567
2021-11-29,1301104.4942286676,0.7300913995713927
2021-11-30,1307540.6290705865,0.7300913995713927
2021-12-01,1306176.427212066,0.7300913995713927
2021-12-02,1284792.2665751642,0.7300913995713927
2021-12-03,1279210.4834025567,0.7300913995713927
2021-12-06,1264854.0233136571,29.941072598739993
2021-12-07,1276183.6354543127,29.941072598739993
2021-12-08,1291729.183912412,29.941072598739993
2021-12-09,1292806.4884969152,29.941072598739993
2021-12-10,1291157.6788579382,29.941072598739993
2021-12-13,1297326.0453468878,20.383353861165233
2021-12-14,1286486.666200312,20.383353861165233
2021-12-15,1275692.845615061,20.383353861165233
2021-12-16,1285230.8422314245,20.383353861165233
2021-12-17,1264077.2144295294,20.383353861165233
2021-12-20,1232056.488329344,4.251734190271236
2021-12-21,1241395.6270736982,4.251734190271236
2021-12-22,1248466.6907829572,4.251734190271236
2021-12-23,1257780.8121742536,4.251734190271236
2021-12-24,1267672.4958099653,4.251734190271236
2021-12-27,1268511.8737104856,8.093620153667871
2021-12-28,1281727.356555792,8.093620153667871
2021-12-29,1281126.9750059568,8.093620153667871
2021-12-30,1282839.0883177244,8.093620153667871
2021-12-31,1285065.499763342,8.093620153667871
2022-01-03,1290855.5908751225,11.91315219149692
2022-01-04,1292639.905347321,11.91315219149692
2022-01-05,1281555.6226496433,11.91315219149692
2022-01-06,1271348.2728285526,11.91315219149692
2022-01-07,1268864.452945206,11.91315219149692
2022-01-10,1274370.7553400958,17.093635078694206
2022-01-11,1280487.8722758258,17.093635078694206
2022-01-12,1288626.713050362,17.093635078694206
2022-01-13,1293313.509055611,17.093635078694206
2022-01-14,1298949.7558855973,17.093635078694206
2022-01-17,1303921.9641871417,17.093635078694206
2022-01-18,1282691.9583964313,17.093635078694206
2022-01-19,1274243.2144007648,17.093635078694206
2022-01-20,1266069.4021067582,17.093635078694206
2022-01-21,1245234.4098582233,17.093635078694206
2022-01-24,1217875.6381901773,137.402565863973
2022-01-25,1250920.6415185006,137.402565863973
2022-01-27,1271508.4071301492,137.402565863973
2022-01-28,1273678.093983558,137.402565863973
2022-01-31,1296156.336953071,137.402565863973
2022-02-01,1298217.228875068,137.402565863973
2022-02-02,1323912.6939400705,137.402565863973
2022-02-03,1314701.4435776742,137.402565863973
2022-02-04,1299695.1612252267,137.402565863973
2022-02-07,1300978.9828919442,137.402565863973
2022-02-08,1298248.4178704293,137.402565863973
2022-02-09,1303169.7633294137,137.402565863973
2022-02-10,1312957.758259681,137.402565863973
2022-02-11,1295437.105072883,137.402565863973
2022-02-14,1243590.362179664,137.402565863973
2022-02-15,1272126.57669535,137.402565863973
2022-02-16,1266487.7106007608,137.402565863973
2022-02-17,1260172.9176301034,137.402565863973
2022-02-18,1257372.701252845,137.402565863973
2022-02-21,1248749.187599109,177.72429268201813
2022-02-22,1236470.1446170076,177.72429268201813
2022-02-23,1242510.9612788423,177.72429268201813
2022-02-24,1221878.1097792848,177.72429268201813
2022-02-25,1227516.8536662324,177.72429268201813
2022-02-28,1220631.063746523,790.1790457480238
2022-03-02,1238363.271422457,790.1790457480238
2022-03-03,1247227.7878752463,790.1790457480238
2022-03-04,1240510.3019476645,790.1790457480238
2022-03-07,1267017.1042814963,790.1790457480238
2022-03-08,1262882.7123060934,790.1790457480238
2022-03-09,1258296.7797651999,790.1790457480238
2022-03-10,1246278.4632864706,790.1790457480238
2022-03-11,1253762.9280081503,790.1790457480238
2022-03-14,1243842.7854554818,10.957595603249501
2022-03-15,1228371.3309323953,10.957595603249501
2022-03-16,1233308.3361623453,10.957595603249501
2022-03-17,1241146.8933770822,10.957595603249501
2022-03-21,1241932.0862329172,10.957595603249501
2022-03-22,1244384.8414476083,10.957595603249501
2022-03-23,1249457.1474397348,10.957595603249501
2022-03-24,1258935.5483052896,10.957595603249501
2022-03-25,1255453.9605786966,10.957595603249501
2022-03-28,1253826.8215852072,67.29686215426773
2022-03-29,1260979.346247225,67.29686215426773
2022-03-30,1264246.1155038169,67.29686215426773
2022-03-31,1267831.8793931296,67.29686215426773
2022-04-01,1264645.4143700888,67.29686215426773
2022-04-04,1262594.223642981,25.828684484760743
2022-04-05,1278787.6877848264,25.828684484760743
2022-04-06,1271142.3236948608,25.828684484760743
2022-04-07,1252510.0245310424,25.828684484760743
2022-04-08,1256849.8629786132,25.828684484760743
2022-04-11,1238371.4605364401,33.096995790780056
2022-04-12,1219634.032916506,33.096995790780056
2022-04-13,1226125.8951296408,33.096995790780056
2022-04-18,1229949.6678423483,33.096995790780056
2022-04-19,1220974.3926653464,33.096995790780056
2022-04-20,1221527.0006365378,33.096995790780056
2022-04-21,1237025.3287157614,33.096995790780056
2022-04-22,1224624.4983934958,33.096995790780056
2022-04-25,1196204.3139565452,476.3842003805912
2022-04-26,1213533.4275353416,476.3842003805912
2022-04-27,1202220.3564446433,476.3842003805912
2022-04-28,1215530.500426577,476.3842003805912
2022-04-29,1198865.1799462303,476.3842003805912
2022-05-02,1192956.6248761849,68.25955025700387
2022-05-04,1163259.7236692146,68.25955025700387
2022-05-05,1166058.8782178597,68.25955025700387
2022-05-06,1148833.7434827522,68.25955025700387
2022-05-09,1139802.0317402692,835.155508121883
2022-05-10,1127226.054082951,835.155508121883
2022-05-11,1123048.485307774,835.155508121883
2022-05-12,1109540.5749569745,835.155508121883
2022-05-13,1112275.8049717755,835.155508121883
2022-05-16,1113049.1735185836,33.7329210495227
2022-05-17,1119994.6843065475,33.7329210495227
2022-05-18,1119585.5661119674,33.7329210495227
2022-05-19,1108685.8271898483,33.7329210495227
2022-05-20,1122428.6169695114,33.7329210495227
2022-05-23,1122704.8446853794,12.328545395343099
2022-05-24,1120705.0499923863,12.328545395343099
2022-05-25,1115660.5851944126,12.328545395343099
2022-05-26,1122093.482228104,12.328545395343099
2022-05-27,1123002.5230529942,12.328545395343099
2022-05-30,1132360.2923992332,277.1095836814493
2022-05-31,1132795.8471935447,277.1095836814493
2022-06-01,1133901.2773998436,277.1095836814493
2022-06-02,1131451.710749453,277.1095836814493
2022-06-03,1120876.1334331688,277.1095836814493
2022-06-06,1121677.8467325005,19.486167314928025
2022-06-07,1122529.485083941,19.486167314928025
2022-06-08,1123371.131049517,19.486167314928025
2022-06-09,1125179.6263650688,19.486167314928025
2022-06-10,1123179.650229815,19.486167314928025
2022-06-13,1118192.3291422676,9.582895929634105
2022-06-14,1119458.8481547188,9.582895929634105
2022-06-15,1117377.537501032,9.582895929634105
2022-06-16,1094787.9434611152,9.582895929634105
2022-06-17,1088755.3140589546,9.582895929634105
2022-06-20,1072706.4788761027,70.15788458660245
2022-06-21,1072390.5116443522,70.15788458660245
2022-06-22,1071604.4533481486,70.15788458660245
2022-06-23,1072236.357679356,70.15788458660245
2022-06-24,1071442.6400813945,70.15788458660245
2022-06-27,1072755.0393234848,14.965165769855957
2022-06-28,1077098.5968720077,14.965165769855957
2022-06-29,1077629.9116074203,14.965165769855957
2022-06-30,1075406.1503159164,14.965165769855957
2022-07-01,1075722.3419891952,14.965165769855957
2022-07-04,1074778.909449282,15.195627870853059
2022-07-05,1074458.4801928427,15.195627870853059
2022-07-06,1078526.5188319115,15.195627870853059
2022-07-07,1078826.7807986168,15.195627870853059
2022-07-08,1078986.991076174,15.195627870853059
2022-07-11,1081976.8314329647,21.925991680531297
2022-07-12,1074860.4608046077,21.925991680531297
2022-07-13,1075156.7379614376,21.925991680531297
2022-07-14,1070003.0693937803,21.925991680531297
2022-07-15,1081182.079437878,21.925991680531297
2022-07-18,1094699.5771795772,21.925991680531297
2022-07-19,1107870.7124563716,21.925991680531297
2022-07-20,1107322.1639486812,21.925991680531297
2022-07-21,1120184.6108366512,21.925991680531297
2022-07-22,1125664.3686491512,21.925991680531297
2022-07-25,1116673.3632933162,21.925991680531297
2022-07-26,1105009.4912039305,21.925991680531297
2022-07-27,1116078.862854626,21.925991680531297
2022-07-28,1120662.2833715938,21.925991680531297
2022-07-29,1127022.7962385677,21.925991680531297
2022-08-01,1150558.3183366666,197.52935046044877
2022-08-02,1164455.6968919644,197.52935046044877
2022-08-03,1161436.8496171841,197.52935046044877
2022-08-04,1153483.5741006741,197.52935046044877
2022-08-05,1154698.0775873074,197.52935046044877
2022-08-08,1157595.7628415837,11.75109231605893
2022-08-10,1145429.212888123,11.75109231605893
2022-08-11,1156846.717702271,11.75109231605893
2022-08-12,1161448.1653646245,11.75109231605893
2022-08-16,1169267.3043437542,25.86109119071625
2022-08-17,1181042.5707088055,25.86109119071625
2022-08-18,1183496.9143291058,25.86109119071625
2022-08-19,1158427.1421275677,25.86109119071625
2022-08-22,1137305.002438763,291.4649174006772
2022-08-23,1146655.0300266538,291.4649174006772
2022-08-24,1151315.6458256037,291.4649174006772
2022-08-25,1155294.5259449277,291.4649174006772
2022-08-26,1160531.7084400447,291.4649174006772
2022-08-29,1151178.2522715495,34.99308575858595
2022-08-30,1173998.5126589702,34.99308575858595
2022-09-01,1173847.7768725322,34.99308575858595
2022-09-02,1170960.2681025432,34.99308575858595
2022-09-05,1178546.9237416692,219.67520269809756
2022-09-06,1183104.8036702578,219.67520269809756
2022-09-07,1187603.687943787,219.67520269809756
2022-09-08,1196900.053456635,219.67520269809756
2022-09-09,1198210.9663442082,219.67520269809756
2022-09-12,1207509.6023538518,99.20888690231368
2022-09-13,1210065.1262071538,99.20888690231368
2022-09-14,1218715.5555742192,99.20888690231368
2022-09-15,1226083.0925653386,99.20888690231368
2022-09-16,1200406.480878632,99.20888690231368
2022-09-19,1206334.0471785588,160.7391112369951
2022-09-20,1214930.5553572697,160.7391112369951
2022-09-21,1205128.7964270634,160.7391112369951
2022-09-22,1192154.6883757634,160.7391112369951
2022-09-23,1156086.7454474492,160.7391112369951
2022-09-26,1119650.5845417047,97.17761650326429
2022-09-27,1116233.7451137567,97.17761650326429
2022-09-28,1108567.5060428644,97.17761650326429
2022-09-29,1113078.3551372553,97.17761650326429
2022-09-30,1132672.7824749018,97.17761650326429
2022-10-03,1108363.6578933257,777.2704297560849
2022-10-04,1116661.2587291258,777.2704297560849
2022-10-06,1115907.5413705367,777.2704297560849
2022-10-07,1114822.3320704955,777.2704297560849
2022-10-10,1106529.0686483704,40.99392226582859
2022-10-11,1091228.887298616,40.99392226582859
2022-10-12,1092779.3619795167,40.99392226582859
2022-10-13,1092758.2755480134,40.99392226582859
2022-10-14,1084410.3557253208,40.99392226582859
2022-10-17,1082475.67859325,61.28524932457367
2022-10-18,1082475.67859325,61.28524932457367
2022-10-19,1082475.67859325,61.28524932457367
2022-10-20,1084727.9421030004,61.28524932457367
2022-10-21,1082475.67859325,61.28524932457367
2022-10-24,1090757.1881687162,381.4162265774794
2022-10-25,1091317.7698232648,381.4162265774794
2022-10-27,1099352.9925653455,381.4162265774794
2022-10-28,1091057.120456886,381.4162265774794
2022-10-31,1097934.4220110972,28.097620685759466
2022-11-01,1104974.4572131236,28.097620685759466
2022-11-02,1099119.5250575144,28.097620685759466
2022-11-03,1108654.7078044016,28.097620685759466
2022-11-04,1110598.6028697093,28.097620685759466
2022-11-07,1135471.7929257713,11.917741712240968
2022-11-09,1140816.8136605583,11.917741712240968
2022-11-10,1131444.418711599,11.917741712240968
2022-11-11,1131024.5383395515,11.917741712240968
2022-11-14,1125836.5317966535,44.333699424460065
2022-11-15,1131789.6810695722,44.333699424460065
2022-11-16,1131184.0027610853,44.333699424460065
2022-11-17,1125451.7715828016,44.333699424460065
2022-11-18,1132719.2902557447,44.333699424460065
2022-11-21,1128929.582017143,44.333699424460065
2022-11-22,1142614.0824367597,44.333699424460065
2022-11-23,1146649.5167476728,44.333699424460065
2022-11-24,1162963.610285957,44.333699424460065
2022-11-25,1164214.7102958753,44.333699424460065
2022-11-28,1166538.8910935512,334.55013209499884
2022-11-29,1167747.2360718837,334.55013209499884
2022-11-30,1163281.9770863645,334.55013209499884
2022-12-01,1179071.7758057707,334.55013209499884
2022-12-02,1181589.7780221095,334.55013209499884
2022-12-05,1186680.3735921246,32.964053855568636
2022-12-06,1182648.5722138744,32.964053855568636
2022-12-07,1177541.3012044292,32.964053855568636
2022-12-08,1198599.0982644423,32.964053855568636
2022-12-09,1182774.197824226,32.964053855568636
2022-12-12,1189228.6209281594,68.20171200338518
2022-12-13,1208378.6732963235,68.20171200338518
2022-12-14,1218563.5372832925,68.20171200338518
2022-12-15,1201162.8825477273,68.20171200338518
2022-12-16,1182519.6901916177,68.20171200338518
2022-12-19,1185186.025431028,68.20171200338518
2022-12-20,1175642.8299888284,68.20171200338518
2022-12-21,1164174.931494108,68.20171200338518
2022-12-22,1172331.865553251,68.20171200338518
2022-12-23,1138348.714506498,68.20171200338518
2022-12-26,1171037.165055452,26.64742773596663
2022-12-27,1186623.9225856643,26.64742773596663
2022-12-28,1180356.1526729446,26.64742773596663
2022-12-29,1181193.0734912734,26.64742773596663
2022-12-30,1186032.856610475,26.64742773596663
2023-01-02,1196404.503040182,40.13851534051355
2023-01-03,1207984.166232931,40.13851534051355
2023-01-04,1212098.2361868492,40.13851534051355
2023-01-05,1209909.6797751063,40.13851534051355
2023-01-06,1198752.8102530113,40.13851534051355
2023-01-09,1210953.1148794764,40.13851534051355
2023-01-10,1196930.568500387,40.13851534051355
2023-01-11,1202585.4360998743,40.13851534051355
2023-01-12,1200778.5231207483,40.13851534051355
2023-01-13,1216175.733859884,40.13851534051355
2023-01-16,1223714.479001596,5.776860787940677
2023-01-17,1217472.2425437714,5.776860787940677
2023-01-18,1218403.591237619,5.776860787940677
2023-01-19,1211995.9571204926,5.776860787940677
2023-01-20,1226056.63847883,5.776860787940677
2023-01-23,1225665.9006171967,5.776860787940677
2023-01-24,1238214.450185373,5.776860787940677
2023-01-25,1234224.1267905976,5.776860787940677
2023-01-27,1232858.908666208,5.776860787940677
2023-01-30,1218076.774212421,15.702484668348916
2023-01-31,1210350.9848790774,15.702484668348916
2023-02-01,1233539.2195439944,15.702484668348916
2023-02-02,1263171.9645391116,15.702484668348916
2023-02-03,1267566.3944631228,15.702484668348916
2023-02-06,1249296.2381129947,38.95844227942871
2023-02-07,1260067.4415851322,38.95844227942871
2023-02-08,1268977.499839374,38.95844227942871
2023-02-09,1267655.0389857974,38.95844227942871
2023-02-10,1248856.1632877078,38.95844227942871
2023-02-13,1241475.5220671268,6.597201404219959
2023-02-14,1257713.560145435,6.597201404219959
2023-02-15,1268914.1783133121,6.597201404219959
2023-02-16,1284575.5441389652,6.597201404219959
2023-02-17,1255792.5373182865,6.597201404219959
2023-02-20,1254815.4365721317,6.597201404219959
2023-02-21,1250516.721674976,6.597201404219959
2023-02-22,1226419.2415495487,6.597201404219959
2023-02-23,1234288.048022327,6.597201404219959
2023-02-24,1232943.1731596563,6.597201404219959
2023-02-27,1220377.513621387,6.597201404219959
2023-02-28,1218035.328276691,6.597201404219959
2023-03-01,1231730.4669294925,6.597201404219959
2023-03-02,1217432.4266920658,6.597201404219959
2023-03-03,1214750.1001844974,6.597201404219959
2023-03-06,1235742.115177036,36.329582095728256
2023-03-08,1225609.8714026217,36.329582095728256
2023-03-09,1222021.9814947848,36.329582095728256
2023-03-10,1210335.8598517184,36.329582095728256
2023-03-13,1197066.4619711642,36.329582095728256
2023-03-14,1202730.7918280368,36.329582095728256
2023-03-15,1222841.2218741183,36.329582095728256
2023-03-16,1237411.6111296422,36.329582095728256
2023-03-17,1254375.7146261935,36.329582095728256
2023-03-20,1245532.6444777255,36.329582095728256
2023-03-21,1249274.336486698,36.329582095728256
2023-03-22,1254222.828330875,36.329582095728256
2023-03-23,1254677.681064487,36.329582095728256
2023-03-24,1255683.8251646762,36.329582095728256
2023-03-27,1258360.4153510013,52.63389500766061
2023-03-28,1251395.2770415226,52.63389500766061
2023-03-29,1265022.8708945194,52.63389500766061
2023-03-31,1286351.6303015628,52.63389500766061
2023-04-03,1290705.7823747077,10.688910810044035
2023-04-05,1299413.1272004524,10.688910810044035
2023-04-06,1285270.7891419807,10.688910810044035
2023-04-10,1291122.7243887554,10.31739107472822
2023-04-11,1297321.9680639873,10.31739107472822
2023-04-12,1299052.9030806194,10.31739107472822
2023-04-13,1302059.611942924,10.31739107472822
2023-04-17,1301338.1352697979,10.31739107472822
2023-04-18,1296417.5280386577,10.31739107472822
2023-04-19,1284125.1355749737,10.31739107472822
2023-04-20,1295856.1665846477,10.31739107472822
2023-04-21,1288079.1260000835,10.31739107472822
2023-04-24,1286129.4319866654,11.92135891871294
2023-04-25,1286293.938845491,11.92135891871294
2023-04-26,1287608.2489317413,11.92135891871294
2023-04-27,1288525.9197052475,11.92135891871294
2023-04-28,1287581.934655046,11.92135891871294
2023-05-02,1285994.0112960006,443.02167197706876
2023-05-03,1289637.738068309,443.02167197706876
2023-05-04,1302368.5252463485,443.02167197706876
2023-05-05,1295288.0776259566,443.02167197706876
2023-05-08,1291486.7748474684,24.2001366224722
2023-05-09,1278663.0490021314,24.2001366224722
2023-05-10,1276086.6625809278,24.2001366224722
2023-05-11,1270144.4920067396,24.2001366224722
2023-05-12,1250928.8001312818,24.2001366224722
2023-05-15,1260234.2293567746,130.5515575496829
2023-05-16,1255554.9617290585,130.5515575496829
2023-05-17,1259478.6669864743,130.5515575496829
2023-05-18,848322.6081333249,130.5515575496829
2023-05-19,1278407.7032375424,130.5515575496829
2023-05-22,1278977.3070317546,53.5690442363848
2023-05-23,1286488.839361314,53.5690442363848
2023-05-24,1274666.2998791973,53.5690442363848
2023-05-25,1291711.8135396282,53.5690442363848
2023-05-26,1298990.8856755535,53.5690442363848
2023-05-29,1329566.3199712078,53.5690442363848
2023-05-30,1340930.6307774822,53.5690442363848
2023-05-31,1334150.4384518901,53.5690442363848
2023-06-01,1328730.3622647563,53.5690442363848
2023-06-02,1348850.0085355083,53.5690442363848
2023-06-05,1358396.0713750164,53.5690442363848
2023-06-06,1369044.8467923442,53.5690442363848
2023-06-07,1373684.6065503398,53.5690442363848
2023-06-08,1356671.0341206829,53.5690442363848
2023-06-09,1362617.6974545757,53.5690442363848
2023-06-12,1374634.1592503826,53.5690442363848
2023-06-13,1388863.1674786846,53.5690442363848
2023-06-14,1393471.8232022563,53.5690442363848
2023-06-15,1401362.6190320293,53.5690442363848
2023-06-16,1417905.4376813213,53.5690442363848
2023-06-19,1404666.5308970653,369.78323928947793
2023-06-20,1403382.2518214427,369.78323928947793
2023-06-21,1400531.1957911695,369.78323928947793
2023-06-22,1375761.7491015636,369.78323928947793
2023-06-23,1377697.2607211315,369.78323928947793
2023-06-26,1373559.0026121838,24.12791735958308
2023-06-27,1373659.2775374157,24.12791735958308
2023-06-28,1380580.4055891735,24.12791735958308
2023-06-30,1390046.9206457837,24.12791735958308
2023-07-03,1403268.099659013,217.8159485332435
2023-07-04,1408903.9979553693,217.8159485332435
2023-07-05,1416186.7521973127,217.8159485332435
2023-07-06,1418992.8299217694,217.8159485332435
2023-07-07,1417655.884941148,217.8159485332435
2023-07-10,1412106.4257531483,16.08540585823357
2023-07-11,1412429.6423249561,16.08540585823357
2023-07-12,1414253.6942735035,16.08540585823357
2023-07-13,1412085.0125184376,16.08540585823357
2023-07-14,1426071.5675988514,16.08540585823357
2023-07-17,1436829.469011449,11.720216893416364
2023-07-18,1444148.2890874378,11.720216893416364
2023-07-19,1459764.6581899158,11.720216893416364
2023-07-20,1456590.4287816517,11.720216893416364
2023-07-21,1414002.1571370596,11.720216893416364
2023-07-24,1407990.300240409,56.269379508215934
2023-07-25,1405432.3591698525,56.269379508215934
2023-07-26,1412162.4002999184,56.269379508215934
2023-07-27,1409255.8759545204,56.269379508215934
2023-07-28,1408914.4388741371,56.269379508215934
2023-07-31,1415508.755047561,30.701771498890594
2023-08-01,1414918.3749206078,30.701771498890594
2023-08-02,1392955.6779754173,30.701771498890594
2023-08-03,1386196.5105178368,30.701771498890594
2023-08-04,1386112.3226668846,30.701771498890594
2023-08-07,1383270.003646661,12.746661950310227
2023-08-08,1383256.472144891,12.746661950310227
2023-08-09,1389958.3652227414,12.746661950310227
2023-08-10,1380820.4423292172,12.746661950310227
2023-08-11,1389702.095695306,12.746661950310227
2023-08-14,1387223.292386083,48.35080054216087
2023-08-16,1391918.5419779103,48.35080054216087
2023-08-17,1397402.9579630177,48.35080054216087
2023-08-18,1393085.5892267507,48.35080054216087
2023-08-21,1399243.1471376698,48.35080054216087
2023-08-22,1407099.1855707448,48.35080054216087
2023-08-23,1419638.6881304067,48.35080054216087
2023-08-24,1413044.8568315785,48.35080054216087
2023-08-25,1400289.252667455,48.35080054216087
2023-08-28,1408550.1393538718,2.7707282308256254
2023-08-29,1414330.9343787436,2.7707282308256254
2023-08-30,1421606.7977973227,2.7707282308256254
2023-08-31,1418184.1973716023,2.7707282308256254
2023-09-01,1439461.9174224143,2.7707282308256254
2023-09-04,1449539.047860704,24.35801847971743
2023-09-05,1457946.6587615828,24.35801847971743
2023-09-06,1456708.557851396,24.35801847971743
2023-09-07,1469877.3730140547,24.35801847971743
2023-09-08,1485194.1191879134,24.35801847971743
2023-09-11,1496296.6393142561,24.35801847971743
2023-09-12,1466989.7412658553,24.35801847971743
2023-09-13,1474031.0872588973,24.35801847971743
2023-09-14,1485771.842088304,24.35801847971743
2023-09-15,1490510.0759139876,24.35801847971743
2023-09-18,1492721.4146558926,22.8323576139519
2023-09-20,1487970.1903555081,22.8323576139519
2023-09-21,1466660.886263101,22.8323576139519
2023-09-22,1483792.997892587,22.8323576139519
2023-09-25,1481015.8772337125,22.8323576139519
2023-09-26,1478170.3070127652,22.8323576139519
2023-09-27,1485503.9038793729,22.8323576139519
2023-09-28,1468985.3130819486,22.8323576139519
2023-09-29,1487074.3154165433,22.8323576139519
2023-10-03,1489117.8158504386,15.112813176529016
2023-10-04,1463098.7716876883,15.112813176529016
2023-10-05,1457632.1753360648,15.112813176529016
2023-10-06,1464968.5887004752,15.112813176529016
2023-10-09,1437736.9630023856,15.112813176529016
2023-10-10,1461781.6561328787,15.112813176529016
2023-10-11,1464192.2402240653,15.112813176529016
2023-10-12,1468142.521058263,15.112813176529016
2023-10-13,1460386.6055690665,15.112813176529016
2023-10-16,1469828.4056025748,56.25439941918012
2023-10-17,1478817.0734149222,56.25439941918012
2023-10-18,1467769.7494822745,56.25439941918012
2023-10-19,1467866.4843455558,56.25439941918012
2023-10-20,1453537.5105944877,56.25439941918012
2023-10-23,1417509.6918781465,20.07245523389429
2023-10-25,1411837.5882900422,20.07245523389429
2023-10-26,1404679.0430362886,20.07245523389429
2023-10-27,1419419.1082218355,20.07245523389429
2023-10-30,1419547.1821773713,20.07245523389429
2023-10-31,1418060.8713787263,20.07245523389429
2023-11-01,1408935.0456493562,20.07245523389429
2023-11-02,1416177.855833835,20.07245523389429
2023-11-03,1424195.0056026643,20.07245523389429
2023-11-06,1434010.57770107,55.55196330772014
2023-11-07,1431913.1181177876,55.55196330772014
2023-11-08,1436467.3251147054,55.55196330772014
2023-11-09,1433400.8580851338,55.55196330772014
2023-11-10,1441396.0438914082,55.55196330772014
2023-11-13,1463235.7243492217,54.80097886029398
2023-11-15,1479277.0542900176,54.80097886029398
2023-11-16,1486606.376235208,54.80097886029398
2023-11-17,1491554.7611076445,54.80097886029398
2023-11-20,1491197.3856009305,92.4048422636115
2023-11-21,1504319.269115335,92.4048422636115
2023-11-22,1504696.7268942655,92.4048422636115
2023-11-23,1509255.2174795927,92.4048422636115
2023-11-24,1513022.614375955,92.4048422636115
2023-11-28,1511085.1114157499,92.4048422636115
2023-11-29,1516259.5027121366,92.4048422636115
2023-11-30,1520360.908351785,92.4048422636115
2023-12-01,1525259.9197348417,92.4048422636115
2023-12-04,1539230.6586608137,14.21850578446174
2023-12-05,1544227.4085234846,14.21850578446174
2023-12-06,1549112.4685134138,14.21850578446174
2023-12-07,1553847.0317839826,14.21850578446174
2023-12-08,1556233.4234847273,14.21850578446174
2023-12-11,1568220.2842683769,440.56448077916866
2023-12-12,1556372.5941743827,440.56448077916866
2023-12-13,1571139.1454133964,440.56448077916866
2023-12-14,1583869.5572938896,440.56448077916866
2023-12-15,1601678.7441987968,440.56448077916866
2023-12-18,1609192.9024623465,62.945370061381254
2023-12-19,1611150.1284068655,62.945370061381254
2023-12-20,1570127.636806829,62.945370061381254
2023-12-21,1589717.7997401785,62.945370061381254
2023-12-22,1600530.2744372915,62.945370061381254
2023-12-26,1611005.5478343882,50.52907370706089
2023-12-27,1612666.2616557993,50.52907370706089
2023-12-28,1627786.0137844004,50.52907370706089
2023-12-29,1622925.856771461,50.52907370706089
2024-01-01,1630075.865735351,572.9170659174561
2024-01-02,1628596.3524907222,572.9170659174561
2024-01-03,1630742.2045415035,572.9170659174561
2024-01-04,1653666.4093754878,572.9170659174561
2024-01-05,1657630.5975468745,572.9170659174561
2024-01-08,1649014.5500920406,572.9170659174561
2024-01-09,1657298.9775212398,572.9170659174561
2024-01-10,1656045.6761296382,572.9170659174561
2024-01-11,1662182.4456914058,572.9170659174561
2024-01-12,1669306.2406132808,572.9170659174561
2024-01-15,1691116.9085820308,572.9170659174561
2024-01-16,1684843.3842290035,572.9170659174561
2024-01-17,1672930.389905273,572.9170659174561
2024-01-18,1664446.3171818843,572.9170659174561
2024-01-19,1694456.7161992183,572.9170659174561
2024-01-23,1659738.044481277,6.585741042566951
2024-01-24,1692765.7437458034,6.585741042566951
2024-01-25,1693418.695817947,6.585741042566951
2024-01-29,1741136.3131088328,24.92104950657813
2024-01-30,1734664.2038559031,24.92104950657813
2024-01-31,1737002.5118393016,24.92104950657813
2024-02-01,1731517.1116928172,24.92104950657813
2024-02-02,1785414.2970718455,24.92104950657813
2024-02-05,1805756.0363906168,25.400282218353823
2024-02-06,1810842.143431022,25.400282218353823
2024-02-07,1823380.1384566568,25.400282218353823
2024-02-08,1845713.9232619547,25.400282218353823
2024-02-09,1830648.399946525,25.400282218353823
2024-02-12,1764948.6824271234,63.658653930120636
2024-02-13,1780533.9079520258,63.658653930120636
2024-02-14,1811733.8487402948,63.658653930120636
2024-02-15,1867935.9762427362,63.658653930120636
2024-02-16,1872530.875992492,63.658653930120636
2024-02-19,1869026.8819586786,63.658653930120636
2024-02-20,1868615.279106811,63.658653930120636
2024-02-21,1844633.1215750726,63.658653930120636
2024-02-22,1869069.3516776117,63.658653930120636
2024-02-23,1875011.0847937616,63.658653930120636
2024-02-26,1872331.513153747,63.658653930120636
2024-02-27,1871372.7560812982,63.658653930120636
2024-02-28,1846220.0978400263,63.658653930120636
2024-02-29,1852957.0542990717,63.658653930120636
2024-03-01,1878043.7042624506,63.658653930120636
2024-03-04,1912451.746544555,63.658653930120636
2024-03-05,1933085.2536856683,63.658653930120636
2024-03-06,1927174.4736334833,63.658653930120636
2024-03-07,1930939.959122375,63.658653930120636
2024-03-11,1915056.4031836542,63.658653930120636
2024-03-12,1883387.6918799432,63.658653930120636
2024-03-13,1796935.724846557,63.658653930120636
2024-03-14,1819437.3484427484,63.658653930120636
2024-03-15,1796637.3634573969,63.658653930120636
2024-03-18,1801374.3673405377,144.87350508838426
2024-03-19,1786153.9031758038,144.87350508838426
2024-03-20,1794959.4806828229,144.87350508838426
2024-03-21,1812714.4599270548,144.87350508838426
2024-03-22,1791685.9386868207,144.87350508838426
2024-03-26,1798229.7411642144,190.1601133417571
2024-03-27,1803257.5323286126,190.1601133417571
2024-03-28,1824125.3248624871,190.1601133417571
2024-04-01,1847303.600054748,190.1601133417571
2024-04-02,1855832.5810957025,190.1601133417571
2024-04-03,1865728.46526242,190.1601133417571
2024-04-04,1888134.2994794918,190.1601133417571
2024-04-05,1907478.3824110103,190.1601133417571
2024-04-08,1944013.0433260114,66.92618428752758
2024-04-09,1967261.8658777382,66.92618428752758
2024-04-10,1964323.8497568278,66.92618428752758
2024-04-12,1993332.2323862223,66.92618428752758
2024-04-15,1967221.7924677043,66.92618428752758
2024-04-16,1961139.9298006205,66.92618428752758
2024-04-18,1968133.4513307721,66.92618428752758
2024-04-19,1975392.6135202555,66.92618428752758
2024-04-22,1951878.181986442,66.92618428752758
2024-04-23,1898454.719549766,66.92618428752758
2024-04-24,1912044.171892753,66.92618428752758
2024-04-25,1927612.6057802346,66.92618428752758
2024-04-26,1940169.000723472,66.92618428752758
2024-04-29,1929790.4433084638,66.92618428752758
2024-04-30,1929498.1672235637,66.92618428752758
2024-05-02,1933049.3114000466,66.92618428752758
2024-05-03,1920570.3633981855,66.92618428752758
2024-05-06,1939984.4568959344,496.76573382504284
2024-05-07,1919895.897058593,496.76573382504284
2024-05-08,1946827.3965855706,496.76573382504284
2024-05-09,1934640.5340367425,496.76573382504284
2024-05-10,1998385.6359349359,496.76573382504284
2024-05-13,2025071.3614453082,35.334040523157455
2024-05-14,1999423.4260205035,35.334040523157455
2024-05-15,1992155.7525280719,35.334040523157455
2024-05-16,2022438.8350781207,35.334040523157455
2024-05-17,2032421.7333935504,35.334040523157455
2024-05-21,2077154.0581172598,160.96961628308054
2024-05-22,2096515.7264827383,160.96961628308054
2024-05-23,2069989.237133373,160.96961628308054
2024-05-24,2059600.6741145742,160.96961628308054
2024-05-27,2089352.6711822888,68.1173111340031
2024-05-28,2098061.7081924817,68.1173111340031
2024-05-29,2095530.0173050305,68.1173111340031
2024-05-30,2055257.922792091,68.1173111340031
2024-05-31,2062223.4819733044,68.1173111340031
2024-06-03,2098043.009233131,68.1173111340031
2024-06-04,1999682.6723190686,68.1173111340031
2024-06-05,1977989.5785080334,68.1173111340031
2024-06-06,2022034.8828903576,68.1173111340031
2024-06-07,2044989.9863602063,68.1173111340031
2024-06-10,2032427.8254788816,249.66373571765143
2024-06-11,2026304.686929077,249.66373571765143
2024-06-12,2028622.1661771238,249.66373571765143
2024-06-13,2035760.011208862,249.66373571765143
2024-06-14,2037807.629769653,249.66373571765143
2024-06-18,2031718.9930399475,98.05285440047737
2024-06-19,2010905.3322123108,98.05285440047737
2024-06-20,2014426.427244049,98.05285440047737
2024-06-21,2004016.739881378,98.05285440047737
2024-06-24,2013435.0614670939,120.99986736266874
2024-06-25,2005842.5669907758,120.99986736266874
2024-06-26,2009721.9125336837,120.99986736266874
2024-06-27,2012959.8327225873,120.99986736266874
2024-06-28,2021966.8085526656,120.99986736266874
2024-07-01,2031921.6670710123,0.30576959007885307
2024-07-02,2038528.9814631022,0.30576959007885307
2024-07-03,2048292.6438814676,0.30576959007885307
2024-07-04,2066155.8153254068,0.30576959007885307
2024-07-05,2075184.986933378,0.30576959007885307
2024-07-08,2078385.8372454126,93.94980568485335
2024-07-09,2080850.3774942835,93.94980568485335
2024-07-10,2071279.814231344,93.94980568485335
2024-07-11,2082029.3574938257,93.94980568485335
2024-07-12,2114412.485816427,93.94980568485335
2024-07-15,2126877.386003759,27.897936132270843
2024-07-16,2130664.383890417,27.897936132270843
2024-07-18,2139857.891435888,27.897936132270843
2024-07-19,2114758.101557043,27.897936132270843
2024-07-22,2116408.078378347,28.31507268315181
2024-07-23,2125430.576703695,28.31507268315181
2024-07-24,2124683.9752518213,28.31507268315181
2024-07-25,2124962.389417318,28.31507268315181
2024-07-26,2163841.0140625513,28.31507268315181
2024-07-29,2168874.5367681026,20.89536490419414
2024-07-30,2164330.767294073,20.89536490419414
2024-07-31,2175400.3277684688,20.89536490419414
2024-08-01,2173737.4752065176,20.89536490419414
2024-08-02,2149133.757642889,20.89536490419414
2024-08-05,2103498.301542959,35.804659566725604
2024-08-06,2087384.0944544887,35.804659566725604
2024-08-07,2142435.3814532375,35.804659566725604
2024-08-08,2121659.1088969326,35.804659566725604
2024-08-09,2145840.6559626674,35.804659566725604
2024-08-12,2143325.3499667263,35.804659566725604
2024-08-13,2133687.271151266,35.804659566725604
2024-08-14,2131852.601832113,35.804659566725604
2024-08-16,2168842.3405787563,35.804659566725604
2024-08-19,2184773.510583761,9.247346761403605
2024-08-20,2194639.2519205837,9.247346761403605
2024-08-21,2207075.8951700954,9.247346761403605
2024-08-22,2210672.8317545676,9.247346761403605
2024-08-23,2204466.3574389247,9.247346761403605
2024-08-26,2215952.331354025,9.247346761403605
2024-08-27,783959.875856283,9.247346761403605
2024-08-28,2244284.7512186794,9.247346761403605
2024-08-29,2242470.116472128,9.247346761403605
2024-08-30,2263162.0974139003,9.247346761403605
2024-09-02,2258774.2266532285,208.065505156992
2024-09-03,2257373.0375129087,208.065505156992
2024-09-04,2249516.0116759636,208.065505156992
2024-09-05,2253479.1541625364,208.065505156992
2024-09-06,2229233.3866912224,208.065505156992
2024-09-09,2217871.2189244074,167.15853393508587
2024-09-10,2243161.811930542,167.15853393508587
2024-09-11,2235072.0989140314,167.15853393508587
2024-09-12,2263238.4620693964,167.15853393508587
2024-09-13,2272173.377898101,167.15853393508587
2024-09-16,2273730.2275024103,255.37329251051415
2024-09-17,2275105.972756927,255.37329251051415
2024-09-18,2246649.18226773,255.37329251051415
2024-09-19,2242353.1406913446,255.37329251051415
2024-09-20,2262400.5059524225,255.37329251051415
2024-09-23,2268624.958395164,432.29543511138763
2024-09-24,2274742.3412000346,432.29543511138763
2024-09-25,2300677.18563668,432.29543511138763
2024-09-26,2313627.828596275,432.29543511138763
2024-09-27,2298646.690954368,432.29543511138763
2024-09-30,2283852.153576307,166.3250545783667
2024-10-01,2310087.033062391,166.3250545783667
2024-10-03,2312289.891582899,166.3250545783667
2024-10-04,2317283.2024959847,166.3250545783667
2024-10-07,2348472.8832318075,15.042590785655193
2024-10-08,2259951.633613277,15.042590785655193
2024-10-09,2226704.4339596517,15.042590785655193
2024-10-10,2230061.1212231405,15.042590785655193
2024-10-11,2273264.2222706564,15.042590785655193
2024-10-14,2237907.346314058,163.17999325727578
2024-10-15,2167816.2672430133,163.17999325727578
2024-10-16,2161120.7599798297,163.17999325727578
2024-10-17,2157742.7350469683,163.17999325727578
2024-10-18,2190003.28643857,163.17999325727578
2024-10-21,2222666.0742456336,17.41969698877074
2024-10-22,2220719.7943689246,17.41969698877074
2024-10-23,2252534.564930143,17.41969698877074
2024-10-24,2229084.831531706,17.41969698877074
2024-10-25,2204675.4000284094,17.41969698877074
2024-10-28,2216598.7445871253,17.41969698877074
2024-10-29,2240169.1954385657,17.41969698877074
2024-10-30,2251721.6919671916,17.41969698877074
2024-10-31,2239909.507541837,17.41969698877074
2024-11-01,2239909.507541837,17.41969698877074
2024-11-04,2255822.709235258,21.02308566076681
2024-11-05,2249797.1415243815,21.02308566076681
2024-11-06,2268757.081008024,21.02308566076681
2024-11-07,2243947.4299307535,21.02308566076681
2024-11-08,2275365.410079069,21.02308566076681
2024-11-11,2317810.2979657915,230.83507516654208
2024-11-12,2296949.9927900103,230.83507516654208
2024-11-13,2266943.1236493853,230.83507516654208
2024-11-14,2266155.414176729,230.83507516654208
2024-11-18,2240869.9427852496,148.79752157768235
2024-11-19,2228163.052770601,148.79752157768235
2024-11-21,2245529.4026241167,148.79752157768235
2024-11-22,2254675.074132906,148.79752157768235
2024-11-25,2256011.167516695,148.79752157768235
2024-11-26,2242660.0871944292,148.79752157768235
2024-11-27,2263498.589391695,148.79752157768235
2024-11-28,2267158.5146846636,148.79752157768235
2024-11-29,2277027.515295015,148.79752157768235
2024-12-02,2303791.515295015,148.79752157768235
2024-12-03,2340092.5431270464,148.79752157768235
2024-12-04,2375856.254674898,148.79752157768235
2024-12-05,2418847.519445406,148.79752157768235
2024-12-06,2432128.4877071246,148.79752157768235
2024-12-09,2446842.5166196004,33.918352998560295
2024-12-10,2459002.334002413,33.918352998560295
2024-12-11,2446616.008196749,33.918352998560295
2024-12-12,2438139.824358858,33.918352998560295
2024-12-13,2463266.5178403035,33.918352998560295
2024-12-16,2462674.496949068,28.533448091358878
2024-12-17,2495265.682129732,28.533448091358878
2024-12-18,2516624.7784432084,28.533448091358878
2024-12-19,2487040.7963875444,28.533448091358878
2024-12-20,2425880.3932503373,28.533448091358878
2024-12-23,2458856.4464119584,28.533448091358878
2024-12-24,2482374.9199227006,28.533448091358878
2024-12-26,2503520.1115730912,28.533448091358878
2024-12-27,2530263.4379280717,28.533448091358878
2024-12-30,2513349.0788582475,28.533448091358878
2024-12-31,2505249.6588753373,28.533448091358878
2025-01-01,2485497.826294771,28.533448091358878
2025-01-02,2469499.552185884,28.533448091358878
2025-01-03,2531793.4651497514,28.533448091358878
2025-01-06,2454154.220154634,28.533448091358878
2025-01-07,2464774.5960701616,28.533448091358878
2025-01-08,2471130.736451021,28.533448091358878
2025-01-09,2449814.947754732,28.533448091358878
2025-01-10,2437382.807556978,28.533448091358878
2025-01-13,2379024.9262786577,21.59369809133932
2025-01-14,2397476.7717223833,21.59369809133932
2025-01-15,2392914.4191222857,21.59369809133932
2025-01-16,2426402.4312225054,21.59369809133932
2025-01-17,2468734.539743013,21.59369809133932
2025-01-20,2482587.8082366656,21.59369809133932
2025-01-21,2483518.0959258745,21.59369809133932
2025-01-22,2561396.150231905,21.59369809133932
2025-01-23,2536195.724877901,21.59369809133932
2025-01-24,2581862.006188936,21.59369809133932
2025-01-27,2504368.3472991656,21.59369809133932
2025-01-28,2415455.1180816363,21.59369809133932
2025-01-29,2475703.5033965777,21.59369809133932
2025-01-30,2475987.026010103,21.59369809133932
2025-01-31,2497674.370645113,21.59369809133932
2025-02-01,2501782.3942657183,21.59369809133932
2025-02-03,2487988.8248148668,371.0644388903165
2025-02-04,2517790.078843187,371.0644388903165
2025-02-05,2530979.452759813,371.0644388903165
2025-02-06,2540770.8180247056,371.0644388903165
2025-02-07,2559195.542664598,371.0644388903165
2025-02-10,2596906.8658451405,87.33955424674787
2025-02-11,2563657.6312412587,87.33955424674787
2025-02-12,2584358.9794315663,87.33955424674787
2025-02-13,2599375.205902513,87.33955424674787
2025-02-14,2686253.5396427475,87.33955424674787
2025-02-17,2665801.792541918,87.33955424674787
2025-02-18,2714222.5368198715,87.33955424674787
2025-02-19,2736399.3806156483,87.33955424674787
2025-02-20,2674641.378387865,87.33955424674787
2025-02-21,2680005.549484667,87.33955424674787
2025-02-24,2707781.802200731,87.33955424674787
2025-02-25,2693449.6058506332,87.33955424674787
2025-02-27,2722944.634888109,87.33955424674787
2025-02-28,2651319.5600132314,87.33955424674787
2025-03-03,2686289.4585074424,5.834777736454271
2025-03-04,2719150.189784908,5.834777736454271
2025-03-05,2726887.433334255,5.834777736454271
2025-03-06,2708225.2745741843,5.834777736454271
2025-03-07,2734830.5864523887,5.834777736454271
2025-03-10,2708131.3984560454,36.42663139896467
2025-03-11,2709695.575900503,36.42663139896467
2025-03-12,2720183.3078722437,36.42663139896467
2025-03-13,2685846.564258047,36.42663139896467
2025-03-17,2743680.7770266016,36.42663139896467
2025-03-18,2743680.7770266016,36.42663139896467
2025-03-19,2749042.188563772,36.42663139896467
2025-03-20,2725987.272990652,36.42663139896467
2025-03-21,2679363.2070955713,36.42663139896467
2025-03-24,2652282.204285902,86.86702851660084
2025-03-25,2601790.463448805,86.86702851660084
2025-03-26,2627408.846902174,86.86702851660084
2025-03-27,2641082.210297865,86.86702851660084
2025-03-28,2621925.0061810436,86.86702851660084
2025-04-01,2636143.9473185404,386.2223887309665
2025-04-02,2640842.336097227,386.2223887309665
2025-04-03,2622321.3387522562,386.2223887309665
2025-04-04,2539279.3474573954,386.2223887309665
2025-04-07,2455019.025142446,461.63245750952046
2025-04-08,2484708.872989431,461.63245750952046
2025-04-09,2473652.104518667,461.63245750952046
2025-04-11,2528265.4752156883,461.63245750952046
2025-04-15,2556582.1686926247,26.29730895755347
2025-04-16,2590392.670378721,26.29730895755347
2025-04-17,2619269.2864523293,26.29730895755347
2025-04-21,2670202.1106266608,5.731544934795238
2025-04-22,2702765.9252323736,5.731544934795238
2025-04-23,2665850.198288404,5.731544934795238
2025-04-24,2661726.0691761603,5.731544934795238
2025-04-25,2629628.405724012,5.731544934795238
2025-04-28,2650708.5230564703,5.731544934795238
2025-04-29,2662554.9574513067,5.731544934795238
2025-04-30,2628269.4977116217,5.731544934795238
2025-05-02,2617465.901413404,5.731544934795238
2025-05-05,2631150.460399305,634.4932514777174
2025-05-06,2570643.43299452,634.4932514777174
2025-05-07,2578254.0051991097,634.4932514777174
2025-05-08,2553802.7783085457,634.4932514777174
2025-05-09,2548004.884341871,634.4932514777174
2025-05-12,2637064.5407663435,229.82766972482204
2025-05-13,2644235.9031396955,229.82766972482204
2025-05-14,2684462.716326341,229.82766972482204
2025-05-15,2697460.095003709,229.82766972482204
2025-05-16,2722294.278902635,229.82766972482204
2025-05-19,2712239.4754510033,3.323774825432338
2025-05-20,2694978.5811028588,3.323774825432338
2025-05-21,2702253.2090172875,3.323774825432338
2025-05-22,2679141.2138047325,3.323774825432338
2025-05-23,2697574.183268081,3.323774825432338
2025-05-26,2707096.475566062,76.00334087316878
2025-05-27,2714667.20965496,76.00334087316878
2025-05-28,2720180.7984954445,76.00334087316878
2025-05-29,2734083.4152137367,76.00334087316878
2025-05-30,2724114.042433891,76.00334087316878
2025-06-02,2729365.4582868647,18.978260619565845
2025-06-03,2725312.287567718,18.978260619565845
2025-06-04,2735825.8910757136,18.978260619565845
2025-06-05,2732384.87461148,18.978260619565845
2025-06-06,2742899.738766296,18.978260619565845
2025-06-09,2770393.733195827,75.87845186947379
2025-06-10,2779323.892192409,75.87845186947379
2025-06-11,2767509.1592097734,75.87845186947379
2025-06-12,2741874.672961757,75.87845186947379
2025-06-13,2737923.604705379,75.87845186947379
2025-06-16,2754441.99148858,228.8096267026849
2025-06-17,2758588.6410018248,228.8096267026849
2025-06-18,2765483.0983916563,228.8096267026849
2025-06-19,2723243.357958917,228.8096267026849
2025-06-20,2734090.5799819273,228.8096267026849
2025-06-23,2728146.9210740905,14.704010186600499
2025-06-24,2723585.522880731,14.704010186600499
2025-06-25,2736064.3987657405,14.704010186600499
2025-06-26,2757482.7224962097,14.704010186600499
2025-06-27,2745476.512664972,14.704010186600499
2025-06-30,2769432.533743638,834.8192966168281
2025-07-01,2770267.787268419,834.8192966168281
2025-07-02,2758992.0414188094,834.8192966168281
2025-07-03,2765256.7966983505,834.8192966168281
2025-07-04,2763969.360159654,834.8192966168281
2025-07-07,2766283.7109316993,205.1452197241597
2025-07-08,2795166.2412432837,205.1452197241597
2025-07-09,2759267.54976074,205.1452197241597
2025-07-10,2757687.3758486914,205.1452197241597
2025-07-11,2791216.535844724,205.1452197241597
2025-07-14,2806428.726510923,205.1452197241597
2025-07-15,2797551.343973081,205.1452197241597
2025-07-16,2796950.7038058448,205.1452197241597
2025-07-17,2798189.7372149634,205.1452197241597
2025-07-18,2824495.078889768,205.1452197241597
2025-07-21,2838959.4302615332,205.1452197241597
2025-07-22,2855134.667787473,205.1452197241597
2025-07-23,2882768.256875913,205.1452197241597
2025-07-24,2870268.6082171607,205.1452197241597
2025-07-25,2873764.2595919776,205.1452197241597
2025-07-28,2886441.8171494496,348.0068009388633
2025-07-29,2878520.971766759,348.0068009388633
2025-07-30,2868234.694804479,348.0068009388633
2025-07-31,2878398.3927414906,348.0068009388633
2025-08-01,2838071.856410314,348.0068009388633
2025-08-04,2838276.8046982777,348.0068009388633
2025-08-05,2832598.7055314076,348.0068009388633
2025-08-06,2870476.194072057,348.0068009388633
2025-08-07,2870429.7878525746,348.0068009388633
2025-08-08,2873648.6875260365,348.0068009388633
2025-08-11,2872812.603129674,348.0068009388633
2025-08-12,2886460.604304601,348.0068009388633
2025-08-13,2915708.530375768,348.0068009388633
2025-08-14,2968346.4438889516,348.0068009388633
2025-08-18,2959835.0615189564,348.0068009388633
2025-08-19,2927834.499339391,348.0068009388633
2025-08-20,2912426.522837926,348.0068009388633
2025-08-21,2892478.2431443227,348.0068009388633
2025-08-22,2898156.2709153187,348.0068009388633
2025-08-25,2923881.278799932,220.68645374046173
2025-08-26,2908471.414496343,220.68645374046173
2025-08-28,2894743.4857091117,220.68645374046173
2025-08-29,2896812.4227055716,220.68645374046173
2025-09-01,2961132.6824647496,140.27107253775466
2025-09-02,2959833.4280397007,140.27107253775466
2025-09-03,2975656.9111939976,140.27107253775466
2025-09-04,2975196.830154569,140.27107253775466
2025-09-05,2997240.335846097,140.27107253775466
2025-09-08,3038519.293545503,273.83321835449897
2025-09-09,3060857.5415313425,273.83321835449897
2025-09-10,3049607.755215425,273.83321835449897
2025-09-11,3046130.2412841506,273.83321835449897
2025-09-12,3112788.1227386184,273.83321835449897
2025-09-15,3106699.7723540966,101.60534665046725
2025-09-16,3136762.1330184643,101.60534665046725
2025-09-17,3118440.4055862133,101.60534665046725
2025-09-18,3116761.2675552075,101.60534665046725
2025-09-19,3137841.5176925366,101.60534665046725
2025-09-22,3167439.9039306347,101.60534665046725
2025-09-23,3179675.4452666943,101.60534665046725
2025-09-24,3171246.875778169,101.60534665046725
2025-09-25,3182430.5251769726,101.60534665046725
2025-09-26,3185810.478500337,101.60534665046725
2025-09-29,3239717.5795287793,101.60534665046725
2025-09-30,3198253.900573701,101.60534665046725
2025-10-01,3258531.648406953,101.60534665046725
2025-10-03,3272853.503799409,101.60534665046725
2025-10-06,3369519.8642425244,101.60534665046725
2025-10-07,3323058.917297334,101.60534665046725
2025-10-08,3371889.434722871,101.60534665046725
2025-10-09,3438053.7717895214,101.60534665046725
2025-10-10,3399374.336044282,101.60534665046725
2025-10-13,3464753.767255403,131.55189285427332
2025-10-14,3540579.0002876297,131.55189285427332
2025-10-15,3497192.7389350906,131.55189285427332
2025-10-16,3432325.739713289,131.55189285427332
2025-10-17,3456020.518506624,131.55189285427332
2025-10-20,3377568.1014154064,79.12537170527503
2025-10-21,3359623.337514649,79.12537170527503
2025-10-23,3293592.706578981,79.12537170527503
2025-10-24,79.12537170527503,79.12537170527503
2025-10-27,3249840.4193952642,336.5875776375178
2025-10-28,3240194.38945752,336.5875776375178
2025-10-29,3238875.9987409674,336.5875776375178
2025-10-30,3246021.423911866,336.5875776375178
2025-10-31,3229716.4854047857,336.5875776375178
2025-11-03,3240010.8132711113,27.19994408497587
2025-11-04,3208936.887665338,27.19994408497587
2025-11-06,3186800.6164708794,27.19994408497587
2025-11-07,3175941.77271325,27.19994408497587
2025-11-10,3208421.4962468804,27.19994408497587
2025-11-11,3226986.0052724537,27.19994408497587
2025-11-12,3251211.3225484546,27.19994408497587
2025-11-13,3231406.2945028013,27.19994408497587
2025-11-14,3217352.236008233,27.19994408497587
2025-11-17,3221122.5523444973,6.617299254983664
2025-11-18,3202607.6609489284,6.617299254983664
2025-11-19,3207731.969119247,6.617299254983664
2025-11-20,3220110.700753387,6.617299254983664
2025-11-21,3192512.569472488,6.617299254983664
2025-11-24,3173258.21078128,9.455618087085895
2025-11-25,3179191.059215728,9.455618087085895
2025-11-26,3212297.1106836237,9.455618087085895
2025-11-27,3216627.440582458,9.455618087085895
2025-11-28,3220510.240686599,9.455618087085895
2025-12-01,3220007.3048364557,9.455618087085895
2025-12-02,3213809.268171493,9.455618087085895
2025-12-03,3198866.161531631,9.455618087085895
2025-12-04,3206479.6608011164,9.455618087085895
2025-12-05,3215705.5605184473,9.455618087085895
2025-12-08,3174325.1543352045,9.455618087085895
2025-12-09,3171691.90045375,9.455618087085895
2025-12-10,3160720.3431589045,9.455618087085895
2025-12-11,3183516.066337768,9.455618087085895
2025-12-12,3196797.680549804,9.455618087085895
2025-12-15,3195997.8577234186,9.455618087085895
2025-12-16,3175951.1224500574,9.455618087085895
2025-12-17,3176077.1940214075,9.455618087085895
2025-12-18,3177229.747202102,9.455618087085895
2025-12-19,3207107.4626981653,9.455618087085895
2025-12-22,3234142.468790237,9.455618087085895
2025-12-23,3236181.6130849756,9.455618087085895
2025-12-24,3221819.3664819635,9.455618087085895
2025-12-26,3214823.261343185,9.455618087085895
2025-12-29,3200137.1219487907,12.881220412440598
2025-12-30,3203211.6376920464,12.881220412440598
2025-12-31,3218567.4831720116,12.881220412440598
2026-01-01,3209668.5393739464,12.881220412440598
2026-01-02,3224304.8825708153,12.881220412440598
2026-01-05,3210069.8691463806,352.3947353698313
2026-01-06,3239374.7887935974,352.3947353698313
2026-01-07,3240395.837514911,352.3947353698313
2026-01-08,3173415.638822589,352.3947353698313
2026-01-09,3206841.934576068,352.3947353698313
2026-01-12,3295752.9119463377,29.923077624640428
2026-01-13,3328479.1130419197,29.923077624640428
2026-01-14,3435370.0122270994,29.923077624640428
2026-01-15,3435370.0122270994,29.923077624640428
2026-01-16,3473668.4762087283,29.923077624640428
2026-01-19,3565349.1130876956,29.923077624640428
2026-01-20,3663283.918484729,29.923077624640428
2026-01-21,3803607.183667225,29.923077624640428
2026-01-22,3565432.446423572,29.923077624640428
2026-01-23,3645734.3450594367,29.923077624640428
2026-01-27,3823398.1775341677,534.7865276979282
2026-01-28,3939791.993925159,534.7865276979282
2026-01-29,4147663.7299175905,534.7865276979282
2026-01-30,3705754.6247234987,534.7865276979282
2026-02-02,3196698.7793102907,534.7865276979282
2026-02-03,3405726.77403075,534.7865276979282
2026-02-04,3553409.5419293093,534.7865276979282
2026-02-05,3367637.9079571413,534.7865276979282
2026-02-06,3299273.7432614015,534.7865276979282
2026-02-09,3429498.90395095,300.691670677159
2026-02-10,3444066.459538719,300.691670677159
2026-02-11,3448594.422414085,300.691670677159
2026-02-12,3441067.7405140605,300.691670677159
2026-02-13,3383434.9690144276,300.691670677159
2026-02-16,3419561.9297207566,86.96698271925561
2026-02-17,3427520.580988761,86.96698271925561
2026-02-18,3444190.3402127,86.96698271925561
2026-02-19,3446509.295641777,86.96698271925561
2026-02-20,3483447.3993633953,86.96698271925561
2026-02-23,3528226.654307243,86.96698271925561
2026-02-24,3550980.9482296677,86.96698271925561
2026-02-25,3558699.7174252244,86.96698271925561
2026-02-26,3554575.1385525437,86.96698271925561
2026-02-27,3553062.5306576462,86.96698271925561
2026-03-02,3588763.9567135544,86.96698271925561
2026-03-04,3497896.2060345383,86.96698271925561
2026-03-05,3510561.715426323,86.96698271925561
2026-03-06,3481257.8130367966,86.96698271925561
2026-03-09,3428037.7746685715,86.96698271925561
2026-03-10,3463477.2643612595,86.96698271925561
2026-03-11,3448358.83479583,86.96698271925561
2026-03-12,3462287.2883404465,86.96698271925561
2026-03-13,3383220.687685844,86.96698271925561
2026-03-16,3341948.275198459,53.568304538493976
2026-03-17,3363903.5735764503,53.568304538493976
2026-03-18,3359915.944784641,53.568304538493976
2026-03-19,3287927.4925370216,53.568304538493976
2026-03-20,3289724.740705967,53.568304538493976
2026-03-23,3165716.3245961186,77.04386491747573
2026-03-24,3170507.1883198735,77.04386491747573
2026-03-25,3174928.8762394907,77.04386491747573
2026-03-27,3170339.690246295,77.04386491747573
2026-03-30,3158863.6494349362,35.61342800897546
2026-04-01,3183921.069726837,35.61342800897546
2026-04-02,3185528.0685862424,35.61342800897546
2026-04-06,3207625.5630398495,424.3091488579521
2026-04-07,3228432.12906463,424.3091488579521
2026-04-08,3277609.003034661,424.3091488579521
2026-04-09,3279588.4267788627,424.3091488579521
2026-04-10,3287227.190595696,424.3091488579521
2026-04-13,3282998.558699334,157.50266906060278
2026-04-15,3379896.9442660455,157.50266906060278
2026-04-16,3437118.150381768,157.50266906060278
2026-04-17,3489776.142004693,157.50266906060278
2026-04-20,3480142.740561242,529.8776080559473
2026-04-21,3501818.195791955,529.8776080559473
2026-04-22,3518624.786093469,529.8776080559473
2026-04-23,3505520.291838403,529.8776080559473
2026-04-24,3507960.9326846553,529.8776080559473
2026-04-27,3537904.1397932973,24.232475182274356
2026-04-28,3565836.734367272,24.232475182274356
2026-04-29,3562460.8135298695,24.232475182274356
2026-04-30,3532670.8972090688,24.232475182274356
2026-05-01,3532670.8972090688,24.232475182274356
2026-05-04,3559870.329925755,43.03182242263574
2026-05-05,3571516.7993242536,43.03182242263574
2026-05-06,3597738.8294145856,43.03182242263574
2026-05-07,3632508.078361729,43.03182242263574
2026-05-08,3645146.846092442,43.03182242263574
2026-05-11,3614695.099337327,291.9226405493682
2026-05-12,3596046.5087916725,291.9226405493682
2026-05-13,3628592.6425502175,291.9226405493682
2026-05-14,3645770.7705104225,291.9226405493682
2026-05-15,3650230.097811448,291.9226405493682
2026-05-18,3645407.971546105,159.65076058311388
2026-05-19,3609542.0189399044,159.65076058311388
2026-05-20,3601530.393512658,159.65076058311388
2026-05-21,3585214.9161567017,159.65076058311388
2026-05-22,3636688.600360803,159.65076058311388
2026-05-25,3645921.6460150992,159.65076058311388
2026-05-26,3613926.395831994,159.65076058311388
2026-05-27,3600738.9566993034,159.65076058311388
2026-05-28,3600738.9566993034,159.65076058311388
2026-05-29,3655534.7766150758,159.65076058311388
2026-06-01,3667783.0188788697,159.65076058311388
2026-06-02,3712144.0063819205,159.65076058311388
2026-06-03,3709986.5139350216,159.65076058311388
2026-06-04,3719600.332080773,159.65076058311388
2026-06-05,3702261.684543542,159.65076058311388
2026-06-08,3557381.447284631,159.65076058311388
2026-06-09,3472515.572971277,159.65076058311388
2026-06-10,3453399.9477729127,159.65076058311388
2026-06-11,3430607.283298425,159.65076058311388
2026-06-12,3418978.0486792843,159.65076058311388
2026-06-15,3542269.1983868154,488.6604305773508
2026-06-16,3542745.8307720693,488.6604305773508
2026-06-17,3580119.3690182236,488.6604305773508
2026-06-18,3587884.03816953,488.6604305773508
2026-06-19,3565001.6494823964,488.6604305773508
2026-06-22,3604901.460212377,488.6604305773508
2026-06-23,3564311.2181927236,488.6604305773508
2026-06-24,3596628.571403173,488.6604305773508
2026-06-25,3549836.359603551,488.6604305773508
2026-06-26,3549836.359603551,488.6604305773508
2026-06-29,3525757.489432958,488.6604305773508
2026-06-30,3524857.1675106557,488.6604305773508
2026-07-01,3562221.0959545644,488.6604305773508
2026-07-02,3579574.936561254,488.6604305773508
2026-07-03,3552411.839797643,488.6604305773508
2026-07-06,3524443.374264783,321.15017420682125
2026-07-07,3523149.334652967,321.15017420682125
2026-07-08,3443912.740201062,321.15017420682125
2026-07-09,3455974.2917757696,321.15017420682125
2026-07-10,3488890.3738070196,321.15017420682125
2026-07-13,3494893.2466981476,553.1201112335548
2026-07-14,3476262.0527513092,553.1201112335548
2026-07-15,3488217.606836087,553.1201112335548
2026-07-16,3481600.663263089,553.1201112335548
2026-07-17,3486856.675866849,553.1201112335548
2026-07-20,3492430.6839380558,197.07625296665356
2026-07-21,3460618.5895548156,197.07625296665356
2026-07-22,3438495.9807863524,197.07625296665356
2026-07-23,3439072.062136679,197.07625296665356
2026-07-24,3440633.883381873,197.07625296665356
2026-07-27,3446514.829623633,232.0390428835526
