Date,GOLDBEES.NS,SILVERBEES.NS,NIFTYBEES.NS,JUNIORBEES.NS,MID150BEES.NS,NIF100BEES.NS,BANKBEES.NS,ITBEES.NS,PHARMABEES.NS,AUTOBEES.NS,INFRABEES.NS,CONSUMBEES.NS,PSUBNKBEES.NS,CPSEETF.NS,LTGILTBEES.NS,GILT5YBEES.NS,LIQUIDBEES.NS,MOM100.NS,MOMENTUM30.NS,NV20BEES.NS,DIVOPPBEES.NS,HNGSNGBEES.NS,MAFANG.NS,MON100.NS
2017-06-01,26.29,,98.21,264.12,,101.4,235.69,,,,330.11,,39.11,28.24,,,1000.0,18.16,,,26.33,247.0,,40.61
2017-06-02,26.18,,98.63,265.51,,101.02,236.39,,,,328.36,,39.31,28.22,,,1000.0,18.45,,,26.4,239.7,,41.39
2017-06-05,26.54,,98.94,268.62,,101.56,237.46,,,,330.94,,39.2,28.24,,,1000.0,18.36,,,26.6,240.0,,41.52
2017-06-06,26.67,,98.55,265.79,,102.0,236.9,,,,327.0,,39.16,28.07,,,1000.0,18.4,,,26.6,240.13,,41.61
2017-06-07,26.63,,98.78,267.6,,101.84,238.15,,,,328.0,,39.67,28.22,,,1000.0,18.8,,,26.43,249.0,,42.0
2017-06-08,26.56,,98.74,268.75,,101.84,238.36,,,,328.08,,39.03,27.95,,,1000.0,18.79,,,26.19,248.4,,42.27
2017-06-09,26.36,,98.95,268.99,,101.76,239.69,,,,328.05,,39.17,27.74,,,1000.0,18.82,,,26.05,245.0,,42.0
2017-06-12,26.31,,98.33,268.63,,101.05,237.87,,,,325.17,,38.58,27.8,,,1000.0,18.79,,,25.99,249.0,,41.5
2017-06-13,26.22,,98.42,269.78,,101.03,237.76,,,,325.41,,38.41,27.68,,,1000.0,18.56,,,27.34,249.0,,41.49
2017-06-14,26.21,,98.37,268.17,,101.73,237.31,,,,328.59,,38.72,27.6,,,999.99,18.29,,,26.26,240.0,,41.95
2017-06-15,26.17,,98.04,268.88,,101.74,236.45,,,,326.95,,38.55,27.28,,,1000.0,18.07,,,26.05,250.9,,41.7
2017-06-16,26.11,,98.05,269.41,,101.77,237.36,,,,324.79,,38.5,27.35,,,1000.0,18.41,,,26.05,237.23,,41.83
2017-06-19,26.02,,98.83,269.94,,101.41,240.77,,,,328.5,,38.9,27.32,,,999.99,18.41,,,26.13,237.0,,41.25
2017-06-20,25.98,,98.88,270.03,,102.24,240.27,,,,326.59,,38.67,27.54,,,1000.0,18.41,,,26.18,235.1,,41.24
2017-06-21,26.07,,98.58,270.07,,101.95,240.05,,,,328.8,,39.09,27.14,,,1000.0,18.38,,,26.08,231.89,,41.49
2017-06-22,26.1,,98.5,268.47,,,241.28,,,,325.58,,39.13,26.6,,,1000.0,18.43,,,26.09,252.5,,42.4
2017-06-23,26.12,,98.03,266.14,,100.57,238.08,,,,324.07,,38.48,26.07,,,1000.0,18.3,,,25.61,237.5,,42.0
2017-06-27,26.08,,97.35,262.68,,99.78,234.73,,,,323.5,,37.0,26.21,,,1000.0,18.29,,,25.29,240.0,,42.0
2017-06-28,25.99,,97.27,263.9,,100.43,235.49,,,,323.0,,36.85,26.11,,,1000.0,18.01,,,25.5,236.5,,41.83
2017-06-29,25.84,,97.36,264.01,,100.56,235.55,,,,325.56,,36.71,25.93,,,999.99,18.15,,,25.5,240.5,,41.8
2017-06-30,25.77,,97.6,266.63,,100.77,235.0,,,,323.3,,36.9,25.91,,,1000.0,18.2,,,25.62,226.88,,40.91
2017-07-03,25.68,,98.42,269.1,,101.43,235.77,,,,328.52,,36.9,26.19,,,1000.0,18.44,,,26.06,231.9,,41.52
2017-07-04,25.44,,98.51,269.78,,101.32,235.95,,,,325.06,,36.73,26.19,,,999.99,18.21,,,26.07,232.0,,41.15
2017-07-05,25.41,,98.79,271.01,,101.32,236.71,,,,325.08,,37.0,26.34,,,1000.0,18.4,,,,240.0,,42.76
2017-07-06,25.48,,99.21,272.97,,101.84,238.04,,,,327.0,,37.82,26.41,,,1000.0,18.28,,,26.13,240.0,,42.44
2017-07-07,25.39,,99.01,273.3,,102.57,237.91,,,,329.49,,37.83,26.34,,,1000.0,18.74,,,26.0,240.0,,42.84
2017-07-10,25.1,,100.02,275.16,,103.7,239.56,,,,333.67,,38.64,26.79,,,1000.0,18.72,,,,242.73,,43.34
2017-07-11,25.16,,100.38,273.67,,103.5,239.86,,,,332.11,,38.08,26.62,,,1000.0,18.56,,,26.4,239.9,,42.98
2017-07-12,25.21,,100.55,274.57,,,240.38,,,,334.04,,38.63,26.82,,,999.99,18.66,,,26.64,242.73,,43.22
2017-07-13,25.22,,101.43,277.29,,104.0,242.54,,,,336.54,,38.76,26.56,,,1000.0,18.65,,,26.5,,,43.55
2017-07-14,25.18,,101.24,277.46,,104.95,242.31,,,,337.56,,39.36,26.42,,,1000.0,18.59,,,26.48,242.0,,42.92
2017-07-17,25.37,,101.69,277.91,,105.28,243.38,,,,339.12,,39.3,26.51,,,1000.0,18.61,,,,249.9,,43.96
2017-07-18,25.45,,101.01,276.28,,103.85,243.57,,,,339.0,,39.33,26.49,,,1000.0,18.5,,,,241.5,,43.78
2017-07-19,25.5,,101.63,280.09,,104.06,245.21,,,,342.09,,39.44,26.69,,,1000.0,18.63,,,24.95,249.95,,44.55
2017-07-20,25.47,,101.47,278.77,,104.06,245.89,,,,342.95,,38.99,26.87,,,1000.0,18.81,,,,249.7,,44.52
2017-07-21,25.61,,101.77,279.25,,104.61,245.89,,,,340.93,,39.01,27.01,,,1000.0,18.74,,,26.4,249.3,,44.7
2017-07-24,25.78,,102.39,279.89,,105.05,247.64,,,,340.5,,39.6,26.87,,,1000.0,18.78,,,26.5,251.0,,44.9
2017-07-25,25.68,,102.5,281.24,,104.98,249.09,,,,343.9,,40.0,26.68,,,1000.0,18.55,,,26.62,250.75,,45.0
2017-07-26,25.57,,102.86,280.97,,106.1,250.11,,,,342.8,,39.74,26.75,,,1000.0,18.9,,,26.5,250.8,,44.75
2017-07-27,25.77,,103.05,280.04,,106.01,252.97,,,,341.4,,39.91,26.61,,,1000.0,19.19,,,26.52,241.47,,44.0
2017-07-28,25.65,,102.76,280.91,,105.58,251.19,,,,338.95,,39.9,26.51,,,1000.0,19.08,,,26.23,251.0,,44.6
2017-07-31,25.71,,103.43,282.95,,106.77,254.49,,,,343.76,,41.43,26.67,,,1000.0,19.07,,,26.32,266.5,,44.89
2017-08-01,25.66,,103.74,282.97,,106.17,255.42,,,,342.75,,41.21,26.8,,,1000.0,19.1,,,26.6,255.0,,44.82
2017-08-02,25.61,,103.78,281.93,,,254.26,,,,343.5,,40.99,26.51,,,1000.0,19.05,,,26.79,260.0,,44.6
2017-08-03,25.55,,103.07,281.61,,105.52,250.6,,,,344.47,,39.52,26.68,,,1000.0,19.08,,,26.6,259.8,,42.91
2017-08-04,25.81,,103.75,285.47,,106.22,252.21,,,,344.99,,40.21,27.32,,,1000.0,19.0,,,,251.5,,43.0
2017-08-07,25.55,,103.5,289.58,,106.44,253.04,,,,344.84,,40.56,27.82,,,1000.0,19.24,,,27.14,260.55,,43.49
2017-08-08,25.59,,102.91,285.66,,106.55,249.76,,,,343.05,,39.62,27.28,,,1000.0,19.0,,,27.18,257.2,,42.9
2017-08-09,25.77,,102.08,281.71,,105.73,248.14,,,,344.65,,39.15,27.17,,,1000.0,18.76,,,26.89,256.0,,42.83
2017-08-10,25.96,,100.68,273.06,,103.83,246.16,,,,330.26,,38.44,26.43,,,1000.0,18.46,,,26.33,,,41.1
2017-08-11,26.22,,99.78,272.58,,102.09,242.96,,,,331.9,,36.71,26.32,,,1000.0,18.3,,,26.3,250.1,,40.16
2017-08-14,26.03,,100.94,278.29,,104.37,245.05,,,,334.0,,36.74,26.67,,,1000.0,18.57,,,26.67,252.0,,41.15
2017-08-16,25.78,,102.08,280.98,,104.52,247.89,,,,336.5,,37.45,26.72,,,1000.0,18.7,,,26.78,257.5,,40.93
2017-08-17,26.15,,102.16,280.66,,105.57,246.75,,,,337.8,,37.27,27.19,,,1000.0,18.7,,,26.93,254.6,,40.03
2017-08-18,26.23,,101.61,280.03,,103.91,245.11,,,,338.75,,36.97,27.17,,,1000.0,18.49,,,26.7,260.0,,40.34
2017-08-21,26.01,,100.6,276.61,,102.85,243.62,,,,334.06,,36.46,26.58,,,1000.0,18.55,,,26.67,268.49,,40.01
2017-08-22,25.97,,100.75,275.04,,103.67,244.13,,,,332.98,,35.9,26.69,,,1000.0,18.43,,,26.43,,,39.66
2017-08-23,25.99,,101.53,278.18,,103.31,246.92,,,,334.34,,36.98,26.96,,,999.99,18.64,,,,268.0,,39.51
2017-08-24,26.01,,101.76,281.52,,103.5,246.61,,,,335.95,,37.05,27.09,,,1000.0,18.6,,,26.8,,,38.63
2017-08-28,26.29,,102.28,282.83,,104.6,247.79,,,,340.63,,37.15,27.42,,,999.99,18.56,,,,264.0,,37.34
2017-08-29,26.83,,101.07,280.11,,104.38,245.13,,,,336.04,,36.66,27.05,,,999.99,18.55,,,26.71,257.0,,37.5
2017-08-30,26.63,,101.87,284.59,,104.67,246.93,,,,338.98,,36.73,27.57,,,1000.0,18.7,,,26.8,259.3,,37.75
2017-08-31,26.53,,102.15,285.06,,104.65,246.86,,,,338.76,,36.51,27.44,,,1000.0,18.75,,,26.94,259.7,,38.13
2017-09-01,26.82,,102.86,287.78,,106.21,247.77,,,,339.56,,36.7,27.66,,,999.99,19.02,,,27.24,275.0,,38.4
2017-09-04,27.13,,102.07,286.98,,105.1,246.24,,,,336.72,,36.66,27.47,,,1000.0,18.97,,,27.01,259.4,,38.24
2017-09-05,27.05,,102.46,288.35,,105.91,247.27,,,,334.12,,36.6,27.75,,,999.99,18.98,,,,260.0,,38.13
2017-09-06,27.28,,102.13,288.74,,105.08,246.33,,,,334.47,,36.39,27.84,,,1000.0,19.03,,,,262.0,,37.85
2017-09-07,27.17,,102.35,290.18,,105.18,246.51,,,,332.61,,36.39,27.82,,,1000.0,19.0,,,27.29,254.0,,38.06
2017-09-08,27.32,,102.28,288.28,,105.2,247.21,,,,335.92,,36.03,27.69,,,1000.0,19.19,,,26.95,250.5,,37.81
2017-09-11,27.09,,103.05,291.58,,106.88,250.35,,,,343.46,,36.02,28.09,,,1000.0,19.17,,,27.26,247.78,,37.95
2017-09-12,26.95,,103.76,293.41,,106.9,251.24,,,,345.36,,36.44,28.32,,,999.99,19.57,,,27.24,262.25,,37.75
2017-09-13,27.07,,103.6,291.79,,107.29,251.78,,,,346.03,,36.66,27.99,,,1000.0,19.25,,,27.61,260.95,,37.89
2017-09-14,26.9,,103.76,292.62,,106.96,252.81,,,,344.44,,36.85,28.05,,,1000.0,19.53,,,27.2,262.39,,37.88
2017-09-15,26.98,,103.76,292.91,,107.57,252.14,,,,344.97,,36.69,28.15,,,1000.0,19.52,,,27.97,259.6,,37.99
2017-09-18,26.76,,104.51,293.36,,108.31,253.99,,,,349.04,,36.42,28.25,,,999.99,19.6,,,27.5,261.5,,37.91
2017-09-19,26.74,,104.47,295.05,,107.44,253.79,,,,345.57,,36.39,28.4,,,1000.0,19.69,,,27.5,262.0,,37.7
2017-09-20,26.85,,104.44,294.2,,108.17,253.63,,,,350.0,,36.46,28.34,,,999.99,19.6,,,27.56,265.0,,37.92
2017-09-21,26.71,,104.01,291.2,,107.5,251.51,,,,347.6,,36.06,28.06,,,1000.0,19.5,,,27.23,,,37.92
2017-09-22,26.72,,102.55,285.14,,105.96,247.84,,,,337.03,,35.31,27.62,,,1000.0,19.2,,,27.0,269.9,,37.61
2017-09-25,26.76,,101.7,280.76,,104.84,245.72,,,,332.88,,35.0,27.61,,,1000.0,19.13,,,26.54,260.5,,37.0
2017-09-26,27.06,,101.39,281.56,,104.55,246.15,,,,332.87,,34.8,27.93,,,1000.0,19.24,,,,260.5,,37.2
2017-09-27,26.87,,100.62,276.2,,104.05,242.79,,,,325.46,,33.69,27.57,,,1000.0,19.02,,,26.36,263.51,,37.23
2017-09-28,26.72,,101.01,276.44,,,242.95,,,,326.03,,34.01,27.82,,,999.99,18.95,,,28.0,270.0,,37.5
2017-09-29,26.66,,101.0,279.13,,103.65,244.86,,,,331.9,,33.95,28.16,,,1000.0,18.96,,,27.9,269.79,,37.62
2017-10-03,26.58,,101.5,283.82,,104.25,244.72,,,,331.96,,33.93,28.37,,,1000.0,19.1,,,26.64,265.0,,38.13
2017-10-04,26.53,,102.07,283.83,,,245.18,,,,333.03,,33.95,28.49,,,1000.0,19.2,,,26.82,285.28,,37.77
2017-10-05,26.48,,101.87,284.06,,105.0,244.75,,,,328.75,,33.78,28.39,,,1000.0,19.17,,,27.0,280.0,,37.78
2017-10-06,26.41,,103.08,286.71,,105.98,246.22,,,,331.14,,34.31,28.9,,,999.99,19.17,,,27.25,280.1,,38.07
2017-10-09,26.69,,103.08,285.99,,106.35,246.11,,,,332.0,,34.3,28.71,,,1000.0,19.1,,,27.13,280.45,,38.57
2017-10-10,26.76,,103.2,287.49,,105.84,246.7,,,,332.21,,34.5,28.77,,,1000.0,19.14,,,27.2,270.42,,38.21
2017-10-11,26.84,,102.77,285.97,,106.31,244.13,,,,335.06,,33.89,28.69,,,1000.0,19.39,,,27.16,280.0,,38.15
2017-10-12,26.95,,103.87,289.27,,,246.73,,,,334.5,,33.66,28.8,,,999.99,19.26,,,27.4,279.9,,38.05
2017-10-13,26.97,,104.97,290.35,,108.11,250.41,,,,340.07,,34.0,28.9,,,999.99,19.32,,,27.55,279.8,,38.24
2017-10-16,26.89,,105.6,291.43,,108.48,250.28,,,,343.55,,33.66,28.98,,,1000.0,19.41,,,27.76,280.0,,38.6
2017-10-17,26.79,,105.54,291.84,,108.9,249.73,,,,348.7,,34.25,28.99,,,1000.0,19.44,,,27.85,271.51,,38.07
2017-10-18,26.6,,105.4,291.43,,,246.79,,,,348.48,,33.17,29.15,,,1000.0,19.46,,,28.09,,,38.01
2017-10-19,26.87,,104.7,291.94,,,244.13,,,,346.42,,33.11,28.75,,,1000.88,19.53,,,,275.5,,38.31
2017-10-23,26.55,,105.16,291.12,,106.92,244.25,,,,350.65,,33.1,28.91,,,1000.0,19.59,,,27.86,277.8,,38.2
2017-10-24,26.52,,104.93,291.71,,108.56,245.33,,,,352.91,,34.31,29.24,,,999.99,19.45,,,28.11,275.0,,38.16
2017-10-25,26.47,,105.95,294.38,,109.53,253.89,,,,361.23,,39.82,29.72,,,1000.0,19.77,,,28.08,271.0,,38.51
2017-10-26,26.43,,106.38,296.81,,108.97,253.74,,,,367.2,,41.33,30.24,,,999.99,19.79,,,28.02,272.0,,38.38
2017-10-27,26.28,,106.2,298.55,,110.0,252.13,,,,362.92,,42.59,30.35,,,999.99,19.89,,,28.37,275.0,,38.02
2017-10-30,26.28,,106.95,301.45,,109.73,254.29,,,,362.54,,43.29,30.57,,,1000.0,20.13,,,28.32,271.3,,38.59
2017-10-31,26.37,,106.52,300.7,,109.56,254.54,,,,363.0,,42.0,30.67,,,1000.0,20.03,,,28.17,271.3,,38.46
2017-11-01,26.34,,107.46,304.9,,111.4,258.15,,,,369.0,,43.52,30.72,,,1000.0,20.36,,,28.5,279.3,,37.66
2017-11-02,26.28,,107.43,305.91,,110.5,257.91,,,,365.93,,43.0,30.8,,,1000.0,20.47,,,29.19,279.0,,37.3
2017-11-03,26.27,,107.67,306.12,,110.8,259.97,,,,370.0,,44.35,30.84,,,1000.0,20.45,,,29.5,,,37.91
2017-11-06,26.15,,107.67,307.98,,111.52,259.53,,,,370.95,,44.59,30.98,,,1000.0,20.69,,,28.25,279.9,,38.47
2017-11-07,26.39,,106.86,302.93,,110.62,256.44,,,,362.98,,43.11,30.45,,,1000.0,20.34,,,29.58,277.5,,38.72
2017-11-08,26.42,,106.31,299.59,,110.41,255.4,,,,359.05,,41.92,30.3,,,999.99,20.25,,,28.05,279.5,,38.88
2017-11-09,26.44,,106.16,301.98,,109.93,256.44,,,,361.35,,42.61,30.1,,,1000.0,20.0,,,28.23,274.5,,38.8
2017-11-10,26.53,,106.26,302.67,,109.03,257.85,,,,363.59,,44.46,30.07,,,1000.0,20.09,,,28.22,,,38.37
2017-11-13,26.51,,105.61,300.9,,108.78,257.8,,,,360.0,,44.24,29.61,,,1000.0,20.24,,,28.04,272.0,,38.72
2017-11-14,26.43,,105.2,299.98,,108.04,256.75,,,,356.6,,44.12,29.3,,,1000.0,20.06,,,27.75,280.15,,39.14
2017-11-15,26.58,,104.47,296.02,,107.25,256.45,,,,352.66,,43.62,29.0,,,1000.0,19.95,,,27.64,284.9,,39.64
2017-11-16,26.41,,105.23,299.14,,108.06,257.81,,,,356.29,,44.68,29.12,,,1000.0,20.04,,,27.0,275.0,,40.93
2017-11-17,26.46,,105.89,303.35,,110.13,261.68,,,,353.54,,45.47,29.2,,,1000.0,20.51,,,27.99,287.0,,42.14
2017-11-20,26.68,,106.18,303.84,,109.86,261.7,,,,359.85,,44.83,29.52,,,1000.0,20.44,,,27.95,287.5,,42.47
2017-11-21,26.45,,106.38,303.77,,109.67,261.52,,,,358.84,,44.52,29.53,,,1000.0,20.41,,,27.95,280.92,,43.63
2017-11-22,26.46,,106.46,303.02,,109.67,261.1,,,,360.3,,45.02,29.61,,,1000.0,20.49,,,27.87,283.1,,43.55
2017-11-23,26.5,,106.58,304.06,,109.57,260.94,,,,355.76,,44.87,29.6,,,1000.0,20.5,,,27.91,289.9,,44.65
2017-11-24,26.53,,106.95,304.61,,110.06,261.97,,,,360.68,,45.0,29.66,,,1000.0,20.59,,,28.08,,,43.92
2017-11-27,26.49,,106.99,305.32,,109.75,262.76,,,,360.83,,44.85,29.66,,,1000.0,20.79,,,28.27,295.0,,44.01
2017-11-28,26.48,,106.84,305.5,,109.91,262.29,,,,356.88,,44.43,29.49,,,999.99,20.64,,,27.0,295.0,,44.07
2017-11-29,26.5,,106.78,304.98,,110.04,261.61,,,,358.0,,43.9,29.61,,,1000.0,20.69,,,28.17,292.5,,43.65
2017-11-30,26.3,,105.75,303.63,,109.95,257.33,,,,359.85,,43.22,29.48,,,1000.0,20.64,,,27.94,285.0,,43.1
2017-12-01,26.25,,104.62,300.88,,109.34,255.66,,,,360.12,,42.1,29.06,,,1000.0,20.45,,,27.55,288.5,,43.5
2017-12-04,26.12,,104.7,300.14,,107.63,255.46,,,,351.79,,41.95,29.11,,,999.99,20.5,,,27.6,287.5,,44.2
2017-12-05,26.17,,104.6,300.34,,107.34,255.59,,,,353.39,,42.61,28.94,,,1000.0,20.45,,,27.5,290.0,,44.0
2017-12-06,26.06,,103.77,298.24,,107.35,252.88,,,,350.0,,41.63,28.89,,,1000.0,19.93,,,28.64,289.5,,42.1
2017-12-07,25.89,,105.11,303.05,,107.35,254.76,,,,357.99,,42.3,29.12,,,1000.0,20.24,,,27.63,296.9,,42.22
2017-12-08,25.63,,106.05,304.77,,109.82,256.49,,,,358.55,,42.55,29.49,,,1000.0,20.69,,,28.05,287.5,,42.51
2017-12-11,25.65,,106.29,306.13,,110.34,257.39,,,,359.0,,42.5,29.46,,,1000.0,20.42,,,28.35,287.5,,43.05
2017-12-12,25.64,,105.6,303.72,,109.49,255.07,,,,357.41,,42.0,29.32,,,1000.0,20.68,,,28.0,290.0,,43.4
2017-12-13,25.54,,105.21,299.62,,109.38,253.55,,,,350.36,,41.61,29.41,,,1000.0,20.48,,,28.0,285.0,,42.6
2017-12-14,25.75,,105.4,300.22,,108.5,255.11,,,,351.73,,41.64,29.49,,,1000.0,20.82,,,27.64,,,43.0
2017-12-15,25.64,,106.37,302.31,,109.47,259.15,,,,354.0,,41.74,29.69,,,1000.0,21.11,,,28.25,285.5,,43.8
2017-12-18,25.63,,106.93,304.94,,111.45,259.36,,,,355.51,,42.61,29.74,,,1000.0,22.11,,,28.15,284.25,,44.63
2017-12-19,25.72,,107.78,309.09,,110.42,260.6,,,,359.48,,42.83,30.01,,,1000.0,21.7,,,28.33,283.81,,44.68
2017-12-20,25.74,,107.51,309.88,,111.12,260.02,,,,363.54,,42.46,30.19,,,1000.0,21.94,,,28.45,290.0,,44.23
2017-12-21,25.75,,107.45,311.6,,111.0,259.63,,,,367.24,,42.15,30.24,,,1000.0,22.0,,,28.6,290.5,,44.65
2017-12-22,25.79,,107.94,313.16,,111.32,260.15,,,,369.2,,42.46,30.47,,,1000.0,21.9,,,28.76,280.3,,44.9
2017-12-26,26.0,,108.28,314.64,,111.9,260.25,,,,371.26,,42.17,30.59,,,999.99,22.06,,,28.97,281.25,,45.6
2017-12-27,26.17,,108.24,313.2,,112.64,259.07,,,,366.5,,42.0,30.28,,,1000.0,21.76,,,28.61,290.0,,47.17
2017-12-28,26.37,,107.99,312.45,,112.28,258.47,,,,364.72,,41.31,30.25,,,1000.0,21.7,,,28.75,285.47,,47.51
2017-12-29,26.27,,108.45,314.31,,112.66,259.65,,,,370.72,,41.26,30.18,,,1000.0,21.75,,,28.68,293.22,,48.59
2018-01-01,26.44,,107.81,315.5,,110.94,257.78,,,,371.7,,41.09,30.15,,,1000.0,21.8,,,28.91,285.0,,48.4
2018-01-02,26.46,,107.46,313.16,,111.7,257.17,,,,368.85,,40.49,30.22,,,1000.0,21.95,,,28.43,289.5,,48.01
2018-01-03,26.46,,107.63,314.55,,111.44,257.64,,,,373.68,,40.46,30.16,,,1000.0,21.97,,,28.63,295.94,,47.53
2018-01-04,26.4,,108.18,318.84,,111.98,259.11,,,,376.54,,41.37,30.64,,,1000.0,22.86,,,28.83,299.0,,47.51
2018-01-05,26.44,,108.72,322.25,,113.39,260.73,,,,378.68,,41.22,30.55,,,1000.0,22.56,,,28.98,299.0,,47.72
2018-01-08,26.47,,109.25,324.59,,113.9,261.12,,,,379.0,,41.0,30.79,,,999.99,22.77,,,28.98,299.97,,48.0
2018-01-09,26.54,,109.49,324.04,,113.77,260.96,,,,379.26,,40.92,31.12,,,1000.0,23.19,,,29.2,290.97,,47.99
2018-01-10,26.52,,109.91,322.63,,113.96,260.1,,,,378.33,,40.5,31.24,,,1000.0,23.1,,,29.2,299.75,,47.82
2018-01-11,26.62,,110.03,321.36,,113.95,260.53,,,,377.9,,40.52,31.15,,,1000.0,22.88,,,29.19,295.66,,46.56
2018-01-12,26.78,,110.27,321.83,,114.36,261.11,,,,377.01,,40.61,31.3,,,1000.0,22.7,,,29.42,302.49,,47.69
2018-01-15,26.95,,110.9,322.77,,115.02,264.47,,,,372.42,,40.71,31.0,,,1000.0,22.82,,,29.36,301.5,,48.09
2018-01-16,27.05,,110.38,317.49,,114.73,264.24,,,,370.35,,39.31,30.27,,,1000.0,22.48,,,29.36,302.5,,47.86
2018-01-17,27.01,,111.05,319.24,,114.54,267.01,,,,375.6,,41.0,30.39,,,999.99,22.13,,,29.3,,,48.29
2018-01-18,26.83,,111.54,314.03,,114.5,268.74,,,,370.0,,40.3,29.92,,,1000.0,22.14,,,29.31,300.1,,48.2
2018-01-19,26.95,,112.18,315.95,,115.0,273.46,,,,374.81,,41.19,30.16,,,1000.0,22.85,,,29.31,299.18,,49.13
2018-01-22,26.9,,112.88,320.11,,116.5,274.16,,,,373.73,,40.98,30.31,,,1000.0,23.09,,,29.59,304.0,,49.59
2018-01-23,27.0,,114.19,321.54,,118.01,277.71,,,,374.62,,42.49,30.96,,,1000.0,23.98,,,30.0,319.03,,49.36
2018-01-24,27.13,,114.2,320.0,,117.89,277.62,,,,369.77,,44.03,31.24,,,999.99,23.51,,,30.23,310.0,,49.45
2018-01-25,27.33,,113.93,316.35,,117.62,277.93,,,,370.0,,41.89,31.3,,,1000.0,23.48,,,30.0,320.0,,49.91
2018-01-29,27.15,,114.63,314.21,,116.98,278.69,,,,370.16,,41.29,31.01,,,999.99,23.66,,,30.04,326.82,,52.1
2018-01-30,27.15,,113.71,312.01,,116.34,276.52,,,,371.41,,41.23,31.24,,,1000.0,23.31,,,30.21,329.02,,50.66
2018-01-31,27.09,,113.54,309.59,,116.37,277.15,,,,369.96,,41.09,31.04,,,1000.0,23.18,,,29.99,332.5,,50.26
2018-02-01,27.14,,113.5,309.97,,116.85,276.0,,,,372.74,,40.17,30.6,,,1000.0,22.87,,,30.08,326.0,,50.57
2018-02-02,27.36,,111.25,302.81,,112.86,268.24,,,,356.49,,38.94,29.77,,,1000.0,22.25,,,29.26,334.9,,51.28
2018-02-05,27.18,,110.29,300.78,,112.16,265.34,,,,356.12,,39.19,29.68,,,1000.0,22.11,,,29.2,332.5,,49.18
2018-02-06,27.37,,108.74,297.07,,110.12,262.81,,,,354.48,,38.14,29.29,,,1000.0,21.77,,,28.82,320.0,,47.4
2018-02-07,27.1,,108.39,299.75,,111.35,260.69,,,,352.13,,38.38,29.81,,,1000.0,21.94,,,28.87,320.0,,49.15
2018-02-08,26.78,,109.49,304.25,,112.86,263.69,,,,352.95,,39.2,29.86,,,1000.0,21.92,,,29.35,320.2,,49.0
2018-02-09,26.94,,108.23,302.15,,111.35,259.19,,,,353.24,,38.8,29.75,,,1000.0,21.94,,,28.84,320.7,,49.7
2018-02-12,27.0,,109.14,307.71,,111.17,261.59,,,,354.55,,38.76,29.97,,,1000.0,22.09,,,29.14,325.0,,49.84
2018-02-14,27.13,,108.65,306.95,,111.65,258.18,,,,357.12,,36.87,29.93,,,1000.0,21.82,,,28.96,322.5,,47.71
2018-02-15,27.47,,109.22,305.04,,112.31,258.55,,,,354.14,,36.48,29.97,,,1000.0,21.93,,,29.14,322.0,,48.44
2018-02-16,27.63,,108.27,301.34,,110.27,256.42,,,,349.74,,35.57,29.9,,,1000.0,21.88,,,28.92,322.0,,48.83
2018-02-19,27.57,,107.41,298.26,,109.55,254.24,,,,346.89,,34.56,29.58,,,1000.0,21.56,,,28.58,310.0,,50.4
2018-02-20,27.5,,107.18,299.34,,110.69,253.05,,,,348.46,,34.86,29.64,,,999.99,21.59,,,28.75,315.6,,49.63
2018-02-21,27.31,,107.66,297.88,,109.4,253.12,,,,347.0,,35.25,29.62,,,1000.0,21.29,,,28.62,310.0,,49.98
2018-02-22,27.29,,107.46,295.7,,110.1,253.74,,,,345.05,,35.19,29.5,,,1000.0,21.32,,,28.73,312.0,,50.5
2018-02-23,27.32,,108.47,300.51,,111.21,256.74,,,,349.07,,35.57,29.69,,,999.99,21.29,,,29.11,,,50.6
2018-02-26,27.46,,109.36,301.76,,111.52,260.99,,,,352.05,,35.06,30.13,,,999.99,21.06,,,29.28,306.3,,51.47
2018-02-27,27.43,,108.99,301.5,,111.97,258.24,,,,355.9,,34.14,30.0,,,1000.0,20.92,,,29.21,322.9,,51.8
2018-02-28,27.3,,108.67,300.13,,,254.6,,,,350.1,,34.21,29.79,,,1000.0,20.69,,,29.0,324.0,,51.79
2018-03-01,27.19,,108.12,298.76,,111.24,252.14,,,,352.91,,33.7,29.84,,,1000.0,20.73,,,29.12,325.0,,51.02
2018-03-05,27.4,,107.17,295.76,,109.93,251.73,,,,348.41,,33.51,29.49,,,1000.0,20.74,,,28.65,324.0,,52.5
2018-03-06,27.3,,106.09,292.67,,109.45,248.32,,,,344.09,,32.7,29.37,,,1000.0,20.59,,,28.55,324.9,,51.93
2018-03-07,27.44,,105.07,289.49,,107.09,245.27,,,,337.93,,31.48,28.96,,,999.99,20.45,,,28.21,,,51.36
2018-03-08,27.35,,105.96,289.05,,107.8,247.91,,,,339.64,,32.32,28.66,,,1000.03,20.38,,,28.29,351.9,,52.14
2018-03-09,27.25,,105.9,289.26,,108.87,246.53,,,,340.0,,31.82,28.72,,,1000.0,20.42,,,28.29,322.52,,52.89
2018-03-12,27.2,,107.99,291.41,,109.24,249.88,,,,348.58,,31.36,28.98,,,999.99,20.49,,,28.75,340.0,,52.82
2018-03-13,27.16,,107.92,294.69,,110.72,250.84,,,,349.85,,32.26,29.29,,,999.98,20.55,,,28.8,344.99,,53.43
2018-03-14,27.26,,107.82,295.91,,110.03,251.48,,,,346.64,,32.88,28.96,,,999.99,20.45,,,28.8,337.12,,54.28
2018-03-15,27.2,,107.26,296.04,,110.19,251.07,,,,348.35,,32.67,28.79,,,1000.0,20.4,,,,332.5,,52.92
2018-03-16,27.17,,105.68,293.03,,108.22,248.95,,,,339.88,,32.41,28.38,,,999.99,20.4,,,29.94,342.4,,53.8
2018-03-19,27.04,,104.77,288.63,,107.4,245.99,,,,336.98,,31.76,27.89,,,1000.0,20.25,,,30.0,340.0,,53.27
2018-03-20,27.16,,104.65,290.57,,107.49,244.82,,,,339.73,,31.87,27.79,,,1000.0,20.37,,,28.0,341.0,,53.65
2018-03-21,27.17,,104.91,290.27,,107.1,246.17,,,,343.78,,31.8,27.66,,,1000.0,20.28,,,28.36,350.0,,53.6
2018-03-22,27.35,,104.58,289.86,,107.29,245.05,,,,341.3,,31.14,27.61,,,1000.0,20.24,,,27.97,342.2,,52.5
2018-03-23,27.53,,103.68,288.11,,105.5,240.51,,,,335.0,,30.23,27.5,,,1000.0,19.98,,,27.53,333.5,,52.03
2018-03-26,27.54,,104.71,290.71,,107.0,246.01,,,,343.15,,31.48,27.5,,,999.99,20.22,,,27.66,333.5,,52.08
2018-03-27,27.59,,105.18,294.12,,108.0,247.22,,,,345.0,,32.49,27.85,,,1000.0,20.16,,,28.19,344.8,,51.13
2018-03-28,27.46,,104.93,293.88,,107.74,246.56,,,,338.14,,31.99,28.01,,,1000.0,20.34,,,28.0,340.17,,49.79
2018-04-02,27.45,,105.81,298.29,,108.81,245.96,,,,342.42,,32.85,27.92,,,1000.0,20.38,,,28.21,350.0,,51.55
2018-04-03,27.51,,106.27,300.69,,108.49,248.14,,,,348.86,,32.34,28.02,,,999.99,20.26,,,28.39,349.9,,49.92
2018-04-04,27.72,,104.95,297.68,,109.55,244.15,,,,342.6,,31.88,27.79,,,1000.0,20.07,,,28.0,350.0,,50.49
2018-04-05,27.33,,106.9,302.48,,109.35,250.8,,,,347.48,,33.12,28.01,,,999.99,20.19,,,28.44,340.2,,49.03
2018-04-06,27.23,,106.87,305.59,,109.64,252.04,,,,346.4,,33.55,28.11,,,1000.0,20.38,,,28.59,354.01,,49.42
2018-04-09,27.38,,107.36,307.03,,110.61,253.69,,,,345.0,,33.89,28.18,,,1000.0,20.45,,,28.69,353.3,,50.31
2018-04-10,27.53,,107.61,307.03,,110.18,255.74,,,,347.94,,33.89,28.35,,,1000.0,20.35,,,,345.0,,50.43
2018-04-11,27.77,,107.84,307.23,,110.97,254.66,,,,349.0,,33.42,28.09,,,1000.0,20.45,,,28.55,353.5,,49.18
2018-04-12,27.86,,108.4,306.51,,111.46,255.33,,,,347.38,,32.91,28.06,,,1000.0,20.42,,,29.02,353.3,,49.53
2018-04-13,27.7,,108.48,306.79,,111.67,256.08,,,,351.49,,32.58,28.02,,,1000.0,20.41,,,29.08,353.0,,50.59
2018-04-16,27.98,,108.94,308.11,,111.44,256.75,,,,350.45,,32.52,27.98,,,999.99,20.64,,,29.0,345.6,,50.57
2018-04-17,28.02,,108.91,308.78,,111.03,257.06,,,,352.5,,32.28,28.09,,,999.99,20.69,,,28.93,350.0,,51.11
2018-04-18,28.17,,108.68,307.92,,112.72,254.33,,,,353.5,,32.02,28.06,,,1000.0,20.6,,,29.36,,,50.83
2018-04-19,28.11,,109.15,309.63,,111.7,254.97,,,,354.5,,31.91,27.95,,,999.99,20.7,,,29.2,,,51.43
2018-04-20,28.05,,109.0,307.61,,111.7,253.45,,,,353.8,,31.19,27.98,,,1000.0,20.56,,,29.65,361.7,,52.6
2018-04-23,28.01,,109.47,309.07,,112.99,252.85,,,,352.95,,31.16,28.02,,,1000.0,20.66,,,29.99,361.5,,52.6
2018-04-24,27.91,,109.78,309.91,,112.2,254.1,,,,353.45,,31.1,28.21,,,999.99,20.68,,,29.6,350.3,,51.66
2018-04-25,28.03,,109.28,310.96,,111.98,251.31,,,,350.5,,30.59,27.81,,,1000.0,20.41,,,29.73,360.0,,50.74
2018-04-26,27.96,,109.86,309.44,,,252.77,,,,350.35,,30.25,27.74,,,1000.0,20.51,,,29.69,356.01,,51.14
2018-04-27,27.9,,110.55,310.81,,112.97,256.98,,,,350.99,,31.3,27.9,,,1000.0,20.65,,,29.68,351.45,,50.58
2018-04-30,27.75,,111.17,313.8,,114.0,259.83,,,,357.49,,31.89,27.77,,,999.99,20.71,,,30.0,360.0,,50.11
2018-05-02,27.7,,110.77,309.77,,113.0,259.84,,,,352.24,,31.0,27.52,,,1000.0,20.9,,,,351.9,,49.05
2018-05-03,27.67,,110.53,306.14,,112.44,260.19,,,,349.37,,31.13,27.56,,,1000.0,20.95,,,29.55,353.0,,47.55
2018-05-04,27.75,,110.02,304.12,,112.78,259.96,,,,348.5,,30.9,27.48,,,1000.0,21.09,,,29.39,355.0,,47.54
2018-05-07,27.91,,110.72,305.34,,112.16,261.4,,,,351.0,,31.67,27.84,,,999.99,20.91,,,29.45,338.17,,47.45
2018-05-08,27.79,,110.84,305.42,,113.6,264.16,,,,350.95,,31.93,27.91,,,1000.0,21.01,,,29.5,347.25,,47.56
2018-05-09,27.85,,111.22,303.57,,113.0,264.82,,,,350.5,,31.84,27.9,,,1000.0,20.99,,,29.6,345.0,,49.02
2018-05-10,28.14,,110.79,299.96,,113.31,264.66,,,,346.75,,31.06,28.12,,,1000.0,21.2,,,29.44,352.3,,50.28
2018-05-11,28.17,,111.61,299.79,,113.24,267.25,,,,344.85,,31.52,28.15,,,1000.0,20.96,,,29.34,,,49.65
2018-05-14,28.17,,111.69,298.62,,113.8,268.39,,,,344.35,,31.84,28.01,,,1000.0,20.7,,,29.61,353.9,,51.0
2018-05-15,28.07,,111.72,296.57,,113.33,268.68,,,,342.48,,31.06,27.76,,,999.99,20.75,,,29.6,348.07,,51.57
2018-05-16,27.67,,111.19,297.48,,112.55,265.69,,,,340.6,,30.17,27.55,,,1000.0,20.62,,,29.49,354.99,,53.02
2018-05-17,27.56,,110.63,297.79,,112.1,264.38,,,,340.81,,30.09,27.77,,,1000.0,20.65,,,29.65,356.9,,53.39
2018-05-18,27.7,,109.61,292.91,,112.22,262.35,,,,332.66,,29.62,27.29,,,1000.0,20.62,,,29.31,359.9,,54.5
2018-05-21,27.61,,109.05,288.57,,111.69,260.62,,,,331.01,,30.17,27.34,,,1000.0,20.35,,,29.3,360.0,,55.26
2018-05-22,27.77,,109.28,292.38,,110.43,261.09,,,,332.05,,31.33,27.35,,,999.99,20.34,,,29.25,354.7,,54.89
2018-05-23,27.88,,107.86,291.0,,,260.53,,,,332.04,,32.24,26.64,,,1000.0,20.24,,,29.0,354.0,,54.8
2018-05-24,27.91,,108.54,291.41,,110.69,263.35,,,,334.0,,32.64,26.33,,,1000.0,20.44,,,28.87,357.5,,55.31
2018-05-25,27.81,,109.81,294.89,,111.87,266.34,,,,336.05,,32.64,26.93,,,1000.0,20.34,,,29.37,362.31,,55.12
2018-05-28,27.62,,111.05,301.42,,112.39,269.83,,,,341.9,,33.54,27.68,,,1000.0,20.45,,,29.35,365.48,,55.91
2018-05-29,27.91,,110.37,301.5,,112.5,266.84,,,,341.25,,32.66,27.78,,,1000.0,20.49,,,29.54,379.94,,55.83
2018-05-30,27.74,,110.3,300.53,,112.27,266.38,,,,339.98,,32.97,27.66,,,1000.0,20.28,,,29.5,380.0,,55.45
2018-05-31,27.78,,111.25,299.42,,112.12,272.93,,,,340.5,,32.99,28.08,,,1000.0,20.49,,,29.68,380.0,,55.16
2018-06-01,27.65,,110.99,295.57,,113.2,272.0,,,,337.89,,32.58,27.62,,,1000.0,19.74,,,29.49,375.41,,55.22
2018-06-04,27.53,,110.12,292.38,,112.47,267.4,,,,332.1,,32.08,27.42,,,1000.0,19.5,,,29.31,368.82,,55.3
2018-06-05,27.43,,110.19,290.67,,110.97,267.2,,,,328.78,,32.15,27.19,,,1000.0,19.63,,,28.9,378.7,,55.21
2018-06-06,27.44,,111.0,294.01,,111.82,268.03,,,,329.3,,32.69,27.4,,,999.99,19.52,,,29.05,385.22,,55.82
2018-06-07,27.54,,111.79,298.83,,114.11,270.36,,,,334.35,,33.0,27.69,,,1000.0,19.49,,,29.64,377.0,,56.35
2018-06-08,27.72,,111.85,299.23,,112.6,269.26,,,,331.92,,33.41,27.76,,,1000.0,19.5,,,29.56,387.1,,56.56
2018-06-11,27.57,,112.25,300.56,,114.59,269.42,,,,333.78,,33.8,27.61,,,1000.0,19.35,,,29.58,392.26,,56.7
2018-06-12,27.54,,112.63,301.96,,114.67,270.74,,,,308.4,,34.24,27.62,,,1000.0,19.38,,,29.8,387.74,,56.41
2018-06-13,27.58,,112.57,302.15,,113.93,270.8,,,,332.52,,34.83,27.56,,,1000.0,19.51,,,29.66,387.74,,56.78
2018-06-14,27.73,,112.2,301.33,,114.46,270.19,,,,330.36,,34.31,27.22,,,999.99,19.48,,,29.64,389.1,,56.79
2018-06-15,27.75,,112.49,297.73,,114.23,269.17,,,,327.0,,33.71,26.79,,,1000.0,19.29,,,29.68,354.25,,57.15
2018-06-18,27.45,,112.4,297.73,,113.38,269.26,,,,326.45,,33.67,26.75,,,1000.0,19.4,,,29.59,346.29,,57.25
2018-06-19,27.55,,111.48,295.18,,113.48,267.9,,,,321.5,,32.92,26.62,,,1000.0,19.34,,,29.1,329.02,,57.86
2018-06-20,27.4,,111.97,294.48,,113.76,270.8,,,,323.67,,32.82,26.43,,,1000.0,19.33,,,29.27,324.43,,57.97
2018-06-21,27.23,,111.53,293.84,,112.86,269.56,,,,320.52,,32.44,26.29,,,999.99,19.47,,,29.0,321.04,,57.93
2018-06-22,27.23,,112.48,294.81,,113.06,271.83,,,,320.75,,32.83,26.23,,,999.99,19.39,,,29.22,323.55,,58.03
2018-06-25,27.34,,111.84,291.51,,113.07,271.13,,,,316.1,,32.16,25.95,,,1000.0,19.38,,,29.16,319.43,,58.21
2018-06-26,27.16,,112.13,291.65,,113.55,270.45,,,,319.15,,32.13,26.02,,,1000.0,19.15,,,29.2,323.54,,57.64
2018-06-27,27.31,,110.78,287.0,,112.58,269.32,,,,309.88,,31.21,25.33,,,1000.0,18.69,,,29.15,324.9,,57.33
2018-06-28,27.26,,110.05,285.3,,111.3,267.0,,,,310.27,,30.94,24.97,,,1000.0,18.62,,,28.75,320.0,,56.31
2018-06-29,27.13,,111.19,289.18,,113.22,268.6,,,,317.3,,31.01,25.69,,,1000.0,18.77,,,28.7,329.51,,56.63
2018-07-02,27.14,,111.0,286.95,,112.28,266.26,,,,317.3,,31.05,25.32,,,1000.0,18.72,,,28.9,340.86,,56.14
2018-07-03,27.2,,111.4,287.99,,110.76,266.28,,,,312.0,,30.87,25.56,,,999.99,18.88,,,32.71,335.0,,56.78
2018-07-04,27.25,,111.88,287.55,,113.43,269.12,,,,309.8,,30.79,25.52,,,999.99,18.91,,,29.09,337.5,,56.61
2018-07-05,27.26,,111.91,287.08,,113.21,269.05,,,,310.25,,30.71,25.55,,,1000.0,19.05,,,28.81,336.88,,57.31
2018-07-06,27.33,,112.3,288.85,,112.98,269.76,,,,311.05,,31.42,25.78,,,999.99,19.03,,,29.0,323.06,,56.49
2018-07-09,27.36,,112.85,290.73,,112.38,271.83,,,,314.0,,31.45,25.91,,,999.99,19.24,,,28.6,329.1,,56.61
2018-07-10,27.24,,113.73,292.35,,115.36,274.21,,,,315.0,,31.7,26.31,,,1000.0,19.29,,,29.35,334.18,,57.46
2018-07-11,27.21,,113.73,290.91,,115.28,273.19,,,,317.0,,31.0,25.82,,,1000.0,19.35,,,29.52,334.05,,58.27
2018-07-12,26.96,,114.5,290.95,,116.19,275.31,,,,314.15,,31.42,25.83,,,1000.0,19.27,,,29.25,338.5,,58.68
2018-07-13,26.86,,114.63,288.68,,115.91,274.5,,,,312.78,,30.53,25.63,,,1000.0,19.21,,,29.4,338.15,,58.84
2018-07-16,27.0,,113.98,283.19,,114.87,272.02,,,,310.0,,30.02,25.29,,,1000.0,19.24,,,29.4,333.16,,58.48
2018-07-17,26.87,,114.49,286.28,,115.43,274.6,,,,311.45,,30.93,25.85,,,1000.0,19.66,,,,337.3,,59.27
2018-07-18,26.57,,114.12,283.2,,115.15,273.99,,,,308.37,,31.05,25.97,,,1000.0,19.51,,,29.38,342.5,,59.3
2018-07-19,26.6,,114.12,281.45,,114.0,272.96,,,,306.5,,30.88,25.94,,,999.99,19.45,,,29.41,333.05,,59.22
2018-07-20,26.64,,114.93,281.44,,115.33,273.99,,,,309.7,,31.1,25.78,,,999.99,19.27,,,29.41,334.0,,59.47
2018-07-23,26.83,,115.34,288.06,,115.3,274.01,,,,313.2,,31.88,25.72,,,999.99,19.29,,,,338.44,,59.49
2018-07-24,26.73,,115.71,295.26,,116.9,274.18,,,,318.06,,32.11,26.2,,,999.99,19.25,,,29.74,344.5,,59.56
2018-07-25,26.75,,115.92,294.85,,117.1,274.23,,,,317.9,,32.42,26.11,,,1000.0,19.21,,,29.74,344.5,,59.38
2018-07-26,26.67,,116.16,297.89,,116.71,279.42,,,,316.5,,34.25,26.32,,,1000.0,19.43,,,29.71,340.01,,59.53
2018-07-27,26.54,,117.32,299.68,,118.55,280.8,,,,318.5,,34.43,26.61,,,1000.0,19.84,,,29.78,348.0,,59.88
2018-07-30,26.6,,117.74,302.7,,118.39,284.0,,,,321.0,,35.92,26.92,,,1000.0,20.13,,,29.89,345.01,,60.58
2018-07-31,26.5,,118.25,303.29,,118.98,282.45,,,,321.62,,35.46,27.03,,,1000.0,20.36,,,30.23,340.04,,59.61
2018-08-01,26.52,,118.12,305.65,,119.55,279.99,,,,319.5,,35.48,27.37,,,1000.0,20.59,,,30.22,349.4,,58.76
2018-08-02,26.45,,117.43,305.09,,118.78,279.21,,,,318.3,,35.22,27.35,,,999.99,20.7,,,30.37,349.1,,
2018-08-03,26.34,,118.62,306.93,,119.6,281.55,,,,322.4,,35.95,27.58,,,1000.0,20.56,,,30.51,348.0,,58.14
2018-08-06,26.36,,118.74,307.43,,120.05,284.67,,,,321.62,,36.99,27.61,,,1000.0,20.95,,,30.55,349.0,,58.37
2018-08-07,26.38,,118.74,306.18,,120.15,284.1,,,,319.45,,36.3,27.31,,,1000.0,20.79,,,30.25,343.5,,59.39
2018-08-08,26.34,,119.17,308.06,,120.56,285.61,,,,321.65,,36.28,27.46,,,1000.0,20.49,,,30.5,335.5,,59.5
2018-08-09,26.33,,119.31,308.09,,121.02,288.59,,,,321.01,,37.57,27.48,,,1000.0,20.75,,,30.5,344.3,,60.08
2018-08-10,26.37,,118.98,307.04,,119.5,286.81,,,,317.61,,36.2,27.24,,,1000.0,20.96,,,30.5,344.65,,60.09
2018-08-13,26.56,,118.23,303.18,,119.18,283.13,,,,315.85,,35.0,27.06,,,1000.0,21.07,,,30.45,341.1,,60.1
2018-08-14,26.44,,119.13,305.29,,120.44,285.01,,,,314.88,,34.86,27.12,,,1000.0,20.8,,,30.5,349.87,,60.13
2018-08-16,26.29,,118.75,303.0,,120.0,283.89,,,,313.1,,34.88,27.1,,,1000.0,21.09,,,30.5,350.0,,59.81
2018-08-17,26.21,,119.78,307.29,,120.5,285.8,,,,315.9,,35.88,27.0,,,999.99,20.88,,,30.76,356.0,,60.64
2018-08-20,26.22,,120.27,311.28,,121.3,288.34,,,,325.0,,36.44,27.21,,,1000.0,21.15,,,30.23,355.0,,60.28
2018-08-21,26.38,,120.69,312.6,,121.21,288.26,,,,324.1,,36.3,27.4,,,1000.0,20.99,,,30.65,,,60.71
2018-08-23,26.35,,120.84,314.43,,121.35,285.12,,,,327.65,,35.85,27.32,,,1000.0,21.0,,,30.67,357.4,,60.73
2018-08-24,26.42,,120.61,314.07,,121.16,283.16,,,,326.92,,35.8,27.45,,,1000.0,20.91,,,30.88,357.5,,60.33
2018-08-27,26.69,,121.79,316.69,,122.65,288.35,,,,331.8,,36.42,27.8,,,1000.0,20.99,,,31.26,329.32,,60.83
2018-08-28,26.94,,122.19,315.56,,123.79,288.71,,,,327.0,,35.78,27.48,,,1000.0,20.8,,,31.2,336.88,,60.95
2018-08-29,26.9,,122.0,318.58,,122.82,288.23,,,,330.3,,36.45,27.56,,,1000.0,20.79,,,31.2,340.0,,61.35
2018-08-30,26.98,,121.71,318.4,,122.35,286.46,,,,334.28,,36.49,27.64,,,1000.0,20.92,,,31.27,337.5,,62.15
2018-08-31,27.05,,121.9,321.09,,123.41,286.29,,,,334.98,,36.69,27.68,,,999.99,21.01,,,31.47,338.13,,62.21
2018-09-03,26.88,,120.77,319.1,,121.5,283.67,,,,334.33,,36.41,27.64,,,1000.0,20.83,,,32.68,342.5,,63.4
2018-09-04,26.93,,120.42,308.85,,120.48,279.94,,,,330.5,,35.02,27.0,,,1000.0,20.55,,,30.97,341.9,,63.38
2018-09-05,26.99,,119.9,306.88,,120.87,278.77,,,,326.7,,35.07,26.79,,,1000.0,20.36,,,30.83,344.97,,63.47
2018-09-06,27.24,,120.28,309.6,,121.46,278.84,,,,328.17,,35.18,26.95,,,1000.0,20.08,,,30.81,350.0,,63.8
2018-09-07,27.09,,121.06,312.19,,122.54,279.34,,,,331.0,,34.87,27.14,,,1000.0,20.35,,,31.1,352.6,,63.91
2018-09-10,27.18,,119.65,308.19,,120.81,277.02,,,,330.0,,34.13,26.91,,,1000.0,20.34,,,30.97,350.0,,63.25
2018-09-11,27.3,,117.95,302.24,,118.83,272.27,,,,325.0,,33.81,26.57,,,1000.0,20.19,,,30.5,350.0,,62.86
2018-09-12,27.28,,118.75,303.09,,119.5,273.46,,,,324.35,,33.68,26.44,,,1000.0,20.22,,,30.74,348.84,,62.44
2018-09-14,27.19,,120.02,307.57,,120.45,276.9,,,,332.0,,34.3,26.86,,,1000.0,20.29,,,30.95,342.89,,63.18
2018-09-17,27.32,,118.96,306.47,,121.68,273.45,,,,331.95,,34.0,26.83,,,1000.0,20.11,,,30.93,346.47,,63.94
2018-09-18,27.46,,117.97,301.98,,119.82,268.58,,,,324.64,,32.12,26.65,,,999.99,19.97,,,30.51,346.0,,63.76
2018-09-19,27.5,,117.61,300.53,,119.2,267.23,,,,322.3,,32.0,27.19,,,1000.0,19.99,,,30.71,343.0,,63.55
2018-09-21,27.4,,116.5,294.95,,124.45,262.01,,,,322.77,,31.55,27.26,,,1000.0,19.81,,,30.59,343.0,,63.13
2018-09-24,27.34,,114.8,285.93,,116.44,254.18,,,,315.0,,30.46,26.98,,,1000.0,19.59,,,30.46,338.0,,63.8
2018-09-25,27.35,,115.76,288.0,,114.51,258.98,,,,314.96,,31.15,26.92,,,1000.0,19.78,,,30.17,343.0,,63.9
2018-09-26,27.3,,115.6,289.1,,115.96,258.02,,,,314.0,,30.9,26.95,,,1000.0,19.16,,,30.3,340.0,,63.68
2018-09-27,27.25,,114.65,285.53,,115.04,255.42,,,,311.42,,30.5,26.67,,,1000.0,18.9,,,30.3,340.0,,64.07
2018-09-28,27.03,,114.14,280.9,,114.0,255.72,,,,302.66,,29.98,26.57,,,1000.0,18.62,,,29.88,338.0,,64.05
2018-10-01,27.17,,114.96,280.81,,115.39,258.31,,,,301.45,,30.98,26.96,,,999.99,18.76,,,30.44,345.5,,64.09
2018-10-03,27.99,,113.62,277.74,,113.49,255.42,,,,300.01,,30.96,27.2,,,999.99,18.6,,,30.27,346.5,,64.35
2018-10-04,27.79,,110.8,273.31,,112.67,253.12,,,,298.45,,30.99,26.45,,,1000.0,18.64,,,29.56,339.0,,64.6
2018-10-05,27.88,,107.98,266.52,,109.15,250.56,,,,291.64,,29.6,23.69,,,1000.0,18.64,,,28.38,346.5,,65.08
2018-10-08,27.74,,108.05,263.92,,107.0,251.72,,,,289.83,,30.13,24.04,,,1000.0,18.49,,,28.2,302.93,,65.58
2018-10-09,27.66,,107.78,262.93,,109.12,249.27,,,,288.8,,29.7,23.79,,,1000.0,18.75,,,28.02,297.0,,64.61
2018-10-10,27.72,,109.47,270.54,,110.85,258.57,,,,295.95,,31.11,24.13,,,1000.0,19.33,,,28.25,307.0,,63.55
2018-10-11,27.97,,107.01,266.09,,107.2,252.88,,,,292.1,,29.63,24.55,,,1000.0,17.9,,,27.77,303.35,,60.41
2018-10-12,28.14,,109.58,271.53,,110.78,259.03,,,,295.95,,29.99,25.24,,,1000.0,18.63,,,28.07,310.38,,63.83
2018-10-15,28.5,,109.99,272.97,,110.09,258.71,,,,296.2,,29.93,25.31,,,1000.0,18.8,,,28.03,315.5,,61.21
2018-10-16,28.29,,110.62,276.07,,110.6,261.28,,,,299.85,,30.9,25.57,,,1000.0,19.05,,,28.65,314.78,,60.4
2018-10-17,28.35,,109.32,270.52,,110.15,256.48,,,,296.25,,29.83,25.24,,,1000.0,18.78,,,28.41,308.0,,61.62
2018-10-19,28.57,,107.44,268.46,,108.84,255.74,,,,294.0,,29.85,25.1,,,999.99,18.88,,,27.99,306.0,,61.04
2018-10-22,28.36,,107.15,267.23,,108.47,255.15,,,,294.0,,29.76,24.73,,,1000.0,19.1,,,27.96,310.0,,62.2
2018-10-23,28.49,,106.21,264.01,,106.21,253.87,,,,292.24,,29.23,24.72,,,999.99,19.0,,,27.68,305.0,,61.25
2018-10-24,28.35,,107.04,265.01,,106.24,255.03,,,,296.37,,29.17,25.06,,,999.99,19.05,,,27.81,305.17,,60.98
2018-10-25,28.37,,106.13,261.03,,106.18,252.97,,,,291.95,,28.7,25.03,,,1000.0,18.93,,,27.67,304.0,,60.64
2018-10-26,28.5,,105.02,261.06,,105.42,249.14,,,,292.1,,28.62,24.9,,,1000.0,18.85,,,27.45,304.0,,60.69
2018-10-29,28.35,,107.17,267.1,,106.82,254.27,,,,298.1,,30.87,25.27,,,999.99,18.95,,,27.7,304.0,,58.09
2018-10-30,28.24,,106.87,268.75,,107.05,252.53,,,,302.55,,31.48,24.88,,,1000.0,19.08,,,28.05,304.0,,59.44
2018-10-31,28.37,,108.48,273.05,,107.95,256.35,,,,306.04,,32.21,24.97,,,1000.0,19.04,,,28.56,300.01,,58.8
2018-11-01,28.43,,108.64,275.17,,108.8,258.79,,,,309.6,,32.72,25.03,,,999.99,18.99,,,28.52,300.01,,57.71
2018-11-02,28.21,,110.18,278.09,,111.0,262.18,,,,314.7,,32.32,25.37,,,1000.0,19.24,,,28.81,306.0,,58.62
2018-11-05,28.44,,110.15,280.33,,110.67,262.42,,,,311.7,,33.23,24.92,,,999.99,19.44,,,28.63,304.0,,59.99
2018-11-06,28.32,,110.22,279.11,,111.07,260.57,,,,310.22,,32.66,24.98,,,1000.0,19.18,,,28.46,304.0,,58.73
2018-11-07,28.3,,110.98,280.68,,,262.39,,,,314.57,,32.73,25.17,,,1000.02,19.3,,,,305.67,,59.04
2018-11-09,28.01,,110.82,281.89,,111.42,263.09,,,,314.1,,32.6,25.44,,,999.99,19.99,,,28.92,308.0,,58.96
2018-11-12,27.7,,109.76,278.6,,110.38,260.83,,,,311.0,,31.78,25.12,,,1000.0,19.7,,,28.61,304.0,,56.76
2018-11-13,27.69,,110.78,279.14,,110.35,262.73,,,,313.53,,31.74,25.34,,,999.99,19.47,,,28.47,308.0,,49.78
2018-11-14,27.7,,110.4,279.55,,110.96,264.5,,,,315.93,,32.49,25.8,,,1000.0,19.3,,,28.74,,,49.49
2018-11-15,27.62,,110.79,280.93,,110.83,266.9,,,,316.5,,32.69,25.6,,,1000.0,19.31,,,28.79,304.0,,49.34
2018-11-16,27.51,,111.5,282.26,,111.98,268.22,,,,319.03,,33.22,25.19,,,1000.0,19.17,,,28.69,304.0,,46.91
2018-11-19,27.53,,112.24,283.14,,112.45,268.78,,,,323.01,,33.26,25.18,,,1000.0,19.21,,,28.7,311.0,,48.8
2018-11-20,27.53,,111.53,280.3,,112.04,266.77,,,,319.14,,32.24,24.97,,,1000.0,19.24,,,28.6,311.9,,48.01
2018-11-21,27.51,,110.7,282.23,,111.65,267.77,,,,321.3,,32.97,24.95,,,999.99,18.97,,,28.18,312.0,,47.28
2018-11-22,27.5,,110.34,280.37,,110.85,264.36,,,,318.4,,32.39,24.59,,,1000.0,19.07,,,27.91,311.9,,46.99
2018-11-26,27.29,,111.32,281.61,,111.7,269.35,,,,319.03,,32.72,24.21,,,999.99,19.29,,,27.82,308.0,,46.53
2018-11-27,27.25,,111.6,280.76,,112.2,270.18,,,,320.73,,32.9,24.24,,,999.99,19.03,,,28.13,311.95,,46.62
2018-11-28,27.01,,111.96,280.4,,111.76,269.97,,,,316.4,,32.3,23.58,,,1000.0,18.83,,,28.55,312.0,,47.19
2018-11-29,27.11,,113.55,282.71,,113.0,275.08,,,,319.2,,32.43,23.3,,,1000.0,19.0,,,28.61,311.9,,47.67
2018-11-30,26.99,,113.51,284.09,,114.08,273.68,,,,317.06,,32.36,22.95,,,1000.0,18.82,,,28.51,315.48,,47.4
2018-12-03,27.26,,113.8,285.12,,114.23,273.97,,,,320.68,,32.6,23.48,,,999.99,18.9,,,28.77,316.0,,48.59
2018-12-04,27.55,,113.62,284.37,,113.9,271.75,,,,318.0,,32.29,23.61,,,999.99,18.84,,,28.89,315.99,,48.58
2018-12-05,27.39,,112.64,279.53,,112.93,268.94,,,,312.46,,31.71,23.18,,,999.99,18.18,,,28.81,313.99,,47.59
2018-12-06,27.63,,111.02,276.33,,111.2,266.08,,,,313.37,,31.41,22.74,,,1000.0,17.87,,,28.39,312.0,,46.63
2018-12-07,27.53,,111.92,277.41,,111.2,271.05,,,,313.18,,31.34,22.5,,,999.99,17.91,,,28.39,312.0,,47.4
2018-12-10,28.1,,109.88,272.71,,109.93,266.32,,,,306.22,,31.19,22.32,,,1000.0,17.53,,,28.03,312.0,,46.5
2018-12-11,28.18,,110.59,276.87,,110.67,267.01,,,,307.8,,31.52,22.49,,,999.99,17.72,,,28.05,312.5,,47.45
2018-12-12,28.05,,112.17,283.23,,111.8,271.18,,,,314.77,,32.59,22.92,,,999.99,18.09,,,28.57,315.5,,48.09
2018-12-13,27.93,,112.55,285.89,,112.65,273.33,,,,316.75,,32.85,23.05,,,1000.0,18.21,,,28.91,315.9,,47.61
2018-12-14,27.87,,112.65,286.4,,112.33,273.75,,,,317.28,,33.05,23.48,,,1000.0,18.37,,,29.18,315.18,,47.19
2018-12-17,27.82,,113.64,288.14,,114.16,274.48,,,,316.23,,32.85,23.79,,,1000.0,18.46,,,29.36,314.31,,46.8
2018-12-18,27.72,,113.91,290.59,,113.86,275.95,,,,319.0,,33.34,24.01,,,1000.0,18.54,,,29.19,314.9,,45.5
2018-12-19,27.57,,114.54,294.8,,114.5,277.39,,,,323.33,,34.31,24.19,,,1000.0,18.77,,,29.45,,,45.02
2018-12-20,27.58,,114.53,293.1,,114.91,276.69,,,,326.49,,33.7,24.35,,,1000.0,18.7,,,29.21,315.46,,44.44
2018-12-21,27.73,,112.6,288.47,,113.16,273.86,,,,321.82,,33.64,24.32,,,1000.0,18.56,,,29.02,315.46,,42.71
2018-12-24,27.88,,111.84,284.74,,111.47,272.74,,,,319.7,,33.62,24.02,,,1000.0,18.43,,,28.97,315.2,,42.42
2018-12-26,27.99,,112.38,286.11,,111.95,275.58,,,,317.7,,33.98,24.05,,,1000.0,18.37,,,28.83,314.9,,41.61
2018-12-27,28.05,,112.98,286.76,,113.39,274.2,,,,321.26,,33.81,24.09,,,1000.0,18.4,,,29.08,316.0,,43.21
2018-12-28,28.15,,113.57,289.35,,114.3,276.88,,,,329.21,,34.24,24.47,,,999.99,18.44,,,29.31,316.0,,43.79
2018-12-31,28.02,,113.68,290.77,,114.44,276.89,,,,327.36,,34.35,24.41,,,999.99,18.49,,,29.27,315.9,,43.82
2019-01-01,28.18,,113.98,289.71,,113.83,279.39,,,,329.0,,34.92,24.38,,,1000.0,18.38,,,28.97,316.0,,44.45
2019-01-02,28.29,,112.97,287.45,,112.48,277.2,,,,320.82,,34.29,24.1,,,1000.0,18.35,,,29.0,312.0,,43.14
2019-01-03,28.47,,111.84,285.18,,111.44,274.95,,,,319.09,,33.79,23.77,,,1000.0,18.25,,,28.76,315.4,,43.08
2019-01-04,28.3,,112.49,285.77,,112.76,277.48,,,,321.28,,34.66,24.01,,,1000.0,18.33,,,28.81,311.1,,43.37
2019-01-07,28.22,,112.56,285.5,,112.8,278.74,,,,318.28,,34.1,24.11,,,999.99,18.44,,,28.8,314.77,,44.22
2019-01-08,28.16,,112.86,285.51,,113.03,280.77,,,,322.0,,35.26,24.12,,,1000.0,18.47,,,28.98,314.77,,44.99
2019-01-09,28.34,,113.26,285.66,,113.19,282.8,,,,322.0,,35.15,23.93,,,1000.0,18.39,,,28.95,314.5,,45.8
2019-01-10,28.58,,113.25,286.64,,113.19,281.02,,,,323.0,,35.18,23.87,,,1000.0,18.36,,,28.98,312.64,,44.93
2019-01-11,28.53,,112.69,285.73,,113.19,279.88,,,,320.14,,34.94,23.97,,,1000.0,18.3,,,28.96,315.8,,45.43
2019-01-14,28.61,,112.17,283.94,,112.5,277.95,,,,316.25,,34.79,23.81,,,999.99,18.39,,,28.8,315.96,,45.52
2019-01-15,28.62,,113.6,285.53,,113.37,279.57,,,,316.59,,34.83,24.01,,,1000.0,18.44,,,29.11,312.0,,45.43
2019-01-16,28.71,,114.13,285.97,,114.47,280.47,,,,319.0,,35.2,24.05,,,1000.0,18.45,,,29.24,315.9,,46.41
2019-01-17,28.81,,114.15,286.01,,114.47,280.63,,,,316.74,,34.41,24.04,,,1000.0,18.4,,,29.3,315.0,,46.6
2019-01-18,28.65,,113.83,282.48,,114.2,279.84,,,,314.2,,34.72,24.0,,,1000.0,18.35,,,29.0,315.0,,47.21
2019-01-21,28.58,,114.48,282.05,,114.57,279.61,,,,312.97,,33.78,23.77,,,1000.0,18.12,,,29.17,315.8,,47.5
2019-01-22,28.73,,114.07,282.72,,114.09,279.35,,,,308.55,,33.47,23.61,,,999.99,18.06,,,29.05,316.0,,46.6
2019-01-23,28.73,,113.32,281.16,,114.09,277.89,,,,308.47,,33.05,23.5,,,999.99,18.07,,,28.84,311.5,,46.89
2019-01-24,28.59,,113.47,280.61,,113.0,277.49,,,,307.02,,33.05,23.39,,,1000.0,17.92,,,28.81,316.0,,46.72
2019-01-25,28.67,,112.92,277.3,,111.95,276.11,,,,305.88,,32.6,23.24,,,1000.0,17.98,,,28.81,315.5,,47.18
2019-01-28,28.98,,111.78,271.88,,110.95,271.08,,,,315.7,,32.05,23.26,,,999.99,17.38,,,28.59,311.5,,46.25
2019-01-29,29.17,,111.8,272.57,,111.0,271.58,,,,302.24,,32.52,23.23,,,999.99,17.18,,,28.53,,,46.75
2019-01-30,29.24,,111.6,271.41,,111.42,273.46,,,,302.82,,32.65,23.24,,,1000.0,17.38,,,28.5,316.0,,46.33
2019-01-31,29.35,,113.47,272.85,,112.24,277.92,,,,303.09,,33.39,23.39,,,1000.0,17.59,,,28.59,311.5,,47.9
2019-02-01,29.47,,113.86,276.88,,113.68,276.5,,,,306.32,,32.58,23.41,,,1000.0,17.55,,,29.0,315.9,,48.04
2019-02-04,29.47,,114.3,274.38,,113.85,276.12,,,,302.8,,32.33,23.3,,,999.99,17.4,,,28.92,316.0,,48.28
2019-02-05,29.51,,114.71,272.43,,113.04,277.3,,,,300.76,,32.24,22.94,,,1000.0,17.54,,,28.88,316.0,,49.05
2019-02-06,29.64,,115.45,274.89,,113.92,278.03,,,,301.62,,32.51,23.38,,,1000.0,17.38,,,29.16,315.9,,49.5
2019-02-07,29.29,,115.7,278.41,,115.69,278.51,,,,300.07,,32.6,23.62,,,1000.0,17.49,,,29.39,314.8,,49.2
2019-02-08,29.21,,114.64,273.98,,114.13,276.84,,,,296.2,,32.0,23.17,,,1000.0,17.44,,,29.04,315.95,,48.58
2019-02-11,29.3,,114.22,270.87,,113.55,276.94,,,,293.83,,31.59,22.71,,,999.99,17.15,,,28.9,316.0,,48.8
2019-02-12,29.21,,113.58,268.87,,113.54,274.98,,,,293.82,,31.07,22.9,,,1000.0,17.07,,,28.9,316.0,,48.32
2019-02-13,29.15,,113.32,266.43,,112.78,273.75,,,,287.64,,30.42,22.54,,,999.99,17.4,,,28.66,315.39,,49.01
2019-02-14,29.21,,112.86,267.55,,112.08,274.0,,,,290.82,,30.38,22.24,,,999.99,17.05,,,28.52,311.5,,49.48
2019-02-15,29.47,,112.25,262.98,,110.73,272.49,,,,291.62,,29.83,22.63,,,1000.0,16.99,,,28.26,315.97,,49.35
2019-02-18,29.7,,111.67,260.27,,111.13,271.81,,,,293.16,,29.51,22.55,,,999.99,16.94,,,28.22,314.19,,49.98
2019-02-19,29.77,,111.38,261.46,,109.89,271.4,,,,292.04,,29.8,22.68,,,1000.0,16.94,,,28.16,313.41,,49.7
2019-02-20,29.92,,112.32,265.45,,111.17,273.86,,,,296.6,,30.45,23.12,,,1000.0,17.04,,,28.24,314.87,,49.7
2019-02-21,29.69,,112.77,267.06,,112.01,274.77,,,,299.8,,30.56,23.22,,,1000.0,17.23,,,28.63,313.29,,49.63
2019-02-22,29.51,,112.9,268.79,,112.25,273.29,,,,299.3,,30.71,23.67,,,1000.0,17.4,,,28.82,317.0,,49.59
2019-02-25,29.57,,113.65,270.38,,112.49,275.94,,,,296.58,,30.75,23.75,,,999.99,17.37,,,28.87,320.0,,49.97
2019-02-26,29.54,,113.63,270.24,,113.05,274.82,,,,298.05,,30.23,24.0,,,1000.0,17.1,,,29.1,321.6,,49.67
2019-02-27,29.6,,112.91,271.55,,112.68,272.83,,,,298.88,,30.23,23.95,,,1000.0,17.38,,,28.97,323.0,,50.02
2019-02-28,29.5,,113.36,273.4,,112.98,273.57,,,,299.93,,30.45,24.56,,,1000.0,17.49,,,29.05,321.0,,50.02
2019-03-01,29.07,,113.71,276.86,,112.68,275.07,,,,303.45,,31.28,24.86,,,1000.0,17.42,,,29.2,327.0,,49.97
2019-03-05,28.48,,114.89,282.6,,113.95,279.84,,,,304.43,,32.1,25.76,,,999.99,18.2,,,29.48,327.7,,50.08
2019-03-06,28.52,,115.59,284.27,,115.43,280.58,,,,309.67,,32.12,25.96,,,1000.0,18.33,,,29.83,327.7,,50.16
2019-03-07,28.32,,115.75,283.66,,115.7,282.05,,,,311.0,,32.59,25.35,,,1000.0,18.29,,,29.74,327.7,,49.39
2019-03-08,28.47,,115.82,282.69,,115.44,282.1,,,,311.52,,32.54,25.39,,,999.99,18.07,,,29.6,327.7,,48.62
2019-03-11,28.5,,117.23,289.72,,116.74,284.78,,,,320.74,,33.2,25.91,,,999.99,18.35,,,30.0,339.0,,48.74
2019-03-12,28.36,,118.47,290.99,,118.24,290.01,,,,324.31,,33.14,25.87,,,999.99,18.63,,,30.0,334.5,,48.72
2019-03-13,28.6,,118.82,288.45,,117.75,293.43,,,,323.67,,33.6,25.45,,,1000.0,19.48,,,29.98,330.0,,49.24
2019-03-14,28.36,,118.73,288.48,,117.67,293.88,,,,324.0,,33.53,25.93,,,1000.0,18.55,,,29.99,333.0,,49.54
2019-03-15,28.35,,119.89,288.26,,118.43,299.15,,,,326.82,,34.51,26.54,,,1000.0,18.63,,,29.99,325.98,,49.21
2019-03-18,28.11,,119.99,288.6,,118.5,299.88,,,,325.88,,34.34,26.79,,,999.99,18.51,,,30.05,321.1,,49.32
2019-03-19,28.35,,120.74,289.21,,119.21,302.7,,,,327.21,,35.11,27.08,,,999.99,18.73,,,30.22,321.0,,49.08
2019-03-20,28.13,,120.67,288.65,,119.61,302.95,,,,331.28,,35.36,26.29,,,1000.0,18.36,,,30.32,325.0,,49.86
2019-03-22,28.39,,119.98,287.0,,118.65,301.8,,,,328.07,,34.57,26.34,,,1000.0,18.41,,,30.23,329.87,,50.13
2019-03-25,28.39,,118.81,283.34,,117.58,298.53,,,,326.42,,34.11,27.18,,,1000.0,18.21,,,29.88,322.45,,49.5
2019-03-26,28.35,,120.39,286.13,,118.81,305.0,,,,327.01,,35.11,27.38,,,999.99,18.28,,,30.2,322.0,,49.16
2019-03-27,28.38,,120.1,285.48,,118.81,307.06,,,,324.14,,35.82,27.15,,,999.99,18.91,,,30.15,314.0,,50.1
2019-03-28,28.25,,120.98,289.16,,120.08,311.36,,,,327.19,,36.69,26.87,,,1000.0,18.77,,,30.45,314.15,,49.49
2019-03-29,28.08,,122.06,291.26,,120.25,311.82,,,,339.05,,36.88,27.24,,,1000.0,18.8,,,30.5,315.5,,49.85
2019-04-01,28.09,,122.08,291.48,,124.6,309.63,,,,330.25,,37.14,26.98,,,1000.0,19.14,,,30.6,320.2,,50.51
2019-04-02,28.0,,122.53,289.57,,121.51,307.12,,,,335.01,,37.75,27.08,,,999.99,19.36,,,30.59,320.2,,50.81
2019-04-03,27.88,,122.15,289.75,,121.52,306.89,,,,330.49,,36.67,26.78,,,999.99,19.0,,,30.63,324.5,,50.82
2019-04-04,28.04,,121.81,288.67,,120.2,304.5,,,,327.87,,36.68,26.82,,,999.99,18.63,,,30.6,323.2,,50.9
2019-04-05,28.04,,122.5,289.29,,121.44,306.01,,,,331.16,,36.35,26.98,,,999.99,18.97,,,30.43,323.19,,51.58
2019-04-08,28.3,,121.95,289.32,,120.66,303.96,,,,330.86,,36.0,26.74,,,999.99,18.5,,,30.61,320.0,,51.95
2019-04-09,28.26,,122.45,289.07,,120.66,307.53,,,,330.0,,36.4,27.01,,,1000.0,18.91,,,30.61,320.64,,52.13
2019-04-10,28.28,,121.66,289.53,,121.14,304.06,,,,328.68,,36.2,27.0,,,1000.0,18.93,,,30.61,325.0,,51.94
2019-04-11,28.22,,121.69,290.07,,120.92,303.63,,,,327.08,,36.09,27.12,,,1000.0,19.04,,,30.64,321.0,,51.9
2019-04-12,28.17,,122.41,290.78,,121.25,304.58,,,,326.28,,36.3,27.07,,,1000.0,18.8,,,30.7,317.5,,51.64
2019-04-15,28.02,,122.88,292.32,,121.68,306.35,,,,328.43,,36.46,27.22,,,999.99,19.24,,,30.95,316.0,,52.22
2019-04-16,28.04,,123.75,294.04,,121.92,310.21,,,,331.32,,36.3,27.43,,,1000.0,19.34,,,30.9,320.43,,52.61
2019-04-18,27.93,,123.47,292.32,,122.65,308.24,,,,326.88,,35.46,27.34,,,1000.0,18.6,,,30.98,320.0,,52.29
2019-04-22,28.0,,121.87,287.72,,121.2,302.02,,,,325.0,,34.64,26.91,,,1000.0,18.6,,,30.36,320.0,,53.06
2019-04-23,27.97,,121.7,286.96,,120.08,300.27,,,,323.0,,34.43,27.1,,,1000.0,18.7,,,30.67,316.01,,53.19
2019-04-24,27.96,,122.94,288.34,,120.74,303.92,,,,323.79,,34.92,27.47,,,1000.0,18.63,,,30.85,323.4,,53.99
2019-04-25,28.19,,122.43,287.95,,121.41,302.25,,,,323.21,,34.46,27.3,,,999.99,18.57,,,31.0,323.2,,54.4
2019-04-26,28.16,,123.39,288.23,,122.58,304.88,,,,321.28,,34.8,27.23,,,1000.0,18.49,,,31.0,323.0,,54.39
2019-04-30,28.15,,123.41,285.78,,122.44,302.63,,,,323.18,,33.62,27.5,,,1000.0,18.25,,,29.94,323.69,,54.29
2019-05-02,27.81,,123.18,285.56,,122.43,301.79,,,,324.02,,33.83,27.41,,,1000.0,18.29,,,30.5,318.0,,53.62
2019-05-03,27.78,,122.99,284.09,,121.03,305.14,,,,325.37,,34.13,27.48,,,1000.0,18.21,,,30.99,320.01,,53.32
2019-05-06,28.01,,121.83,279.32,,120.4,301.84,,,,320.36,,33.7,27.41,,,999.99,17.96,,,30.43,321.0,,52.47
2019-05-07,28.02,,120.9,278.3,,119.34,298.44,,,,319.56,,33.01,27.19,,,1000.0,18.03,,,30.58,325.3,,53.11
2019-05-08,28.06,,119.53,275.62,,118.03,294.2,,,,316.86,,32.53,26.92,,,1000.0,17.79,,,30.23,320.5,,52.75
2019-05-09,28.12,,118.46,274.81,,117.54,293.69,,,,311.72,,32.63,26.55,,,1000.0,17.54,,,30.0,309.5,,52.59
2019-05-10,28.11,,118.5,272.94,,117.15,295.97,,,,313.53,,33.52,26.3,,,1000.0,17.63,,,29.92,313.3,,52.65
2019-05-13,28.26,,117.22,269.0,,115.75,292.08,,,,304.64,,31.79,25.91,,,1000.0,17.5,,,29.39,276.96,,52.42
2019-05-14,28.55,,117.86,269.21,,116.93,293.04,,,,310.6,,32.56,26.0,,,1000.0,17.43,,,29.33,295.0,,51.48
2019-05-15,28.57,,117.5,268.18,,115.8,291.6,,,,309.97,,32.15,25.81,,,1000.0,17.38,,,29.37,294.84,,51.37
2019-05-16,28.37,,118.06,267.77,,116.0,294.72,,,,307.01,,32.05,26.1,,,1000.0,17.47,,,29.68,297.0,,52.08
2019-05-17,28.26,,119.63,270.55,,117.16,300.52,,,,312.47,,32.5,26.25,,,1000.0,17.47,,,29.91,297.0,,52.62
2019-05-20,27.9,,123.93,279.43,,122.51,313.81,,,,328.32,,35.13,27.34,,,999.99,18.38,,,30.51,299.9,,52.05
2019-05-21,27.92,,123.07,277.47,,121.25,309.0,,,,324.81,,34.62,26.96,,,1000.0,18.12,,,30.33,290.0,,51.29
2019-05-22,27.9,,123.31,276.75,,120.66,311.72,,,,325.84,,34.87,27.31,,,1000.0,18.52,,,30.35,291.6,,51.1
2019-05-23,28.02,,122.6,277.34,,120.65,310.55,,,,327.76,,34.66,27.29,,,1000.0,18.54,,,29.88,300.5,,50.99
2019-05-24,27.99,,124.55,284.32,,121.66,317.31,,,,339.41,,36.76,27.56,,,1000.0,18.48,,,30.18,302.0,,50.68
2019-05-27,28.1,,125.03,285.3,,123.62,321.61,,,,346.48,,37.42,27.99,,,1000.0,18.7,,,30.45,299.7,,50.47
2019-05-28,28.1,,125.18,287.06,,123.04,321.91,,,,345.83,,37.24,28.16,,,999.99,18.83,,,30.8,295.6,,50.4
2019-05-29,28.2,,124.75,284.73,,123.18,318.38,,,,342.06,,36.19,27.85,,,1000.0,18.67,,,30.69,299.3,,50.15
2019-05-30,28.04,,125.48,285.24,,123.66,321.21,,,,345.71,,36.23,28.1,,,1000.0,18.67,,,30.82,298.8,,50.2
2019-05-31,28.38,,125.25,286.0,,123.23,319.77,,,,342.0,,35.76,28.2,,,1000.0,18.75,,,30.89,292.4,,49.65
2019-06-03,28.53,,126.8,288.94,,125.0,322.54,,,,335.45,,35.92,28.59,,,999.99,18.78,,,30.96,295.1,,48.94
2019-06-04,28.64,,126.59,287.66,,124.46,322.21,,,,345.81,,36.19,28.6,,,1000.0,18.68,,,31.13,297.3,,48.03
2019-06-06,28.95,,124.68,282.87,,122.73,314.61,,,,341.35,,34.45,28.62,,,999.99,18.55,,,30.92,298.55,,49.93
2019-06-07,28.91,,124.89,282.93,,122.65,316.47,,,,340.37,,34.45,28.51,,,1000.0,18.51,,,30.93,287.68,,50.44
2019-06-10,28.8,,125.67,283.68,,123.39,315.5,,,,344.07,,33.83,28.27,,,1000.0,18.55,,,31.05,288.79,,50.72
2019-06-11,28.6,,125.62,284.45,,124.15,318.28,,,,342.67,,34.3,28.47,,,1000.0,18.59,,,31.0,292.5,,51.5
2019-06-12,28.78,,125.07,281.58,,123.33,315.48,,,,341.48,,34.27,28.33,,,1000.0,18.57,,,30.95,291.93,,51.66
2019-06-13,28.83,,125.42,281.29,,123.49,315.27,,,,343.07,,33.89,28.26,,,1000.0,18.34,,,30.98,291.33,,51.46
2019-06-14,29.24,,124.52,280.06,,123.01,311.8,,,,342.32,,33.9,28.14,,,1000.0,18.15,,,30.78,292.0,,51.57
2019-06-17,28.94,,123.08,275.7,,120.89,307.71,,,,336.5,,33.23,27.74,,,999.99,18.15,,,30.49,290.5,,51.87
2019-06-18,29.05,,123.14,276.0,,121.16,308.28,,,,337.0,,33.1,27.97,,,1000.0,18.16,,,30.5,291.5,,51.56
2019-06-19,29.02,,123.03,274.4,,120.26,309.37,,,,333.2,,32.86,27.92,,,999.99,17.96,,,30.4,291.5,,52.32
2019-06-20,29.76,,124.49,277.93,,121.56,313.24,,,,341.83,,33.79,28.32,,,999.99,18.02,,,30.64,298.4,,53.02
2019-06-21,29.77,,123.68,278.05,,121.09,312.65,,,,339.22,,34.04,28.16,,,1000.0,18.15,,,30.77,297.0,,53.1
2019-06-24,30.01,,123.41,278.33,,121.03,312.81,,,,342.2,,34.05,27.96,,,999.99,18.21,,,30.65,296.0,,53.4
2019-06-25,30.42,,124.07,279.34,,121.09,314.66,,,,342.34,,34.12,28.34,,,1000.0,18.25,,,30.57,297.33,,52.91
2019-06-26,29.85,,124.65,281.5,,122.72,317.28,,,,346.76,,34.97,28.56,,,1000.0,18.27,,,30.95,295.0,,52.48
2019-06-27,29.78,,124.82,282.8,,122.49,319.62,,,,349.0,,34.94,28.69,,,999.99,18.4,,,30.57,301.5,,52.6
2019-06-28,29.98,,124.29,282.46,,122.36,318.71,,,,343.69,,35.55,28.51,,,999.99,18.34,,,30.65,303.99,,52.63
2019-07-01,29.59,,124.93,283.17,,122.32,320.17,,,,346.99,,35.35,27.93,,,1000.0,18.53,,,30.56,303.0,,53.29
2019-07-02,29.63,,125.3,284.98,,122.87,319.55,,,,349.27,,35.19,28.34,,,1000.0,18.5,,,30.63,300.8,,53.23
2019-07-03,30.15,,125.48,284.64,,122.85,320.07,,,,353.0,,35.67,28.45,,,1000.0,18.57,,,30.5,308.0,,53.49
2019-07-04,29.95,,126.04,285.08,,124.05,321.52,,,,354.25,,36.45,28.52,,,1000.0,18.59,,,30.78,300.95,,53.67
2019-07-05,30.25,,124.61,282.75,,122.33,321.58,,,,347.82,,36.35,27.7,,,1000.0,18.53,,,30.12,308.07,,53.27
2019-07-08,30.29,,121.94,276.58,,120.4,312.69,,,,337.51,,34.27,26.35,,,1000.0,17.75,,,29.73,299.8,,53.22
2019-07-09,30.02,,121.8,277.73,,119.5,312.33,,,,336.73,,34.66,26.33,,,1000.0,17.9,,,29.38,300.0,,53.04
2019-07-10,30.16,,121.35,275.53,,118.9,311.24,,,,336.12,,34.29,26.17,,,1000.0,17.76,,,29.39,295.02,,53.19
2019-07-11,30.59,,122.2,278.5,,120.38,313.64,,,,337.21,,34.91,26.35,,,999.99,17.66,,,29.42,,,53.3
2019-07-12,30.33,,121.97,279.04,,120.79,312.67,,,,335.26,,34.99,26.09,,,999.99,17.97,,,29.25,301.62,,53.56
2019-07-15,30.52,,122.22,278.9,,119.55,311.03,,,,331.03,,34.14,25.97,,,1000.0,17.74,,,29.54,301.53,,54.16
2019-07-16,30.55,,122.95,282.57,,120.98,312.4,,,,336.0,,34.51,26.19,,,999.99,17.85,,,29.59,304.5,,54.24
2019-07-17,30.49,,123.27,282.45,,120.85,313.08,,,,333.14,,34.92,25.97,,,1000.0,17.87,,,29.65,302.5,,54.15
2019-07-18,30.96,,122.56,280.51,,120.6,310.01,,,,329.2,,33.99,25.3,,,1000.0,17.61,,,29.5,297.51,,53.75
2019-07-19,31.18,,120.72,275.38,,118.9,303.16,,,,326.93,,33.24,25.34,,,1000.0,17.31,,,29.25,300.6,,53.67
2019-07-22,30.86,,119.9,275.23,,118.04,298.25,,,,327.57,,33.08,25.61,,,999.99,17.11,,,29.25,303.0,,53.61
2019-07-23,30.78,,119.69,274.84,,117.97,296.89,,,,326.99,,32.15,25.48,,,1000.0,16.95,,,29.11,300.0,,53.89
2019-07-24,30.83,,119.14,270.85,,116.28,295.4,,,,327.18,,31.51,25.17,,,1000.0,16.85,,,29.21,302.01,,54.08
2019-07-25,30.84,,118.99,272.57,,117.0,296.08,,,,321.38,,31.15,24.88,,,1000.0,16.9,,,29.1,305.2,,53.99
2019-07-26,30.68,,119.32,275.16,,117.7,299.08,,,,323.33,,31.61,24.69,,,1000.0,17.04,,,29.22,306.0,,54.09
2019-07-29,30.67,,118.36,271.32,,116.76,298.54,,,,319.6,,31.44,24.16,,,1000.0,16.98,,,28.7,300.0,,54.57
2019-07-30,30.79,,117.25,267.77,,115.23,294.31,,,,317.75,,29.97,23.79,,,1000.0,16.51,,,28.65,295.0,,54.37
2019-07-31,30.66,,117.58,269.12,,115.68,293.9,,,,319.53,,30.34,24.23,,,1000.0,16.63,,,28.72,,,54.59
2019-08-01,30.46,,116.27,266.59,,114.11,287.76,,,,315.91,,29.74,23.94,,,1000.0,16.48,,,28.63,291.5,,53.7
2019-08-02,31.27,,116.34,267.02,,114.74,288.33,,,,316.02,,29.36,23.49,,,1000.0,16.54,,,28.37,300.07,,53.78
2019-08-05,31.97,,115.15,265.43,,113.22,282.46,,,,311.08,,29.11,23.08,,,999.99,16.28,,,28.38,300.0,,52.9
2019-08-06,32.17,,115.87,267.7,,114.0,286.51,,,,315.89,,29.16,23.44,,,1000.0,16.55,,,28.47,300.0,,52.88
2019-08-07,32.65,,114.91,266.57,,113.28,283.38,,,,315.56,,28.27,23.2,,,1000.01,16.55,,,28.25,,,52.96
2019-08-08,32.6,,116.94,269.11,,113.8,288.05,,,,317.19,,28.61,23.58,,,1000.0,16.34,,,28.73,,,53.38
2019-08-09,32.73,,117.62,272.07,,116.67,290.7,,,,317.39,,28.59,23.4,,,1000.03,16.75,,,28.58,300.0,,53.99
2019-08-13,33.31,,115.76,265.88,,113.54,283.1,,,,307.08,,27.93,22.76,,,1000.0,16.37,,,28.22,293.5,,53.24
2019-08-14,32.78,,116.71,268.4,,115.16,285.1,,,,309.74,,28.28,22.76,,,1000.0,16.44,,,28.33,310.1,,54.21
2019-08-16,32.9,,117.01,269.53,,114.41,287.89,,,,311.87,,28.59,22.87,,,1000.0,16.59,,,28.44,302.43,,53.4
2019-08-19,32.94,,117.13,269.43,,115.18,288.0,,,,314.98,,28.54,22.77,,,1000.0,16.6,,,28.5,295.0,,54.0
2019-08-20,33.19,,116.71,266.46,,114.82,285.67,,,,311.2,,27.82,22.45,,,1000.0,16.67,,,28.44,301.79,,54.52
2019-08-21,32.95,,115.68,264.26,,113.92,283.61,,,,306.52,,26.99,21.97,,,999.99,16.34,,,28.21,300.21,,54.73
2019-08-22,33.2,,113.87,261.1,,112.16,276.84,,,,303.0,,26.03,21.43,,,1000.0,15.99,,,28.0,302.2,,54.9
2019-08-23,33.09,,114.74,263.25,,112.05,275.91,,,,306.53,,26.56,22.25,,,999.99,16.04,,,28.1,315.5,,55.06
2019-08-26,33.96,,117.09,267.85,,114.42,285.16,,,,311.47,,27.23,22.56,,,999.99,16.29,,,28.55,302.4,,53.67
2019-08-27,33.95,,117.45,271.38,,115.78,286.85,,,,314.26,,28.18,22.91,,,999.99,16.55,,,28.5,305.5,,53.9
2019-08-28,34.21,,116.86,269.23,,114.34,283.37,,,,310.37,,27.79,22.37,,,1000.0,16.43,,,28.41,301.5,,53.95
2019-08-29,34.22,,116.12,270.63,,114.8,279.45,,,,313.07,,27.05,22.63,,,999.99,16.27,,,28.39,301.25,,54.43
2019-08-30,33.8,,116.61,273.31,,115.0,280.37,,,,311.7,,27.39,22.38,,,1000.0,16.18,,,28.5,302.27,,54.88
2019-09-03,34.45,,114.52,268.39,,113.14,273.43,,,,303.93,,27.77,21.83,,,1000.0,16.15,,,28.5,305.0,,54.97
2019-09-04,34.58,,114.89,267.7,,112.18,277.74,,,,307.16,,26.21,22.13,,,999.99,16.14,,,28.27,309.91,,55.19
2019-09-05,34.51,,114.98,269.5,,113.73,275.34,,,,307.95,,26.16,23.06,,,999.99,16.25,,,28.75,308.5,,55.66
2019-09-06,33.52,,115.97,269.98,,114.64,278.48,,,,313.5,,26.3,23.47,,,999.99,16.33,,,29.05,311.9,,56.06
2019-09-09,33.69,,116.43,270.96,,115.02,281.01,,,,316.56,,26.58,23.57,,,1000.0,16.55,,,29.02,310.0,,55.89
2019-09-11,33.33,,116.78,272.79,,115.38,283.44,,,,319.38,,27.49,23.34,,,999.99,16.68,,,29.01,310.0,,55.4
2019-09-12,33.15,,116.44,272.55,,115.3,284.05,,,,315.64,,27.65,23.23,,,1000.0,16.71,,,28.8,333.62,,55.91
2019-09-13,33.12,,117.31,273.68,,115.84,286.81,,,,318.18,,27.69,23.56,,,1000.0,16.65,,,28.75,329.6,,55.44
2019-09-16,33.25,,116.4,274.4,,115.29,285.15,,,,316.07,,27.35,23.6,,,1000.0,16.7,,,28.8,324.7,,55.36
2019-09-17,33.36,,114.66,269.98,,113.45,277.54,,,,310.75,,26.35,23.2,,,1000.0,16.49,,,28.6,335.4,,55.52
2019-09-18,33.12,,114.82,270.27,,113.24,277.79,,,,310.15,,26.7,23.1,,,999.99,16.49,,,28.66,320.5,,55.26
2019-09-19,32.8,,113.52,269.03,,112.4,273.49,,,,310.24,,26.02,22.77,,,1000.0,16.17,,,28.44,323.35,,55.05
2019-09-20,32.82,,119.55,284.08,,117.39,296.07,,,,320.56,,27.71,23.56,,,999.99,16.81,,,29.29,310.15,,55.34
2019-09-23,33.08,,123.0,288.56,,121.67,313.68,,,,333.0,,28.38,24.02,,,999.99,17.54,,,28.05,319.5,,54.58
2019-09-24,33.09,,122.69,288.91,,120.39,308.77,,,,329.21,,27.8,23.74,,,999.98,17.45,,,29.7,326.1,,54.87
2019-09-25,33.35,,121.36,285.38,,118.88,301.77,,,,329.11,,26.27,23.45,,,1000.0,17.15,,,29.4,,,53.96
2019-09-26,32.99,,122.76,287.37,,120.1,306.57,,,,333.11,,26.51,24.05,,,1000.0,17.11,,,29.5,317.0,,53.62
2019-09-27,33.02,,122.09,288.85,,120.0,305.39,,,,333.11,,26.14,23.74,,,1000.0,17.11,,,29.62,323.69,,54.09
2019-09-30,32.97,,121.57,285.54,,119.01,298.18,,,,336.88,,25.37,23.83,,,1000.0,16.81,,,29.5,316.58,,53.97
2019-10-01,32.64,,120.5,281.97,,117.92,293.67,,,,320.2,,24.31,23.6,,,1000.0,16.5,,,29.21,320.0,,54.47
2019-10-03,33.35,,119.84,280.45,,117.15,290.34,,,,329.67,,24.35,23.38,,,999.99,16.48,,,29.38,319.5,,53.19
2019-10-04,33.64,,118.22,276.88,,117.7,283.85,,,,325.46,,23.96,23.39,,,1000.0,16.47,,,29.08,324.1,,53.11
2019-10-07,33.6,,117.57,273.03,,116.84,283.33,,,,319.62,,23.74,23.06,,,1000.0,16.34,,,28.9,323.3,,53.85
2019-10-09,33.72,,119.43,276.7,,117.69,293.51,,,,324.49,,24.42,23.19,,,999.99,16.44,,,28.73,,,53.62
2019-10-10,33.83,,118.54,275.04,,116.19,286.36,,,,328.87,,23.77,23.09,,,1000.0,16.38,,,29.02,309.1,,53.45
2019-10-11,33.66,,119.74,276.09,,117.55,286.91,,,,328.5,,23.92,23.08,,,999.99,16.34,,,29.12,322.0,,54.2
2019-10-14,33.75,,119.89,278.05,,118.48,287.29,,,,330.59,,23.82,23.51,,,1000.0,16.49,,,28.95,324.5,,54.78
2019-10-15,33.92,,120.87,279.45,,119.22,292.01,,,,333.0,,23.8,23.87,,,999.99,16.52,,,29.16,322.0,,55.26
2019-10-16,33.73,,120.95,282.05,,119.53,291.92,,,,333.29,,23.77,24.01,,,999.99,16.38,,,29.22,,,55.9
2019-10-17,33.79,,122.48,285.71,,121.16,296.43,,,,335.62,,24.44,24.22,,,999.99,16.54,,,29.5,,,55.79
2019-10-18,33.76,,123.46,289.16,,120.97,297.2,,,,338.0,,24.76,24.69,,,999.99,16.92,,,29.77,320.0,,55.58
2019-10-22,33.67,,122.96,290.8,,121.52,300.07,,,,342.0,,25.0,24.8,,,999.99,17.08,,,29.45,324.6,,55.47
2019-10-23,33.79,,123.0,292.04,,121.82,300.06,,,,332.74,,25.46,24.69,,,1000.0,17.01,,,29.54,322.2,,54.81
2019-10-24,33.7,,122.67,290.48,,120.3,297.56,,,,327.12,,24.48,24.42,,,1000.0,17.0,,,29.54,328.0,,55.36
2019-10-25,34.28,,122.54,289.56,,121.6,300.66,,,,334.65,,25.27,24.38,,,1000.0,17.0,,,29.47,329.19,,55.57
2019-10-27,34.13,,123.39,291.2,,121.98,301.74,,,,331.41,,25.5,24.36,,,1000.04,17.07,,,29.5,337.17,,55.84
2019-10-29,33.71,,124.68,293.9,,,304.45,,,,340.15,,25.61,24.75,,,1000.0,17.21,,,29.67,337.9,,56.6
2019-10-30,33.66,,125.29,295.97,61.5,123.07,305.49,,,,340.9,54.74,26.5,24.81,,,1000.0,17.28,,58.38,30.06,334.8,,56.31
2019-10-31,34.07,,125.5,296.7,62.0,124.0,306.85,,,,343.24,55.58,27.53,24.97,,,1000.0,17.66,,59.01,30.45,328.0,,56.76
2019-11-01,34.18,,126.14,297.75,61.71,123.62,309.15,,,,340.46,55.44,27.82,24.9,,,1000.0,17.56,,59.52,30.47,323.4,,56.74
2019-11-04,34.19,,126.34,297.04,62.39,124.9,310.14,,,,342.6,54.4,28.11,25.06,,,999.99,17.69,,59.72,30.38,321.4,,56.97
2019-11-05,34.09,,126.06,293.84,62.0,123.45,308.6,,,,338.24,54.37,27.94,24.74,,,999.99,17.48,,58.81,30.53,321.9,,57.4
2019-11-06,33.86,,126.48,296.64,61.64,124.42,312.01,,,,337.98,54.42,27.71,24.7,,,1000.0,17.3,,59.4,30.23,360.2,,57.46
2019-11-07,33.79,,126.98,296.59,62.34,124.6,312.87,,,,337.86,54.45,27.33,24.52,,,1000.0,17.54,,59.17,30.57,345.0,,57.2
2019-11-08,33.5,,126.06,294.34,61.84,124.76,314.12,,,,334.65,53.87,26.81,24.22,,,1000.0,17.64,,58.68,30.03,355.11,,56.92
2019-11-11,33.55,,126.49,295.62,61.7,123.41,316.5,,,,336.88,53.85,27.11,24.27,,,1000.0,17.58,,57.92,30.08,333.76,,57.81
2019-11-13,33.83,,125.7,294.21,61.49,123.3,311.5,,,,320.18,53.34,26.32,24.14,,,1000.0,17.53,,57.92,29.7,313.02,,58.0
2019-11-14,33.84,,125.55,292.77,61.59,123.03,313.28,,,,333.05,53.13,26.16,24.01,,,999.99,17.58,,58.23,29.49,331.0,,58.55
2019-11-15,33.54,,126.04,292.64,61.58,123.55,317.15,,,,335.23,53.44,27.07,23.85,,,999.99,17.56,,58.4,29.75,352.0,,58.5
2019-11-18,33.43,,125.73,292.41,62.07,124.08,315.7,,,,334.45,53.56,27.46,23.84,,,999.99,17.61,,58.33,29.37,335.0,,58.75
2019-11-19,33.71,,126.4,291.5,62.09,124.55,318.61,,,,339.0,53.5,28.43,23.76,,,999.99,17.69,,58.22,29.45,330.0,,58.96
2019-11-20,33.85,,126.83,293.26,62.26,125.21,314.5,,,,342.53,53.36,28.2,23.75,,,999.99,17.69,,58.07,29.51,333.0,,58.74
2019-11-21,33.7,,126.6,291.38,61.8,124.13,319.25,,,,342.45,52.88,28.23,23.4,,,999.99,17.81,,57.96,29.47,326.01,,58.43
2019-11-22,33.71,,126.44,290.7,62.12,123.37,316.88,,,,339.76,52.86,28.26,23.6,,,1000.0,17.7,,58.05,29.33,332.0,,58.43
2019-11-25,33.39,,127.74,295.41,62.65,125.0,321.42,,,,343.01,53.64,28.51,23.57,,,1000.0,17.77,,58.59,29.56,338.5,,58.55
2019-11-26,33.32,,127.51,293.81,62.02,125.07,323.13,,,,340.48,53.58,28.42,23.43,,,999.99,17.81,,58.09,28.96,330.0,,59.03
2019-11-27,33.29,,127.9,294.63,62.37,124.94,324.5,,,,339.68,53.42,28.77,23.43,,,999.99,17.9,,58.15,29.26,332.5,,59.02
2019-11-28,33.34,,128.41,297.6,63.24,125.56,327.83,,,,342.94,53.51,29.91,23.66,,,1000.0,17.86,,58.6,29.54,332.0,,59.38
2019-11-29,33.41,,127.51,295.75,63.41,125.88,325.61,,,,344.15,53.2,29.4,23.57,,,1000.0,18.02,,57.99,29.28,332.0,,59.52
2019-12-02,33.41,,127.63,296.69,62.69,125.86,324.94,,,,344.81,53.12,29.09,23.28,,,999.99,17.92,,57.65,29.03,323.19,,59.47
2019-12-03,33.48,,126.96,294.61,62.43,124.89,322.17,,,,338.0,53.2,28.34,23.17,,,999.99,17.96,,58.0,29.09,323.5,,58.82
2019-12-04,33.76,,127.47,294.89,62.53,124.85,325.98,,,,338.69,53.1,28.8,23.18,,,999.99,17.8,,57.81,29.22,321.25,,58.59
2019-12-05,33.67,,127.2,292.84,62.7,125.82,323.55,,,,336.56,53.08,28.32,23.03,,,1000.0,17.92,,57.8,29.32,329.5,,58.08
2019-12-06,33.62,,126.23,289.9,61.75,124.29,319.84,,,,333.25,52.48,27.17,22.68,,,1000.0,17.74,,57.99,29.04,327.0,,58.58
2019-12-09,33.24,,126.33,288.2,61.67,123.43,319.85,,,,334.01,52.09,27.07,22.66,,,999.99,17.54,,57.83,29.03,319.93,,58.79
2019-12-10,33.21,,125.8,285.74,61.22,122.64,317.74,,,,331.2,52.1,26.69,22.31,,,999.99,17.19,,57.06,28.61,317.0,,58.39
2019-12-11,33.27,,126.22,287.07,61.3,122.49,318.73,,,,329.82,51.84,26.65,22.52,,,1000.0,17.44,,56.94,28.76,314.0,,58.16
2019-12-12,33.29,,127.11,289.0,62.01,124.45,322.45,,,,335.0,52.25,27.27,22.71,,,999.99,17.62,,57.08,29.01,317.0,,58.51
2019-12-13,33.22,,127.91,290.71,62.24,125.5,326.41,,,,335.94,52.17,28.26,22.95,,,999.99,17.76,,57.64,29.19,320.02,,59.12
2019-12-16,33.44,,127.53,290.34,62.35,124.87,326.04,,,,336.22,52.01,28.0,22.82,,,1000.0,17.74,,57.78,29.07,322.9,,59.44
2019-12-17,33.5,,128.62,290.99,62.63,126.0,327.63,,,,338.66,52.2,28.14,22.8,,,1000.0,17.74,,58.29,29.07,319.17,,59.95
2019-12-18,33.6,,129.25,291.88,62.42,126.63,328.7,,,,335.45,52.14,27.63,22.76,,,1000.0,17.9,,57.93,29.01,321.9,,59.61
2019-12-19,33.55,,130.2,293.48,62.55,126.22,329.51,,,,337.02,52.79,27.72,22.8,,,1000.0,17.74,,59.42,29.45,366.11,,59.95
2019-12-20,33.65,,130.34,293.92,62.36,126.62,330.91,,,,340.07,52.71,28.3,22.9,,,999.99,17.76,,59.0,29.19,368.94,,60.29
2019-12-23,33.65,,129.93,295.35,62.43,126.83,330.71,,,,338.49,52.87,27.82,22.79,,,1000.0,17.8,,58.23,29.41,351.39,,60.67
2019-12-24,33.75,,129.45,295.12,62.37,126.38,330.37,,,,337.28,53.16,27.75,22.86,,,1000.0,17.65,,58.21,29.41,349.2,,60.86
2019-12-26,34.0,,128.69,293.36,62.38,125.27,327.76,,,,331.63,53.18,27.63,22.82,,,1000.0,17.69,,58.58,29.32,350.0,,61.05
2019-12-27,34.15,,129.56,296.18,63.0,127.0,330.74,,,,335.8,53.07,28.28,23.15,,,1000.0,17.79,,58.43,29.26,341.93,,61.53
2019-12-30,34.3,,130.26,296.25,64.19,126.3,330.09,,,,335.25,53.45,27.74,23.17,,,999.99,17.94,,58.5,29.5,361.0,,61.54
2019-12-31,34.45,,129.15,293.75,63.32,126.76,329.0,,,,338.58,53.12,27.84,23.46,,,999.99,18.0,,58.5,29.28,358.17,,61.63
2020-01-01,34.35,,129.42,293.53,63.6,126.72,328.31,,,,338.01,53.02,27.81,23.55,,,999.99,17.98,,58.72,29.38,361.0,,61.71
2020-01-02,34.35,,130.14,295.77,64.34,126.58,331.93,,,,340.74,53.15,28.36,23.67,,,1000.0,18.17,,58.49,29.59,352.17,,61.55
2020-01-03,35.4,,129.71,295.0,64.05,127.15,326.54,,,,340.79,52.54,27.82,23.65,,,1000.0,18.14,,58.78,29.59,361.0,,61.26
2020-01-06,36.15,,127.37,290.1,62.67,124.97,319.18,,,,334.99,51.92,26.67,23.08,,,1000.0,17.92,,57.94,29.1,366.79,,61.65
2020-01-07,35.5,,127.76,292.19,63.26,125.46,320.17,,,,335.14,51.67,26.59,23.3,,,1000.0,17.98,,58.27,29.39,365.9,,62.91
2020-01-08,36.1,,127.56,291.14,63.31,124.3,319.47,,,,335.0,51.96,26.39,22.94,,,999.99,18.0,,57.83,28.92,363.0,,62.32
2020-01-09,35.05,,129.34,296.1,63.97,126.15,327.01,,,,338.66,52.12,26.99,22.96,,,999.99,18.14,,58.37,29.11,350.7,,63.14
2020-01-10,34.95,,129.61,296.87,64.44,127.61,327.82,,,,342.52,52.85,27.17,23.25,,,1000.0,18.31,,58.5,29.5,354.34,,63.44
2020-01-13,34.75,,130.41,298.42,64.74,128.21,328.65,,,,344.8,53.22,27.1,23.62,,,999.99,18.42,,59.4,29.66,359.27,,62.69
2020-01-14,34.75,,131.01,298.79,65.0,128.6,327.83,,,,344.62,53.78,27.13,23.75,,,1000.0,18.54,,59.7,29.76,370.0,,62.82
2020-01-15,35.05,,131.01,299.87,65.84,127.95,324.8,,,,344.35,53.81,27.09,23.82,,,999.99,18.72,,59.69,30.0,372.6,,63.18
2020-01-16,35.0,,130.91,300.83,66.18,128.0,325.16,,,,342.63,54.13,27.2,23.55,,,1000.0,18.86,,59.8,29.86,366.74,,63.48
2020-01-17,34.95,,131.19,301.41,66.72,127.72,322.91,,,,347.76,54.78,27.08,23.48,,,1000.0,19.06,,59.8,29.94,369.83,,64.15
2020-01-20,35.23,,129.78,299.07,66.38,127.38,318.0,,,,346.13,54.82,26.65,22.84,,,999.99,18.91,,59.16,30.01,374.91,,65.38
2020-01-21,35.13,,129.27,297.71,66.27,126.83,316.42,,,,345.46,54.61,26.65,22.62,,,1000.0,19.08,,59.06,29.61,368.75,,64.15
2020-01-22,35.29,,128.53,297.41,66.06,126.0,313.85,,,,341.61,54.36,26.49,21.79,,,1000.0,18.8,,58.84,29.28,366.66,,64.78
2020-01-23,35.21,,129.31,300.51,67.06,125.89,317.09,,,,346.67,54.5,26.84,21.87,,,999.99,18.98,,58.96,29.55,370.99,,64.73
2020-01-24,35.4,,130.11,303.96,67.59,127.65,319.57,,,,348.31,54.78,26.94,21.94,,,1000.0,19.25,,59.48,29.64,390.75,,64.79
2020-01-27,35.85,,128.73,301.27,67.43,125.83,315.52,,,,347.07,55.07,26.36,21.74,,,1000.0,19.35,,59.01,29.73,383.0,,64.32
2020-01-28,35.72,,128.1,300.54,67.41,125.8,314.13,,,,342.7,54.34,26.05,21.48,,,999.99,19.25,,58.6,29.38,362.04,,63.74
2020-01-29,35.61,,128.76,302.17,67.46,125.98,315.53,,,,345.0,54.76,26.13,21.59,,,1000.0,19.25,,59.1,29.51,378.0,,64.47
2020-01-30,35.93,,127.74,296.87,67.01,125.99,312.71,,,,340.22,54.31,25.92,21.42,,,1000.0,18.98,,58.63,29.55,365.69,,64.14
2020-01-31,35.87,,127.17,294.63,66.79,124.43,316.9,,,,337.55,54.25,26.3,20.68,,,1000.0,18.94,,57.59,29.17,355.19,,64.86
2020-02-01,36.21,,124.71,286.27,66.03,121.84,304.68,,,,350.64,53.36,25.25,20.26,,,1000.0,18.99,,56.75,28.58,352.58,,63.81
2020-02-03,35.91,,124.42,286.7,65.92,121.08,306.93,,,,327.41,54.0,24.51,20.09,,,1000.0,18.73,,57.68,28.54,362.2,,63.98
2020-02-04,35.58,,126.75,291.87,66.51,124.16,312.9,,,,333.16,54.6,24.74,20.53,,,1000.0,18.85,,57.91,28.95,357.0,,64.66
2020-02-05,35.31,,127.91,296.68,67.1,125.0,316.81,,,,339.97,55.0,24.73,20.45,,,1000.0,19.04,,58.32,29.14,365.05,,66.02
2020-02-06,35.58,,128.94,299.18,67.57,125.65,319.83,,,,343.09,55.1,26.08,20.59,,,1000.0,19.14,,58.52,29.1,369.55,,66.43
2020-02-07,35.7,,128.19,300.77,68.04,125.47,318.34,,,,339.62,54.78,25.51,20.85,,,1000.0,19.17,,58.98,29.31,370.01,,66.66
2020-02-10,35.95,,127.91,300.46,67.35,124.7,317.68,,,,337.13,54.61,25.13,20.38,,,999.99,19.15,,58.61,28.86,349.17,,66.27
2020-02-11,35.82,,128.3,300.23,67.68,125.31,319.47,,,,339.17,54.21,25.27,20.59,,,999.99,19.15,,58.57,29.19,360.99,,67.14
2020-02-12,35.76,,129.19,300.1,67.5,127.0,321.07,,,,338.75,55.12,24.71,20.62,,,999.99,18.94,,59.49,29.38,360.74,,67.14
2020-02-13,35.95,,129.3,299.65,67.44,125.71,318.22,,,,337.43,54.95,24.83,20.44,,,1000.0,18.93,,59.5,29.34,361.99,,67.43
2020-02-14,35.85,,128.38,296.57,67.08,126.05,314.75,,,,337.55,55.06,24.3,19.96,,,1000.0,18.97,,59.26,29.2,350.6,,67.8
2020-02-17,35.93,,127.84,293.4,66.3,125.15,313.06,,,,334.0,55.09,23.61,19.54,,,999.99,18.75,,58.58,28.95,354.0,,68.3
2020-02-18,36.14,,127.34,292.05,66.06,123.87,312.28,,,,331.96,54.2,23.48,19.57,,,999.99,18.55,,58.97,28.87,348.91,,67.46
2020-02-19,36.71,,128.59,297.98,66.96,126.0,314.01,,,,334.26,54.92,23.61,20.08,,,999.99,18.82,,59.25,29.0,350.4,,67.67
2020-02-20,36.82,,128.36,298.52,67.46,125.57,315.12,,,,334.87,54.85,23.87,20.17,,,1000.0,18.93,,58.86,29.03,355.5,,68.63
2020-02-24,38.58,,125.73,292.68,66.1,122.66,309.67,,,,330.16,54.16,23.24,19.65,,,1000.0,18.77,,58.0,28.57,354.79,,65.97
2020-02-25,37.44,,125.34,290.57,66.15,123.0,310.54,,,,326.63,53.75,23.24,19.68,,,999.99,18.73,,58.3,28.6,362.87,,65.48
2020-02-26,37.52,,124.04,286.48,65.35,122.3,309.92,,,,322.15,53.53,23.04,19.47,,,1000.0,18.26,,57.37,28.21,373.52,,63.22
2020-02-27,37.38,,123.64,285.69,64.86,121.08,307.42,,,,320.51,53.37,22.56,19.3,,,1000.0,18.1,,57.0,28.0,374.1,,63.31
2020-02-28,37.37,,119.29,276.71,62.57,116.5,296.72,,,,318.26,52.44,21.49,18.77,,,999.84,17.7,,54.4,27.0,368.37,,60.02
2020-03-02,37.03,,118.39,275.84,62.56,115.87,294.45,,,,305.41,52.04,20.46,18.69,,,1000.0,17.66,,54.17,26.99,372.0,,61.73
2020-03-03,37.12,,120.4,280.47,63.59,117.0,298.27,,,,313.83,52.24,20.74,19.42,,,1000.0,17.73,,55.16,27.31,366.01,,64.3
2020-03-04,38.1,,119.52,278.07,62.6,115.42,292.7,,,,309.77,51.92,20.62,19.52,,,1000.0,17.33,,55.47,27.16,372.08,,63.0
2020-03-05,38.04,,119.75,280.38,62.96,117.53,294.59,,,,310.11,52.75,20.86,19.41,,,1000.0,17.7,,56.01,27.53,373.79,,63.46
2020-03-06,39.05,,117.18,274.28,61.72,114.87,284.77,,,,305.31,51.62,19.93,18.9,,,1000.0,17.27,,54.08,28.59,365.05,,62.92
2020-03-09,38.46,,111.62,269.12,64.53,127.71,271.61,,,,289.11,50.15,19.13,17.8,,,999.99,16.56,,52.02,26.72,374.63,,60.74
2020-03-11,38.18,,111.31,260.76,58.66,120.86,270.62,,,,289.16,50.13,17.86,17.56,,,1000.0,16.44,,51.96,25.18,371.0,,60.58
2020-03-12,37.96,,102.99,239.43,54.22,99.4,244.89,,,,263.54,46.5,16.07,16.3,,,1000.0,15.43,,42.39,24.6,358.45,,57.4
2020-03-13,36.62,,106.36,240.19,54.81,103.59,257.76,,,,255.44,47.49,17.9,16.35,,,1000.0,15.78,,49.41,25.0,362.45,,55.69
2020-03-16,35.67,,102.37,231.71,52.74,109.91,239.97,,,,264.43,45.59,17.37,15.54,,,1000.0,15.17,,45.92,25.0,347.4,,55.26
2020-03-17,34.83,,99.2,232.72,52.31,110.0,226.35,,,,265.0,45.93,17.84,15.63,,,1000.0,14.63,,48.84,22.99,342.99,,52.9
2020-03-18,35.44,,96.08,222.29,48.49,94.99,210.12,,,,241.9,45.46,17.07,15.41,,,999.99,13.78,,48.87,23.87,335.0,,51.73
2020-03-19,35.21,,89.47,211.15,56.14,87.98,203.57,,,,215.99,44.05,16.12,14.55,,,1000.0,13.24,,45.98,23.0,336.0,,52.68
2020-03-20,36.11,,92.97,220.87,49.0,95.99,204.25,,,,229.99,46.7,15.88,15.67,,,1000.0,13.26,,48.0,24.75,324.3,,55.36
2020-03-23,35.02,,83.52,200.42,42.49,100.27,174.78,,,,229.4,44.75,14.95,14.01,,,1000.0,12.37,,44.9,21.41,319.4,,50.39
2020-03-24,36.39,,85.0,199.05,43.48,97.03,174.05,,,,234.73,44.76,14.81,13.91,,,999.99,12.82,,46.96,22.07,335.26,,54.09
2020-03-25,36.99,,89.46,205.31,41.89,,186.86,,,,234.8,46.28,15.35,13.63,,,999.99,12.9,,42.76,23.05,310.0,,57.38
2020-03-26,36.72,,92.68,213.28,47.07,97.46,197.89,,,,232.7,46.2,14.16,14.96,,,999.99,13.1,,42.56,21.56,335.0,,54.21
2020-03-27,38.17,,91.26,214.2,45.35,98.13,201.2,,,,241.99,46.5,14.92,15.46,,,1000.0,13.03,,44.18,22.0,352.22,,56.73
2020-03-30,39.74,,89.17,211.68,43.88,95.3,191.62,,,,255.24,45.37,14.99,15.43,,,1000.0,13.11,,43.95,26.4,344.0,,56.36
2020-03-31,38.21,,91.94,217.88,46.7,97.4,194.57,,,,243.05,47.33,14.67,16.06,,,1000.0,12.61,,46.18,24.97,,,58.89
2020-04-01,38.24,,89.35,218.67,48.36,97.12,187.02,,,,247.8,47.25,15.23,15.63,,,1000.0,12.76,,45.62,22.99,343.3,,56.43
2020-04-03,38.79,,86.59,214.73,44.64,95.78,174.83,,,,250.4,46.58,15.1,15.75,,,1000.0,12.61,,45.91,26.69,350.0,,57.07
2020-04-07,39.67,,92.41,227.61,45.42,92.9,192.12,,,,244.23,49.82,14.83,16.22,,,999.99,12.87,,47.34,26.27,339.98,,61.2
2020-04-08,39.79,,92.82,233.25,46.87,100.29,191.28,,,,250.85,47.99,14.68,16.25,,,1000.0,12.98,,48.79,25.55,340.0,,60.46
2020-04-09,40.79,,96.23,239.03,48.79,105.0,198.58,,,,260.87,48.77,14.99,16.75,,,1000.0,14.04,,48.78,26.27,339.0,,61.86
2020-04-13,42.49,,95.62,236.77,47.19,97.9,196.44,,,,256.74,48.54,15.04,16.74,,,1000.0,13.39,,48.63,25.95,335.99,,61.22
2020-04-15,42.67,,95.2,243.76,48.55,99.98,191.35,,,,262.18,50.99,15.13,16.94,,,1000.0,13.86,,50.01,24.25,335.0,,63.72
2020-04-16,43.26,,95.68,242.79,49.11,100.0,195.48,,,,266.87,50.78,15.0,17.27,,,999.99,13.6,,48.89,24.61,326.74,,65.48
2020-04-17,42.47,,98.21,247.12,49.7,100.44,210.32,,,,272.45,51.35,15.02,17.59,,,1000.03,13.84,,49.42,25.04,340.37,,67.31
2020-04-20,41.55,,97.99,243.94,51.35,98.5,206.9,,,,271.95,54.07,15.4,17.2,,,1000.0,13.97,,49.45,25.53,347.69,,66.1
2020-04-21,42.05,,95.6,241.05,49.16,97.96,198.23,,,,266.03,54.6,14.87,16.69,,,1000.0,13.69,,47.14,25.04,331.97,,65.87
2020-04-22,42.61,,97.38,242.84,48.77,95.99,199.18,,,,273.8,53.47,14.56,16.58,,,999.99,13.85,,48.04,24.56,349.88,,64.13
2020-04-23,42.61,,98.62,244.37,49.95,96.66,203.53,,,,272.5,52.38,14.67,16.58,,,1000.0,13.72,,48.41,24.39,346.34,,64.65
2020-04-24,42.69,,97.1,241.04,49.45,96.07,196.9,,,,272.5,52.2,14.03,16.34,,,1000.0,13.5,,48.69,25.49,341.96,,64.41
2020-04-27,42.56,,98.43,243.57,50.89,96.7,201.6,,,,271.3,53.26,14.09,16.31,,,999.99,13.49,,49.53,25.29,348.4,,66.48
2020-04-28,42.68,,99.35,243.62,50.29,98.0,207.1,,,,275.53,53.0,14.2,16.16,,,999.99,13.68,,48.48,26.09,354.95,,66.83
2020-04-29,42.37,,101.12,246.59,50.5,97.87,211.86,,,,274.21,52.89,14.45,16.41,,,1000.0,13.9,,49.65,25.19,353.0,,65.53
2020-04-30,42.57,,104.18,250.47,51.79,100.5,215.33,,,,285.93,52.48,14.61,17.25,,,1000.0,14.16,,50.8,25.79,360.0,,66.73
2020-05-04,42.73,,98.8,240.3,50.14,100.64,199.2,,,,274.99,51.8,13.81,16.72,,,1000.0,13.75,,48.64,24.52,347.48,,64.1
2020-05-05,41.54,,97.65,239.9,49.79,105.0,195.12,,,,276.61,51.68,13.69,16.81,,,1000.0,13.58,,48.49,25.25,359.95,,65.77
2020-05-06,41.36,,98.5,238.47,49.11,104.0,199.28,,,,277.62,52.14,13.27,16.8,,,1000.0,13.67,,48.41,26.0,343.0,,66.67
2020-05-07,41.06,,97.6,238.12,49.71,102.0,197.25,,,,267.67,51.72,13.25,16.49,,,1000.0,13.75,,46.96,25.15,347.5,,67.88
2020-05-08,41.51,,98.12,239.91,49.44,102.26,195.3,,,,279.84,52.98,12.99,16.07,,,1000.0,13.58,,47.71,25.1,357.0,,68.08
2020-05-11,41.17,,98.21,242.14,49.54,100.58,191.42,,,,281.0,52.72,12.83,16.12,,,999.99,13.64,,48.09,24.25,354.0,,68.4
2020-05-12,41.24,,97.96,241.66,49.27,104.75,190.27,,,,281.44,52.0,12.85,16.19,,,1000.0,13.79,,48.95,24.59,357.65,,68.91
2020-05-13,40.97,,99.69,243.56,50.24,102.43,197.78,,,,287.46,53.32,13.77,16.66,,,999.99,13.75,,48.56,25.12,363.65,,67.87
2020-05-14,41.49,,97.42,244.81,50.0,103.94,192.42,,,,280.0,53.37,13.42,16.27,,,1000.0,13.73,,48.0,24.55,356.0,,66.89
2020-05-15,41.8,,97.08,242.9,50.04,101.23,190.05,,,,282.13,48.03,13.18,16.33,,,1000.0,13.66,,47.77,24.06,355.62,,67.96
2020-05-18,42.54,,93.93,236.16,48.8,103.62,177.63,,,,272.78,47.36,12.35,15.76,,,1000.0,13.28,,47.59,24.4,351.0,,69.52
2020-05-19,41.37,,94.34,235.94,48.09,96.26,175.87,,,,276.32,46.22,12.08,16.04,,,1000.0,13.53,,48.0,23.63,348.1,,69.29
2020-05-20,41.88,,96.25,240.47,48.7,98.93,179.04,,,,281.85,46.29,12.06,16.2,,,999.99,13.45,,48.79,24.0,355.4,,70.03
2020-05-21,41.43,,96.69,242.81,49.0,99.88,178.27,,,,279.18,47.64,12.14,16.09,,,1000.0,13.57,,48.65,23.69,360.33,,69.84
2020-05-22,41.65,,96.11,240.86,48.58,99.56,173.76,,,,278.43,46.41,12.06,16.01,,,999.99,13.74,,49.01,24.49,345.4,,69.28
2020-05-26,41.2,,96.21,242.86,49.0,102.21,175.82,,,,280.34,47.44,12.03,16.3,,,1000.0,13.76,,50.0,23.92,350.0,,71.19
2020-05-27,40.65,,98.6,241.45,49.21,100.94,187.79,,,,283.59,47.34,12.37,16.48,,,999.99,13.61,,49.84,24.03,340.0,,70.45
2020-05-28,41.19,,100.37,245.1,50.48,100.72,192.21,,,,288.87,47.95,12.39,16.73,,,1000.0,13.74,,50.06,23.78,343.0,,70.23
2020-05-29,40.99,,101.38,251.79,51.36,101.73,193.68,,,,292.3,48.49,12.35,17.22,,,1000.0,14.01,,50.72,24.8,345.0,,69.4
2020-06-01,41.21,,104.42,254.16,52.12,104.52,200.53,,,,297.06,50.27,13.34,17.5,,,1000.0,14.46,,51.94,25.59,342.0,,70.14
2020-06-02,41.18,,105.89,256.63,53.53,104.33,206.4,,,,300.16,47.95,13.49,17.49,,,999.99,14.71,,51.88,25.47,340.0,,70.91
2020-06-03,40.88,,106.36,259.1,53.17,105.67,210.67,,,,303.9,49.74,14.19,17.58,,,1000.0,14.73,,51.78,25.39,346.41,,71.53
2020-06-04,40.81,,106.27,258.25,53.32,110.77,205.4,,,,305.61,50.55,14.23,17.6,,,999.99,14.5,,52.63,25.5,347.0,,71.8
2020-06-05,41.19,,107.66,263.53,54.0,107.87,211.96,,,,308.9,50.71,15.21,18.04,,,999.99,14.75,,52.66,26.4,354.5,,72.01
2020-06-08,40.65,,108.1,264.21,54.03,113.84,214.02,,,,309.09,50.91,15.11,18.37,,,1000.0,14.99,,53.6,25.56,354.86,,73.03
2020-06-09,41.0,,106.85,263.03,53.8,113.61,208.56,,,,305.41,50.07,14.87,18.21,,,1000.0,14.96,,53.34,25.75,361.2,,72.89
2020-06-10,41.21,,107.52,263.66,54.38,114.59,213.18,,,,308.93,50.61,15.29,18.01,,,1000.0,15.14,,52.99,26.59,363.31,,74.44
2020-06-11,41.73,,105.3,259.02,54.01,108.77,206.77,,,,301.25,49.5,14.8,17.82,,,1000.0,15.08,,53.17,26.56,355.25,,73.97
2020-06-12,41.8,,105.72,260.79,55.28,112.05,207.74,,,,300.01,50.3,14.81,17.61,,,1000.0,15.1,,52.63,26.55,359.29,,72.56
2020-06-15,41.41,,104.51,259.14,54.0,113.61,200.74,,,,300.91,49.96,15.12,17.27,,,1000.0,15.13,,52.59,26.38,354.79,,71.21
2020-06-16,41.85,,105.21,259.26,54.56,115.52,203.89,,,,300.24,49.73,14.91,17.17,,,1000.0,15.18,,52.03,26.25,351.1,,73.33
2020-06-17,41.65,,104.92,260.45,54.26,114.41,202.94,,,,304.25,49.13,14.9,17.07,,,999.99,15.18,,51.13,25.65,353.05,,74.33
2020-06-18,41.84,,106.97,260.29,54.96,112.02,210.97,,,,303.57,49.01,15.23,17.44,,,999.99,15.32,,52.14,26.34,358.9,,74.97
2020-06-19,41.74,,108.79,263.39,55.69,121.53,215.07,,,,312.19,50.37,15.52,17.74,,,1000.0,15.42,,51.49,25.82,356.9,,75.59
2020-06-22,42.29,,109.56,267.64,58.02,111.77,218.5,,,,318.94,49.75,16.15,18.14,,,1000.0,15.59,,51.81,26.3,353.5,,75.46
2020-06-23,42.22,,111.0,272.54,57.5,113.52,224.58,,,,319.38,50.35,16.68,18.61,,,999.99,15.69,,52.68,25.35,357.63,,75.87
2020-06-24,42.7,,109.53,270.5,57.19,112.12,215.85,,,,315.03,51.73,16.74,18.18,,,1000.0,15.39,,52.31,26.35,356.02,,75.56
2020-06-25,42.31,,109.05,270.82,57.21,116.82,216.3,,,,315.38,51.0,16.39,17.98,,,1000.0,15.5,,51.87,26.39,357.06,,74.4
2020-06-26,42.33,,110.24,270.04,57.7,113.22,216.82,,,,307.18,51.22,16.68,18.15,,,1000.0,15.54,,53.84,26.75,357.77,,75.06
2020-06-29,42.49,,109.74,269.3,56.63,112.83,215.31,,,,312.98,51.19,16.02,17.77,,,999.99,15.29,,53.29,26.07,352.0,,73.11
2020-06-30,42.61,,109.52,268.83,56.63,111.31,215.41,,,,312.39,51.18,15.66,17.68,,,1000.0,15.36,,53.52,26.3,352.1,,73.9
2020-07-01,43.0,,111.04,269.42,55.84,114.0,221.24,14.65,,,312.0,50.94,16.17,17.59,,,1000.0,15.56,,53.28,26.9,356.0,,75.43
2020-07-02,42.24,,112.1,271.15,57.11,113.23,221.51,15.26,,,315.39,51.8,16.15,17.71,,,1000.0,15.62,,54.3,26.99,350.96,,76.1
2020-07-03,42.2,,112.51,272.3,57.42,113.7,220.46,15.38,,,318.96,50.9,15.92,17.91,,,1000.0,15.59,,54.27,26.39,357.9,,76.3
2020-07-06,42.27,,114.28,273.28,58.72,115.89,223.67,15.55,,,321.32,52.5,16.22,18.15,,,999.99,15.97,,55.47,27.2,357.03,,76.78
2020-07-07,42.42,,114.65,275.57,58.67,115.0,227.35,15.74,,,320.7,52.23,16.21,17.83,,,1000.0,15.99,,54.88,27.33,355.04,,77.51
2020-07-08,43.01,,113.85,273.54,58.86,113.65,228.5,15.5,,,318.5,51.35,16.77,17.76,,,1000.0,16.02,,54.79,27.83,352.1,,77.37
2020-07-09,43.33,,115.07,273.46,58.64,113.97,231.09,15.55,,,312.49,52.6,16.93,17.58,,,1000.0,15.99,,55.0,25.48,350.24,,78.61
2020-07-10,43.2,,114.38,274.27,58.57,111.04,226.04,15.59,,,316.99,52.3,16.4,17.45,,,1000.0,15.91,,54.35,27.02,346.48,,79.19
2020-07-13,43.26,,114.86,273.29,58.19,112.12,222.51,15.91,,,316.41,52.99,16.17,17.37,,,1000.0,15.94,,55.6,27.18,347.38,,80.4
2020-07-14,43.12,,112.93,271.76,57.64,110.19,215.39,15.73,,,319.98,52.7,15.65,17.02,,,1000.0,15.61,,54.15,26.6,351.64,,79.04
2020-07-15,43.22,,112.97,269.79,56.83,113.73,214.14,16.55,,,314.22,53.0,15.45,16.89,,,1000.0,15.78,,55.89,27.79,350.84,,79.3
2020-07-16,43.12,,114.08,270.12,57.2,112.99,216.67,17.01,,,314.42,52.5,15.51,16.75,,,1000.0,15.54,,56.13,27.81,351.55,,78.18
2020-07-17,42.88,,115.81,275.09,57.92,110.99,220.7,16.84,,,319.0,52.49,15.74,17.33,,,1000.0,15.79,,57.2,27.89,350.54,,79.01
2020-07-20,43.07,,117.06,276.22,58.51,112.83,224.39,17.25,,,316.0,52.06,15.87,17.22,,,999.99,15.98,,57.37,28.27,349.5,,78.6
2020-07-21,43.26,,118.54,276.7,58.91,115.82,229.32,17.32,,,322.33,52.4,16.12,17.6,,,1000.0,16.07,,58.73,28.02,351.0,,80.82
2020-07-22,43.88,,118.11,276.42,58.94,115.53,229.72,17.16,,,322.06,52.01,15.91,17.84,,,999.99,15.86,,57.54,28.26,350.98,,79.31
2020-07-23,44.5,,119.08,278.51,58.84,114.8,231.99,17.17,,,324.28,52.5,16.06,17.93,,,999.99,16.22,,57.44,28.72,353.53,,80.29
2020-07-24,44.92,,118.99,275.58,59.05,115.5,227.74,17.25,,,321.15,53.31,15.8,17.75,,,1000.0,16.1,,57.18,27.89,351.17,,77.58
2020-07-27,46.45,,118.39,272.05,58.4,112.43,220.12,17.62,,,320.01,52.94,15.4,17.56,,,999.99,16.09,,58.3,27.53,346.53,,77.59
2020-07-28,46.01,,120.02,274.85,58.48,114.01,222.67,18.05,,,325.65,52.64,15.26,17.56,,,999.99,16.02,,58.3,28.5,352.0,,78.71
2020-07-29,46.52,,119.26,275.34,59.19,116.58,222.14,17.96,,,330.03,52.78,15.59,17.59,,,1000.0,16.34,,58.42,28.54,351.72,,77.55
2020-07-30,46.55,,117.96,276.69,58.64,112.55,217.39,18.13,,,316.7,52.79,15.39,17.31,,,1000.0,16.13,,58.06,28.58,350.75,,77.58
2020-07-31,47.14,,118.02,279.66,58.67,114.13,217.89,18.18,,,323.7,53.09,15.49,17.3,,,1000.0,16.3,,58.97,27.82,347.64,,79.64
2020-08-03,47.29,,116.17,279.7,59.14,114.95,212.62,18.07,,,320.86,51.84,15.59,17.19,,,999.99,16.29,,58.75,28.05,345.21,,80.54
2020-08-04,47.26,,118.0,280.7,59.47,112.96,215.97,17.76,,,326.25,52.98,15.58,17.2,,,1000.0,16.23,,58.17,28.2,346.0,,81.27
2020-08-05,48.51,,118.03,280.25,59.73,115.95,216.09,17.91,,,326.95,52.86,15.6,17.2,,,1000.0,16.59,,58.42,28.2,343.13,,81.38
2020-08-06,48.9,,119.02,282.51,60.45,116.11,217.22,18.12,,,328.95,53.48,15.54,17.27,,,999.99,16.51,,58.85,28.72,349.76,,81.54
2020-08-07,49.17,,119.35,283.99,61.42,116.72,218.21,18.12,,,327.94,53.54,15.7,17.34,,,999.99,16.76,,58.56,28.7,350.0,,82.7
2020-08-10,48.4,,119.97,287.94,62.72,116.7,220.05,18.24,,,330.3,53.12,15.77,17.66,,,1000.0,17.05,,58.93,28.69,350.8,,82.1
2020-08-11,47.3,,120.44,286.54,62.34,115.91,224.04,18.2,,,329.02,53.47,15.69,17.63,,,1000.0,17.16,,59.49,28.11,349.09,,81.41
2020-08-12,45.68,,120.33,284.92,62.17,115.23,224.32,18.07,,,331.8,53.22,16.28,17.71,,,1000.0,17.12,,59.36,28.5,350.2,,80.96
2020-08-13,45.99,,120.49,287.97,62.69,115.27,223.16,18.15,,,331.29,54.15,16.13,17.88,,,999.99,17.26,,59.33,28.71,348.1,,82.04
2020-08-14,46.32,,119.26,286.07,62.26,115.45,217.85,18.14,,,331.8,54.34,15.73,17.83,,,1000.0,17.31,,59.37,28.64,346.9,,82.09
2020-08-17,46.15,,119.88,285.93,62.54,117.0,218.66,18.25,,,330.0,53.54,15.6,18.36,,,999.99,17.21,,59.86,28.51,349.51,,82.66
2020-08-18,47.31,,120.97,289.62,63.25,117.38,223.37,18.37,,,335.0,54.44,15.73,18.4,,,999.99,17.54,,59.99,28.75,347.14,,83.27
2020-08-19,46.88,,121.13,289.41,63.96,118.37,224.17,18.35,,,334.47,54.02,16.14,18.4,,,999.99,17.73,,59.65,29.3,342.71,,83.83
2020-08-20,45.68,,120.42,288.27,64.32,118.2,221.14,18.26,,,336.45,54.29,16.05,18.98,,,1000.0,17.62,,59.43,28.54,348.24,,82.8
2020-08-21,45.72,,121.11,289.47,64.93,119.65,223.95,18.24,,,336.38,54.54,16.45,19.3,,,1000.0,17.89,,60.49,29.1,346.0,,84.98
2020-08-24,45.5,,122.0,289.23,65.68,120.59,229.31,18.11,,,331.0,54.66,16.35,19.21,,,999.99,18.09,,60.88,29.76,347.5,,85.09
2020-08-25,44.93,,121.93,290.59,65.31,120.69,231.99,18.04,,,337.0,54.99,16.74,19.05,,,1000.0,18.18,,60.99,29.85,347.05,,84.88
2020-08-26,44.8,,122.75,290.64,66.19,119.5,235.64,18.09,,,337.63,55.64,16.61,19.11,,,1000.0,18.19,,59.68,29.44,347.0,,86.31
2020-08-27,45.05,,122.91,291.75,65.88,120.15,237.35,18.2,,,338.03,56.0,16.71,18.99,,,1000.0,18.24,,60.06,29.88,346.9,,87.49
2020-08-28,45.1,,124.04,292.86,66.68,119.25,247.24,18.08,,,339.0,55.55,17.48,19.05,,,1000.0,18.07,,60.49,29.52,345.0,,86.03
2020-08-31,45.34,,121.03,281.97,64.62,120.5,239.57,17.99,,,326.75,54.3,16.8,18.57,,,999.99,17.56,,59.6,29.24,344.53,,87.22
2020-09-01,45.46,,122.15,283.04,64.41,122.99,239.98,17.91,,,332.48,54.11,16.69,18.48,,,999.99,17.53,,59.79,28.75,344.0,,87.58
2020-09-02,45.0,,122.75,287.43,65.48,121.54,240.65,18.02,,,341.04,55.2,16.72,18.72,,,999.99,17.69,,59.8,28.75,344.0,,89.06
2020-09-03,44.44,,122.73,288.73,66.16,123.51,237.12,18.36,,,337.44,55.18,16.57,18.52,,,999.99,17.93,,60.2,28.21,345.0,,89.46
2020-09-04,44.72,,121.12,282.51,65.08,119.5,231.9,18.11,,,335.55,53.95,16.11,18.2,,,999.99,17.63,,59.7,29.09,342.91,,84.86
2020-09-07,44.75,,121.27,281.93,64.82,120.9,231.37,18.1,,,328.44,54.4,16.09,17.99,,,1000.0,17.46,,59.52,29.0,342.72,,83.35
2020-09-08,44.82,,120.85,279.54,64.06,119.29,229.01,18.54,,,326.31,54.99,15.85,17.7,,,1000.0,17.39,,59.68,28.95,342.0,,83.48
2020-09-09,44.94,,120.34,279.7,63.29,113.85,224.24,18.35,,,323.6,53.19,15.33,17.48,,,1000.0,17.24,,59.4,28.45,341.99,,82.44
2020-09-10,45.22,,121.94,282.1,63.98,115.0,226.36,18.3,,,331.86,54.0,15.63,17.56,,,999.99,17.7,,59.5,27.91,337.68,,82.19
2020-09-11,45.17,,122.13,284.3,64.26,115.05,226.57,18.71,,,334.0,54.59,15.83,17.47,,,1000.0,17.62,,59.56,28.0,338.0,,82.23
2020-09-14,45.03,,122.13,284.13,66.68,116.6,222.75,19.55,,,333.25,55.02,15.77,17.5,,,999.99,18.59,,60.14,28.87,339.99,,80.98
2020-09-15,45.56,,122.9,287.49,67.22,117.98,226.24,19.8,,,335.78,55.25,15.72,17.51,,,1000.0,18.29,,60.12,28.6,335.5,,81.34
2020-09-16,45.38,,123.71,288.26,67.27,118.0,227.26,19.77,,,331.56,54.69,15.73,17.38,,,999.99,18.44,,60.5,28.2,333.07,,82.89
2020-09-17,44.98,,122.72,288.01,67.04,119.67,224.32,19.94,,,330.39,53.97,15.52,17.25,,,999.99,18.24,,61.0,27.91,333.0,,80.86
2020-09-18,45.32,,122.66,288.73,66.91,118.74,221.33,20.06,,,332.62,54.89,15.26,17.42,,,1000.0,18.46,,60.65,28.8,333.0,,80.21
2020-09-21,45.0,,119.92,280.98,64.53,116.75,215.07,19.82,,,326.28,53.63,14.64,17.0,,,1000.0,18.09,,59.95,28.23,328.17,,77.94
2020-09-22,44.26,,118.91,275.9,63.88,115.24,213.11,19.95,,,320.81,53.06,14.42,16.68,,,999.99,17.73,,60.0,27.99,328.95,,80.31
2020-09-23,43.98,,118.95,275.21,63.56,119.08,213.58,19.88,,,316.1,52.99,14.19,16.51,,,999.99,17.51,,59.27,28.75,320.22,,81.27
2020-09-24,43.36,,115.76,271.05,62.75,116.96,206.8,19.05,,,310.33,51.95,13.66,16.05,,,999.99,17.2,,58.41,26.63,322.0,,78.93
2020-09-25,43.62,,117.87,276.97,63.58,118.4,211.1,19.7,,,317.41,53.44,14.02,16.27,,,1000.0,17.54,,59.79,27.25,326.99,,80.06
2020-09-28,43.31,,119.75,281.34,64.99,116.0,218.15,19.79,,,321.6,52.65,14.51,16.84,,,999.99,17.97,,60.0,26.93,326.24,,81.75
2020-09-29,44.15,,119.82,281.11,65.03,114.72,215.74,19.85,,,321.15,53.7,14.19,16.61,,,999.99,17.72,,60.2,26.97,321.66,,82.37
2020-09-30,44.18,,119.93,282.18,65.14,115.5,215.94,20.0,,,317.91,53.66,14.07,16.43,,,1000.0,17.85,,60.2,28.19,328.54,,81.92
2020-10-01,44.1,,121.61,283.81,65.76,120.0,223.71,20.2,,,319.55,53.53,14.21,16.47,,,1000.0,17.97,,60.12,27.89,324.07,,82.77
2020-10-05,44.18,,122.38,284.16,65.72,116.29,224.68,20.87,,,323.24,53.99,14.14,16.46,,,1000.0,17.98,,61.4,28.49,325.03,,81.49
2020-10-06,44.61,,124.03,285.71,66.17,122.0,229.33,21.01,,,321.99,53.47,14.29,16.43,,,1000.0,17.98,,61.98,27.67,322.26,,82.6
2020-10-07,43.95,,124.89,284.63,65.91,117.16,230.34,21.12,,,321.5,54.03,14.12,16.29,,,999.99,17.92,,61.66,27.93,318.58,,82.12
2020-10-08,44.0,,125.91,286.35,65.68,119.93,232.87,21.76,,,320.67,54.28,14.21,16.1,,,999.99,17.87,,62.36,28.46,318.25,,82.85
2020-10-09,44.4,,126.99,286.65,65.69,119.95,239.42,21.93,,,323.22,54.0,14.72,16.2,,,1000.0,17.6,,62.72,28.49,319.85,,83.5
2020-10-12,44.79,,126.96,284.67,65.09,117.57,238.27,22.31,,,322.42,54.34,14.55,16.1,,,999.99,17.55,,62.56,29.05,314.97,,84.66
2020-10-13,44.72,,127.02,284.54,65.77,117.7,236.51,23.71,,,318.35,54.0,14.51,16.06,,,999.99,17.61,,63.24,28.99,318.88,,87.12
2020-10-14,44.15,,127.42,286.22,64.85,119.91,240.16,22.39,,,326.0,53.35,14.19,15.87,,,1000.0,17.61,,62.42,28.2,310.45,,87.38
2020-10-15,44.3,,124.81,282.45,63.64,120.5,231.93,21.68,,,317.02,53.4,14.08,15.72,,,1000.0,17.52,,62.53,27.6,300.18,,85.14
2020-10-16,44.49,,125.62,284.18,64.55,118.15,236.5,21.64,,,318.75,53.98,13.99,15.84,,,1000.0,17.56,,62.34,28.58,307.22,,85.86
2020-10-19,44.52,,126.81,286.06,64.99,117.5,243.9,21.48,,,317.89,54.16,14.46,16.12,,,1000.0,17.72,,62.41,28.02,314.49,,86.26
2020-10-20,44.44,,126.77,285.18,64.95,119.94,244.11,21.74,,,320.3,54.45,14.38,15.99,,,999.99,17.77,,62.85,28.79,313.19,,84.92
2020-10-21,44.79,,126.98,285.47,65.31,120.5,247.28,21.66,,,322.3,53.33,14.38,16.2,,,999.99,17.89,,63.41,28.71,311.5,,84.25
2020-10-22,44.79,,126.73,286.06,65.38,119.51,246.1,21.55,,,323.87,54.03,14.46,16.47,,,999.99,17.68,,62.84,28.65,309.3,,84.24
2020-10-23,44.65,,127.11,285.95,66.38,119.95,246.49,21.62,,,326.12,53.99,14.55,16.72,,,999.99,18.03,,62.94,28.5,317.43,,84.72
2020-10-26,44.55,,125.81,282.04,65.33,118.71,242.43,21.43,,,323.88,54.41,14.24,16.49,,,1000.0,17.82,,62.91,28.73,317.07,,83.88
2020-10-27,44.52,,126.81,287.27,65.91,117.11,248.51,21.26,,,326.27,54.34,14.26,16.54,,,1000.0,17.96,,62.55,28.6,321.13,,83.74
2020-10-28,44.61,,125.4,284.75,65.38,118.76,243.77,21.0,,,327.0,54.61,14.03,16.4,,,1000.0,17.99,,61.85,27.51,324.72,,83.88
2020-10-29,44.35,,124.72,284.55,64.98,118.52,242.44,21.13,,,322.8,54.39,13.9,16.22,,,1000.0,17.78,,61.72,28.34,320.06,,82.32
2020-10-30,44.32,,124.57,284.66,65.09,118.5,240.65,21.16,,,322.76,53.5,13.9,16.35,,,1000.0,17.82,,61.92,27.3,321.35,,82.35
2020-11-02,44.62,,124.37,285.67,65.34,118.4,250.13,20.94,,,319.63,53.5,14.26,16.52,,,1000.0,17.76,,61.73,27.65,323.0,,81.73
2020-11-03,44.8,,126.01,287.27,66.16,120.49,257.72,20.92,,,321.01,54.8,14.49,16.6,,,999.99,17.99,,62.12,28.58,327.01,,82.25
2020-11-04,44.84,,127.03,289.07,66.58,121.07,259.74,21.33,,,323.0,54.82,14.56,16.48,,,999.99,18.01,,62.53,27.81,323.17,,85.27
2020-11-05,44.92,,129.12,293.65,67.27,121.93,264.04,21.59,,,327.98,55.55,14.9,16.85,,,999.99,18.38,,63.13,28.62,325.06,,87.74
2020-11-06,45.61,,130.61,294.69,68.23,123.6,268.87,21.66,,,329.14,54.56,15.06,16.95,,,999.99,18.76,,63.32,28.2,334.5,,87.06
2020-11-09,45.83,,132.73,298.94,68.49,127.89,277.4,22.05,,,333.95,54.92,15.17,17.2,,,1000.0,18.75,,64.45,29.0,339.9,,89.86
2020-11-10,43.98,,134.72,296.89,68.24,128.08,288.14,21.21,,,348.64,55.58,15.8,17.55,,,999.99,18.54,,64.47,28.06,334.4,,86.56
2020-11-11,44.2,,135.83,300.41,68.97,125.2,290.71,21.59,,,343.78,56.3,15.65,17.78,,,999.99,18.74,,65.55,28.4,330.43,,86.38
2020-11-12,44.26,,135.26,302.39,68.77,126.99,284.77,21.57,,,346.42,56.44,15.4,17.62,,,999.99,18.67,,65.4,29.4,338.34,,87.2
2020-11-13,44.34,,135.79,304.98,69.79,128.79,286.43,21.54,,,345.69,56.6,15.43,17.7,,,1000.0,18.85,,65.72,29.49,336.1,,87.87
2020-11-14,44.71,,136.4,308.95,70.97,134.12,287.13,21.67,,,351.39,58.73,15.61,17.77,,,1000.0,19.14,,66.36,29.25,341.99,,88.41
2020-11-17,44.51,,137.39,309.23,70.86,131.08,293.58,21.72,,,350.1,57.36,15.83,17.79,,,1000.0,19.23,,66.16,29.99,342.08,,88.02
2020-11-18,44.18,,137.9,310.16,72.22,127.71,299.78,21.54,,,352.55,57.64,16.43,17.75,,,999.99,19.55,,66.24,29.36,338.77,,87.58
2020-11-19,43.83,,136.25,309.94,72.05,126.67,290.79,21.36,,,352.88,56.99,15.99,17.79,,,1000.0,19.66,,65.38,29.25,346.51,,86.75
2020-11-20,43.81,,137.0,312.72,72.91,127.06,294.63,21.52,,,355.33,56.61,16.04,18.04,,,1000.0,19.67,,65.74,29.73,348.43,,87.61
2020-11-23,43.88,,137.76,315.69,73.55,128.05,292.12,22.14,,,358.83,56.66,16.14,18.44,,,1000.0,19.97,,66.95,30.35,344.47,,87.22
2020-11-24,42.78,,139.38,316.08,73.75,130.57,298.59,22.19,,,356.03,57.85,16.3,18.58,,,999.99,20.13,,67.39,30.25,344.36,,87.21
2020-11-25,42.68,,137.39,314.16,72.7,129.41,293.79,22.03,,,352.42,57.69,16.61,18.74,,,999.99,19.87,,67.02,30.5,349.62,,87.81
2020-11-26,42.94,,138.24,315.91,73.21,132.44,297.11,22.02,,,353.42,57.59,16.94,18.82,,,1000.0,19.93,,67.13,31.0,349.93,,88.59
2020-11-27,42.84,,138.38,317.23,74.31,132.11,297.06,22.0,,,353.46,57.55,17.08,18.79,,,1000.0,20.39,,67.24,31.0,346.3,,88.99
2020-12-01,42.29,,139.79,321.77,76.03,132.26,299.43,22.22,,,360.17,58.24,17.64,19.03,,,999.99,20.89,,67.54,31.0,346.5,,89.58
2020-12-02,42.83,,139.96,324.35,76.31,131.41,296.68,22.33,,,361.79,58.49,17.44,19.39,,,999.99,20.94,,68.56,31.0,352.68,,90.65
2020-12-03,43.07,,140.12,326.14,76.58,133.66,296.19,22.36,,,364.3,58.52,18.36,19.83,,,999.99,20.85,,69.0,31.99,360.05,,91.01
2020-12-04,43.06,,141.27,327.54,76.97,134.94,301.92,22.44,,,368.33,59.86,18.73,19.99,,,1000.0,21.11,,69.15,31.95,357.5,,91.16
2020-12-07,42.76,,142.29,330.59,77.64,136.14,303.13,22.65,,,373.39,60.38,19.04,20.21,,,1000.0,21.54,,69.99,32.56,348.41,,91.09
2020-12-08,43.34,,142.86,330.71,77.49,136.66,303.45,22.84,,,372.48,61.09,20.32,19.95,,,1000.0,21.55,,70.68,32.31,347.85,,91.48
2020-12-09,43.18,,144.41,331.43,78.23,135.3,308.41,22.9,,,375.0,60.84,20.21,19.98,,,999.99,21.62,,70.81,32.0,346.07,,91.23
2020-12-10,42.65,,143.82,331.52,77.23,138.2,306.78,22.93,,,371.05,62.49,19.9,19.98,,,1000.0,21.41,,71.0,32.0,361.52,,89.2
2020-12-11,42.71,,143.93,332.59,77.55,136.76,307.99,22.81,,,373.01,63.48,20.02,20.49,,,1000.0,21.51,,70.2,34.2,355.97,,89.7
2020-12-14,42.56,,144.32,335.6,77.89,138.09,309.22,22.85,,,378.97,63.93,20.36,21.1,,,1000.0,21.58,,71.73,33.45,351.49,,89.9
2020-12-15,42.82,,144.61,332.88,78.5,139.96,308.43,22.88,,,379.08,66.37,20.1,21.15,,,1000.0,21.4,,72.17,33.72,345.85,,90.81
2020-12-16,43.33,,145.82,334.65,79.4,142.0,309.01,23.04,,,381.18,63.43,19.79,21.37,,,1000.0,21.75,,72.05,34.65,345.26,,91.65
2020-12-17,43.67,,146.56,333.65,79.34,145.5,309.99,23.06,,,381.94,63.6,19.4,21.2,,,1000.0,21.9,,72.15,34.5,334.2,,91.88
2020-12-18,43.73,,146.96,335.11,78.9,139.99,309.17,23.47,,,381.86,63.61,19.3,21.04,,,1000.0,21.65,,73.07,33.06,334.53,,92.38
2020-12-21,44.16,,142.5,325.63,75.54,146.71,296.22,23.01,,,361.14,62.82,18.02,19.72,,,1000.0,20.47,,70.82,32.75,328.02,,91.58
2020-12-22,43.7,,143.82,328.78,76.29,138.12,297.78,23.83,,,371.16,64.37,18.17,19.97,,,999.99,20.9,,71.49,34.82,330.75,,91.95
2020-12-23,43.58,,145.12,334.46,77.42,142.0,300.05,24.36,,,370.21,62.37,18.53,20.06,,,999.99,21.6,,73.05,34.71,329.81,,92.7
2020-12-24,43.73,,146.52,334.94,78.0,139.44,305.28,24.23,,,375.19,62.75,18.8,20.27,,,1000.0,21.62,,72.73,33.89,334.0,,92.02
2020-12-28,43.85,,147.78,338.36,78.9,143.98,310.1,24.32,,,380.2,63.34,19.15,20.5,,,999.99,21.56,,73.12,34.93,337.24,,92.39
2020-12-29,43.68,,148.77,338.34,78.65,144.99,314.11,24.47,,,377.74,63.14,19.36,20.32,,,1000.0,21.63,,73.27,34.6,335.21,,93.42
2020-12-30,43.58,,149.27,339.5,78.86,142.73,313.94,24.59,,,378.55,63.14,19.23,20.35,,,1000.0,21.79,,74.04,34.04,339.28,,92.78
2020-12-31,43.75,,149.07,340.27,79.51,140.28,313.54,24.54,,,379.94,63.62,19.19,20.36,,,1000.0,21.9,,73.12,33.97,354.08,,92.67
2021-01-01,43.81,,149.57,342.19,80.37,141.27,313.65,24.7,,,382.7,64.03,19.89,20.44,,,1000.0,21.95,,74.0,33.48,349.62,,93.12
2021-01-04,44.52,,150.71,346.62,81.43,145.99,314.12,25.35,,,384.77,64.21,20.1,20.82,,,999.99,22.48,,75.1,34.25,354.46,,93.26
2021-01-05,44.97,,151.3,351.38,82.28,147.26,318.73,25.95,,,388.58,64.27,20.1,20.61,,,999.99,22.49,,81.03,34.63,356.82,,91.3
2021-01-06,45.16,,151.22,353.29,82.45,146.49,319.67,25.63,,,387.04,64.67,19.97,20.92,,,999.99,23.25,,76.07,34.61,356.58,,90.72
2021-01-07,44.41,,151.2,354.73,83.02,147.05,321.08,25.44,,,391.37,65.15,20.08,21.09,,,999.99,23.12,,75.81,34.06,349.83,,90.88
2021-01-08,43.83,,152.88,357.26,84.16,148.43,321.82,26.43,,,398.06,65.85,20.06,21.48,,,1000.0,23.13,,76.95,34.98,350.45,,93.66
2021-01-11,43.03,,154.38,358.63,84.12,149.78,321.39,27.2,,,397.22,66.37,19.82,21.63,,,1000.0,23.2,,78.06,35.09,350.71,,94.6
2021-01-12,43.23,,155.32,359.83,84.18,151.38,325.24,27.15,,,402.74,66.2,20.87,21.87,,,999.99,23.26,,78.5,35.06,350.0,,93.64
2021-01-13,43.07,,155.6,356.63,84.28,151.17,327.83,27.19,,,405.21,66.39,21.68,22.01,,,1000.0,23.17,,78.64,35.13,346.92,,93.43
2021-01-14,42.7,,155.76,357.55,83.63,151.55,327.25,27.13,,,407.5,66.63,21.72,22.08,,,1000.0,23.04,,79.25,34.75,349.86,,93.42
2021-01-15,43.03,,154.11,353.76,83.31,149.9,324.31,26.8,,,410.9,66.74,21.23,21.62,,,1000.0,22.72,,78.34,34.79,347.98,,92.86
2021-01-18,42.54,,152.56,345.44,81.76,147.1,320.03,26.6,,,403.37,64.98,20.83,21.05,,,1000.0,22.42,,76.93,34.61,352.0,,92.42
2021-01-19,42.79,,155.45,353.03,83.5,149.63,326.42,26.26,,,405.09,67.64,21.28,21.31,,,1000.0,22.9,,78.05,34.71,355.0,,93.39
2021-01-20,42.99,,156.75,353.68,84.06,150.86,326.97,26.92,,,408.53,66.29,21.83,21.29,,,999.99,23.09,,78.6,34.73,358.84,,94.31
2021-01-21,43.22,,156.02,351.3,82.77,150.24,323.21,26.67,,,405.54,68.42,21.01,20.87,,,999.99,23.07,,78.12,34.73,353.67,,96.09
2021-01-22,43.04,,153.91,349.4,82.49,148.93,314.08,26.78,,,401.64,67.03,20.43,20.41,,,1000.0,22.85,,77.72,34.38,355.21,,95.97
2021-01-25,42.79,,152.46,345.01,81.58,147.6,314.15,26.28,,,394.16,67.45,20.21,20.13,,,999.99,22.58,,77.59,33.97,357.66,,97.04
2021-01-27,42.56,,149.48,341.62,80.2,144.96,304.81,26.11,,,390.04,65.2,19.92,19.97,,,1000.0,22.25,,77.11,34.11,359.19,,97.34
2021-01-28,42.54,,147.99,340.08,79.73,143.53,304.13,25.54,,,387.51,65.64,19.57,19.83,,,1000.0,22.34,,75.87,33.62,356.41,,92.95
2021-01-29,42.65,,146.1,332.79,79.78,142.01,307.06,24.95,,,382.4,63.69,19.92,19.59,,,999.99,22.5,,74.17,34.26,350.91,,93.85
2021-02-01,42.34,,152.52,341.85,82.02,147.24,332.97,25.03,,,399.36,64.79,21.37,19.88,,,999.99,22.71,,76.5,34.55,357.93,,94.09
2021-02-02,41.92,,156.1,348.99,83.75,150.69,343.96,25.68,,,412.73,66.44,22.11,20.37,,,999.99,23.05,,77.4,34.28,364.9,,96.21
2021-02-03,41.69,,157.66,350.13,84.75,152.04,348.51,25.95,,,417.29,65.97,22.67,20.99,,,999.99,23.7,,77.2,35.54,360.04,,97.58
2021-02-04,41.33,,158.69,354.44,85.96,153.92,354.21,25.84,,,420.52,66.05,24.07,21.57,,,1000.0,23.69,,78.8,35.43,361.26,,96.76
2021-02-05,41.13,,159.05,353.02,85.41,153.05,357.81,25.61,,,417.19,66.73,24.92,21.54,,,1000.0,23.53,,78.95,35.42,357.85,,97.84
2021-02-08,41.28,,161.03,356.8,86.6,155.67,361.28,26.22,,,425.36,67.86,24.69,21.74,,,999.99,23.66,,79.63,35.76,361.52,,98.44
2021-02-09,41.85,,161.23,356.19,86.75,155.99,362.02,26.07,,,426.81,66.79,24.56,21.73,,,999.99,23.83,,79.36,36.2,359.29,,98.43
2021-02-10,41.76,,161.46,357.19,87.06,155.93,360.25,26.07,,,423.26,66.81,24.66,21.64,,,1000.0,23.85,,79.46,35.99,355.84,,98.82
2021-02-11,41.76,,162.06,360.39,87.28,155.81,359.66,26.3,,,426.92,67.28,24.36,21.59,,,1000.0,23.81,,79.85,36.92,352.76,,98.57
2021-02-12,41.2,,162.17,361.95,87.09,155.89,363.78,26.38,,,426.34,67.26,24.34,21.26,,,1000.0,23.92,,79.63,36.78,357.0,,98.44
2021-02-15,41.19,,163.93,365.32,87.93,158.42,376.7,26.2,,,429.17,66.62,25.04,21.25,,,1000.0,24.07,,79.06,36.2,359.63,,98.68
2021-02-16,41.35,,163.54,366.41,88.91,157.97,373.5,25.75,,,433.71,67.45,25.26,21.94,,,999.99,24.39,,79.19,36.7,361.66,,99.47
2021-02-17,40.52,,162.59,367.25,88.8,157.64,371.57,25.58,,,435.17,65.97,26.89,22.21,,,1000.0,24.5,,78.7,36.66,364.39,,98.68
2021-02-18,40.47,,161.89,369.59,89.16,156.74,368.37,25.84,,,435.92,66.64,28.75,23.22,,,999.99,24.7,,78.68,37.72,363.98,,97.77
2021-02-19,40.1,,160.42,364.13,87.84,154.43,360.94,25.78,,,431.07,66.41,26.95,22.77,,,1000.0,24.7,,79.58,37.93,362.83,,97.9
2021-02-22,40.43,,157.18,359.57,87.46,152.12,354.58,25.12,,,423.91,64.39,26.17,22.41,,,1000.0,24.32,,77.28,35.82,360.19,,96.22
2021-02-23,40.67,,157.59,360.39,87.66,152.87,353.76,25.05,,,427.48,64.5,26.19,22.86,,,999.99,24.32,,78.02,36.68,358.21,,94.13
2021-02-24,40.62,,160.15,363.41,88.68,154.9,366.92,25.02,,,432.78,65.31,27.18,23.08,,,999.99,24.77,,78.33,36.2,362.6,,94.42
2021-02-25,40.33,,161.87,368.59,90.31,156.21,368.06,25.17,,,440.8,64.85,27.17,24.15,,,999.99,24.88,,79.21,37.39,362.29,,94.68
2021-02-26,40.25,,156.15,360.62,88.3,151.07,351.26,24.56,,,426.52,64.11,26.25,23.48,,,1000.0,24.58,,76.88,36.25,335.95,,93.68
2021-03-01,39.96,,158.01,361.41,90.39,152.18,354.96,24.79,,,434.47,64.36,25.97,24.15,,,999.99,25.13,,78.0,36.59,352.41,,95.35
2021-03-02,39.52,,159.57,368.04,91.81,154.52,355.42,25.62,,,437.87,66.22,25.99,24.25,,,999.99,25.23,,79.41,36.49,351.85,,95.48
2021-03-03,39.33,,162.98,373.09,93.0,157.15,366.11,26.01,,,442.36,65.62,26.82,24.38,,,999.99,25.86,,79.78,36.99,352.51,,94.88
2021-03-04,38.93,,161.2,374.71,93.72,156.78,360.6,25.9,,,443.98,65.53,26.65,24.17,,,1000.0,25.97,,79.99,36.96,351.93,,91.25
2021-03-05,38.67,,159.66,369.27,92.01,154.9,354.57,25.58,,,438.8,64.72,25.52,23.98,,,1000.0,25.5,,79.41,36.45,352.28,,89.3
2021-03-08,38.7,,160.04,368.33,92.44,155.54,354.72,25.63,,,444.48,64.64,26.03,24.43,,,1000.0,25.6,,79.84,37.21,349.21,,89.95
2021-03-09,38.85,,161.47,365.74,92.38,156.55,360.27,25.99,,,439.95,65.15,25.68,23.97,,,999.99,25.8,,79.98,37.49,347.51,,90.33
2021-03-10,38.95,,162.16,367.5,92.78,157.05,361.39,26.26,,,442.39,65.41,25.56,23.81,,,1000.0,25.96,,80.49,37.4,346.45,,92.01
2021-03-12,38.63,,160.63,364.85,92.52,155.9,356.16,26.22,,,440.26,65.62,25.23,23.86,,,1000.0,25.82,,80.4,37.93,346.7,,92.15
2021-03-15,39.06,,159.96,362.5,91.83,154.18,354.07,26.28,,,432.87,65.2,25.22,23.94,,,1000.0,24.97,,80.49,37.69,352.77,,92.72
2021-03-16,39.03,,159.79,362.29,92.14,154.92,350.02,26.68,,,435.52,65.67,24.99,23.95,,,1000.0,25.19,,80.99,37.71,351.87,,93.41
2021-03-17,39.14,,157.88,357.15,89.96,153.09,344.85,26.42,,,426.01,63.79,24.09,23.31,,,1000.0,25.23,,80.02,37.78,351.71,,94.08
2021-03-18,39.17,,156.12,353.87,89.92,151.21,339.81,25.64,,,421.25,64.35,23.36,23.0,,,1000.0,24.46,,78.91,37.73,353.93,,93.57
2021-03-19,39.23,,157.87,356.12,89.31,152.7,342.54,25.8,,,428.49,64.07,23.86,23.39,,,1000.0,24.49,,80.12,37.2,349.59,,92.23
2021-03-22,38.85,,157.33,359.75,89.94,153.11,337.91,26.36,,,429.81,64.99,23.64,23.33,,,1000.0,24.52,,80.63,36.67,353.0,,92.34
2021-03-23,38.92,,158.35,363.67,90.47,153.65,343.46,26.29,,,431.95,64.49,24.22,23.07,,,999.99,24.92,,80.74,36.59,349.0,,93.39
2021-03-24,38.88,,156.09,359.12,89.44,151.28,335.29,25.75,,,422.22,64.12,23.58,22.73,,,1000.0,24.72,,79.44,36.95,345.98,,93.53
2021-03-25,38.89,,153.86,351.5,88.95,149.11,333.04,25.82,,,419.48,63.68,22.93,22.17,,,1000.0,24.66,,78.12,36.04,346.35,,91.94
2021-03-26,38.79,,155.21,355.51,88.59,150.37,335.77,25.83,,,420.94,63.96,23.08,22.2,,,1000.0,24.56,,78.94,38.06,348.37,,92.06
2021-03-30,38.38,,158.42,357.58,90.41,155.98,339.73,26.84,,,429.51,64.68,23.46,22.83,,,999.99,24.78,,80.37,37.24,345.94,,93.39
2021-03-31,38.17,,157.16,359.8,91.98,156.98,334.93,26.17,,,426.55,64.53,23.67,22.66,,,1000.0,25.47,,80.7,37.35,347.27,,93.43
2021-04-01,39.1,,158.7,362.9,92.5,152.23,341.52,26.32,,,430.31,65.42,24.02,22.89,,,999.99,25.33,,80.18,37.99,357.0,,95.01
2021-04-05,39.33,,156.96,359.95,90.87,152.04,328.97,26.71,,,423.63,64.95,23.23,22.69,,,1000.0,25.35,,85.94,36.79,359.91,,96.55
2021-04-06,39.49,,157.39,361.79,91.71,152.25,326.75,26.8,,,425.35,64.19,23.18,22.59,,,1000.0,25.33,,82.05,37.15,355.16,,97.7
2021-04-07,40.11,,158.82,365.6,92.3,152.0,331.62,27.11,,,432.03,65.45,23.51,22.64,,,1000.0,25.62,,82.22,36.9,361.63,,99.81
2021-04-08,40.28,,158.87,368.33,92.45,153.83,330.0,27.33,,,433.7,66.29,23.39,22.73,,47.7,1000.0,25.71,,83.29,38.08,365.0,,100.39
2021-04-09,40.45,,158.78,369.62,93.23,154.1,326.71,27.55,,,431.15,65.83,24.4,22.5,,,999.99,25.8,,83.49,36.81,369.19,,101.35
2021-04-12,40.49,,154.08,353.62,93.25,148.74,309.68,26.87,,,414.11,65.01,21.84,21.36,,47.72,1000.0,24.9,,81.53,36.9,363.46,,102.1
2021-04-13,40.51,,155.5,356.42,90.0,149.9,319.44,26.13,,,417.15,64.5,22.65,22.03,,47.7,1000.0,24.78,,80.78,36.67,362.17,,102.92
2021-04-15,40.72,,155.93,357.73,89.69,149.9,323.81,26.16,,,418.61,64.78,22.33,22.26,,47.66,1000.0,24.56,,81.15,36.78,363.7,,102.73
2021-04-16,40.83,,156.42,362.71,90.55,152.0,322.39,26.42,,,420.19,65.84,22.29,22.58,,47.65,999.99,24.82,,81.42,36.33,369.18,,102.84
2021-04-19,41.53,,154.09,356.69,89.18,149.88,314.04,26.48,,,409.23,64.14,21.33,21.71,,47.85,1000.0,24.51,,80.28,37.48,364.07,,103.73
2021-04-20,41.1,,153.29,357.82,89.32,148.38,313.09,26.1,,,409.45,64.7,21.26,21.74,,47.76,1000.0,24.6,,79.8,37.6,372.45,,103.02
2021-04-22,41.48,,154.27,358.28,89.64,149.51,318.91,26.06,,,410.02,64.05,21.39,21.82,,47.9,1000.0,24.55,,79.53,37.71,367.41,,102.91
2021-04-23,41.52,,153.86,359.16,89.91,149.5,318.1,25.83,,,408.4,63.2,21.46,22.13,,47.89,1000.0,24.69,,79.41,36.52,372.74,,101.88
2021-04-26,41.23,,155.17,360.14,90.09,150.04,323.9,25.93,,,413.32,63.21,21.89,22.35,,48.15,999.99,25.28,,79.43,36.31,367.67,,102.33
2021-04-27,41.08,,156.83,363.24,91.62,151.36,328.35,26.03,,,417.5,63.44,22.3,22.46,,48.14,999.99,25.2,,80.17,36.31,369.41,,103.23
2021-04-28,40.64,,158.9,364.59,93.01,154.48,338.39,26.13,,,421.1,64.08,22.92,22.67,,48.13,999.99,25.49,,81.18,36.77,370.27,,102.97
2021-04-29,40.72,,159.1,364.27,93.02,153.66,337.79,26.13,,,420.63,64.46,22.7,22.73,,48.09,1000.0,25.47,,81.09,36.9,373.96,,102.67
2021-04-30,40.59,,157.0,364.34,92.09,152.39,328.47,25.95,,,421.36,63.25,22.47,23.12,,48.13,1000.0,25.6,,80.0,36.52,366.94,,102.08
2021-05-03,40.69,,156.97,366.46,92.4,152.59,326.32,25.97,,,420.4,64.02,22.27,23.13,,48.15,1000.0,25.54,,80.76,37.4,373.41,,101.96
2021-05-04,40.75,,155.55,365.28,92.34,150.6,324.05,25.75,,,420.21,63.3,23.07,23.19,,48.16,1000.0,25.64,,80.18,36.6,363.66,,101.16
2021-05-05,40.53,,156.81,369.74,92.65,151.58,329.39,25.98,,,419.02,63.95,23.33,23.48,,48.13,1000.0,25.53,,81.2,37.39,373.9,,99.66
2021-05-06,40.82,,157.54,372.79,93.9,153.64,329.13,26.44,,,423.63,64.08,23.15,23.49,,48.23,999.99,25.69,,81.05,37.56,360.85,,98.77
2021-05-07,41.24,,158.53,373.81,93.53,154.5,329.98,26.46,,,425.25,64.0,23.12,23.79,,48.23,1000.0,25.92,,81.63,37.83,361.13,,99.19
2021-05-10,41.46,,159.69,378.15,93.97,155.2,332.38,26.47,,,431.14,63.67,23.47,24.72,,48.18,1000.0,26.34,,85.87,37.39,359.23,,99.33
2021-05-11,41.4,,158.94,378.68,94.92,155.2,329.3,26.32,,,434.2,63.85,23.62,25.53,,48.23,999.99,26.25,,83.74,37.32,360.28,,96.7
2021-05-12,41.39,,157.69,380.03,94.39,153.88,325.51,26.14,,,430.32,63.76,24.43,25.5,,48.22,1000.0,26.28,,81.75,37.05,354.59,,96.41
2021-05-14,41.49,,157.47,374.84,93.14,152.5,322.99,25.86,,,428.26,64.07,23.96,24.91,,48.16,1000.0,25.67,,81.88,36.81,350.86,49.88,96.27
2021-05-17,41.83,,159.52,377.68,94.08,155.0,335.38,25.94,,,430.27,64.39,24.95,25.1,,48.24,1000.0,25.93,,82.16,37.48,362.83,47.58,96.59
2021-05-18,42.09,,161.37,382.76,96.0,157.33,340.82,26.24,,,435.75,64.25,24.55,25.35,,48.27,999.99,26.32,,82.54,37.75,366.11,47.36,96.86
2021-05-19,41.94,,160.67,387.1,95.77,157.01,338.14,26.23,,,434.74,64.94,24.6,25.46,,48.23,999.99,26.47,,83.04,37.94,365.33,46.18,95.13
2021-05-20,42.13,,159.64,386.28,95.7,156.0,334.75,26.22,,,433.28,65.63,24.64,25.02,,48.23,1000.0,26.61,,82.2,37.9,356.27,46.42,95.29
2021-05-21,42.17,,162.1,386.52,96.43,157.96,347.31,26.29,,,435.85,65.31,25.51,25.05,,48.3,1000.0,26.68,,82.95,37.74,353.7,47.32,97.36
2021-05-24,42.2,,162.43,391.09,97.27,159.13,350.8,26.37,,,436.0,65.06,26.11,25.24,,48.3,999.99,26.78,,82.83,37.5,352.2,47.34,97.16
2021-05-25,42.12,,162.53,389.66,97.42,159.66,348.59,26.6,,,438.26,65.11,25.73,25.22,,48.4,1000.0,26.88,,83.63,37.26,351.99,48.41,98.43
2021-05-26,42.64,,163.46,389.5,97.5,158.73,348.9,27.19,,,438.63,66.38,25.87,24.85,,48.44,999.99,27.04,,84.35,38.3,352.1,48.39,98.55
2021-05-27,42.39,,164.12,391.54,97.93,159.3,352.59,27.37,,,438.89,65.87,26.42,24.79,,48.38,999.99,27.26,,84.36,37.88,350.38,48.37,97.86
2021-05-28,42.22,,165.02,391.68,97.96,160.06,353.6,27.33,,,443.12,66.18,26.62,24.72,,48.34,1000.01,27.54,,84.1,38.61,350.52,48.46,98.1
2021-05-31,42.59,,166.79,393.59,97.96,162.49,356.12,27.39,,,448.59,66.33,26.51,24.85,,48.32,999.99,27.14,,84.59,38.89,351.92,48.48,98.19
2021-06-01,42.83,,166.88,394.21,98.13,161.59,355.47,27.45,,,446.96,66.77,26.32,25.01,,48.3,1000.0,27.13,,84.61,38.06,352.2,48.72,98.31
2021-06-02,42.57,,167.29,401.14,98.92,163.26,355.63,27.29,,,452.35,66.26,27.17,25.26,,48.3,1000.0,27.33,,84.02,38.03,351.0,48.89,98.46
2021-06-03,42.51,,168.17,405.67,99.86,163.52,357.92,27.33,,,447.65,66.5,27.24,25.52,,48.34,1000.0,27.74,,84.59,38.83,351.71,48.95,98.05
2021-06-04,42.12,,168.15,407.16,100.86,163.71,354.71,27.38,,,458.33,66.59,27.25,25.9,,48.38,1000.0,27.7,,85.09,38.46,352.82,48.39,97.65
2021-06-07,42.28,,168.63,407.82,101.57,170.0,356.02,27.56,,,466.24,67.3,27.37,26.28,,48.38,1000.0,28.36,,85.42,39.5,354.33,48.95,98.69
2021-06-08,42.41,,168.57,410.12,102.86,164.62,352.13,28.01,,,466.7,67.4,26.89,26.19,,48.47,1000.0,28.37,,86.25,39.54,356.35,49.49,99.37
2021-06-09,42.5,,167.59,405.91,101.9,163.72,349.43,27.84,,,461.48,67.12,26.54,26.35,,48.48,999.99,28.57,,86.27,39.89,353.21,49.28,99.12
2021-06-10,42.35,,168.6,410.87,103.76,165.0,352.63,28.1,,,463.81,68.04,27.12,26.4,,48.52,999.99,28.42,,86.64,40.0,355.51,49.09,98.75
2021-06-11,42.63,,169.33,410.57,103.72,165.26,351.59,28.64,,,463.98,67.64,27.15,26.81,,48.63,999.99,28.42,,87.06,40.26,355.86,49.51,100.66
2021-06-14,42.03,,169.56,409.77,103.59,165.72,350.78,28.7,,,464.13,67.86,27.21,26.8,,48.61,999.99,28.44,,87.38,41.39,358.56,49.73,101.15
2021-06-15,42.05,,170.27,410.84,103.95,166.79,353.59,28.82,,,464.65,68.67,27.11,26.78,,48.42,1000.0,28.69,,87.55,40.5,357.28,50.6,102.19
2021-06-16,42.09,,169.69,407.46,103.23,165.41,351.31,28.8,,,458.6,68.2,26.92,26.6,,48.23,1000.0,28.5,,87.24,40.35,355.09,50.46,101.56
2021-06-17,41.35,,168.79,402.85,102.44,163.94,347.23,29.04,,,456.04,68.05,26.49,26.22,,,1000.0,28.06,,87.18,40.56,352.96,49.88,100.87
2021-06-18,40.96,,168.67,401.22,100.98,163.7,347.08,28.82,,,449.08,68.75,26.07,25.55,,48.33,1000.0,27.7,,86.65,39.97,353.85,51.61,104.23
2021-06-21,40.95,,169.07,403.34,101.79,164.07,350.13,28.77,,,455.12,68.68,27.18,25.98,,48.31,999.99,27.76,,86.93,40.14,352.67,51.56,103.41
2021-06-22,40.93,,169.41,407.23,102.21,165.09,349.04,28.95,,,458.44,69.69,27.08,26.12,,48.21,1000.0,27.88,,87.28,39.84,353.98,51.17,103.57
2021-06-23,41.0,,168.68,402.86,102.12,164.56,347.84,28.68,,,456.09,68.87,26.89,26.29,,48.23,1000.0,27.81,,86.81,39.91,351.16,51.63,104.13
2021-06-24,40.9,,169.68,401.57,101.72,164.86,350.42,29.35,,,451.27,68.64,26.71,26.17,,48.26,1000.0,27.84,,87.62,40.59,353.7,52.3,104.97
2021-06-25,40.95,,170.4,403.96,102.65,165.43,354.99,29.62,,,453.21,69.75,27.5,26.18,,48.19,999.99,28.06,,88.25,40.16,352.93,53.49,105.34
2021-06-28,40.82,,169.85,403.91,102.99,165.95,355.24,29.53,,,453.36,68.99,28.12,26.42,,48.12,999.99,28.2,,88.28,40.02,360.58,53.86,105.41
2021-06-29,40.73,,169.33,405.16,102.38,165.48,352.73,29.45,,,451.71,69.6,27.68,26.21,,48.18,999.99,28.24,,87.95,39.98,358.54,54.68,106.47
2021-06-30,40.52,,169.13,403.46,102.99,164.82,350.29,29.62,,,450.94,68.88,27.58,26.1,,48.1,999.99,28.2,,87.57,39.81,355.99,54.66,107.2
2021-07-01,40.91,,168.92,403.25,102.98,164.49,349.66,29.47,,,449.75,68.99,27.51,26.25,,48.14,1000.0,28.13,,87.93,40.5,355.32,54.65,107.25
2021-07-02,41.15,,169.34,403.63,103.36,163.66,350.53,29.46,,,450.25,68.61,27.67,26.16,,48.15,1000.0,28.21,,87.77,40.24,355.24,54.84,107.79
2021-07-05,41.2,,170.13,405.01,103.35,164.84,353.9,29.41,,,452.05,69.55,27.76,26.36,,48.12,999.99,28.45,,88.42,40.77,359.39,54.66,108.33
2021-07-06,41.61,,170.17,405.86,103.35,165.0,357.43,29.11,,,452.08,69.59,27.53,26.19,,47.93,1000.0,28.12,,87.57,40.26,358.34,54.82,108.13
2021-07-07,41.72,,170.46,406.72,104.54,165.49,359.2,29.18,14.49,,454.51,69.34,27.62,26.19,,48.01,1000.0,28.56,,87.29,40.16,359.61,55.26,108.74
2021-07-08,41.74,,169.47,406.55,104.09,164.93,355.2,29.16,14.32,,451.0,69.45,27.13,25.98,,48.15,1000.0,28.33,,87.12,40.26,357.53,53.98,108.19
2021-07-09,41.58,,169.07,408.04,104.35,164.7,353.5,29.09,14.42,,452.31,69.19,26.98,26.03,,48.2,1000.0,28.57,,87.12,39.7,355.86,53.66,108.56
2021-07-12,41.5,,169.04,408.46,104.55,163.98,354.18,28.94,14.42,,450.53,69.4,27.05,26.12,,48.21,1000.0,28.94,,87.04,40.36,352.77,54.38,109.26
2021-07-13,41.52,,170.17,407.09,105.04,164.63,358.38,28.88,14.5,,454.09,69.1,27.14,26.26,,48.19,1000.0,29.11,,86.6,40.36,353.92,54.88,109.61
2021-07-14,41.64,,170.6,407.01,105.35,165.28,358.57,29.65,14.54,,455.15,69.1,27.17,26.39,,48.3,999.99,29.01,,87.92,40.01,354.0,55.03,110.07
2021-07-15,41.98,,171.28,408.4,105.52,166.62,361.29,30.09,14.53,,456.63,68.44,26.99,26.1,,48.25,999.99,29.07,,88.22,40.83,352.87,55.06,109.6
2021-07-16,41.85,,171.41,409.76,106.72,166.85,360.06,29.78,14.68,,458.72,69.29,26.95,26.13,,48.26,1000.0,29.16,,88.49,40.46,352.84,54.44,109.02
2021-07-19,41.62,,169.77,408.03,105.62,165.04,353.8,29.71,14.72,,457.72,68.98,26.61,26.12,,48.41,1000.0,29.16,,88.3,40.91,354.77,53.63,107.95
2021-07-20,41.69,,168.54,405.31,104.41,163.62,347.13,29.59,14.54,,456.49,68.75,26.11,25.8,,48.41,1000.0,28.55,,87.84,40.35,352.76,53.45,107.71
2021-07-22,41.3,,170.36,409.74,104.53,165.05,349.43,30.09,14.64,,461.92,69.36,26.21,26.05,,48.32,999.99,28.69,,88.87,41.0,355.04,53.92,109.05
2021-07-23,41.36,,170.57,410.01,105.17,165.56,352.31,30.33,14.66,,462.11,69.79,26.46,25.97,,,1000.0,28.86,,88.78,41.34,355.3,54.26,110.05
2021-07-26,41.4,,170.28,412.14,105.62,165.84,351.52,30.49,14.65,,461.11,71.05,26.31,25.98,,48.38,999.99,28.97,,88.53,41.05,346.11,54.38,110.85
2021-07-27,41.35,,169.68,409.71,104.9,164.16,350.06,30.42,14.09,,456.44,69.78,26.42,25.88,,48.32,1000.0,28.82,,87.99,40.63,333.51,53.64,111.12
2021-07-28,41.37,,169.34,411.14,105.41,164.65,348.26,30.49,14.03,,458.13,68.97,25.83,25.82,,48.34,999.99,29.01,,88.43,40.97,332.04,53.1,110.37
2021-07-29,41.68,,169.95,410.78,105.25,165.89,349.21,30.85,13.98,,456.07,68.8,26.69,25.79,,48.36,999.99,28.94,,89.14,41.29,333.39,53.84,110.4
2021-07-30,41.92,,169.69,413.46,106.47,165.7,348.29,31.06,14.43,,461.02,69.5,26.61,26.02,,48.35,1000.0,29.18,,89.31,41.2,331.96,53.41,109.51
2021-08-02,41.53,,171.0,416.48,107.5,166.29,349.3,31.33,14.44,,464.41,69.48,26.79,26.0,,48.36,999.99,29.7,,90.09,41.35,334.27,53.74,110.58
2021-08-03,41.48,,173.27,418.2,107.41,168.67,353.94,31.63,14.59,,469.91,70.16,26.33,26.11,,,1000.0,29.58,,90.73,41.8,331.18,53.74,110.05
2021-08-04,41.53,,174.67,415.86,106.87,169.33,362.16,31.57,14.61,,467.14,69.46,27.25,26.03,,48.32,1000.0,29.25,,90.78,41.8,335.2,53.52,110.45
2021-08-05,41.56,,175.13,416.09,106.84,170.55,361.08,31.82,14.66,,469.46,70.17,26.61,25.94,,48.36,999.99,29.17,,91.3,41.66,334.15,53.45,110.53
2021-08-06,41.3,,174.85,417.23,107.12,171.1,361.25,31.91,14.59,,469.21,70.7,26.66,26.11,,48.3,999.99,29.32,,91.22,41.8,334.7,53.74,111.24
2021-08-09,40.36,,175.41,415.48,106.04,169.46,362.01,32.0,14.57,,464.95,71.43,26.26,25.73,,48.37,1000.0,29.03,,91.44,41.81,331.13,53.54,110.82
2021-08-10,40.22,,175.63,412.56,105.21,169.7,362.56,32.25,14.51,,461.66,70.54,25.61,25.31,,48.4,1000.0,28.76,,91.27,41.81,332.27,53.48,111.53
2021-08-11,40.26,,175.37,410.3,104.08,169.57,360.55,32.05,14.36,,464.81,70.17,25.72,25.77,,48.38,999.99,28.66,,91.62,41.54,333.5,53.33,110.9
2021-08-12,40.56,,176.17,413.47,105.03,170.08,361.93,32.72,14.2,,467.43,70.22,25.99,26.22,,48.4,1000.0,28.94,,92.48,42.01,330.63,53.09,110.32
2021-08-13,40.5,,177.94,413.6,105.86,172.28,363.78,33.32,14.14,,471.36,70.65,26.03,26.1,,48.4,1000.0,28.92,,93.5,42.4,331.25,53.15,110.88
2021-08-16,40.78,,178.6,414.36,105.12,173.26,363.13,33.19,14.05,,474.59,70.7,25.8,25.93,,48.44,1000.0,28.84,,93.39,42.51,332.06,52.87,111.44
2021-08-17,41.18,,178.91,415.9,105.15,172.92,361.36,34.05,14.1,,471.78,71.1,25.41,25.73,,48.47,1000.0,28.82,,93.71,43.0,331.11,52.32,111.01
2021-08-18,41.03,,178.76,418.32,105.32,173.31,358.57,34.05,14.16,,475.21,70.56,25.41,25.57,,48.59,999.99,28.98,,93.96,43.12,331.28,51.33,109.82
2021-08-20,40.97,,177.32,413.03,104.1,171.79,352.95,33.94,13.8,,465.02,71.84,24.57,24.99,,48.59,1000.0,28.92,,93.29,42.79,320.19,50.94,109.75
2021-08-23,41.01,,178.1,411.24,103.54,172.37,354.05,34.59,13.8,,461.37,72.71,24.45,24.82,,48.59,999.99,28.33,,93.52,42.8,326.71,51.47,111.19
2021-08-24,41.18,,179.46,414.51,103.52,173.75,359.54,34.29,13.97,,468.83,71.73,24.79,25.16,,48.57,999.99,28.43,,94.11,43.1,326.84,52.69,112.48
2021-08-25,41.04,,179.47,414.99,104.2,173.25,358.55,34.59,13.91,,470.37,72.05,24.89,25.39,,48.61,999.99,28.59,,94.41,43.25,329.01,53.14,113.02
2021-08-26,40.8,,179.52,417.73,104.35,173.2,359.43,34.68,13.82,,467.16,71.84,24.7,25.17,,48.6,999.99,28.71,,94.17,43.15,328.09,53.12,112.69
2021-08-27,40.86,,180.24,422.04,105.98,174.84,359.97,34.88,13.97,,473.27,72.88,24.83,25.38,,48.6,1000.0,28.93,,94.77,43.29,328.37,53.03,112.61
2021-08-30,41.01,,182.57,428.2,107.72,176.38,366.45,34.66,14.31,,479.2,72.95,25.35,25.8,,48.7,999.99,29.53,,95.16,43.75,326.38,53.04,112.49
2021-08-31,40.83,,184.55,433.88,108.71,178.19,367.16,35.04,14.36,,486.17,73.73,25.48,25.93,,48.72,1000.0,29.6,,95.48,43.68,330.35,53.48,113.54
2021-09-01,40.83,,184.31,438.14,109.34,179.07,369.47,34.78,14.36,,489.48,75.13,25.73,25.95,,48.7,999.99,29.87,,95.65,44.03,332.65,53.42,113.07
2021-09-02,40.92,,185.96,438.75,110.58,178.69,371.29,35.21,14.55,,494.76,75.79,25.62,26.0,,48.78,999.99,30.13,,96.03,43.96,334.08,54.19,113.09
2021-09-03,40.92,,186.91,445.58,110.69,181.29,370.95,35.52,14.52,,498.3,76.01,25.82,26.38,,48.83,999.99,30.33,,96.95,44.55,329.57,54.01,112.96
2021-09-06,41.21,,187.55,445.33,111.26,181.83,369.43,36.04,14.57,,502.64,76.46,25.74,26.27,,48.95,1000.0,30.79,,97.59,44.64,331.76,54.13,113.4
2021-09-07,41.06,,187.17,443.55,110.84,182.13,367.48,35.61,14.47,,503.45,76.35,25.42,26.09,,48.81,1000.0,30.75,,96.91,44.5,334.97,54.32,113.5
2021-09-08,40.88,,187.14,444.72,110.67,181.69,370.24,35.33,14.41,,501.88,76.25,25.58,26.38,,48.83,1000.0,30.92,,96.5,44.6,329.67,55.03,113.77
2021-09-09,40.79,,187.42,447.57,111.5,181.81,368.96,35.41,14.39,,502.06,76.56,25.7,26.6,,48.85,1000.0,30.95,,97.04,44.63,330.7,54.74,113.34
2021-09-13,40.72,,187.11,449.39,112.22,182.3,367.25,35.77,14.43,,502.91,77.0,25.55,26.74,,48.85,1000.0,30.87,,97.4,44.91,330.19,54.51,112.25
2021-09-14,40.73,,187.54,450.74,113.74,182.78,368.41,35.99,14.47,,505.17,77.38,25.58,26.97,,48.83,999.99,31.3,,98.0,44.83,329.73,54.33,112.35
2021-09-15,40.96,,189.01,451.83,114.75,183.99,370.96,36.64,14.49,,511.53,77.89,26.32,27.98,,48.83,999.99,32.22,,98.74,45.65,325.68,54.09,112.21
2021-09-16,40.52,,190.22,455.26,115.05,184.95,378.91,36.57,14.55,,510.73,78.48,27.78,28.03,,48.91,1000.0,31.97,,99.79,45.61,326.84,54.12,112.06
2021-09-17,40.2,,189.82,452.75,113.75,184.06,379.57,36.37,14.45,,512.16,78.83,26.98,27.74,,48.89,1000.0,30.83,,99.99,45.53,319.55,54.08,112.08
2021-09-20,40.17,,187.86,444.26,111.86,182.82,374.07,36.12,14.2,,506.7,78.32,25.83,27.45,,49.01,1000.0,30.95,,98.6,45.02,309.29,53.43,110.26
2021-09-21,40.23,,189.66,448.01,111.8,181.46,374.98,36.66,14.15,,510.61,79.16,25.85,27.79,,49.02,999.99,30.72,,100.09,45.2,319.29,52.79,109.23
2021-09-22,40.6,,189.69,450.22,114.0,184.4,372.75,37.15,14.44,,514.63,78.94,25.8,28.0,,48.95,999.99,31.34,,100.12,46.36,316.08,53.07,109.28
2021-09-23,40.34,,192.29,453.2,115.34,185.02,379.96,37.53,14.41,,519.95,79.55,26.22,28.53,,48.94,999.99,31.75,,101.35,46.13,317.24,53.32,110.37
2021-09-24,40.05,,192.63,451.34,114.51,186.07,380.54,37.81,14.37,,519.19,79.27,25.76,28.24,,48.92,1000.01,31.48,,101.67,45.69,315.46,53.34,110.63
2021-09-27,40.01,,192.79,449.26,114.53,186.75,383.83,36.78,14.24,,519.91,79.24,25.79,28.45,,48.85,999.99,31.69,,100.16,45.54,315.67,53.2,110.95
2021-09-28,39.94,,191.44,447.44,113.83,184.75,382.85,35.96,14.26,,521.15,78.86,26.25,29.4,,48.89,1000.0,31.52,,98.74,45.91,316.78,53.19,109.36
2021-09-29,40.02,,191.15,444.74,114.22,184.41,381.1,36.05,14.45,,524.38,78.44,26.88,30.71,,48.87,999.97,31.76,,99.09,45.74,319.02,52.91,108.52
2021-09-30,39.72,,190.11,444.29,114.71,184.47,377.46,35.7,14.53,,522.98,77.97,27.15,30.52,,48.85,1000.0,31.89,,99.74,45.62,316.32,52.61,108.44
2021-10-01,40.21,,189.22,443.55,115.13,183.24,375.26,35.43,14.58,,519.62,77.7,27.29,30.58,,48.92,1000.0,32.01,,99.12,45.43,317.45,52.2,107.53
2021-10-04,40.24,,191.03,449.68,116.84,184.93,379.12,35.78,14.88,,526.99,78.38,27.91,31.01,,48.89,1000.0,32.41,,99.93,45.69,312.14,52.29,107.81
2021-10-05,40.35,,192.2,453.59,117.61,187.36,380.53,36.2,14.83,,530.01,78.33,27.75,31.75,,48.87,999.99,32.46,,100.64,45.78,313.01,51.7,107.06
2021-10-06,40.45,,190.19,449.97,116.6,184.79,377.58,35.62,14.54,,525.66,77.7,27.17,31.49,,48.86,1000.0,32.57,,99.55,45.8,311.63,51.95,106.59
2021-10-07,40.55,,191.82,454.31,118.7,186.72,380.04,36.28,14.55,,529.06,78.78,27.42,31.22,,48.88,999.99,32.72,,100.49,46.08,315.23,52.88,109.35
2021-10-08,40.54,,192.58,453.08,118.86,186.99,380.25,37.03,14.54,,532.7,79.16,27.86,31.05,,48.84,1000.0,32.96,,100.94,46.12,319.7,53.39,109.37
2021-10-11,40.7,,193.09,454.76,119.32,187.04,384.82,35.87,14.62,,534.27,79.32,28.1,31.97,,48.88,1000.0,33.15,,100.32,46.14,321.77,53.63,109.38
2021-10-12,40.84,,193.66,457.96,120.25,187.8,387.25,35.56,14.59,,532.68,80.06,28.96,31.84,,48.88,1000.0,33.53,,100.18,46.24,320.51,53.5,109.56
2021-10-13,40.92,,195.56,462.96,121.9,189.58,388.18,35.87,14.75,,541.47,80.66,29.09,31.84,,48.94,999.99,34.01,,100.84,46.29,322.17,53.27,108.54
2021-10-14,41.52,,197.11,466.86,122.61,191.94,395.99,36.34,14.75,,547.1,81.68,29.59,32.06,,48.93,1000.0,34.93,,102.04,47.31,322.63,53.81,110.15
2021-10-18,40.98,,198.91,468.13,123.87,193.82,400.39,36.86,14.65,,547.71,81.42,30.87,32.55,,48.93,999.99,34.88,,103.42,47.59,323.22,54.08,111.48
2021-10-19,41.2,,198.41,463.27,121.63,192.47,399.08,37.7,14.5,,544.99,79.64,29.65,31.91,,48.88,999.99,34.5,,102.84,47.44,324.7,56.05,112.5
2021-10-20,41.06,,197.3,453.34,118.73,190.02,398.62,37.41,14.28,,539.7,79.08,30.1,31.31,,48.9,999.99,33.41,,101.24,46.84,324.77,56.7,113.44
2021-10-21,41.17,,196.08,450.88,117.94,188.9,403.6,36.62,14.22,,535.28,78.21,30.93,31.19,,48.9,999.99,33.0,,100.0,46.2,324.08,56.31,113.17
2021-10-22,41.29,,195.68,444.26,117.16,188.04,406.14,36.09,13.94,,532.06,77.25,30.87,30.66,,48.95,1000.0,32.83,,98.92,45.75,324.88,56.72,113.46
2021-10-25,41.58,,195.71,440.17,115.6,188.83,414.63,35.51,14.1,,528.8,77.21,31.15,30.85,,48.93,1000.0,32.15,,98.39,45.25,324.04,56.52,113.58
2021-10-26,41.66,,197.13,445.46,116.89,189.99,413.72,35.92,14.03,,534.58,76.38,31.42,31.01,,48.97,999.99,33.66,,98.4,45.62,324.4,57.7,114.93
2021-10-27,41.33,,196.54,447.72,117.26,189.94,411.67,36.19,14.07,,532.99,76.85,32.01,30.72,,48.99,1000.0,33.06,,98.69,45.73,324.92,57.32,115.02
2021-10-28,41.57,,193.68,441.56,115.58,186.4,398.0,35.75,13.92,,527.13,76.34,30.49,29.72,,48.98,1000.0,32.3,,97.19,44.85,321.84,56.92,115.24
2021-10-29,41.5,,191.16,440.75,115.7,185.04,394.62,35.24,14.05,,521.65,76.3,30.85,29.56,,48.96,1000.0,32.01,,96.01,44.6,323.94,57.28,115.73
2021-11-01,41.28,,193.84,445.76,116.8,187.67,400.98,35.97,14.05,,532.95,76.9,31.26,29.95,,48.97,999.99,33.0,,98.07,44.9,323.54,57.94,117.29
2021-11-02,41.45,,193.1,447.05,118.49,186.88,402.5,36.03,14.07,,530.61,77.11,31.86,29.96,,48.98,999.99,32.94,,97.85,45.51,326.96,59.18,117.26
2021-11-03,41.1,,192.58,448.25,118.22,186.88,395.95,35.89,13.89,,534.51,76.33,31.79,29.77,,49.05,1000.01,33.11,,98.04,45.2,323.82,58.41,117.57
2021-11-04,41.36,,193.59,452.12,119.06,193.02,397.69,36.1,14.05,,554.53,77.68,32.28,29.92,,49.05,999.99,33.73,,99.64,46.63,323.15,59.91,120.09
2021-11-08,41.5,,195.37,456.9,120.27,188.43,397.48,36.5,13.88,,545.76,77.84,33.01,30.55,,49.17,999.99,33.38,,98.68,46.19,317.96,60.85,119.71
2021-11-09,41.67,,194.88,459.53,121.68,188.19,396.21,36.65,13.93,,545.97,78.49,33.14,30.6,,49.13,999.99,33.67,,98.99,45.95,321.48,59.48,119.41
2021-11-10,41.79,,194.66,460.65,121.29,188.96,392.2,36.59,14.0,,549.5,78.48,32.44,30.44,,49.16,1000.0,33.74,,98.42,46.2,315.89,58.49,118.2
2021-11-11,42.7,,193.25,458.82,120.14,187.78,388.61,36.28,13.79,,544.3,78.24,31.86,30.2,,49.22,1000.0,33.87,,98.17,45.41,318.75,58.6,118.36
2021-11-12,42.45,,195.46,463.63,121.13,190.15,390.09,37.05,13.78,,551.68,78.95,31.7,30.14,,49.16,999.99,33.54,,98.97,46.08,319.47,58.85,117.8
2021-11-15,42.65,,195.52,465.75,121.15,190.09,389.79,37.24,13.97,,553.58,79.65,31.38,30.27,,49.13,999.99,33.53,,99.96,46.53,322.29,59.45,118.88
2021-11-16,42.8,,194.47,464.81,121.26,189.14,385.59,37.43,13.9,,547.08,79.72,30.72,30.08,,49.17,1000.0,33.6,,99.39,45.92,321.34,59.42,118.62
2021-11-17,42.54,,193.53,464.27,120.86,188.27,383.83,37.41,13.7,,541.75,80.69,30.73,30.11,,49.19,1000.01,33.66,,99.69,46.47,320.29,59.44,119.42
2021-11-18,42.61,,192.14,457.67,119.0,186.2,382.82,36.86,13.54,,537.99,79.61,30.73,29.72,,49.21,1000.0,33.45,,98.21,45.71,322.3,59.07,118.74
2021-11-22,42.23,,188.53,449.14,115.81,183.12,374.57,36.43,13.33,,526.7,79.24,29.35,29.18,,49.26,1000.0,33.34,,96.99,44.8,320.96,59.75,121.29
2021-11-23,41.34,,189.4,455.67,117.56,185.46,374.92,36.32,13.55,,534.82,78.66,30.04,29.94,,49.24,999.99,32.67,,97.46,45.28,318.86,58.34,119.81
2021-11-24,41.2,,188.25,453.43,117.11,183.51,376.43,35.79,13.5,,532.19,78.72,30.16,30.42,,49.23,1000.0,32.68,,96.48,45.09,321.17,58.02,119.46
2021-11-25,41.3,,189.51,457.11,117.76,184.0,376.64,36.03,13.59,,541.2,78.08,29.94,30.63,,49.23,1000.0,32.47,,97.04,44.98,318.96,58.89,120.76
2021-11-26,41.77,,184.51,446.01,114.29,179.41,363.31,35.44,13.93,,517.87,76.69,28.7,29.5,,49.36,1000.0,31.99,,94.61,44.15,314.92,58.17,119.24
2021-11-29,41.62,,184.55,439.54,113.12,179.37,362.68,35.61,13.71,,517.74,76.09,28.14,29.08,,49.36,999.99,31.42,,94.64,43.57,313.46,58.01,119.52
2021-11-30,41.51,,183.7,439.74,114.36,179.07,359.61,35.95,13.79,,514.15,76.75,27.98,29.39,,49.37,999.99,31.44,,94.89,44.32,306.22,58.62,120.35
2021-12-01,41.21,,185.72,440.95,114.29,179.5,366.53,36.32,13.56,,517.0,76.46,28.73,29.6,,49.37,999.99,31.42,,95.6,43.98,308.51,58.59,120.9
2021-12-02,40.98,,187.99,444.57,115.91,181.85,367.98,36.84,13.6,,523.45,76.74,28.97,30.15,,49.35,999.99,32.08,,97.19,44.3,310.03,57.38,118.16
2021-12-03,40.92,,186.0,444.6,116.32,181.01,365.16,36.76,13.52,,519.89,76.64,28.81,29.98,,49.33,999.99,32.2,,96.64,44.85,311.9,56.61,118.39
2021-12-06,41.3,,183.01,436.51,114.71,178.42,360.58,35.73,13.3,,509.98,75.18,28.31,29.52,,49.33,1000.0,32.35,,94.7,44.03,306.21,55.16,116.57
2021-12-07,41.22,,185.71,442.31,116.06,179.96,369.8,35.97,13.3,,516.48,75.11,28.99,29.95,,49.3,999.99,31.83,,95.79,44.51,311.42,56.81,119.28
2021-12-08,41.47,,188.48,447.85,117.57,182.57,376.23,36.68,13.46,,523.63,76.04,29.63,30.08,,49.38,999.99,32.58,,97.31,44.63,312.32,57.39,121.11
2021-12-09,41.35,,189.14,448.08,117.99,183.98,374.15,36.67,13.48,,526.56,76.59,29.73,30.08,,49.42,999.99,32.59,,97.69,44.94,314.73,57.72,121.39
2021-12-10,41.27,,189.09,450.84,119.16,183.22,374.41,36.63,13.55,,526.95,77.19,30.52,29.97,,49.41,1000.0,32.89,,98.25,44.9,314.64,57.61,120.86
2021-12-13,41.55,,187.9,448.92,119.29,182.79,372.86,36.83,13.52,,524.57,76.69,30.13,29.87,,49.39,999.99,33.02,,97.75,45.3,318.67,57.77,121.98
2021-12-14,41.55,,187.33,450.01,118.89,181.39,372.14,36.78,13.6,,523.37,76.3,29.87,30.11,,49.44,1000.0,32.96,,97.67,45.09,312.98,56.21,120.15
2021-12-15,41.47,,186.25,446.31,118.33,181.01,371.18,36.56,13.55,,520.19,75.9,29.54,29.92,,49.38,1000.0,32.79,,97.2,45.09,310.6,56.17,119.16
2021-12-16,41.72,,186.62,445.56,117.48,181.28,368.28,36.86,13.42,,518.84,75.82,29.21,29.87,,49.38,999.99,32.58,,97.33,44.87,313.38,56.9,122.1
2021-12-17,42.14,,183.77,434.83,114.61,181.13,358.67,37.47,13.28,,509.1,74.5,28.17,29.51,,49.38,1000.0,31.91,,97.14,44.5,309.06,55.17,118.28
2021-12-20,41.86,,179.93,422.66,111.2,173.8,348.15,36.75,13.24,,494.16,73.06,26.93,28.56,,49.26,1000.0,31.48,,95.02,43.34,307.13,54.13,116.68
2021-12-21,41.69,,181.45,428.88,112.54,176.29,348.35,37.49,13.32,,501.33,73.99,26.83,28.85,,49.27,999.99,30.99,,96.94,43.95,304.24,54.25,117.27
2021-12-22,41.52,,183.33,435.41,113.73,178.14,352.89,37.83,13.55,,507.42,74.46,27.4,29.02,,49.28,999.99,31.21,,97.34,44.26,303.22,55.43,118.54
2021-12-23,41.69,,184.1,438.75,115.1,179.1,353.97,38.11,13.64,,511.25,74.73,27.81,29.64,,49.27,999.99,31.42,,98.72,44.38,302.45,55.97,119.78
2021-12-24,41.71,,183.45,436.33,114.09,178.7,350.07,38.7,13.55,,506.73,74.74,27.29,29.19,,49.21,1000.0,31.41,,98.64,44.74,303.09,56.25,120.54
2021-12-27,41.59,,184.55,437.55,114.43,179.38,352.44,38.83,13.71,,507.77,74.4,27.27,29.17,,49.33,999.99,31.57,,98.95,44.82,301.82,56.27,120.75
2021-12-28,41.61,,186.3,441.06,115.15,180.62,354.38,39.2,13.82,,513.75,75.1,27.55,29.52,,49.22,999.99,31.98,,100.02,45.24,301.2,56.87,122.08
2021-12-29,41.5,,186.12,440.13,115.93,180.97,353.06,39.17,14.08,,511.74,75.56,27.71,29.42,,49.2,1000.0,31.85,,99.63,45.28,297.59,56.37,122.42
2021-12-30,41.22,,186.14,437.16,115.89,180.37,354.04,39.6,14.15,,510.93,75.47,27.13,29.77,,49.14,1000.0,31.68,,99.8,45.24,298.91,55.84,121.31
2021-12-31,41.48,,187.79,443.82,117.14,181.97,357.51,39.65,14.23,,517.76,76.39,27.61,29.68,,49.26,1000.0,31.87,,100.94,45.21,300.3,56.26,120.57
2022-01-03,41.73,,190.72,446.81,118.59,183.96,366.82,40.0,14.17,,521.17,76.72,28.34,30.1,,49.33,999.99,32.19,,101.78,45.69,300.75,56.02,120.27
2022-01-04,41.46,,192.46,448.53,118.82,185.49,370.85,40.14,14.02,,527.86,76.95,28.54,30.78,,49.28,999.99,32.47,,103.03,45.9,300.08,56.71,121.47
2022-01-05,41.56,,193.34,447.16,118.63,187.32,379.09,39.53,14.05,,528.66,77.02,28.93,30.81,,49.23,999.99,32.47,,101.76,46.15,298.41,55.87,119.54
2022-01-06,41.24,,191.92,446.91,118.71,184.88,378.19,38.93,13.99,,527.11,77.17,29.08,30.81,,49.21,999.99,32.43,,101.42,45.77,296.18,54.21,115.81
2022-01-07,41.09,,192.42,450.07,119.21,185.84,380.31,39.05,13.87,,527.16,77.75,29.29,31.09,,49.27,1000.0,32.68,,101.36,46.09,296.99,54.42,116.71
2022-01-10,41.07,,194.35,450.82,119.68,188.17,385.71,39.08,13.93,,532.45,78.4,30.01,31.32,,49.18,999.99,32.91,,102.35,46.35,298.98,54.03,115.06
2022-01-11,41.21,,194.69,451.75,119.94,188.42,386.43,39.39,13.93,,533.95,78.14,29.96,31.32,,49.15,1000.0,32.89,,103.0,46.22,298.84,54.02,114.93
2022-01-12,41.33,,196.2,453.29,121.0,189.58,389.69,39.42,13.84,,542.75,78.03,30.12,31.72,,49.2,1000.0,33.17,,103.62,46.35,302.26,54.63,115.64
2022-01-13,41.42,,197.0,456.34,121.74,190.06,387.29,39.47,14.06,,546.77,78.3,30.38,32.01,,49.28,999.99,33.37,,103.66,46.62,302.89,55.16,116.27
2022-01-14,41.53,,197.36,457.28,122.0,190.93,386.81,39.69,14.04,,548.29,78.1,30.33,32.05,,49.2,999.99,33.57,,104.32,47.0,301.82,53.79,114.17
2022-01-17,41.53,,198.03,459.07,122.12,190.88,385.3,39.64,13.93,,551.86,79.17,30.31,32.22,,49.18,999.99,33.7,,105.18,47.34,303.38,53.83,114.46
2022-01-18,41.52,,195.97,451.5,120.23,188.58,384.67,39.0,13.77,,542.56,77.93,29.94,31.79,,49.13,1000.0,33.26,,103.11,47.31,303.43,53.69,113.67
2022-01-19,41.6,,194.18,451.3,119.75,187.81,383.18,38.17,13.7,,539.92,76.71,30.48,32.07,,49.29,999.99,32.98,,102.46,46.98,303.1,53.09,112.81
2022-01-20,42.05,,192.18,450.95,119.27,185.51,381.48,37.57,13.52,,539.11,76.41,30.48,32.29,,49.25,999.99,33.11,,101.38,46.02,307.24,52.75,112.08
2022-01-21,41.84,,190.64,443.54,117.3,183.63,377.88,36.71,13.3,,531.66,75.87,29.56,31.78,,49.23,1000.0,32.63,,100.39,45.62,308.37,51.89,108.49
2022-01-24,42.04,,185.79,427.95,113.45,179.57,372.15,35.73,13.07,,516.07,73.75,28.94,31.4,,49.32,1000.0,31.11,,97.79,44.67,304.82,50.45,107.27
2022-01-25,42.06,,187.07,431.48,114.07,180.53,380.4,35.6,13.14,115.77,520.93,74.83,30.14,31.98,,49.32,999.99,31.51,,98.48,44.5,306.28,48.39,106.32
2022-01-27,41.82,,185.33,423.39,112.78,179.48,381.77,34.44,12.91,114.37,516.06,73.48,31.67,31.85,,49.32,1000.0,31.04,,96.85,44.5,301.42,48.34,105.88
2022-01-28,41.43,,185.1,428.74,114.16,178.75,379.85,34.72,13.06,115.38,517.89,74.16,31.52,32.31,,49.21,1000.0,31.32,,97.34,44.54,303.49,47.9,105.24
2022-01-31,41.25,,187.63,432.31,115.4,181.45,382.9,35.7,13.24,117.42,526.58,75.03,32.53,32.71,,49.38,1000.0,31.97,,98.34,45.22,307.14,49.09,107.46
2022-02-01,41.55,,189.7,437.22,117.6,183.33,387.41,36.28,13.46,116.64,529.56,76.02,32.39,32.65,,49.21,999.99,32.19,,99.98,45.92,307.48,51.49,110.16
2022-02-02,41.51,,192.12,444.11,118.48,185.41,395.92,36.69,13.68,116.83,532.67,76.52,33.46,32.8,,49.21,999.99,32.64,,101.31,46.15,309.87,52.93,112.63
2022-02-03,41.56,,190.01,441.72,117.26,184.17,393.66,35.95,13.65,117.43,526.42,76.3,33.3,32.46,,49.21,1000.0,32.26,,99.93,45.91,306.12,51.2,109.57
2022-02-04,41.6,,189.59,441.53,116.49,184.1,390.84,35.86,13.64,115.94,524.11,75.78,32.6,32.28,,49.04,1000.0,32.22,,100.02,45.68,311.08,50.02,108.7
2022-02-07,41.63,61.77,186.34,438.62,115.59,180.77,383.06,35.39,13.44,114.42,519.26,74.78,33.01,32.57,,49.12,1000.0,32.08,,98.78,45.52,309.6,50.1,108.2
2022-02-08,41.82,62.28,186.81,437.12,114.54,180.23,383.3,35.4,13.45,114.15,518.37,74.78,33.14,32.22,,49.13,999.99,31.63,,98.73,44.86,311.4,49.59,107.91
2022-02-09,41.99,62.77,189.03,441.94,115.73,182.45,389.23,35.82,13.63,116.56,522.74,75.35,32.86,32.4,,49.37,999.99,31.94,,99.43,45.07,310.0,50.43,109.85
2022-02-10,42.17,62.8,190.11,443.19,116.02,183.49,393.32,36.09,13.66,116.98,524.67,75.92,32.91,32.75,,49.66,999.99,32.0,,100.27,45.63,312.43,51.12,110.8
2022-02-11,42.19,62.36,188.0,437.15,113.95,182.22,388.0,35.23,13.58,115.84,517.29,74.84,32.29,32.5,,49.79,1000.0,31.61,,98.64,45.09,313.11,50.6,108.76
2022-02-14,42.96,64.09,182.59,422.79,109.6,176.63,372.2,34.73,13.32,111.26,502.37,73.09,30.45,31.77,,49.86,1000.0,30.37,,96.64,44.58,313.05,48.99,106.68
2022-02-15,42.72,63.19,187.59,430.73,111.66,181.22,384.28,35.69,13.36,115.14,516.35,75.17,31.55,31.82,,49.88,999.99,30.83,,98.71,44.68,310.44,50.08,108.94
2022-02-16,42.64,63.24,187.14,431.66,111.59,181.5,381.55,35.58,13.49,115.29,517.57,75.11,31.22,31.95,,49.81,1000.0,31.02,,98.92,44.76,311.48,50.19,109.77
2022-02-17,43.39,63.87,186.93,431.25,111.41,181.1,377.93,35.44,13.42,115.18,516.57,75.48,30.84,32.15,,49.84,1000.0,30.78,,98.71,44.3,312.37,50.11,107.96
2022-02-18,43.18,63.79,186.64,428.06,110.97,180.86,378.88,35.33,13.3,114.54,513.88,75.05,30.84,31.87,,49.84,1000.0,30.69,,98.73,45.05,311.72,50.14,108.3
2022-02-21,43.1,63.42,186.29,423.06,109.91,179.97,379.51,35.19,13.12,114.13,510.12,74.6,30.41,31.68,,49.87,1000.0,30.02,,97.92,44.74,309.43,48.43,103.43
2022-02-22,43.38,64.29,185.27,421.72,108.91,178.83,377.01,34.92,13.02,114.12,505.91,73.93,29.85,31.7,,49.68,1000.0,30.06,,97.07,43.9,303.98,48.18,101.63
2022-02-23,43.09,64.08,185.05,425.67,108.59,178.91,377.26,34.9,13.07,113.69,505.77,74.3,30.19,31.46,,49.77,1000.0,29.85,,96.68,44.02,307.1,48.43,102.57
2022-02-24,44.62,66.98,178.36,403.3,103.59,171.31,359.59,33.43,12.59,109.08,487.87,72.22,27.93,30.11,,49.61,999.99,28.63,,92.7,42.7,303.72,44.81,98.36
2022-02-25,43.62,64.68,180.85,416.95,107.12,174.39,367.65,34.23,12.98,109.54,491.07,73.25,29.01,31.47,,49.69,1000.0,30.05,,94.83,44.65,304.13,46.78,103.31
2022-02-28,43.59,64.85,181.84,420.93,108.13,175.15,364.89,34.71,13.05,109.54,501.31,73.13,29.1,32.36,,49.68,1000.0,29.86,,96.0,43.1,298.91,47.26,104.01
2022-03-02,44.39,67.09,180.1,420.1,107.97,174.54,356.38,34.6,12.76,105.53,498.19,72.57,28.81,33.17,,49.4,999.99,30.08,,95.39,44.23,297.34,47.26,104.95
2022-03-03,44.4,67.48,178.86,421.24,107.7,173.47,350.75,34.97,12.73,103.12,496.02,71.65,28.58,33.88,,49.26,999.99,30.21,,96.42,44.17,296.45,48.38,105.79
2022-03-04,44.65,67.52,176.26,410.29,105.44,170.84,346.74,34.99,12.67,99.71,486.62,69.75,28.15,33.14,,49.51,1000.0,29.12,,95.42,44.34,291.58,47.33,104.29
2022-03-07,46.0,70.37,172.33,403.97,103.72,167.53,332.42,34.94,12.57,101.34,489.36,70.48,26.9,34.23,,49.17,999.99,30.36,,103.02,43.21,289.84,46.18,103.05
2022-03-08,45.93,70.56,173.4,405.75,104.2,167.72,334.16,35.76,12.88,96.07,482.64,68.45,27.45,33.95,,49.27,999.99,28.89,,96.55,44.2,280.93,45.19,103.29
2022-03-09,45.66,70.65,176.98,412.41,106.32,171.7,341.06,36.31,13.16,98.43,491.15,70.09,28.08,33.79,,49.35,999.99,29.33,,97.35,43.71,283.74,45.55,102.56
2022-03-10,44.8,68.5,179.65,418.47,107.45,174.33,347.09,36.28,13.15,100.52,497.95,71.64,28.7,33.49,,49.45,999.99,29.97,,98.38,43.88,282.17,46.35,102.8
2022-03-11,45.28,69.47,179.98,420.62,108.04,174.7,347.75,36.1,13.45,100.32,499.18,71.62,28.92,33.72,,49.36,1000.0,29.89,,98.66,44.51,281.15,45.68,102.73
2022-03-14,44.64,68.49,182.61,421.06,108.16,175.78,354.84,36.75,13.45,101.19,500.46,72.05,29.43,33.45,,49.46,1000.0,29.79,,98.99,44.79,283.06,44.17,102.65
2022-03-15,44.33,66.96,180.6,416.82,107.34,174.61,351.86,36.01,13.4,101.82,493.99,72.28,29.16,32.56,,49.46,1000.0,29.65,,97.86,44.39,280.64,42.18,99.43
2022-03-16,44.23,67.14,183.66,426.2,109.21,177.74,359.49,36.45,13.42,103.08,502.76,73.14,29.58,32.99,,49.42,999.99,30.25,,99.64,44.69,300.49,44.08,104.6
2022-03-17,44.23,67.55,186.71,431.25,110.59,180.51,366.07,36.53,13.63,105.62,514.04,74.59,29.84,33.12,,49.62,1000.0,30.61,,100.25,45.18,283.63,46.51,106.61
2022-03-21,44.14,67.35,185.38,427.59,110.13,179.34,362.88,36.29,13.64,104.98,503.54,73.85,29.55,33.23,,49.54,999.99,30.47,,99.45,45.17,303.83,49.45,107.75
2022-03-22,44.32,67.47,187.34,427.76,110.54,180.47,365.95,36.84,13.56,105.75,508.64,73.47,29.56,33.48,,49.67,999.99,30.43,,100.58,45.24,303.31,49.21,109.25
2022-03-23,44.42,67.34,186.34,428.68,110.6,179.85,363.38,36.9,13.69,105.06,509.31,73.07,29.5,33.5,,49.53,1000.0,30.47,,100.23,45.3,305.29,50.29,111.74
2022-03-24,44.58,67.52,186.09,429.8,111.61,180.25,358.2,37.31,13.77,104.64,512.11,72.98,29.37,33.95,,49.63,1000.0,30.87,,101.15,45.35,307.13,50.54,110.55
2022-03-25,44.79,68.6,185.82,428.73,111.56,178.74,356.9,36.95,13.68,104.03,511.25,72.57,29.47,33.72,,49.46,1000.0,30.9,,100.63,45.43,306.66,50.52,112.91
2022-03-28,44.49,67.35,186.32,428.28,111.34,180.14,359.75,36.92,13.63,104.3,513.36,73.11,29.74,34.01,,49.49,1000.0,30.89,,100.72,45.4,313.18,50.73,112.99
2022-03-29,44.18,66.39,187.22,430.32,111.95,181.52,360.88,36.94,13.83,104.23,517.54,73.78,29.56,33.62,,49.68,1000.0,30.86,,100.71,45.41,308.36,51.63,113.77
2022-03-30,44.11,66.65,188.91,432.97,112.84,180.86,364.99,37.29,13.8,105.44,521.8,73.86,29.84,33.34,,49.73,1000.0,31.17,,100.86,45.58,309.44,51.11,116.01
2022-03-31,44.12,66.3,188.87,434.13,113.44,182.19,365.51,37.24,13.68,105.54,522.02,73.97,29.72,33.49,,52.43,1000.0,31.28,,100.28,45.95,308.27,51.45,116.21
2022-04-01,44.57,66.72,190.47,438.27,113.98,184.07,372.85,37.21,13.67,106.88,527.35,74.56,30.76,34.51,,49.95,1000.0,31.77,,101.85,47.39,311.66,50.8,115.59
2022-04-04,44.22,66.54,195.19,447.91,115.76,188.41,387.79,37.31,13.83,108.17,535.6,75.74,31.1,34.91,,49.84,999.99,32.15,,102.41,46.73,314.67,50.9,115.85
2022-04-05,44.31,66.15,194.55,451.24,117.42,188.23,383.12,37.38,13.88,110.06,538.99,76.45,31.27,35.53,,49.88,999.99,32.91,,102.73,46.23,311.88,51.92,115.94
2022-04-06,44.49,65.98,193.0,452.3,117.87,186.63,379.13,36.72,13.84,109.12,545.07,76.59,31.83,36.14,,49.86,1000.0,32.78,,102.92,46.88,312.11,50.93,114.0
2022-04-07,44.64,66.04,191.26,451.19,117.12,185.67,378.56,36.32,13.87,108.8,535.02,76.2,31.79,36.03,,49.84,999.99,32.53,,101.74,46.88,311.73,49.29,112.91
2022-04-08,44.66,66.48,192.76,458.3,118.11,187.32,380.49,36.32,13.82,109.16,543.84,77.35,32.01,36.26,,49.72,1000.0,32.81,,102.8,47.12,312.57,49.02,113.93
2022-04-11,45.22,67.35,191.67,463.53,119.17,186.91,378.53,35.8,13.84,109.15,542.86,77.28,31.96,36.43,,49.62,1000.0,33.05,,102.16,47.01,312.33,47.38,112.16
2022-04-12,45.2,67.4,190.42,456.04,117.42,185.08,379.82,35.25,13.8,108.23,534.06,76.49,31.55,36.01,,49.25,1000.0,32.45,,100.79,46.31,312.42,46.97,111.48
2022-04-13,45.73,69.0,189.54,458.67,117.08,184.7,376.96,35.1,13.89,107.58,533.41,76.35,31.61,36.2,,48.98,1000.0,32.61,,101.08,46.34,316.31,46.85,112.07
2022-04-18,46.19,69.62,186.23,455.58,116.18,181.8,370.45,33.63,13.77,107.62,533.82,76.46,30.87,37.15,,49.1,999.99,32.18,,99.3,45.99,315.56,44.87,111.81
2022-04-19,45.98,69.6,183.68,448.99,114.1,185.18,365.57,32.59,13.65,106.97,530.53,75.55,30.66,37.22,,49.1,1000.0,31.83,,97.09,45.75,315.45,45.77,111.02
2022-04-20,45.22,68.06,185.86,450.22,115.17,181.35,365.83,32.87,13.77,108.74,538.01,76.08,30.6,37.14,,49.31,1000.0,31.87,,97.94,45.37,310.81,46.39,111.78
2022-04-21,45.21,67.46,188.1,455.31,115.79,183.79,370.64,33.43,13.89,110.87,544.46,77.01,30.84,37.61,,49.31,999.99,32.32,,99.35,45.76,308.34,45.24,110.66
2022-04-22,45.33,66.33,186.09,453.15,115.42,181.73,363.36,33.25,13.65,110.2,540.39,76.95,30.36,37.11,,49.5,1000.0,31.95,,98.18,45.16,306.97,43.2,109.94
2022-04-25,44.9,65.31,183.86,443.78,113.43,179.27,363.41,32.57,13.41,109.66,531.59,75.9,29.9,36.09,,49.87,1000.0,31.32,,96.48,44.49,305.4,42.42,107.71
2022-04-26,44.64,65.42,186.11,453.77,115.08,180.95,366.3,32.53,13.54,112.29,539.89,76.86,30.58,36.33,,49.38,999.99,32.01,,96.94,44.82,310.0,42.73,108.55
2022-04-27,44.43,64.98,184.78,448.72,113.63,180.03,363.11,32.38,13.4,112.34,535.0,76.54,30.45,36.04,,49.27,999.99,31.63,,96.73,44.57,304.54,41.67,105.62
2022-04-28,44.33,64.25,186.41,453.57,114.09,181.71,366.76,32.72,13.5,112.11,541.23,77.43,30.52,36.43,,49.29,1000.0,31.86,,97.99,45.5,306.0,42.09,107.76
2022-04-29,44.79,64.57,185.43,449.25,114.2,182.47,363.82,32.45,13.58,111.29,537.06,77.31,30.07,35.61,,49.19,1000.0,31.42,,96.73,45.93,305.12,42.35,108.32
2022-05-02,44.16,62.83,185.12,446.39,113.4,180.25,364.11,31.97,13.5,110.02,533.48,76.7,29.94,35.6,,49.26,999.99,31.36,,96.59,44.54,308.6,41.61,108.05
2022-05-04,43.98,62.63,181.05,434.46,110.91,176.42,355.56,31.6,13.2,107.48,520.71,74.73,29.13,35.84,,49.02,1000.0,30.82,,95.17,44.58,307.85,42.15,107.63
2022-05-05,44.54,63.35,181.01,435.44,111.14,176.33,354.59,32.25,13.1,107.86,519.96,74.4,28.93,35.91,,48.63,999.99,30.65,,95.39,44.65,308.04,43.08,107.95
2022-05-06,44.55,62.49,177.94,425.88,109.06,174.1,348.58,31.55,12.9,105.84,515.35,73.27,28.73,36.22,,48.44,1000.0,30.25,,95.07,45.53,305.95,41.31,104.57
2022-05-09,44.42,61.98,176.95,418.7,107.62,171.17,345.47,31.58,12.87,105.18,507.87,72.22,28.06,35.88,,48.48,1000.0,29.71,,95.22,43.9,304.74,40.85,103.18
2022-05-10,44.26,61.64,176.16,408.99,105.6,170.23,346.64,31.2,12.67,104.76,501.29,72.18,27.81,34.67,21.97,48.94,1000.0,28.98,,94.13,43.45,304.93,40.0,103.41
2022-05-11,44.06,61.36,175.34,408.39,104.51,169.78,348.5,30.88,12.63,104.44,498.69,71.36,27.66,34.49,21.87,49.24,999.99,28.9,,93.18,43.3,303.11,40.03,103.99
2022-05-12,44.02,59.99,171.72,398.34,102.25,165.92,338.19,30.64,12.49,102.71,488.96,70.45,26.33,33.92,21.88,48.99,1000.0,28.41,,91.83,43.43,297.11,38.47,101.35
2022-05-13,43.42,59.14,171.4,395.97,103.55,167.2,335.01,30.42,12.74,104.73,487.38,71.19,26.21,33.81,21.78,48.98,1000.0,28.56,,91.92,42.31,300.24,38.67,103.06
2022-05-16,43.14,59.98,172.13,401.38,104.59,166.54,338.8,30.2,12.68,107.15,490.54,71.54,26.94,33.99,22.25,49.34,1000.0,28.96,,91.88,42.39,299.62,39.49,103.97
2022-05-17,43.54,61.38,176.44,410.42,107.23,170.36,345.6,30.97,12.79,109.44,502.31,73.06,27.46,35.27,22.22,48.79,999.99,29.79,,93.99,43.67,298.09,40.35,103.97
2022-05-18,43.39,61.18,176.05,412.54,106.47,170.02,345.11,30.91,12.97,109.56,499.92,73.42,27.11,34.85,22.18,48.78,1000.0,29.68,,94.34,43.58,297.81,40.06,104.26
2022-05-19,43.59,60.58,171.7,401.35,104.4,166.37,336.42,29.11,12.69,106.82,490.16,72.13,26.33,34.46,22.18,48.8,1000.0,28.88,,91.84,42.6,296.97,38.47,99.99
2022-05-20,43.92,61.9,175.92,406.25,106.4,169.88,345.28,29.57,13.09,109.24,500.66,73.65,27.02,34.98,22.2,48.94,999.99,29.36,,93.68,43.27,299.96,38.93,100.96
2022-05-23,44.25,62.02,175.53,403.96,105.37,169.9,345.0,29.86,12.99,111.18,500.93,74.2,26.95,34.2,22.07,48.74,999.99,29.43,,93.11,43.18,295.04,39.13,100.88
2022-05-24,44.07,61.36,175.09,400.46,105.37,168.4,345.43,29.31,12.79,111.28,497.17,73.31,26.95,34.01,22.07,48.81,1000.0,29.15,,91.57,42.49,299.28,37.85,99.72
2022-05-25,44.12,61.44,174.13,393.83,102.9,167.81,346.6,28.38,12.63,110.23,493.94,72.4,26.57,33.87,22.24,48.92,1000.0,28.57,,90.27,41.73,294.09,36.8,98.89
2022-05-26,43.87,61.12,175.57,398.0,104.06,168.9,354.04,28.73,12.66,111.17,492.38,72.33,27.34,34.2,22.12,48.87,999.99,28.67,,91.22,42.33,292.16,37.31,98.39
2022-05-27,44.08,62.21,177.1,400.63,105.38,170.85,359.08,29.37,12.73,113.29,494.25,73.35,27.56,33.74,21.97,48.85,1000.0,29.08,,92.1,42.65,294.2,39.53,99.41
2022-05-30,43.98,61.79,180.43,410.57,107.86,174.18,361.43,30.55,12.76,115.43,505.01,74.76,28.39,33.95,22.1,48.79,999.99,29.99,,94.26,43.57,298.58,40.99,100.54
2022-05-31,43.95,61.33,179.87,411.45,107.97,173.97,357.62,30.62,12.7,116.31,509.18,74.89,28.13,34.99,22.06,48.57,999.99,29.92,,94.35,43.73,304.15,40.72,100.81
2022-06-01,43.52,60.42,179.59,407.65,108.34,175.23,359.51,30.16,12.53,116.32,503.13,74.59,28.3,35.08,22.05,48.71,1000.0,29.9,,93.76,43.47,298.82,40.63,100.14
2022-06-02,43.98,61.61,180.68,409.56,108.77,173.74,359.49,30.74,12.57,115.02,506.71,74.59,28.64,35.29,22.09,48.69,999.99,30.11,,94.39,43.79,298.22,40.62,100.4
2022-06-03,44.15,62.13,180.21,403.96,107.35,172.51,356.01,30.79,12.5,113.36,505.37,73.81,28.25,34.93,22.04,48.62,999.99,29.79,,94.23,43.74,300.92,42.11,101.37
2022-06-06,44.0,62.18,180.15,402.63,107.12,173.61,356.47,30.76,12.5,116.12,502.42,73.58,28.13,35.07,22.09,48.56,999.99,29.55,,94.39,43.72,312.98,41.19,100.73
2022-06-07,43.86,61.6,178.56,399.38,105.93,171.7,353.39,30.28,12.37,113.96,501.72,72.81,28.07,35.68,21.97,48.59,1000.0,29.32,,93.24,43.25,301.59,40.88,100.51
2022-06-08,43.88,61.71,178.08,399.01,105.87,170.53,352.61,30.38,12.39,114.07,497.27,72.33,28.28,35.71,21.91,48.79,1000.0,29.27,,92.61,43.11,311.26,41.69,99.9
2022-06-09,43.95,61.56,179.4,401.29,106.27,172.47,353.58,30.61,12.5,114.74,502.87,72.87,28.13,35.84,21.94,48.83,1000.0,29.31,,93.54,43.11,305.67,41.83,100.92
2022-06-10,43.81,60.57,176.46,397.68,105.67,169.75,348.61,30.06,12.49,114.23,498.51,72.41,28.09,35.64,22.0,48.79,999.99,29.22,,92.62,42.93,305.1,41.13,99.45
2022-06-13,44.19,60.69,171.87,389.31,102.87,166.66,338.36,28.82,12.27,112.01,487.02,71.67,27.03,34.39,21.93,48.64,1000.0,28.14,,90.12,41.84,303.58,39.12,97.03
2022-06-14,43.57,59.77,171.3,390.36,102.51,165.21,337.16,28.83,12.3,111.67,485.45,71.6,26.98,34.71,21.81,48.64,999.99,28.25,,89.98,41.71,302.02,37.77,95.37
2022-06-15,43.61,60.46,171.1,391.23,102.89,164.97,336.55,28.74,12.37,112.65,483.56,71.69,27.0,34.18,21.86,48.56,999.99,28.33,,89.49,41.68,303.18,38.23,94.75
2022-06-16,43.72,60.71,167.56,383.18,100.63,161.78,329.41,28.01,12.14,110.16,473.29,70.9,26.32,32.83,21.58,48.47,1000.0,27.75,,87.53,40.73,299.0,37.86,94.32
2022-06-17,44.08,61.32,166.87,377.24,99.42,161.94,330.74,27.6,11.94,109.08,468.7,69.61,26.18,32.66,21.86,48.51,999.99,27.33,,86.73,40.13,300.53,37.68,96.57
2022-06-20,43.82,60.85,167.31,374.26,97.57,160.92,329.99,27.81,11.93,107.94,460.42,70.21,25.57,31.44,21.89,48.67,999.99,26.93,,86.88,40.08,302.97,38.21,92.17
2022-06-21,43.78,60.91,170.26,382.74,100.43,164.12,335.23,28.69,12.14,110.07,472.81,71.39,26.64,32.13,21.9,48.39,999.99,27.62,,88.79,40.99,300.9,38.73,92.34
2022-06-22,43.68,60.29,168.08,377.63,99.11,161.77,331.64,28.38,12.0,109.34,465.85,70.77,26.64,31.59,22.14,48.49,1000.0,27.13,,87.63,40.45,299.9,38.29,90.64
2022-06-23,43.76,60.05,169.71,380.61,100.13,162.63,334.77,28.98,12.15,114.26,467.0,71.91,26.72,31.59,21.84,48.49,1000.0,27.63,,88.83,40.9,298.38,38.5,89.97
2022-06-24,43.66,59.33,171.16,386.66,101.66,164.57,339.69,28.64,12.25,115.98,470.83,73.02,27.28,31.77,22.0,48.4,999.99,27.92,,88.46,41.06,300.09,39.91,91.53
2022-06-27,43.87,60.58,172.62,389.98,102.68,166.22,341.4,29.22,12.32,117.03,476.58,73.44,27.45,32.42,22.02,48.79,999.99,28.35,,90.39,41.74,308.21,41.09,94.45
2022-06-28,43.8,60.36,172.65,390.44,102.92,165.93,339.89,29.33,12.3,119.12,478.99,73.52,27.47,32.93,22.1,48.57,1000.0,28.4,,90.59,41.73,298.63,41.5,92.5
2022-06-29,43.76,59.3,171.86,387.38,102.75,165.21,336.09,29.01,12.27,118.81,482.24,73.42,27.22,33.31,21.95,48.62,1000.0,28.19,,90.29,41.7,297.1,40.24,89.84
2022-06-30,43.76,58.97,171.6,385.51,102.33,165.65,337.34,28.65,12.25,117.58,481.63,73.65,27.08,32.96,22.13,48.45,1000.0,28.03,,90.05,41.75,295.1,39.6,89.91
2022-07-01,44.36,57.97,171.64,390.18,102.66,165.13,339.31,28.8,12.31,118.05,471.2,74.12,27.18,31.59,22.09,48.67,1000.0,28.25,,90.63,41.73,298.5,39.21,88.45
2022-07-04,44.68,58.01,172.63,392.64,102.95,166.39,342.74,28.71,12.31,117.85,474.33,74.83,27.52,31.43,22.13,48.81,999.99,28.27,,91.36,42.07,297.94,39.58,90.07
2022-07-05,44.8,58.26,172.04,393.98,103.19,166.23,341.43,28.57,12.31,117.23,475.15,74.92,27.56,31.52,22.1,48.77,1000.0,28.25,,91.02,41.92,298.26,39.69,89.81
2022-07-06,44.17,57.35,174.12,399.68,104.77,167.7,347.2,28.88,12.41,120.17,476.01,76.97,27.83,30.91,22.24,48.94,999.99,28.79,,91.85,42.11,297.35,40.6,91.92
2022-07-07,43.59,57.27,175.54,404.42,106.37,168.53,352.96,29.08,12.46,122.05,480.31,77.21,28.85,31.5,22.23,48.91,999.99,29.32,,92.56,42.75,294.72,41.05,92.7
2022-07-08,43.57,56.69,176.28,405.25,106.48,169.85,354.65,29.14,12.6,122.09,485.43,77.77,28.94,31.88,22.18,48.83,1000.0,29.19,,93.47,43.08,297.51,41.57,94.13
2022-07-11,43.56,56.8,176.23,410.46,107.73,170.43,358.74,28.3,12.61,123.43,484.7,78.04,29.48,32.04,22.15,48.74,999.99,29.54,,92.02,42.78,297.65,41.79,93.33
2022-07-12,43.62,56.18,175.1,409.46,107.15,169.51,355.01,27.98,12.54,122.02,482.85,77.48,29.46,32.01,22.27,48.82,999.99,29.37,,91.25,42.26,293.42,40.22,91.47
2022-07-13,43.44,56.28,174.06,409.98,107.12,168.67,352.33,27.87,12.7,121.68,479.55,77.57,29.47,32.15,22.27,49.01,999.99,29.47,,91.14,42.13,292.37,40.15,91.93
2022-07-14,43.3,56.02,173.93,408.33,107.09,168.37,351.09,27.43,12.77,122.39,479.68,77.67,28.89,32.17,22.16,49.01,1000.0,29.42,,90.81,42.13,292.73,39.7,91.62
2022-07-15,43.11,54.68,175.02,411.5,107.65,169.93,351.06,27.4,12.81,124.84,485.2,78.86,28.76,32.2,22.22,49.15,999.99,29.69,,91.35,42.46,293.28,39.95,92.55
2022-07-18,43.55,55.91,177.39,416.01,109.57,171.31,357.55,28.25,12.78,125.07,489.61,79.46,29.53,32.68,22.16,49.02,999.99,30.18,,92.91,42.88,294.94,41.02,94.95
2022-07-19,43.39,55.58,177.88,419.32,110.11,172.66,360.84,28.26,12.76,126.31,494.48,79.66,30.22,32.74,22.11,49.03,999.99,30.27,,92.65,42.92,294.1,40.64,93.75
2022-07-20,43.39,55.61,179.53,420.21,109.88,174.08,362.97,29.05,12.79,126.38,496.94,80.14,30.06,32.95,22.1,49.05,1000.0,30.33,,94.14,43.72,292.95,41.53,96.04
2022-07-21,43.03,54.39,180.54,425.15,111.55,174.78,365.31,29.32,12.74,126.59,497.65,80.66,30.75,33.28,22.1,49.11,1000.0,30.77,,94.83,44.16,294.44,42.03,97.32
2022-07-22,43.69,55.17,181.89,424.63,111.81,176.19,370.9,29.19,12.67,127.31,501.83,81.14,30.89,33.0,22.12,49.21,1000.0,30.8,,94.99,44.2,293.93,42.51,97.9
2022-07-25,43.6,54.85,181.46,423.76,111.64,175.5,370.3,29.24,12.58,125.43,498.59,80.86,30.77,33.1,22.19,49.27,999.99,30.87,,94.97,44.19,294.92,42.46,96.98
2022-07-26,43.46,54.29,179.91,418.35,110.74,174.06,367.78,28.44,12.44,123.82,497.19,79.96,30.51,32.99,22.19,49.31,999.99,30.43,,93.73,43.4,293.39,41.82,95.28
2022-07-27,43.57,54.65,181.6,420.9,111.49,175.02,372.22,28.84,12.7,124.55,500.46,80.34,31.13,33.07,22.25,49.33,999.99,30.82,,94.8,44.05,294.59,41.75,95.98
2022-07-28,44.02,56.05,184.18,425.84,112.3,178.11,377.0,29.69,12.71,125.07,501.2,80.81,31.19,33.3,22.3,49.36,999.99,30.93,,96.06,44.55,293.66,42.24,97.12
2022-07-29,44.06,57.4,186.54,432.1,114.04,180.24,378.04,30.14,12.84,126.4,509.84,81.96,30.89,33.94,22.31,49.45,1000.0,31.38,,97.51,45.19,296.27,43.19,99.3
2022-08-01,44.22,57.95,188.63,437.52,115.75,182.57,382.53,30.26,12.85,130.73,517.95,82.96,31.48,34.68,22.35,49.38,999.99,32.02,,97.77,45.34,294.02,43.27,100.13
2022-08-02,44.18,57.49,188.62,439.4,116.14,183.31,384.28,30.06,12.86,131.32,518.91,83.56,32.25,34.91,22.5,49.48,999.99,32.02,,97.84,45.23,296.22,42.94,98.93
2022-08-03,44.19,56.89,189.11,437.72,115.09,182.78,383.4,30.52,12.76,130.24,518.21,83.52,32.09,34.71,22.53,49.4,1000.0,31.8,,98.02,45.34,293.84,43.22,99.67
2022-08-04,44.66,57.83,189.17,440.03,116.11,182.97,380.84,30.81,13.09,130.78,514.71,83.94,31.49,34.4,22.52,49.57,1000.0,32.0,,98.35,45.48,296.92,43.71,102.71
2022-08-05,44.72,57.37,189.25,440.19,116.28,183.59,382.74,31.03,13.05,129.44,516.19,83.92,31.44,34.44,22.57,49.3,999.99,32.23,,98.87,45.61,296.56,44.17,102.95
2022-08-08,44.62,57.69,190.79,442.15,116.68,184.92,386.46,30.98,13.03,130.68,518.08,84.19,31.3,34.91,22.42,49.15,1000.0,32.99,,99.44,45.92,294.25,44.24,102.63
2022-08-10,44.87,58.36,191.04,441.63,116.57,184.68,386.84,30.71,13.03,130.78,519.84,83.92,31.12,35.0,22.42,49.28,1000.0,32.25,,98.8,45.87,294.52,43.29,101.21
2022-08-11,44.91,58.48,192.34,444.09,117.58,186.15,393.22,31.27,13.14,130.32,519.5,83.88,31.85,34.9,22.46,49.43,1000.0,32.48,,99.84,45.98,297.45,44.64,103.55
2022-08-12,45.0,58.12,192.86,446.98,118.33,186.34,394.9,30.99,12.99,130.68,522.56,83.87,31.97,35.74,22.44,49.45,1000.0,32.75,,99.67,46.0,304.28,44.88,103.79
2022-08-16,44.65,57.67,194.09,452.75,119.81,188.09,397.06,31.01,13.05,133.62,528.2,84.87,31.84,35.87,22.59,49.42,1000.0,33.19,,100.04,46.31,287.33,45.36,105.24
2022-08-17,44.6,57.36,195.55,457.54,120.26,189.11,399.07,31.34,13.09,133.44,529.74,85.51,32.49,35.9,22.54,49.65,1000.0,33.35,,100.82,46.61,277.65,45.22,104.78
2022-08-18,44.55,56.91,195.71,460.84,120.84,190.45,401.1,31.14,13.03,132.55,534.77,86.16,32.46,35.9,22.5,49.53,1000.0,33.42,,100.63,46.57,275.83,44.76,104.19
2022-08-19,44.42,55.67,193.61,454.62,119.31,188.06,393.8,31.1,12.92,131.0,532.15,85.06,31.61,35.49,22.5,49.5,1000.01,32.78,,100.18,46.47,274.98,44.69,103.46
2022-08-22,43.99,54.91,190.95,447.21,117.22,185.13,387.38,30.5,12.73,128.55,523.11,84.17,30.93,35.24,22.53,49.53,1000.0,32.29,,99.5,45.94,277.28,43.66,102.15
2022-08-23,44.15,55.12,192.19,450.18,118.17,185.61,391.72,30.0,12.78,130.53,527.41,84.83,31.69,35.77,22.45,49.5,999.99,32.61,,99.01,45.98,271.05,43.11,101.3
2022-08-24,44.33,55.3,192.63,451.49,118.54,185.81,394.87,29.92,12.77,130.9,531.58,84.82,31.79,36.05,22.51,49.52,999.99,32.81,,99.1,45.69,270.0,43.08,99.84
2022-08-25,44.64,55.83,191.78,451.8,119.29,186.09,394.26,29.7,12.74,130.17,529.21,84.69,32.68,36.06,22.51,49.46,1000.0,32.92,,98.47,45.64,270.88,43.94,101.46
2022-08-26,44.3,55.56,191.92,454.77,119.66,186.34,394.85,29.77,12.73,130.82,533.49,84.75,33.06,36.71,22.59,49.59,1000.0,33.05,,99.12,45.97,275.68,44.49,101.54
2022-08-29,43.85,54.37,189.44,452.93,118.76,183.62,387.78,28.67,12.66,130.26,528.2,85.22,32.52,36.52,22.59,49.49,1000.0,32.7,,97.32,45.33,276.67,43.12,98.32
2022-08-30,43.9,54.36,193.92,462.18,120.93,187.68,399.95,29.41,12.82,133.66,535.24,86.87,33.29,37.09,22.68,49.61,999.99,33.36,,99.34,46.16,274.22,43.25,99.04
2022-09-01,43.35,52.27,191.82,461.19,121.25,186.7,398.11,28.92,12.69,134.13,530.63,86.77,33.59,36.75,22.64,49.62,1000.0,33.35,,98.04,45.78,272.64,41.94,95.33
2022-09-02,43.37,52.74,191.61,460.75,121.12,186.44,398.77,28.78,12.61,133.61,531.06,86.64,33.32,36.71,22.64,49.65,1000.0,33.41,,98.09,45.52,272.28,41.91,96.53
2022-09-05,43.54,53.42,192.98,461.05,121.79,186.95,402.79,28.86,12.69,133.74,535.04,86.7,33.7,37.0,22.7,49.64,999.99,33.45,,98.74,45.98,271.93,41.65,94.97
2022-09-06,43.5,53.66,192.48,464.59,122.13,186.92,401.25,28.77,12.71,133.59,538.98,86.84,33.75,37.09,22.76,49.64,999.99,34.45,,98.21,45.93,270.93,41.77,95.9
2022-09-07,43.41,53.26,192.37,466.01,122.87,187.12,399.28,28.9,12.8,132.36,540.06,86.52,33.86,37.28,22.81,49.66,1000.0,33.94,,98.7,45.95,266.19,40.86,94.77
2022-09-08,43.6,54.0,194.0,467.07,123.17,188.58,406.47,29.12,12.81,132.91,545.44,86.67,34.68,37.16,22.86,49.76,999.99,33.81,,99.22,46.13,263.14,41.3,96.26
2022-09-09,43.66,54.55,194.6,467.18,123.66,188.78,408.82,29.8,12.83,133.45,544.29,87.0,34.73,37.22,22.83,49.86,1000.0,34.04,,99.95,46.36,265.93,41.65,97.29
2022-09-12,43.6,55.53,195.64,472.03,124.63,190.39,410.22,30.23,12.87,133.92,549.37,87.42,35.22,37.2,22.82,49.89,999.99,34.37,,100.65,46.79,266.92,42.53,98.72
2022-09-13,43.5,56.74,196.95,475.24,124.95,191.62,412.96,30.21,12.88,133.89,553.33,87.74,35.18,37.39,22.82,49.94,1000.0,34.47,,100.73,47.02,265.01,42.83,99.01
2022-09-14,43.18,56.19,196.27,476.67,124.6,191.54,419.29,29.21,12.82,133.79,551.93,87.68,35.78,37.65,22.86,49.76,1000.0,34.49,,99.68,46.43,263.84,40.8,96.19
2022-09-15,43.05,56.22,195.69,480.38,125.38,190.6,417.53,28.79,12.65,134.67,554.47,87.49,35.88,38.0,22.78,49.56,1000.0,34.39,,98.74,46.32,264.9,40.81,96.9
2022-09-16,42.26,54.98,191.9,467.12,122.0,186.83,412.33,27.74,12.5,131.05,541.69,86.08,34.93,37.66,22.71,49.52,1000.0,33.56,,96.79,45.29,272.13,40.14,94.15
2022-09-19,42.34,55.91,192.75,468.16,122.0,187.0,413.35,27.82,12.49,132.04,542.15,86.56,35.69,37.41,22.72,49.54,1000.0,33.64,,97.12,45.35,258.72,40.02,93.33
2022-09-20,42.49,55.98,194.44,472.49,123.73,189.85,419.07,28.04,12.89,134.48,548.29,87.5,35.85,37.53,22.68,49.45,999.99,33.93,,97.69,45.6,260.98,40.58,94.09
2022-09-21,42.7,56.39,193.5,466.27,122.94,187.91,416.52,27.85,12.71,133.63,535.98,87.54,35.66,37.04,22.73,49.55,1000.0,33.6,,97.32,45.38,258.48,40.68,93.56
2022-09-22,42.99,57.14,192.92,468.17,123.36,187.76,411.67,27.79,12.73,134.47,535.69,88.43,35.28,36.67,22.62,49.34,999.99,33.75,,97.41,45.51,257.1,40.01,93.12
2022-09-23,42.82,56.54,189.64,459.95,121.26,184.38,401.59,27.59,12.76,132.49,523.65,87.43,33.94,35.65,22.51,49.2,1000.0,33.18,,96.26,44.99,257.57,39.5,91.38
2022-09-26,42.64,55.26,186.21,447.52,117.38,181.05,391.54,27.74,12.6,127.5,510.13,85.65,32.7,34.55,22.59,49.23,1000.0,31.94,,95.26,44.2,256.9,39.16,90.99
2022-09-27,42.42,55.04,186.05,448.54,117.01,180.76,388.72,27.99,12.74,126.67,513.4,85.48,32.57,34.62,22.56,49.28,999.99,32.12,,95.49,44.63,255.17,40.1,91.92
2022-09-28,42.3,54.02,184.47,445.5,116.74,179.34,383.17,28.06,12.79,126.52,508.06,85.7,31.91,34.43,22.62,49.24,1000.0,32.05,,95.1,44.23,252.19,38.87,90.82
2022-09-29,42.9,55.43,184.07,444.53,117.37,181.24,382.02,27.85,13.02,126.26,508.7,85.14,32.33,34.66,22.63,49.42,1000.0,32.05,,95.18,44.18,252.36,39.84,92.67
2022-09-30,43.16,56.12,186.83,447.75,119.02,181.18,391.05,27.94,13.09,128.36,518.98,86.2,33.17,34.95,22.6,49.38,1000.0,32.54,,95.78,44.81,250.51,39.13,91.06
2022-10-03,43.14,56.88,184.25,438.54,117.25,178.94,385.88,27.71,13.28,126.1,516.59,84.33,32.32,35.05,22.56,49.34,1000.0,32.07,,94.68,44.07,253.54,39.27,90.68
2022-10-04,44.05,60.22,188.29,448.83,120.43,182.19,395.52,28.41,13.36,128.3,523.68,85.74,33.31,35.78,22.67,49.43,1000.0,32.85,,96.54,45.0,253.42,39.73,92.38
2022-10-06,44.28,59.83,188.94,452.27,121.34,184.39,397.32,28.85,13.33,129.43,524.46,85.76,33.57,36.03,22.54,49.38,1000.01,33.52,,97.31,45.6,256.73,39.87,93.75
2022-10-07,44.49,60.49,189.19,451.56,121.7,183.77,396.35,28.74,13.29,129.22,526.69,85.77,33.7,36.25,22.45,49.22,1000.0,33.28,,97.48,45.54,254.83,40.19,93.68
2022-10-10,43.73,58.25,188.75,447.16,120.34,182.72,395.58,28.98,13.18,128.35,522.42,84.73,33.17,36.13,22.53,49.13,999.99,33.02,,97.29,45.52,249.51,38.35,90.49
2022-10-11,43.42,57.22,185.87,441.9,118.75,180.05,392.0,28.48,12.96,126.29,515.5,83.57,32.64,35.7,22.48,49.16,1000.0,32.47,,95.67,44.66,246.62,38.0,89.76
2022-10-12,43.59,57.15,187.21,443.06,119.28,181.61,395.87,28.62,12.98,127.4,517.85,83.95,33.07,36.4,22.5,49.21,999.99,32.5,,96.63,44.69,242.22,37.29,88.55
2022-10-13,43.69,56.88,186.23,438.77,118.57,180.11,391.61,28.46,13.01,127.03,514.57,83.5,32.6,36.18,22.48,49.3,999.99,32.29,,96.5,44.97,238.16,37.16,88.7
2022-10-14,43.26,55.82,188.02,437.14,118.53,181.27,397.86,28.93,13.08,126.39,514.18,83.37,32.79,35.99,22.5,49.22,999.99,32.41,,97.19,45.24,239.89,37.59,89.62
2022-10-17,43.24,55.52,188.83,439.66,118.69,181.69,403.65,28.96,13.11,126.85,515.04,83.51,33.77,36.23,22.5,49.42,999.99,32.29,,98.95,45.28,240.11,36.92,88.77
2022-10-18,43.12,55.86,190.64,444.42,119.91,184.71,407.21,29.26,13.11,128.69,523.61,84.64,35.15,36.62,22.51,49.37,999.99,32.78,,98.35,45.68,244.32,38.45,91.47
2022-10-19,43.19,55.71,190.83,443.72,119.99,184.64,408.01,29.06,13.11,128.54,523.96,84.69,35.01,36.37,22.53,49.33,999.99,32.7,,97.99,45.53,240.16,38.18,91.5
2022-10-20,43.04,55.81,191.44,448.14,119.61,185.52,405.96,29.4,13.19,128.53,527.22,84.82,35.62,36.95,22.54,49.31,1000.0,32.63,,98.65,45.87,240.16,38.07,90.66
2022-10-21,42.73,55.35,191.52,442.4,119.01,185.1,412.12,29.32,13.11,128.13,525.22,84.97,36.29,36.73,22.49,49.29,999.99,32.49,,98.31,45.96,239.49,37.7,89.81
2022-10-24,43.48,56.93,193.17,445.19,120.69,189.17,416.7,29.63,13.43,129.51,534.37,86.08,37.18,37.0,22.45,49.39,999.99,32.79,,99.59,46.29,235.33,38.33,91.85
2022-10-25,43.17,56.52,192.49,443.65,119.76,186.32,415.39,29.72,13.21,130.91,529.0,84.86,38.0,37.08,22.5,49.49,999.99,32.81,,99.45,46.15,224.7,38.18,91.88
2022-10-27,43.46,57.37,193.45,447.78,120.52,186.76,416.94,29.66,13.36,131.03,532.62,85.56,38.26,37.6,22.63,49.56,999.99,32.91,,99.75,46.3,222.64,37.97,91.51
2022-10-28,43.28,57.21,193.96,446.94,119.78,187.26,414.18,29.46,13.2,133.23,539.79,85.74,38.11,37.9,22.67,49.56,1000.0,32.9,,99.79,46.57,218.25,36.39,90.4
2022-10-31,43.23,57.11,196.27,449.47,120.63,189.0,417.25,29.81,13.31,135.41,545.11,86.77,38.27,38.0,22.61,49.52,999.99,33.28,,100.64,46.93,213.14,36.93,92.52
2022-11-01,43.31,58.42,197.98,454.77,122.24,190.63,417.4,30.36,13.6,135.21,548.51,87.08,38.19,38.78,22.57,49.55,999.99,33.63,,102.0,47.45,223.57,37.05,93.59
2022-11-02,43.5,58.37,197.41,453.42,122.26,190.77,415.86,30.23,13.65,134.26,546.88,86.51,37.84,38.66,22.58,49.62,1000.0,33.41,,102.04,47.21,230.09,36.62,92.68
2022-11-03,43.0,56.98,197.39,453.5,122.08,190.03,417.38,29.96,13.66,134.16,545.95,86.59,38.75,38.61,22.6,49.41,1000.0,33.67,,101.19,47.21,226.44,35.61,89.46
2022-11-04,43.29,58.32,197.77,454.38,124.66,190.6,417.0,29.82,13.58,134.03,550.34,86.55,39.12,38.48,22.44,49.56,1000.0,33.58,,101.67,47.29,232.97,34.87,88.16
2022-11-07,43.74,59.97,198.62,458.43,123.35,191.69,421.16,29.88,13.38,135.53,552.71,86.68,40.99,38.86,22.51,49.43,1000.0,33.78,,101.65,47.52,237.81,35.07,88.68
2022-11-09,43.97,60.73,198.32,457.59,122.23,190.76,422.29,29.81,13.19,134.97,548.25,86.26,42.47,38.48,22.58,49.58,1000.0,33.58,,101.65,47.37,230.54,35.0,89.0
2022-11-10,44.18,60.56,196.86,453.01,121.53,190.29,420.57,29.72,13.13,132.24,543.78,85.69,42.01,38.14,22.64,49.73,1000.0,33.19,,101.0,46.94,227.88,34.23,87.52
2022-11-11,44.76,61.58,200.22,457.46,121.46,192.63,425.93,30.77,13.16,131.95,549.12,85.68,41.8,38.22,22.74,49.99,1000.0,33.21,,102.83,47.71,240.54,36.7,91.92
2022-11-14,44.82,61.15,200.17,459.7,121.54,193.47,425.65,31.04,13.16,132.31,549.79,85.32,41.53,38.03,22.8,49.9,1000.0,33.21,,102.57,47.66,244.37,37.04,92.6
2022-11-15,45.15,61.78,200.91,460.61,121.49,193.43,428.51,31.04,13.2,132.83,552.71,85.49,41.76,38.39,22.85,50.06,1000.0,33.23,,103.29,47.83,254.51,37.6,93.14
2022-11-16,45.35,61.56,200.87,457.07,120.45,193.51,429.87,31.19,13.13,132.15,550.8,85.35,41.65,38.47,22.86,50.07,1000.0,33.11,,103.08,47.87,258.66,38.53,93.92
2022-11-17,45.17,60.58,200.2,453.61,120.09,192.46,429.55,30.92,13.09,130.9,550.55,84.62,41.99,38.5,22.89,50.06,999.99,32.95,,102.94,47.74,263.91,38.34,92.97
2022-11-18,45.26,60.82,199.92,451.32,119.64,192.44,429.45,30.87,12.95,129.34,549.52,84.22,42.66,38.09,22.85,50.06,1000.0,32.77,,102.06,47.51,255.39,38.38,93.58
2022-11-21,44.8,59.93,198.55,448.58,119.74,190.76,428.05,30.45,12.94,128.51,545.68,83.88,43.33,37.98,22.8,50.08,1000.0,32.67,,101.81,47.26,254.18,37.77,93.03
2022-11-22,44.9,60.81,199.23,449.39,119.73,191.72,428.95,30.59,12.97,128.58,548.96,83.97,44.04,38.23,22.81,50.15,1000.0,32.92,,102.18,47.43,248.39,36.96,92.24
2022-11-23,44.77,60.77,199.51,450.53,120.22,191.94,431.81,30.57,13.01,128.89,548.87,84.15,44.51,38.16,22.82,49.97,1000.0,33.1,,102.18,47.35,251.5,37.29,93.32
2022-11-24,45.04,61.46,201.72,452.33,120.7,194.1,435.16,31.35,13.02,129.54,552.75,84.57,44.83,38.6,22.86,50.17,1000.0,33.16,,103.86,48.13,250.33,38.4,94.21
2022-11-25,44.98,61.09,202.35,453.6,122.11,194.24,435.16,31.62,13.08,130.81,558.7,84.4,44.86,38.76,22.87,50.15,1000.0,33.44,,104.35,48.27,249.56,38.5,94.05
2022-11-28,45.12,61.44,203.04,454.59,122.39,194.69,435.31,31.59,13.11,131.5,563.52,84.65,44.96,38.76,22.89,50.2,1000.0,33.66,,104.07,48.29,247.39,37.81,93.32
2022-11-29,45.1,61.21,203.43,456.89,122.08,194.44,435.9,31.61,13.19,131.2,562.47,85.45,45.01,38.63,22.88,50.21,1000.0,33.55,,104.88,48.7,256.67,37.82,93.27
2022-11-30,45.1,61.32,204.7,461.27,123.42,196.11,436.93,31.63,13.26,133.69,567.74,86.27,44.43,38.81,22.91,50.21,1000.0,33.87,,104.99,49.03,259.82,37.85,92.68
2022-12-01,45.37,62.53,205.54,463.18,124.47,197.68,436.7,32.38,13.25,133.07,570.16,86.28,45.18,38.64,23.04,50.3,1000.0,34.18,,105.99,49.26,262.39,39.53,94.99
2022-12-02,45.88,63.76,204.81,463.99,125.24,196.41,435.61,32.37,13.2,132.07,569.54,85.62,45.55,38.67,23.12,50.35,1000.0,34.5,,105.88,49.07,263.26,39.88,95.16
2022-12-05,46.09,65.11,204.44,463.74,125.67,196.5,437.9,32.23,13.19,131.45,567.12,85.52,46.09,39.27,23.03,50.42,999.99,34.63,,105.71,49.28,274.93,40.38,95.25
2022-12-06,45.82,64.12,204.14,463.63,124.58,195.88,436.77,31.74,13.1,130.84,566.92,85.51,46.85,39.2,23.04,50.4,1000.0,34.47,,105.11,48.89,278.11,40.16,95.03
2022-12-07,45.84,63.83,202.87,464.55,124.28,195.24,435.34,31.46,13.01,130.25,566.04,85.65,46.83,38.84,23.02,50.36,999.99,34.27,,105.27,48.97,271.23,39.52,93.67
2022-12-08,46.06,64.56,203.62,466.47,124.59,194.96,440.5,31.4,12.87,130.59,567.08,85.55,48.67,38.7,23.03,50.25,999.99,34.32,,105.66,49.14,275.87,39.61,93.8
2022-12-09,46.11,65.28,202.48,463.87,124.31,193.81,440.98,30.44,12.9,129.95,564.7,85.46,47.77,38.43,23.01,50.31,1000.0,34.26,,104.19,48.64,279.62,39.41,93.98
2022-12-12,46.19,66.11,202.61,463.88,124.96,194.72,441.77,30.27,12.89,129.9,566.78,85.62,48.2,38.59,23.05,50.32,999.99,34.38,,103.85,48.52,280.78,39.73,93.94
2022-12-13,46.16,66.09,203.77,463.23,125.36,195.64,444.71,30.59,12.92,130.71,566.71,85.68,50.09,38.69,23.09,50.31,1000.0,34.67,,104.97,48.97,281.68,39.85,94.98
2022-12-14,46.54,66.68,204.35,465.09,125.94,195.96,444.84,30.86,12.98,131.59,569.1,85.65,50.35,39.16,23.13,50.41,1000.0,34.88,,105.68,49.05,285.14,40.42,95.89
2022-12-15,46.03,65.57,201.58,460.46,124.95,193.69,439.69,30.34,12.94,130.59,564.62,85.0,49.48,38.87,23.02,50.39,999.99,34.48,,104.09,48.63,282.92,39.48,94.61
2022-12-16,46.1,64.91,200.16,454.17,123.34,192.11,436.85,29.91,12.78,129.12,559.7,83.93,47.92,38.36,23.08,50.34,1000.0,33.94,,103.3,48.18,282.95,38.24,92.83
2022-12-19,46.42,66.12,201.67,458.98,123.84,193.57,439.14,29.78,12.79,130.94,566.18,84.92,48.12,38.68,22.96,50.39,1000.0,34.02,,103.66,48.49,278.14,38.35,92.81
2022-12-20,46.75,67.01,201.21,458.89,123.61,193.18,440.02,29.81,12.72,129.93,563.16,84.49,47.66,38.46,23.09,50.44,999.99,33.87,,103.21,48.38,270.1,37.69,91.0
2022-12-21,46.86,67.39,199.4,451.52,121.71,191.28,432.06,29.91,13.06,128.48,555.45,83.8,46.47,37.94,23.11,50.32,1000.0,33.57,,102.94,47.75,268.36,37.77,91.32
2022-12-22,46.87,66.92,198.55,448.08,120.69,190.36,430.36,29.97,12.99,126.94,551.71,83.1,45.79,37.55,23.07,50.34,1000.0,33.24,,102.2,47.74,282.09,38.08,91.38
2022-12-23,46.69,66.76,195.15,431.86,116.38,186.0,421.38,29.43,12.9,123.79,537.78,81.54,43.25,36.75,23.05,50.22,999.99,32.03,,100.61,46.74,275.18,37.1,89.83
2022-12-26,46.69,66.72,197.23,441.43,118.56,187.56,430.88,29.56,12.81,125.97,544.96,82.48,46.44,37.38,23.07,50.25,1000.0,32.91,,101.68,47.15,277.37,37.74,90.25
2022-12-27,46.87,67.97,198.0,445.01,120.25,189.64,433.18,29.85,12.78,126.46,550.41,82.77,46.72,37.69,23.02,50.27,1000.0,33.14,,102.24,47.13,282.78,37.82,90.15
2022-12-28,46.55,66.96,197.99,447.06,120.43,190.09,432.69,29.73,12.76,127.59,549.28,83.04,46.88,37.79,22.97,50.27,1000.0,33.22,,102.29,47.59,284.74,37.0,89.08
2022-12-29,46.61,66.96,198.78,447.35,121.03,190.82,436.93,29.84,12.72,127.51,549.61,83.09,47.24,37.86,23.07,50.26,1000.0,33.18,,102.35,47.51,284.95,36.88,87.9
2022-12-30,46.79,67.23,198.04,447.23,121.44,190.13,435.48,29.83,12.73,127.31,548.24,82.63,47.81,38.06,23.05,50.26,1000.0,33.44,,103.07,47.63,286.22,37.8,88.96
2023-01-02,47.17,67.67,199.34,445.65,121.91,190.9,437.18,29.87,12.68,127.88,552.54,82.37,48.24,38.48,23.05,50.24,1000.0,33.77,,102.52,47.83,289.96,38.43,89.74
2023-01-03,47.63,68.67,199.68,448.58,122.7,191.29,439.23,30.18,12.75,127.8,551.36,82.53,48.48,38.37,23.07,50.33,1000.0,33.8,,102.85,47.8,292.9,38.04,90.25
2023-01-04,48.07,68.73,197.67,443.37,121.39,189.08,435.32,29.89,12.75,126.54,546.46,81.84,47.69,37.65,23.06,50.3,1000.0,33.41,,101.54,47.45,301.72,37.37,89.01
2023-01-05,47.78,66.92,197.07,445.94,121.68,191.92,431.63,29.73,12.85,127.9,547.33,82.44,47.79,37.82,23.07,50.34,1000.0,33.47,,101.66,47.76,307.33,36.74,88.68
2023-01-06,47.5,66.88,195.72,442.45,121.18,187.67,427.41,29.18,12.78,127.67,547.05,82.03,47.44,37.59,23.01,50.29,1000.0,33.41,,101.35,47.35,301.25,36.45,87.58
2023-01-09,48.11,67.95,198.28,446.68,122.01,189.31,430.82,29.87,12.86,128.85,552.21,82.76,47.89,37.76,23.04,50.4,999.99,33.5,,102.53,48.17,302.82,36.83,89.52
2023-01-10,47.96,67.08,196.13,445.12,121.2,187.9,426.09,29.62,12.86,129.38,549.0,82.24,46.52,37.81,23.1,50.48,999.99,33.34,,102.36,47.8,305.7,36.84,89.5
2023-01-11,48.02,67.54,196.13,442.8,121.19,188.04,428.0,29.82,12.8,129.03,544.36,81.31,46.83,37.56,23.12,50.52,999.99,33.36,,102.2,47.93,305.84,37.22,89.9
2023-01-12,47.95,67.15,195.61,443.76,120.93,187.15,426.3,29.88,12.77,129.03,543.64,81.33,46.67,37.59,23.18,50.57,1000.0,33.31,,102.37,47.98,307.33,37.79,90.91
2023-01-13,48.23,67.18,196.61,445.74,120.88,188.69,429.24,30.1,12.76,129.76,543.6,81.54,47.43,37.85,23.14,50.59,1000.0,33.28,,103.27,48.34,313.79,38.16,90.77
2023-01-16,48.7,68.26,196.06,446.09,120.64,188.11,427.67,30.49,12.75,128.68,541.63,81.15,48.19,37.86,23.1,50.56,1000.0,33.2,,103.5,48.34,309.69,38.43,91.83
2023-01-17,48.5,68.05,197.47,446.3,120.2,189.42,428.04,30.62,12.76,129.34,547.89,81.52,47.23,38.11,23.17,50.54,1000.0,33.09,,104.2,48.88,307.14,38.5,92.2
2023-01-18,48.46,68.2,198.65,445.49,120.62,189.78,430.01,30.77,12.81,129.27,550.78,81.96,46.74,38.49,23.18,50.58,999.99,33.35,,104.94,49.28,307.5,38.92,92.51
2023-01-19,48.5,66.74,198.43,443.77,120.93,189.49,428.67,30.81,12.8,129.07,551.31,81.39,46.87,38.82,23.18,50.69,1000.0,33.24,,104.7,49.21,308.65,38.42,90.96
2023-01-20,48.76,67.59,197.45,442.84,120.06,188.68,430.59,30.7,12.74,128.33,547.38,80.61,46.97,39.1,23.15,50.63,999.99,33.15,,103.98,48.91,314.1,38.34,90.32
2023-01-23,48.77,67.52,198.44,443.84,120.3,190.0,433.57,31.26,12.81,129.26,545.08,81.15,47.11,39.13,23.16,50.7,999.99,33.05,,104.89,49.44,314.03,39.58,92.1
2023-01-24,48.91,67.31,198.42,442.94,119.87,189.02,432.66,31.49,12.72,130.94,541.39,81.39,46.45,38.89,23.11,50.7,999.99,33.04,,105.01,49.13,323.89,40.7,93.95
2023-01-25,48.76,67.25,196.04,431.92,118.51,187.15,422.41,31.22,12.58,130.44,534.44,80.91,44.88,38.7,23.13,50.8,999.99,32.55,,105.26,48.96,322.09,40.68,92.8
2023-01-27,48.78,67.47,193.0,415.26,118.04,183.4,409.34,30.98,12.6,131.61,528.44,80.25,42.38,38.37,23.07,50.72,1000.0,32.2,,104.4,48.54,319.88,41.82,94.67
2023-01-30,48.77,67.45,193.25,410.1,117.14,181.54,409.38,31.35,12.6,131.98,524.59,80.57,42.59,37.66,23.01,50.62,1000.0,32.04,,106.61,48.47,308.63,42.84,95.25
2023-01-31,48.67,66.98,193.44,414.68,118.45,182.96,412.38,31.0,12.48,134.49,528.51,80.24,44.29,38.26,23.03,50.62,999.99,32.49,,104.93,48.73,310.12,41.86,94.87
2023-02-01,49.41,68.71,193.13,408.42,117.7,182.54,410.42,31.23,12.46,133.1,523.79,80.14,42.05,37.64,23.18,50.75,1000.0,32.36,,105.18,49.48,317.83,42.61,95.67
2023-02-02,50.47,70.6,192.91,407.07,117.79,181.48,412.33,31.83,12.41,133.21,521.0,80.69,41.83,37.26,23.18,50.81,1000.0,32.24,,106.59,49.27,315.25,45.22,99.33
2023-02-03,49.42,68.88,195.12,405.27,117.66,183.17,419.14,31.83,12.29,135.01,523.73,81.06,43.16,37.54,23.25,50.9,1000.0,32.21,,107.03,49.49,314.17,46.96,99.69
2023-02-06,49.04,66.92,194.48,409.58,118.66,182.36,418.31,31.63,12.33,134.78,526.47,80.81,43.22,37.65,23.23,50.89,1000.0,32.46,,107.0,49.46,305.35,46.6,100.22
2023-02-07,49.07,66.81,194.04,409.1,118.5,181.86,419.37,31.54,12.31,133.69,525.96,80.64,43.2,37.78,23.25,50.91,1000.0,32.46,,105.86,49.13,310.94,46.73,100.79
2023-02-08,49.2,66.84,195.54,412.85,119.73,183.88,419.76,32.12,12.51,133.8,527.72,80.49,43.23,37.78,23.23,50.8,1000.0,32.75,,106.8,49.29,307.89,47.53,102.05
2023-02-09,49.11,66.74,195.89,409.13,119.8,183.68,420.23,32.29,12.44,133.09,527.37,80.43,43.22,37.94,23.23,50.76,1000.0,32.84,,107.29,49.38,310.16,47.22,101.73
2023-02-10,48.66,66.04,195.49,410.23,120.01,183.56,420.06,32.21,12.47,133.9,528.18,80.19,43.45,37.89,23.2,50.72,1000.0,32.92,,106.13,49.17,308.09,46.48,99.59
2023-02-13,48.67,65.62,194.6,403.47,118.53,182.62,417.34,31.61,12.43,132.67,527.84,80.15,42.37,38.17,23.16,50.68,1000.0,32.51,,106.0,49.25,309.27,45.64,99.36
2023-02-14,48.79,65.56,195.98,404.17,118.23,183.5,420.6,31.85,12.4,132.16,527.85,80.58,42.74,38.13,23.18,50.65,999.99,32.31,,106.66,49.64,306.74,46.6,100.42
2023-02-15,48.16,64.8,197.08,405.38,118.32,184.7,421.69,32.2,12.37,133.58,532.26,80.18,42.94,38.03,23.21,50.61,999.99,32.51,,107.34,49.68,301.62,47.27,100.63
2023-02-16,48.18,64.98,197.35,409.91,119.18,185.24,421.28,32.76,12.45,133.21,534.04,80.8,42.9,38.87,23.24,50.74,999.99,32.78,,107.55,49.99,310.19,47.75,101.63
2023-02-17,47.95,64.11,196.3,406.93,118.15,184.29,416.31,32.42,12.32,132.9,536.28,80.74,42.17,38.99,23.19,50.71,1000.0,32.5,,107.48,49.96,297.01,45.93,99.75
2023-02-20,48.38,65.33,195.59,406.09,118.74,183.29,412.84,32.58,12.22,132.96,536.14,80.12,41.79,38.77,23.21,50.75,999.99,32.6,,107.16,49.89,297.52,45.46,100.02
2023-02-21,48.26,65.12,195.26,405.69,118.3,183.47,411.9,32.33,12.17,132.94,535.82,79.99,41.05,39.03,23.2,50.72,1000.0,32.47,,106.89,49.62,296.57,45.46,99.75
2023-02-22,48.16,65.22,192.51,399.82,117.41,180.91,405.9,31.87,12.15,131.28,525.76,79.62,40.28,38.62,23.17,50.66,1000.0,32.01,,106.01,49.25,291.87,44.29,97.96
2023-02-23,47.86,64.53,192.01,397.89,116.97,179.91,405.81,31.83,12.13,131.24,524.71,79.05,40.46,38.64,23.23,50.73,999.99,31.96,,106.22,49.27,293.39,45.0,98.42
2023-02-24,47.78,63.9,191.46,397.42,116.64,179.76,404.68,31.76,12.16,130.21,525.8,78.66,40.1,39.05,23.24,50.67,1000.0,31.98,,105.53,49.11,291.13,44.9,98.51
2023-02-27,47.44,62.91,190.56,393.96,115.86,178.75,408.36,31.15,12.06,128.12,523.37,78.09,40.39,39.43,23.2,50.69,1000.0,31.6,,104.14,48.55,290.04,44.58,98.02
2023-02-28,47.41,62.48,189.7,394.47,116.59,178.24,408.06,30.94,11.92,128.84,521.59,77.99,40.5,39.17,23.18,50.65,999.99,31.79,,103.48,48.34,285.31,44.74,97.76
2023-03-01,47.77,63.76,191.28,398.97,118.35,179.01,412.37,31.43,11.93,130.04,523.98,78.49,41.72,39.5,23.18,50.7,1000.0,32.39,,104.46,48.71,293.31,45.39,98.18
2023-03-02,47.81,63.21,189.93,398.88,117.74,178.59,409.53,31.04,11.92,128.9,525.16,77.97,41.75,39.58,23.15,50.71,1000.0,32.37,,103.75,48.63,294.33,44.68,97.47
2023-03-03,47.82,63.54,192.51,402.8,118.56,180.55,416.96,31.14,11.94,129.28,532.88,78.55,43.86,39.71,23.16,50.66,1000.0,32.43,,104.64,48.95,298.44,44.36,97.23
2023-03-06,47.83,63.72,193.63,406.52,119.43,182.18,417.84,31.42,11.97,130.73,537.66,79.0,43.87,40.5,23.18,50.8,1000.0,32.88,,105.5,49.36,294.47,45.55,98.87
2023-03-08,47.12,61.3,193.95,406.7,119.53,182.12,419.91,31.25,11.91,131.78,539.29,78.98,44.11,40.66,23.14,50.71,999.99,32.86,,105.21,49.59,286.08,44.62,98.11
2023-03-09,47.07,60.94,192.64,404.15,119.29,181.19,417.13,31.04,11.86,129.37,537.12,78.69,43.63,40.44,23.12,50.72,1000.0,32.91,,104.79,49.34,287.54,44.62,97.78
2023-03-10,47.43,61.26,190.75,403.83,118.32,179.66,410.0,30.86,11.84,128.82,534.7,78.77,42.78,40.54,23.2,50.85,1000.0,32.65,,104.83,49.11,285.03,43.62,96.94
2023-03-13,48.82,63.1,188.12,399.34,116.23,176.52,401.21,30.53,11.75,126.28,527.17,77.79,41.54,40.07,23.25,51.03,1000.0,31.99,,104.15,48.75,281.87,43.31,95.6
2023-03-14,49.13,64.91,186.91,394.82,115.83,175.08,399.74,30.04,11.74,124.99,524.8,77.36,40.74,39.77,23.29,50.98,999.99,31.83,,102.78,48.25,278.09,43.76,96.61
2023-03-15,48.93,65.4,186.1,396.51,115.77,175.0,395.81,29.95,11.75,124.37,525.23,77.12,40.24,39.91,23.28,51.04,999.99,31.86,,102.61,48.15,280.28,45.01,98.32
2023-03-16,49.7,66.24,186.23,398.05,114.63,175.57,396.37,29.77,11.89,124.54,525.45,78.02,40.46,40.03,23.28,51.04,1000.0,31.89,,102.47,48.49,277.79,45.89,99.57
2023-03-17,49.75,65.89,187.42,401.01,116.1,176.38,399.76,29.98,11.84,124.06,529.24,77.92,40.82,40.1,23.4,51.07,999.99,31.77,,102.55,48.66,278.61,47.16,100.69
2023-03-20,50.91,67.59,186.2,398.09,114.97,175.44,397.46,29.53,11.81,122.78,525.62,78.1,40.09,39.7,23.43,51.16,1000.0,31.51,,102.38,48.46,272.95,46.68,100.52
2023-03-21,50.48,67.36,187.46,399.5,115.72,176.47,402.95,29.34,11.79,122.87,529.87,77.79,40.73,39.45,23.38,51.15,999.99,31.72,,101.71,48.3,276.09,47.25,100.76
2023-03-22,50.04,67.43,187.88,402.86,116.08,177.19,403.96,29.45,11.88,123.2,531.21,78.0,41.11,39.21,23.39,51.18,1000.0,31.76,,101.53,48.26,280.62,47.92,101.05
2023-03-23,50.36,68.26,186.91,400.3,115.56,177.01,400.22,29.17,11.89,123.49,528.61,77.96,40.32,39.19,23.37,51.24,1000.0,31.7,,101.66,48.25,282.9,47.8,101.43
2023-03-24,50.9,68.98,185.68,398.28,114.25,175.68,397.73,29.16,11.9,122.57,522.63,77.82,39.48,38.73,23.55,51.25,1000.0,31.31,,100.95,47.87,283.71,48.43,101.39
2023-03-27,50.4,68.42,186.18,395.83,113.85,175.47,398.45,29.17,12.05,121.77,522.32,77.65,39.55,38.58,23.46,51.32,999.99,31.2,,101.36,47.8,280.84,48.5,102.35
2023-03-28,50.41,68.31,185.71,392.12,113.0,174.91,400.02,28.91,12.01,120.51,516.92,77.11,39.46,38.47,23.45,51.37,1000.0,31.21,,100.92,47.64,280.31,47.78,101.28
2023-03-29,50.69,69.2,187.09,394.62,115.12,175.76,404.01,29.22,12.07,122.88,519.8,77.28,40.75,39.13,23.52,51.47,999.99,31.85,,102.13,47.79,288.26,48.45,102.99
2023-03-31,51.07,70.67,189.86,400.43,116.09,178.32,410.55,29.84,12.16,123.7,529.73,78.25,41.08,39.56,23.51,51.44,1000.01,31.95,,103.44,48.56,289.73,49.5,104.39
2023-04-03,50.8,70.39,190.56,400.92,116.06,178.6,412.37,29.82,12.2,125.51,530.13,78.47,41.49,40.03,23.46,51.39,1000.0,31.89,,103.22,48.57,289.11,50.48,104.68
2023-04-05,51.86,72.95,192.19,402.91,116.74,181.43,414.09,30.14,12.3,124.9,532.97,78.97,41.23,40.12,23.48,51.39,1000.0,32.04,,103.92,49.07,292.33,50.06,103.91
2023-04-06,51.81,73.22,192.94,404.85,117.2,181.3,414.81,30.01,12.43,125.69,535.9,79.07,41.41,39.95,23.59,51.55,1000.0,32.07,,103.88,48.95,290.07,48.77,102.82
2023-04-10,51.38,73.24,192.64,406.12,117.63,180.88,413.13,30.2,12.45,127.36,539.93,79.22,41.07,40.58,23.65,51.69,999.99,32.29,,104.3,49.1,291.6,49.09,103.65
2023-04-11,51.55,73.57,193.76,406.89,118.14,181.87,418.13,29.91,12.45,128.6,542.59,79.65,41.74,40.9,23.62,51.69,999.99,32.46,,104.77,49.27,292.11,49.41,104.14
2023-04-12,51.72,73.85,194.64,408.48,118.71,182.68,420.43,30.16,12.72,129.7,541.51,79.89,41.52,40.88,23.65,51.69,1000.0,32.6,,104.71,49.58,290.9,49.26,103.38
2023-04-13,51.94,74.86,194.77,407.48,119.38,182.83,425.4,29.59,12.62,130.42,539.8,80.02,42.02,40.84,23.69,51.73,1000.0,32.61,,104.04,49.15,289.24,48.71,102.63
2023-04-17,51.7,74.62,193.91,409.61,119.79,182.48,427.05,28.18,12.54,131.14,540.1,80.27,43.51,41.28,23.68,51.66,999.99,32.76,,102.38,48.72,292.15,49.01,103.8
2023-04-18,51.52,73.68,193.24,411.36,120.39,182.12,426.91,28.34,12.77,131.29,538.42,80.46,43.66,41.17,23.7,51.72,1000.0,33.03,,102.65,48.63,289.94,49.26,104.8
2023-04-19,51.12,73.0,192.86,407.58,120.18,180.97,425.86,27.85,12.76,131.11,536.3,80.15,43.35,40.76,23.72,51.72,1000.0,33.01,,101.72,48.47,288.0,48.7,103.75
2023-04-20,51.64,74.57,192.99,407.21,120.24,181.76,427.06,27.79,12.64,131.44,537.59,80.11,43.27,40.94,23.75,51.76,999.99,33.0,,101.73,48.45,286.02,48.48,103.61
2023-04-21,51.29,73.94,192.85,406.29,119.55,181.4,425.64,27.97,12.69,130.41,536.59,80.23,42.92,40.97,23.77,51.88,1000.0,32.9,,105.04,48.68,284.88,48.35,103.53
2023-04-24,51.26,73.67,193.95,408.51,120.04,181.97,431.09,28.16,12.59,130.18,538.67,80.4,44.01,41.07,23.81,51.9,1000.0,33.11,,102.69,48.72,283.35,48.39,103.67
2023-04-25,51.32,73.73,194.13,410.43,119.77,182.33,431.19,28.12,12.57,130.13,541.96,80.67,44.59,41.03,23.85,51.91,999.99,33.05,,102.48,48.9,278.45,47.76,103.32
2023-04-26,51.48,73.51,194.62,411.31,119.77,183.08,432.65,28.23,12.61,131.14,543.7,80.9,44.81,41.3,23.87,51.91,1000.0,33.15,,103.05,49.13,279.36,47.9,103.11
2023-04-27,51.47,73.45,195.93,413.08,120.64,184.18,434.42,28.49,12.65,131.84,546.75,81.2,44.62,41.29,23.89,51.93,999.99,33.37,,103.39,49.17,282.87,47.94,103.02
2023-04-28,51.25,73.08,197.29,418.39,121.82,185.26,436.6,28.86,12.74,132.97,554.63,82.09,46.04,41.47,23.83,51.91,1000.0,33.59,,104.42,49.64,285.44,49.14,103.97
2023-05-02,51.31,72.99,198.39,420.1,123.03,186.93,437.85,29.24,12.72,133.98,557.91,82.22,46.33,42.2,23.85,51.91,999.99,34.06,,105.1,50.11,284.49,49.46,105.11
2023-05-03,52.06,74.41,197.68,421.08,122.97,186.05,437.72,28.96,12.71,133.93,556.89,82.23,45.8,42.37,24.05,52.02,1000.0,34.0,,104.94,49.96,278.35,49.04,104.22
2023-05-04,52.51,75.15,199.44,423.84,123.72,188.04,441.18,29.08,12.78,134.25,558.86,82.57,46.34,42.35,24.04,52.04,1000.0,34.3,,105.4,50.1,281.65,48.73,103.53
2023-05-05,52.5,75.93,197.84,423.56,123.03,186.47,432.14,28.92,12.75,134.63,560.43,82.95,46.0,42.18,24.04,52.02,1000.0,34.26,,105.3,50.19,281.93,49.13,103.66
2023-05-08,52.17,75.25,199.71,427.06,124.49,187.87,437.54,29.12,12.8,137.05,565.1,83.58,45.51,42.68,24.04,52.1,1000.0,34.5,,105.7,50.33,283.25,49.75,104.74
2023-05-09,52.37,75.23,199.7,426.54,124.09,187.9,436.29,29.31,12.84,137.59,565.35,83.59,44.33,42.62,24.02,52.06,1000.0,34.34,,105.57,50.41,281.68,50.61,104.91
2023-05-10,52.43,75.42,200.0,428.27,124.6,188.17,437.22,29.33,12.84,138.69,567.25,83.64,43.76,42.95,24.02,52.05,999.99,34.46,,105.86,50.46,279.57,50.55,104.77
2023-05-11,52.37,73.89,200.35,431.66,124.96,188.24,439.39,29.36,12.72,139.59,565.19,84.18,43.91,43.07,24.01,52.08,1000.0,34.62,,105.88,50.47,280.63,51.74,106.4
2023-05-12,51.91,71.09,200.26,431.11,124.55,188.61,442.59,29.29,12.62,140.36,561.0,84.72,44.01,42.57,24.04,52.09,1000.0,34.36,,105.49,50.34,279.72,52.43,106.78
2023-05-15,52.28,71.83,201.34,433.05,124.89,189.28,445.19,29.4,12.63,141.66,563.01,85.24,44.41,42.63,24.08,52.22,999.99,34.56,,106.05,50.55,280.01,51.98,106.49
2023-05-16,52.05,71.25,200.51,433.54,125.44,188.37,444.97,29.48,12.61,140.26,561.0,84.82,44.72,42.92,24.1,52.26,1000.0,34.69,,106.18,50.77,280.0,52.14,106.63
2023-05-17,51.62,70.95,199.76,431.17,125.35,187.77,442.86,29.2,12.54,140.05,559.62,84.46,44.57,42.92,24.21,52.31,1000.0,34.59,,105.51,50.51,278.65,52.8,107.05
2023-05-18,51.59,70.67,199.05,427.18,124.66,186.96,443.79,29.14,12.38,139.18,555.35,83.91,43.86,42.52,24.16,52.32,999.99,34.48,,104.66,50.01,278.17,53.88,108.78
2023-05-19,51.44,71.21,199.82,428.76,124.67,188.08,445.57,29.53,12.28,140.88,555.06,83.92,43.88,43.06,24.18,52.35,1000.0,34.38,,104.71,50.21,276.25,55.57,111.28
2023-05-22,51.98,71.68,200.74,433.16,125.11,188.89,445.27,30.27,12.4,140.31,560.53,84.45,44.08,42.45,24.17,52.42,999.99,34.68,,106.15,50.75,278.98,55.27,110.77
2023-05-23,51.43,69.92,201.02,434.26,125.77,189.13,445.37,30.16,12.45,141.02,558.2,84.56,44.31,42.37,24.15,52.36,999.99,34.87,,106.62,50.74,279.04,55.71,111.09
2023-05-24,51.75,70.42,200.24,433.5,125.99,189.01,443.29,30.12,12.57,141.07,557.15,84.79,44.11,42.54,24.16,52.39,1000.0,34.91,,106.71,50.65,276.97,54.89,109.65
2023-05-25,51.45,69.72,200.7,435.87,126.64,189.18,442.91,30.2,12.59,141.47,559.67,85.25,43.87,42.54,24.16,52.37,1000.0,35.05,,107.03,50.89,273.96,56.09,111.29
2023-05-26,51.33,69.75,202.85,440.63,127.34,190.9,446.15,30.58,12.74,142.46,565.73,85.8,44.37,42.49,24.17,52.41,1000.0,35.37,,107.91,51.34,272.82,56.44,111.67
2023-05-29,51.18,70.2,204.14,443.11,128.09,192.26,449.93,30.54,12.76,143.36,567.87,86.5,44.59,42.41,24.16,52.36,999.99,35.66,,108.25,51.58,271.34,58.3,115.1
2023-05-30,51.14,69.96,204.36,443.38,128.31,192.36,450.81,30.6,12.74,143.3,567.66,86.8,44.6,42.46,24.17,52.37,1000.0,35.76,,108.74,51.76,269.97,59.49,115.9
2023-05-31,51.13,70.18,203.66,444.23,129.0,192.28,448.75,30.61,12.83,143.23,566.7,87.04,44.75,41.99,24.21,52.45,1000.0,35.7,,108.22,51.6,264.91,59.07,114.83
2023-06-01,50.99,70.3,202.99,446.35,129.15,191.95,445.77,30.72,12.97,144.05,563.81,87.34,45.03,41.72,24.2,52.48,1000.0,35.97,,108.22,51.65,268.61,58.57,114.0
2023-06-02,51.32,71.48,203.84,447.99,129.88,192.33,447.64,30.74,13.03,145.12,566.82,88.11,45.46,41.79,24.22,52.56,1000.0,36.08,,108.3,51.86,274.47,59.82,115.62
2023-06-05,50.72,70.63,204.28,449.08,130.17,192.58,449.24,30.63,13.07,147.28,568.5,88.31,45.31,41.96,24.21,52.5,999.99,36.11,,108.58,51.84,277.6,60.05,116.22
2023-06-06,51.07,70.73,204.04,451.11,130.09,192.96,449.85,30.08,13.19,148.89,570.8,88.17,45.18,42.03,24.22,52.51,1000.0,36.02,,107.75,51.71,272.35,60.68,116.43
2023-06-07,50.99,70.71,205.34,455.03,131.83,194.08,450.34,30.29,13.21,149.49,577.52,89.05,45.48,42.35,24.24,52.53,999.99,36.4,,108.6,52.26,274.72,61.0,116.26
2023-06-08,50.7,71.06,204.51,452.34,131.07,193.42,447.88,29.96,13.06,148.4,578.1,88.46,45.4,42.65,24.2,52.46,1000.0,36.21,,108.44,52.08,274.37,60.12,114.64
2023-06-09,50.96,72.66,204.03,452.08,131.03,193.13,447.75,29.74,13.0,147.83,574.72,88.01,44.95,42.82,24.21,52.42,999.99,36.31,,107.53,51.65,275.25,60.65,115.61
2023-06-12,50.93,72.35,204.46,453.62,131.71,192.95,447.53,30.11,12.99,148.36,579.28,88.33,45.06,42.95,24.21,52.49,1000.0,36.47,,107.98,52.22,274.71,61.38,116.86
2023-06-13,50.89,72.27,205.45,457.59,133.3,194.11,448.61,30.21,13.14,147.99,581.88,89.14,45.2,43.14,24.25,52.53,1000.0,36.78,,109.02,52.56,274.73,62.33,118.73
2023-06-14,50.56,71.48,205.85,459.05,133.73,194.67,447.89,30.16,13.12,148.19,586.62,89.32,45.13,43.42,24.23,52.51,1000.0,36.99,,109.19,52.81,273.98,62.68,119.01
2023-06-15,50.16,70.12,205.31,458.89,133.87,194.62,442.22,30.09,13.31,148.35,586.27,89.71,44.36,43.38,24.22,52.48,1000.0,37.08,,109.34,52.76,284.31,63.61,118.91
2023-06-16,50.66,71.49,206.69,463.54,134.85,195.62,446.91,30.03,13.38,149.19,589.96,90.19,44.89,43.59,24.21,52.51,1000.0,37.27,,109.71,52.85,284.54,64.55,120.81
2023-06-19,50.53,71.74,205.87,463.28,134.91,194.96,444.05,30.12,13.41,148.15,587.75,89.97,45.32,43.42,24.23,52.55,1000.0,37.38,,109.34,52.96,280.93,63.6,120.18
2023-06-20,50.49,71.45,206.5,465.4,135.56,195.59,444.8,30.33,13.39,149.08,588.22,89.91,45.42,43.75,24.2,52.51,999.99,37.52,,109.87,53.17,280.84,63.42,119.69
2023-06-21,50.09,69.36,206.87,464.38,136.58,195.89,445.54,30.39,13.4,148.96,590.83,89.54,45.59,44.04,24.18,52.5,1000.0,37.78,,109.62,53.28,277.55,63.08,119.92
2023-06-22,49.86,68.09,206.24,458.33,135.14,195.34,444.45,30.25,13.32,148.41,588.67,89.16,44.97,43.66,24.19,52.48,1000.0,37.42,,109.07,52.9,278.62,61.44,118.38
2023-06-23,49.75,67.41,204.98,453.11,133.82,193.9,443.47,29.99,13.33,146.92,582.52,88.78,44.5,43.29,24.19,52.47,1000.0,36.99,,108.51,52.44,272.08,62.12,118.75
2023-06-26,49.99,68.48,205.17,455.07,134.37,194.18,443.46,29.95,13.51,148.48,582.44,89.65,44.37,43.21,24.18,52.51,999.99,37.17,,109.96,53.18,273.79,61.58,118.43
2023-06-27,49.8,68.8,206.46,456.47,135.12,194.78,448.36,30.13,13.55,148.72,584.24,89.51,44.78,43.17,24.2,52.53,1000.0,37.48,,108.89,52.69,273.9,61.57,117.52
2023-06-28,49.55,68.38,208.18,459.76,136.02,197.24,450.81,30.22,13.77,149.64,589.14,90.15,44.82,43.53,24.22,52.55,1000.0,37.6,,109.64,53.06,273.86,61.85,118.39
2023-06-30,49.31,67.57,210.61,464.26,136.68,199.2,454.48,30.94,13.92,153.06,594.67,90.88,45.69,44.22,24.25,52.48,1000.0,38.0,,110.94,53.58,272.96,61.95,119.46
2023-07-03,49.56,68.5,212.3,464.73,137.13,200.04,459.73,30.81,13.76,152.78,597.62,91.14,47.3,44.18,24.17,52.45,1000.0,38.11,,111.74,54.06,277.49,62.87,120.9
2023-07-04,49.88,69.02,213.06,463.85,137.03,200.62,462.23,31.13,13.83,152.12,594.3,91.21,48.3,44.15,24.16,52.44,1000.01,37.92,,112.02,54.3,278.36,63.83,120.88
2023-07-05,49.98,68.92,212.92,467.88,137.79,201.3,459.99,31.26,13.94,154.18,598.55,91.91,48.75,44.31,24.14,52.43,1000.0,38.23,,113.34,54.66,275.86,63.83,120.49
2023-07-06,49.9,69.74,213.96,470.51,138.97,201.21,461.64,31.3,14.04,155.81,606.14,92.75,49.07,45.28,24.14,52.39,1000.03,38.58,,113.67,55.06,273.61,63.55,121.19
2023-07-07,50.02,68.94,212.72,466.43,137.95,200.43,457.88,31.02,13.95,156.51,602.08,92.03,49.57,44.83,24.13,52.41,1000.0,38.34,,112.68,54.68,272.58,63.18,120.94
2023-07-10,50.03,69.65,212.64,463.83,137.33,200.4,456.61,30.67,13.9,155.66,601.07,91.49,49.24,44.43,24.08,52.36,999.99,38.19,,111.82,54.37,273.96,62.9,120.62
2023-07-11,50.16,70.0,213.45,466.99,138.39,201.32,456.07,30.81,14.07,157.9,609.05,92.51,49.24,44.92,24.19,52.49,999.99,38.53,,112.42,54.41,276.59,62.94,120.86
2023-07-12,50.1,69.89,213.25,468.52,138.84,201.18,454.9,30.61,14.12,157.9,609.84,92.5,49.62,44.98,24.17,52.49,999.99,38.7,,112.19,54.66,276.43,62.73,121.19
2023-07-13,50.52,72.15,213.69,466.18,137.97,200.3,454.98,31.08,14.06,156.63,604.9,91.96,48.54,44.4,24.24,52.57,1000.0,38.56,,112.38,54.54,277.28,63.7,122.6
2023-07-14,50.59,73.61,214.83,469.35,139.25,202.51,456.23,32.42,14.11,157.88,604.27,92.44,48.75,44.47,24.25,52.57,999.99,38.73,,114.72,55.48,279.55,65.19,124.19
2023-07-17,50.49,73.81,216.53,470.58,140.04,203.14,462.18,32.58,14.22,157.45,607.14,92.54,49.83,44.32,24.22,52.59,999.99,38.85,,115.01,55.48,279.45,65.34,124.08
2023-07-18,50.66,74.05,217.02,468.88,140.11,204.91,461.46,32.92,14.2,157.42,607.8,92.39,49.47,44.24,24.29,52.68,1000.0,38.93,,115.42,55.68,278.64,65.65,124.74
2023-07-19,51.02,74.42,217.97,471.06,140.49,204.79,464.02,32.91,14.27,157.24,611.35,92.51,50.19,44.68,24.27,52.7,1000.0,39.06,,115.72,55.84,280.33,67.6,126.4
2023-07-20,51.08,74.76,219.51,470.12,140.72,205.56,469.15,32.76,14.46,157.51,614.23,93.05,50.67,44.77,24.26,52.64,1000.0,39.18,,115.97,55.96,280.04,67.47,125.08
2023-07-21,50.65,73.45,217.48,467.51,140.55,204.59,468.69,31.43,14.47,158.03,613.79,92.54,50.75,44.82,24.25,52.62,1000.0,39.09,,113.57,55.1,280.1,64.53,123.32
2023-07-24,50.65,73.23,216.73,467.7,140.76,203.73,467.53,31.41,14.53,158.27,614.73,92.03,50.88,45.34,24.26,52.68,1000.0,39.15,,112.88,54.97,275.73,63.94,122.74
2023-07-25,50.58,73.17,216.64,469.63,141.33,203.9,466.81,31.32,14.58,159.41,616.13,91.88,50.13,45.83,24.27,52.61,999.99,39.13,,113.04,55.04,280.08,64.07,123.24
2023-07-26,50.84,73.58,217.72,471.52,141.99,204.66,468.6,31.37,14.68,159.78,624.99,92.14,50.85,45.82,24.26,52.65,1000.0,39.39,,113.58,55.4,279.23,64.45,124.29
2023-07-27,50.93,74.15,216.63,472.83,142.31,203.93,465.7,31.31,15.13,158.01,622.63,91.63,51.13,45.82,24.27,52.61,999.99,39.53,,113.11,55.35,281.15,64.99,125.24
2023-07-28,50.67,72.4,216.34,477.83,142.89,204.57,463.03,31.05,15.2,157.68,627.29,92.18,51.18,46.55,24.19,52.57,1000.0,39.68,,113.36,55.42,283.0,64.88,125.59
2023-07-31,50.66,72.68,217.58,480.26,144.75,208.42,464.52,31.47,15.24,158.81,631.03,92.3,51.38,47.71,24.18,52.54,999.99,39.98,,113.85,56.0,288.24,65.71,126.04
2023-08-01,50.69,73.37,217.23,479.27,144.83,205.37,463.54,31.78,15.25,159.15,630.34,92.02,51.06,47.95,24.22,52.59,1000.0,40.17,,114.29,56.06,285.75,65.83,126.06
2023-08-02,50.68,72.97,215.1,473.53,142.36,203.21,458.12,31.58,15.22,156.44,622.21,91.27,49.87,46.89,24.25,52.59,1000.0,39.64,,113.29,55.46,282.08,65.44,124.43
2023-08-03,50.54,71.14,213.56,470.38,143.08,201.75,453.76,31.49,15.32,156.36,620.93,90.63,49.54,46.53,24.16,52.56,1000.0,39.56,,112.81,55.19,282.13,63.84,123.49
2023-08-04,50.5,71.14,215.04,475.14,144.28,203.16,456.88,31.96,15.49,155.74,625.04,90.79,49.22,46.82,24.19,52.51,1000.01,39.95,,113.39,55.44,283.4,64.96,124.2
2023-08-07,50.49,71.04,215.95,475.82,144.82,203.86,455.91,32.3,15.73,156.09,625.18,91.16,49.0,46.79,24.22,52.6,999.99,40.27,,114.03,55.56,282.92,65.01,123.3
2023-08-08,50.56,70.32,215.79,476.12,145.13,203.75,457.33,32.36,15.83,156.07,623.31,91.06,50.4,46.8,24.21,52.64,1000.0,40.26,,113.71,55.57,281.35,64.88,123.01
2023-08-09,50.37,69.41,216.49,477.2,145.62,203.89,457.45,32.48,15.94,157.03,624.75,91.31,50.39,47.19,24.23,52.66,999.99,40.5,,114.1,55.76,280.69,64.63,123.04
2023-08-10,50.23,69.48,215.33,474.64,145.67,203.31,454.4,32.39,15.8,156.59,625.13,90.74,50.06,47.16,24.26,52.64,1000.0,39.73,,113.8,55.6,280.24,63.83,122.55
2023-08-11,50.13,69.25,214.4,473.6,145.37,202.47,451.41,32.42,15.61,156.44,624.03,90.51,50.61,47.38,24.24,52.66,1000.0,40.31,,113.52,55.49,278.54,63.19,122.31
2023-08-14,50.09,69.32,214.51,467.66,144.68,202.03,449.69,32.55,15.56,155.7,622.44,90.17,50.31,47.27,24.21,52.65,1000.0,40.23,,113.62,55.45,278.51,62.72,121.05
2023-08-16,50.11,69.68,214.57,467.62,145.28,201.61,447.66,32.75,15.66,156.65,624.83,90.53,50.35,47.71,24.21,52.65,999.99,40.22,,113.74,55.52,273.66,63.18,121.07
2023-08-17,49.82,69.17,213.7,466.45,145.59,201.49,446.98,32.62,15.59,156.22,621.56,90.34,51.11,47.46,24.18,52.59,1000.0,40.33,,113.38,55.28,273.24,61.86,120.24
2023-08-18,49.75,69.63,213.0,464.31,145.12,200.46,446.49,32.22,15.51,156.64,621.68,90.34,51.19,47.02,24.22,52.62,1000.01,40.28,,112.56,55.07,268.95,60.32,118.79
2023-08-21,49.68,69.73,213.5,466.16,146.26,201.62,448.04,32.46,15.56,156.55,624.51,90.69,50.85,47.53,24.24,52.68,999.99,40.63,,113.46,55.5,264.39,60.79,119.91
2023-08-22,49.9,70.95,213.43,470.37,147.58,201.99,448.08,32.49,15.56,157.51,626.29,91.18,50.67,48.09,24.24,52.67,1000.0,40.96,,113.58,55.68,262.64,61.87,121.02
2023-08-23,49.81,71.62,214.37,471.09,148.57,203.19,452.91,32.5,15.53,157.41,626.43,91.22,51.51,48.24,24.25,52.77,1000.0,41.27,,114.04,55.86,266.04,61.72,120.59
2023-08-24,50.03,72.54,213.77,470.85,148.58,202.15,453.38,32.65,15.43,157.28,624.11,91.29,51.15,47.95,24.28,52.77,1000.0,41.23,,113.95,55.79,269.88,63.26,122.57
2023-08-25,49.94,72.55,212.76,467.06,148.09,200.44,450.63,32.41,15.26,156.33,617.55,90.83,50.43,47.56,24.28,52.78,1000.0,41.02,,112.93,55.32,269.76,61.74,120.18
2023-08-28,49.8,72.48,212.87,470.36,148.58,200.5,453.15,32.3,15.41,157.0,621.08,90.78,50.78,48.0,24.31,52.85,1000.0,41.12,,112.84,55.37,265.95,61.92,120.91
2023-08-29,49.98,72.69,213.16,473.3,149.11,201.27,453.34,32.39,15.36,158.25,621.46,90.74,50.58,48.17,24.31,52.84,1000.0,41.36,,113.01,55.51,268.05,62.33,121.45
2023-08-30,50.34,73.48,213.54,474.9,150.22,201.54,450.82,32.73,15.38,159.06,620.78,91.4,50.33,48.12,24.32,52.81,999.99,41.61,,113.48,55.76,267.57,63.18,123.21
2023-08-31,50.35,73.29,212.77,471.78,150.18,200.99,449.2,32.72,15.33,159.53,617.93,91.06,49.78,47.91,24.34,52.87,1000.0,41.6,,113.01,55.4,268.54,63.8,123.83
2023-09-01,50.37,73.55,214.27,476.02,151.19,201.97,452.8,33.07,15.25,161.83,623.7,91.58,50.48,49.41,24.38,52.85,1000.01,41.99,,114.37,56.1,268.61,64.24,124.6
2023-09-04,50.44,72.43,215.59,480.15,152.7,203.17,454.25,33.82,15.28,162.23,630.05,91.56,51.58,50.56,24.31,52.89,1000.0,42.5,,115.76,56.95,270.66,64.4,124.75
2023-09-05,50.35,71.23,215.84,480.98,154.71,203.8,454.67,33.97,15.47,162.17,631.97,91.98,52.04,50.74,24.33,52.86,1000.0,42.9,,116.51,57.29,271.71,64.64,124.53
2023-09-06,50.31,71.12,216.22,483.49,154.52,203.98,453.55,33.95,15.6,161.55,634.91,92.44,51.57,50.61,24.3,52.85,1000.0,42.93,,116.35,57.33,271.66,64.7,124.43
2023-09-07,50.17,70.4,217.29,486.17,155.33,205.49,457.36,34.05,15.55,162.41,638.71,92.54,52.14,51.53,24.38,52.94,1000.0,43.15,,117.21,57.51,270.8,64.21,123.6
2023-09-08,50.21,70.17,218.41,490.08,157.54,205.32,460.27,34.07,15.48,163.88,647.96,92.74,52.41,52.45,24.37,52.9,1000.0,43.65,,117.29,58.03,268.36,64.35,122.9
2023-09-11,50.16,70.61,220.38,494.22,158.67,208.03,464.11,34.28,15.53,166.48,652.19,93.6,54.01,52.84,24.29,52.8,1000.0,44.03,,118.39,58.61,269.36,64.25,123.83
2023-09-12,50.02,70.29,220.19,483.66,153.89,207.51,463.86,34.68,15.56,163.36,645.43,93.14,52.68,50.87,24.28,52.97,1000.0,42.75,,118.27,57.96,269.02,64.52,124.13
2023-09-13,49.88,70.05,221.43,485.32,154.48,208.12,467.51,34.6,15.7,162.85,649.28,93.25,54.83,51.58,24.36,52.96,999.99,42.83,,118.76,58.16,268.35,64.0,123.3
2023-09-14,49.88,69.26,221.53,488.51,155.74,208.74,468.57,34.72,15.73,164.34,652.1,93.54,55.91,52.14,24.44,53.14,999.99,43.22,,119.22,58.43,269.33,64.38,123.88
2023-09-15,50.12,70.73,222.57,489.03,155.54,209.48,470.74,35.07,15.81,166.89,651.98,93.82,56.11,51.91,24.43,53.08,999.99,43.43,,119.8,58.47,271.45,64.61,124.66
2023-09-18,50.44,71.08,221.92,488.94,155.12,209.51,468.59,34.82,15.76,168.24,652.27,94.28,58.08,52.71,24.4,53.03,1000.0,43.25,,119.74,58.82,269.9,64.19,123.51
2023-09-20,50.38,71.08,219.6,484.86,154.55,207.36,462.68,34.6,15.69,167.62,646.48,93.74,57.38,53.12,24.41,53.05,999.99,43.18,,119.48,58.57,268.54,63.75,123.47
2023-09-21,50.27,70.93,217.63,480.49,153.63,205.46,454.78,34.52,15.55,164.7,643.39,93.02,56.04,52.25,24.42,53.02,1000.0,42.82,,118.77,58.08,263.69,62.49,121.75
2023-09-22,50.22,71.83,216.81,480.21,153.53,205.09,455.45,34.59,15.31,165.24,640.69,93.39,57.95,52.24,24.48,53.1,1000.0,42.81,,118.43,58.26,266.84,61.18,120.37
2023-09-25,50.22,71.71,216.8,478.63,154.24,204.68,456.13,34.31,15.26,164.96,641.39,93.36,57.99,52.3,24.44,53.08,999.99,42.92,,118.1,58.17,265.78,60.95,120.07
2023-09-26,50.02,70.53,216.57,479.5,153.75,204.95,454.86,34.14,15.23,165.62,642.58,93.37,57.72,52.47,24.44,53.07,1000.0,43.0,,118.18,57.98,263.33,61.21,120.06
2023-09-27,49.7,69.97,217.56,479.9,155.21,205.59,455.19,34.29,15.4,165.22,646.65,93.68,58.12,52.66,24.44,53.13,999.99,43.24,,118.17,58.4,263.42,60.73,119.75
2023-09-28,49.37,69.55,215.77,474.81,153.74,203.53,451.77,33.54,15.25,163.46,643.33,92.55,57.52,52.52,24.35,53.02,999.99,42.78,,116.71,57.48,263.17,60.98,119.18
2023-09-29,49.29,70.56,216.75,478.93,155.41,205.26,454.42,33.49,15.66,164.45,647.68,92.84,58.46,53.58,24.38,53.04,1000.02,43.27,,117.65,58.87,266.04,61.44,120.57
2023-10-03,48.83,67.73,215.57,478.28,154.95,203.9,452.07,33.35,15.53,162.56,648.13,92.6,59.8,52.88,24.36,53.06,1000.0,43.33,,116.71,57.9,264.76,61.74,119.94
2023-10-04,48.36,67.06,214.4,472.99,152.97,202.67,448.34,33.46,15.31,160.49,643.38,92.06,58.17,52.24,24.32,53.01,1000.0,42.78,,116.45,57.44,257.39,60.79,118.46
2023-10-05,48.25,67.39,215.53,473.19,153.49,202.85,450.87,33.76,15.26,161.96,645.54,92.66,57.9,52.15,24.36,53.06,1000.0,42.56,,116.89,57.66,261.79,61.49,119.88
2023-10-06,48.38,68.25,216.62,475.89,154.18,203.99,452.67,34.01,15.39,162.83,647.07,92.98,58.09,52.29,24.24,52.98,1000.0,42.98,,118.09,58.19,264.0,61.96,119.56
2023-10-09,48.88,69.31,215.48,470.57,151.75,202.99,448.48,33.88,15.33,160.89,641.12,92.43,56.14,51.8,24.16,52.83,999.99,42.43,,117.37,57.7,264.27,62.32,119.5
2023-10-10,48.93,69.45,217.13,476.5,153.92,204.35,453.03,34.18,15.36,163.04,646.96,93.13,57.28,52.84,24.15,52.85,999.99,42.8,,118.42,58.36,264.45,63.19,121.93
2023-10-11,49.17,69.52,218.76,477.98,154.46,205.7,454.43,34.21,15.41,164.38,652.03,93.85,57.0,52.92,24.22,52.94,1000.0,43.19,,118.96,58.55,261.67,63.31,122.34
2023-10-12,49.39,68.9,218.6,479.37,155.28,205.61,455.23,33.67,15.41,165.49,654.43,93.97,56.87,53.44,24.26,52.98,1000.0,43.17,,118.46,58.38,264.48,63.97,123.59
2023-10-13,49.49,68.69,218.07,479.61,155.21,205.66,452.26,33.46,15.45,166.83,655.36,94.12,56.13,53.51,24.25,52.98,1000.0,42.96,,118.14,58.37,263.78,62.8,122.18
2023-10-16,50.25,69.72,217.9,480.92,155.43,205.66,451.55,33.39,15.4,167.83,654.68,94.11,56.49,53.92,24.23,53.04,1000.0,43.22,,118.36,58.62,263.85,62.37,121.68
2023-10-17,50.31,69.8,218.55,482.67,155.64,206.12,452.5,33.43,15.43,167.9,657.41,94.21,56.75,54.58,24.25,53.05,1000.0,43.41,,118.58,58.86,263.84,63.3,122.12
2023-10-18,50.78,70.85,217.2,478.65,154.98,204.94,448.18,33.23,15.58,168.03,651.9,93.89,55.95,54.13,24.24,53.0,1000.0,43.01,,118.4,58.52,264.19,62.47,121.63
2023-10-19,50.91,70.28,216.67,477.16,154.81,204.2,446.75,33.22,15.52,168.67,650.28,94.18,55.81,54.04,24.19,52.96,999.99,42.98,,118.12,58.38,260.29,61.55,120.65
2023-10-20,51.59,70.76,215.3,473.44,153.43,203.53,446.35,33.12,15.31,167.85,645.32,93.48,54.97,53.65,24.19,53.03,1000.0,42.49,,117.05,58.0,257.45,61.25,119.43
2023-10-23,51.54,70.92,213.17,464.56,149.24,201.1,440.83,32.49,15.13,165.35,635.03,92.39,52.76,52.58,24.17,52.99,999.99,41.43,,115.29,57.07,256.01,60.63,117.3
2023-10-25,51.41,70.01,211.48,460.46,148.23,199.03,437.41,32.28,15.04,164.51,628.83,92.03,52.99,52.31,24.22,53.1,999.99,41.6,,114.57,56.71,258.6,61.28,118.86
2023-10-26,51.83,70.59,208.74,457.29,146.09,196.55,432.23,32.04,14.9,162.37,621.77,90.72,52.64,51.92,24.22,53.07,999.99,40.86,,113.77,56.24,258.62,59.9,116.61
2023-10-27,51.64,70.17,210.57,465.76,148.77,198.77,436.73,32.35,14.97,164.39,626.82,91.58,54.68,52.97,24.24,53.15,1000.0,41.27,,114.56,56.96,260.49,59.22,116.49
2023-10-30,52.02,70.85,211.52,466.66,148.91,198.62,439.08,32.36,15.02,163.03,634.89,91.52,54.66,53.04,24.24,53.12,999.99,41.35,,113.98,56.99,257.64,59.95,116.33
2023-10-31,52.06,71.04,210.98,467.72,149.14,199.04,437.51,32.27,14.92,162.08,632.91,91.64,54.83,53.14,24.27,53.16,1000.0,41.39,,114.17,56.99,256.54,60.42,116.49
2023-11-01,51.76,69.71,209.99,465.24,149.02,198.15,436.45,32.1,14.98,161.13,630.4,91.1,54.91,52.71,24.28,53.15,1000.0,41.49,,113.49,56.67,256.79,60.59,116.96
2023-11-02,51.85,70.68,211.64,471.48,150.89,199.84,439.19,32.38,15.09,162.25,636.77,92.04,55.84,53.05,24.32,53.2,999.99,41.78,,114.21,57.42,257.9,61.78,120.0
2023-11-03,51.8,69.82,212.69,475.8,151.76,201.07,442.1,32.59,15.11,163.0,640.59,92.76,56.04,53.63,24.35,53.3,1000.0,42.08,,115.76,57.74,259.55,62.17,120.73
2023-11-06,51.75,70.77,214.56,479.7,153.27,202.29,444.8,32.71,15.3,164.52,647.58,93.11,55.59,54.35,24.36,53.35,999.99,42.37,,115.94,58.13,267.2,63.18,122.82
2023-11-07,51.36,70.04,214.49,483.7,153.72,202.61,445.81,32.76,15.53,164.26,649.84,93.37,55.68,54.41,24.38,53.38,1000.0,42.55,,115.91,58.4,266.68,62.94,122.61
2023-11-08,51.4,69.37,214.83,486.12,155.0,203.51,445.34,32.65,15.73,164.81,653.45,93.96,55.7,54.81,24.44,53.42,999.99,42.96,,116.18,58.59,265.95,63.99,123.59
2023-11-09,50.94,69.22,214.3,484.16,155.24,203.15,445.59,32.51,15.71,165.96,652.06,94.05,55.77,54.85,24.47,53.44,1000.0,43.09,,115.92,58.36,263.02,64.33,123.76
2023-11-10,51.31,69.69,214.24,485.39,155.24,202.9,446.11,32.43,15.75,165.18,653.75,93.89,55.81,55.29,24.42,53.41,1000.0,43.27,,115.64,58.55,260.28,64.01,122.85
2023-11-12,51.21,69.13,215.16,487.98,156.93,204.2,447.68,32.71,15.83,166.32,659.13,94.08,56.16,55.79,24.4,53.39,999.99,43.48,,116.66,59.17,260.84,65.01,123.98
2023-11-13,50.93,68.63,214.55,488.53,156.52,203.52,446.84,32.4,15.73,166.17,655.09,94.04,57.39,56.65,24.43,53.41,1000.0,43.55,,116.49,59.05,258.42,65.05,124.98
2023-11-15,51.46,70.86,216.97,493.24,157.74,205.45,450.48,33.18,15.74,168.8,664.09,94.9,57.68,56.93,24.54,53.54,999.99,43.95,,117.7,59.9,264.89,66.94,127.85
2023-11-16,51.39,71.42,218.16,494.86,158.95,206.99,450.2,34.04,15.9,170.29,665.26,95.34,57.5,57.18,24.54,53.58,999.99,44.43,,119.57,60.52,265.24,66.98,127.62
2023-11-17,51.86,72.27,218.02,498.2,159.53,206.72,444.92,33.97,16.06,171.43,668.64,96.06,56.3,57.08,24.6,53.62,999.99,44.55,,119.34,60.68,262.43,67.19,128.05
2023-11-20,51.66,71.58,217.35,496.95,159.73,206.01,444.62,34.18,16.04,170.58,665.93,95.96,56.23,56.99,24.56,53.61,1000.0,44.56,,119.66,60.51,263.2,67.42,128.29
2023-11-21,51.88,71.58,218.39,497.09,159.42,206.63,445.65,34.12,16.22,171.0,669.02,96.12,56.1,57.03,24.5,53.55,999.99,44.62,,119.55,60.47,263.41,68.35,130.09
2023-11-22,52.17,72.18,218.53,495.04,159.8,207.18,443.56,34.37,16.32,171.99,670.81,96.39,55.55,57.12,24.51,53.52,999.99,44.69,,120.58,60.84,262.86,68.68,129.3
2023-11-23,52.02,71.9,218.56,496.52,160.09,207.02,444.23,34.19,16.1,172.74,671.21,96.6,55.45,57.04,24.54,53.56,1000.0,44.68,,120.36,60.96,263.22,69.15,129.91
2023-11-24,52.15,71.87,218.48,495.88,160.52,207.24,445.7,33.91,16.21,172.93,669.6,96.39,55.34,57.42,24.54,53.55,1000.0,44.73,,119.73,60.73,263.16,69.19,129.81
2023-11-28,52.3,73.41,219.56,500.08,161.34,208.03,447.02,33.96,16.14,174.49,675.8,96.84,56.0,57.69,24.55,53.58,999.99,44.96,,120.13,61.13,263.89,68.76,129.32
2023-11-29,53.05,74.08,221.66,504.75,162.38,209.91,453.83,34.41,16.22,177.21,677.86,97.59,56.55,57.81,24.56,53.61,1000.0,45.35,,121.3,61.76,259.38,68.9,130.17
2023-11-30,53.15,74.61,222.13,510.26,164.24,210.87,453.82,34.4,16.48,178.34,682.89,98.54,56.03,58.32,24.56,53.58,1000.0,45.7,,121.47,61.98,256.69,68.91,129.85
2023-12-01,53.29,75.21,223.75,515.56,165.08,212.17,456.5,34.42,16.52,177.79,689.76,99.09,57.06,59.07,24.53,53.55,1000.0,46.21,,122.76,62.84,258.82,68.64,129.61
2023-12-04,53.72,75.15,228.18,525.72,167.25,216.66,473.6,34.49,16.49,179.71,707.74,100.26,59.21,60.71,24.53,53.63,999.99,47.15,,124.11,63.71,252.24,68.26,129.73
2023-12-05,52.94,73.64,230.06,531.75,167.66,218.59,478.76,34.27,16.46,180.9,717.06,100.73,60.17,61.68,24.54,53.65,999.99,47.28,,124.33,64.19,246.01,67.37,128.79
2023-12-06,52.83,73.04,230.94,537.38,167.77,219.75,476.95,34.95,16.41,180.67,719.79,101.52,60.45,61.69,24.6,53.7,1000.0,47.16,,125.33,64.63,248.93,68.24,129.61
2023-12-07,53.03,72.82,230.83,541.45,169.08,220.0,477.37,34.84,16.56,181.76,723.0,101.27,60.75,62.39,24.62,53.72,1000.0,47.46,,124.73,64.57,244.43,67.47,128.77
2023-12-08,52.94,72.44,231.36,537.89,168.47,220.17,481.48,35.27,16.43,181.25,720.61,100.8,60.87,62.0,24.63,53.8,1000.0,47.38,,125.02,64.58,247.35,68.51,130.0
2023-12-11,52.02,70.35,231.79,543.84,169.31,220.87,482.69,35.4,16.3,181.05,724.68,100.8,61.69,62.67,24.58,53.74,999.99,47.66,,125.35,64.86,242.08,69.01,130.33
2023-12-12,51.85,70.26,230.96,540.46,168.81,220.0,480.07,35.33,16.21,179.85,720.69,100.32,61.65,62.04,24.59,53.75,999.99,47.52,,125.73,64.66,245.7,69.05,131.84
2023-12-13,51.83,69.69,231.15,543.97,170.31,219.85,480.64,34.99,16.4,181.68,727.31,101.08,62.06,62.78,24.62,53.77,999.99,47.78,,125.38,65.04,243.37,69.72,132.63
2023-12-14,52.8,72.57,233.99,550.73,172.88,222.81,486.71,36.09,16.39,182.9,734.77,101.91,62.43,62.99,24.72,53.96,1000.0,48.57,,126.94,65.89,244.96,71.17,134.77
2023-12-15,52.81,72.82,236.62,551.66,173.44,224.94,489.88,37.89,16.37,183.74,741.22,101.83,64.14,64.26,24.81,54.15,1000.0,48.98,,130.06,67.08,249.1,71.15,134.44
2023-12-18,52.49,72.51,236.57,556.22,173.34,225.78,488.15,37.86,16.72,183.63,747.2,101.74,63.78,64.33,24.81,54.1,1000.0,48.73,,130.13,67.18,249.7,71.45,134.93
2023-12-19,52.59,72.38,236.7,556.72,172.66,225.57,488.59,37.39,16.66,182.41,744.91,102.04,64.01,64.94,24.81,54.11,1000.0,48.55,,129.88,67.28,248.59,72.17,135.29
2023-12-20,52.83,72.66,233.25,541.71,167.86,222.84,483.27,36.71,16.36,178.78,727.68,100.67,61.58,63.54,24.81,54.15,1000.0,47.16,,127.91,65.72,246.98,72.04,135.23
2023-12-21,52.86,73.14,234.6,547.74,169.86,223.49,488.21,36.89,16.49,178.34,735.95,100.95,62.47,64.59,24.82,54.15,1000.0,47.73,,129.29,66.11,247.22,72.18,134.92
2023-12-22,53.19,73.48,235.5,552.45,170.92,224.83,483.6,37.7,16.67,180.75,740.12,101.95,62.06,64.95,24.78,54.17,1000.0,48.02,,130.01,66.81,245.25,72.5,135.29
2023-12-26,53.46,73.31,236.93,557.59,172.14,225.98,486.0,37.55,16.81,182.29,746.64,102.59,61.99,66.27,24.81,54.2,999.99,48.18,,130.47,67.36,246.78,72.64,136.11
2023-12-27,53.63,73.06,238.91,560.25,172.73,227.31,491.41,37.73,16.92,184.64,750.95,103.67,63.08,65.99,24.82,54.21,1000.0,48.57,,131.17,67.59,249.46,73.09,136.91
2023-12-28,53.84,73.39,240.16,562.75,173.53,228.58,493.58,37.72,17.11,186.55,759.34,104.57,63.87,67.29,24.79,54.23,1000.0,48.92,,132.33,68.15,251.27,73.29,137.15
2023-12-29,53.66,72.18,239.65,567.36,175.03,229.11,492.43,37.36,17.09,188.82,758.63,104.92,63.45,66.88,24.86,54.32,1000.0,49.23,,131.9,68.19,252.45,73.01,136.63
2024-01-01,53.74,72.48,240.35,568.13,175.53,228.94,491.65,37.68,17.14,189.04,757.41,104.88,64.02,67.17,24.84,54.24,1000.0,49.5,,132.21,68.58,252.31,73.02,137.04
2024-01-02,54.01,73.01,239.21,566.68,175.51,228.49,487.14,37.33,17.55,186.62,755.69,104.59,63.72,67.25,24.81,54.25,1000.0,49.22,,131.85,68.24,251.35,72.56,136.18
2024-01-03,53.53,71.59,237.74,571.71,175.64,227.83,486.17,36.43,17.66,186.03,755.49,104.77,64.46,67.06,24.81,54.29,1000.0,49.78,,130.78,67.89,247.26,71.0,134.97
2024-01-04,53.29,70.69,239.3,576.93,178.85,229.86,491.24,36.41,17.68,186.14,764.91,105.24,65.08,68.31,24.81,54.33,1000.0,50.3,,130.84,68.32,247.21,70.22,134.15
2024-01-05,53.14,70.53,239.74,576.33,179.52,229.63,490.65,36.85,17.64,187.14,768.15,105.36,64.8,68.55,24.8,54.26,1000.0,50.51,,130.99,68.57,247.24,70.93,132.46
2024-01-08,52.85,70.42,237.68,571.55,178.02,227.6,483.91,36.51,17.47,186.11,763.68,104.32,63.27,68.37,24.82,54.3,999.99,50.02,,130.11,68.03,240.77,69.78,132.47
2024-01-09,53.02,70.87,237.78,573.94,178.23,228.0,481.62,36.64,17.62,187.83,769.99,104.74,63.07,68.6,24.87,54.36,999.99,50.07,,129.95,68.2,242.97,70.94,134.69
2024-01-10,52.92,70.49,238.76,574.76,178.15,228.07,483.47,36.76,17.65,188.07,772.87,104.72,62.93,68.23,24.86,54.36,999.99,50.09,,130.15,67.97,239.36,71.03,135.51
2024-01-11,52.84,70.43,238.87,580.45,179.18,228.6,483.4,36.72,17.64,190.18,777.02,105.0,63.3,68.11,24.9,54.42,1000.0,50.39,,130.51,68.23,242.52,72.01,136.23
2024-01-12,52.99,70.25,241.73,581.12,179.75,231.17,486.21,38.54,17.61,189.89,782.96,105.41,64.94,68.39,24.97,54.48,1000.0,50.62,,133.69,69.35,242.95,71.76,135.74
2024-01-15,53.25,70.99,244.07,582.48,181.13,233.01,490.49,39.23,17.81,190.7,792.67,105.92,65.68,69.83,24.98,54.5,1000.0,51.0,,135.05,70.3,239.43,71.77,136.08
2024-01-16,53.05,70.7,243.24,581.81,180.4,232.06,489.67,38.82,17.61,190.27,788.89,105.76,65.85,69.5,24.98,54.52,1000.0,50.82,,134.55,70.21,235.49,71.84,135.72
2024-01-17,52.67,70.07,238.38,576.16,178.47,228.52,470.54,38.98,17.44,187.49,782.26,105.11,64.74,69.2,24.96,54.49,1000.0,50.74,,133.51,69.89,229.41,71.12,135.33
2024-01-18,52.49,69.85,237.51,573.57,178.22,227.29,466.59,38.76,17.61,187.72,781.54,104.39,65.14,68.62,24.97,54.51,999.99,50.28,,133.19,69.55,227.44,71.39,135.73
2024-01-19,52.84,70.16,239.15,581.62,180.86,228.95,466.14,39.21,17.65,189.42,795.1,105.95,65.97,70.08,24.95,54.54,1000.0,50.83,,135.07,70.73,226.34,72.53,137.58
2024-01-20,52.86,70.12,238.73,581.61,181.39,228.89,469.75,38.89,17.51,188.96,795.99,105.16,67.09,71.36,24.99,54.52,1000.0,51.19,,134.77,70.61,228.78,74.01,138.42
2024-01-23,52.86,69.43,234.87,566.94,176.5,224.92,459.55,38.65,17.77,186.66,780.86,104.15,64.48,68.79,24.96,54.54,999.99,49.96,,133.3,69.02,227.15,73.9,139.9
2024-01-24,52.91,70.13,237.29,576.22,179.41,226.73,460.2,39.27,18.05,188.47,793.16,105.23,65.7,70.54,24.99,54.59,1000.0,50.58,,134.39,70.37,240.02,75.04,141.57
2024-01-25,52.72,70.12,236.15,579.09,178.49,225.67,457.51,38.68,17.79,188.8,791.67,105.0,65.95,71.41,25.01,54.57,1000.0,50.55,,133.79,70.19,237.73,75.86,141.89
2024-01-29,52.97,70.43,240.05,585.04,181.1,229.89,464.26,38.69,17.91,191.8,821.3,105.49,67.29,74.32,25.0,54.6,999.99,51.07,,134.98,71.23,240.98,75.91,141.65
2024-01-30,53.13,70.78,238.13,583.1,180.62,228.73,462.94,38.61,17.76,191.75,813.09,104.49,68.08,73.71,25.02,54.64,1000.0,50.6,,134.42,70.93,233.61,76.69,142.48
2024-01-31,53.35,70.59,240.26,587.7,183.04,229.89,468.76,38.78,18.23,194.76,815.04,105.51,69.6,74.38,25.05,54.69,999.99,51.63,,135.5,71.58,230.32,75.78,140.47
2024-02-01,53.46,69.98,240.03,589.92,182.12,230.4,470.28,38.69,18.12,196.39,811.29,105.77,71.82,74.76,25.18,54.77,1000.0,51.47,,135.69,71.72,230.82,74.66,139.63
2024-02-02,53.58,70.79,241.3,594.92,183.23,232.14,469.24,39.48,18.27,196.77,823.28,106.69,73.54,77.58,25.26,54.82,1000.0,51.68,,137.65,72.76,230.91,77.52,141.81
2024-02-05,52.98,69.22,240.24,592.28,183.36,231.39,466.37,39.35,18.59,199.19,819.98,105.07,73.06,79.19,25.18,54.77,1000.0,51.63,,137.69,73.36,230.27,78.58,141.81
2024-02-06,52.94,69.0,242.01,600.37,185.38,232.48,466.12,40.5,18.77,201.86,827.02,105.62,72.63,79.54,25.18,54.78,999.99,52.14,,139.12,74.4,240.49,79.01,141.83
2024-02-07,53.21,68.85,242.35,610.17,186.58,233.78,467.23,40.09,18.82,202.06,828.6,106.71,74.99,79.12,25.2,54.77,999.99,52.39,,139.18,74.2,237.53,78.79,141.36
2024-02-08,53.05,68.9,240.28,611.31,186.2,232.29,459.6,40.16,18.8,200.23,831.51,106.35,76.42,80.2,25.21,54.76,1000.0,52.62,,138.49,74.45,238.49,80.09,142.78
2024-02-09,53.05,69.54,240.78,610.64,184.7,233.23,465.25,40.0,18.92,199.21,825.73,106.29,76.95,78.72,25.19,54.73,1000.0,52.15,,138.88,73.72,241.31,80.67,143.43
2024-02-12,52.79,69.87,239.32,599.64,180.24,230.59,458.09,40.19,18.99,197.61,818.41,105.67,73.54,74.99,25.18,54.73,1000.0,50.94,,137.73,72.21,242.02,81.3,144.68
2024-02-13,52.81,70.02,240.59,603.47,180.48,231.89,464.08,40.44,19.08,197.4,820.24,105.77,74.44,76.24,25.19,54.7,1000.0,51.04,,138.41,72.78,241.12,80.81,143.3
2024-02-14,52.1,67.92,241.55,611.96,181.95,232.65,467.1,40.02,18.92,200.08,827.51,106.43,76.77,78.38,25.15,54.67,1000.0,51.51,,138.76,73.43,236.95,79.85,142.65
2024-02-15,52.17,69.13,242.72,617.85,183.64,235.91,471.13,40.2,18.91,202.75,836.91,106.87,79.48,81.26,25.22,54.69,1000.0,51.99,,139.96,74.17,237.57,81.26,143.74
2024-02-16,52.35,69.91,243.99,622.71,185.06,235.93,472.78,40.7,19.21,207.32,838.12,107.68,79.25,81.08,25.24,54.8,1000.0,52.36,,140.81,74.49,242.35,82.52,144.34
2024-02-19,52.64,70.01,245.04,624.16,185.88,236.7,473.73,40.58,19.39,208.25,842.19,108.61,78.87,81.06,25.24,54.77,1000.0,52.48,,141.35,74.48,242.19,82.4,145.16
2024-02-20,52.56,69.8,245.37,624.9,186.2,236.71,479.32,40.26,19.32,206.96,847.39,108.37,78.85,81.7,25.24,54.78,1000.0,52.48,,140.94,74.31,239.34,81.33,142.47
2024-02-21,52.64,69.67,243.87,621.19,184.16,236.15,478.5,39.67,19.26,205.84,839.5,108.41,79.05,79.91,25.31,54.89,1000.0,51.94,,141.79,73.32,244.59,80.19,141.84
2024-02-22,52.72,69.66,245.79,627.92,185.43,236.79,478.35,40.34,19.28,208.69,845.2,109.31,79.31,81.16,25.29,54.89,999.99,52.31,,141.9,74.11,249.46,81.78,144.01
2024-02-23,52.44,68.77,245.69,629.54,185.72,237.27,477.53,40.3,19.38,209.16,848.51,109.41,78.55,81.32,25.31,54.84,1000.0,52.57,,141.33,74.15,251.55,83.27,144.99
2024-02-26,52.71,68.86,244.87,630.13,185.75,236.47,473.93,39.89,19.29,209.31,848.61,108.74,78.15,81.22,25.32,54.9,1000.0,52.42,,140.74,73.86,251.25,83.43,144.75
2024-02-27,52.79,68.68,245.5,629.29,185.84,237.29,474.42,40.08,19.36,210.98,850.37,109.19,77.85,81.28,25.31,54.92,1000.0,52.31,,140.77,73.95,252.72,83.5,145.19
2024-02-28,52.6,68.01,243.07,621.31,182.48,235.05,469.07,39.97,19.25,207.13,834.96,108.02,75.93,80.09,25.31,54.92,1000.0,51.61,,139.88,73.04,250.9,83.46,144.21
2024-02-29,52.78,68.29,243.25,627.76,182.5,237.7,471.0,39.97,19.31,207.13,839.29,107.8,76.94,80.15,25.31,54.94,1000.0,51.55,,139.77,73.25,252.09,83.36,143.85
2024-03-01,52.9,68.84,246.85,632.47,184.31,238.41,481.2,39.81,19.16,211.68,852.99,108.75,78.44,81.58,25.32,54.95,999.99,52.19,,141.36,74.15,249.47,83.45,145.75
2024-03-02,53.56,69.4,247.31,636.05,185.11,239.07,481.51,39.93,19.28,213.02,856.49,109.05,79.09,81.75,25.33,55.02,1000.0,52.38,,141.42,74.5,250.0,84.36,146.91
2024-03-04,53.89,69.65,247.83,637.01,185.7,239.95,483.29,39.6,19.3,212.15,865.38,108.69,79.24,83.67,25.35,54.99,999.99,52.51,,142.29,74.74,249.5,84.7,147.63
2024-03-05,54.62,71.06,247.34,638.54,185.19,239.86,484.63,38.99,19.34,214.83,866.27,108.19,81.18,84.6,25.35,55.0,1000.0,52.38,,141.6,74.55,245.72,84.42,146.43
2024-03-06,54.72,70.66,248.62,636.72,184.05,240.63,488.34,39.21,19.45,215.38,869.08,109.42,81.08,83.97,25.37,55.03,1000.0,51.99,,142.24,74.64,249.27,84.6,145.32
2024-03-07,55.44,71.27,248.67,642.88,185.0,240.52,486.82,39.35,19.5,215.05,865.55,109.74,81.42,83.93,25.42,55.08,1000.0,52.2,,143.11,75.23,247.7,84.9,146.21
2024-03-11,56.01,71.77,247.45,642.49,183.71,240.34,482.7,39.22,19.57,213.46,857.75,109.78,80.23,82.73,25.46,55.15,1000.0,52.14,,141.24,74.45,249.76,85.57,146.32
2024-03-12,55.94,71.95,247.42,630.37,181.5,239.04,482.07,39.37,19.29,212.2,853.37,109.18,78.06,81.28,25.44,55.1,999.99,51.34,,141.22,73.89,253.75,85.18,145.91
2024-03-13,55.47,71.26,243.71,609.59,174.85,240.79,477.84,39.01,18.95,205.88,820.26,107.97,74.54,76.01,25.42,55.12,999.99,49.38,,140.44,71.64,250.53,83.67,145.8
2024-03-14,55.84,72.55,245.39,623.17,177.34,236.75,476.7,39.85,19.16,208.44,836.64,109.97,75.35,77.46,25.43,55.07,1000.0,49.98,,143.24,72.86,252.16,84.05,145.85
2024-03-15,55.73,72.73,243.8,617.96,177.19,235.66,474.01,39.68,19.02,208.09,829.89,108.49,75.07,76.31,25.43,55.06,1000.0,49.87,,139.98,72.15,253.7,82.58,145.07
2024-03-18,55.5,72.66,243.98,621.81,176.75,235.84,474.05,39.12,19.15,207.61,832.32,108.65,75.3,76.54,25.39,55.07,999.99,49.68,,139.69,71.93,254.17,82.92,144.84
2024-03-19,55.61,72.43,241.6,610.35,174.62,232.92,472.07,38.02,18.74,206.98,821.92,107.47,73.83,75.57,25.37,55.08,1000.0,49.01,,137.48,70.52,248.69,82.49,145.0
2024-03-20,55.72,72.49,241.58,612.8,174.08,233.37,471.51,37.93,18.66,207.26,827.35,107.75,74.09,76.16,25.34,55.07,999.99,49.06,,137.72,70.64,248.75,83.66,145.26
2024-03-21,56.7,73.78,243.99,625.73,177.92,235.9,475.25,38.2,18.87,210.2,839.28,108.46,75.66,78.39,25.41,55.1,1000.0,50.15,,139.29,72.11,248.16,84.92,148.27
2024-03-22,55.99,72.47,244.74,628.47,179.54,236.91,477.01,37.41,19.1,213.91,843.76,109.4,76.16,78.78,25.48,55.1,1000.0,50.63,,139.27,72.13,244.15,84.48,149.04
2024-03-26,56.3,72.83,243.79,634.45,181.43,236.49,475.06,37.11,19.12,214.05,847.5,109.64,76.37,78.89,25.4,55.07,999.99,50.95,,139.11,72.14,242.41,85.74,149.71
2024-03-27,56.22,72.34,244.96,637.15,181.88,237.58,477.13,36.89,19.11,214.53,856.33,109.89,75.77,78.8,25.45,55.14,999.99,50.84,,137.76,71.76,242.54,86.21,149.49
2024-03-28,56.61,72.42,246.96,643.81,182.06,238.55,480.39,37.05,19.27,218.1,864.02,111.16,77.54,79.91,25.54,55.29,1000.0,51.21,,139.15,70.7,246.11,87.56,149.38
2024-04-01,58.32,74.03,248.19,655.78,185.11,241.85,485.1,37.18,19.51,217.5,872.91,111.51,78.71,81.37,25.57,55.19,1000.0,52.13,,139.89,73.44,248.97,88.27,150.1
2024-04-02,58.64,75.04,248.65,662.72,187.33,242.05,484.33,36.93,19.5,219.77,874.12,111.73,79.21,82.49,25.46,55.1,1000.0,52.67,,139.42,73.68,253.68,87.99,148.27
2024-04-03,58.77,76.17,248.59,664.77,188.4,241.93,485.06,37.16,19.49,219.15,875.65,111.48,80.91,83.27,25.48,55.12,1000.0,52.9,,139.72,74.02,254.21,89.59,147.53
2024-04-04,59.18,78.03,249.23,661.66,188.62,242.14,489.4,37.59,19.44,220.48,870.73,111.77,80.46,82.9,25.45,55.27,1000.0,53.01,,139.6,74.09,255.81,91.95,148.75
2024-04-05,59.03,77.87,249.05,666.08,189.82,242.93,493.33,37.42,19.51,219.77,868.01,111.7,81.07,83.43,25.47,55.28,1000.0,53.39,,139.74,74.23,256.48,95.52,147.31
2024-04-08,60.21,80.53,250.75,670.34,190.04,244.22,494.1,37.21,19.56,223.58,874.63,112.54,80.37,83.91,25.4,55.09,999.99,53.42,,140.29,74.23,255.94,97.12,148.31
2024-04-09,60.55,81.01,250.74,668.49,189.09,243.51,496.56,37.18,19.51,223.68,874.8,112.46,79.69,83.8,25.38,55.12,999.99,53.19,,140.93,74.2,259.09,99.58,147.8
2024-04-10,60.62,80.92,251.57,674.47,190.6,244.67,498.32,37.4,19.46,223.59,879.52,113.01,80.65,84.75,25.45,55.2,1000.0,53.7,,141.3,74.84,261.78,99.1,148.52
2024-04-12,61.91,82.86,249.56,670.66,190.37,243.45,494.94,37.18,19.14,222.29,873.61,112.44,79.85,84.06,25.42,55.17,1000.0,53.46,,141.27,74.39,261.0,98.91,149.41
2024-04-15,61.23,81.46,246.87,660.53,187.6,240.2,486.71,36.57,18.94,219.73,865.11,111.26,78.32,84.13,25.39,55.3,999.99,52.61,,139.06,73.57,258.14,97.77,148.07
2024-04-16,61.89,81.83,245.52,660.93,187.56,239.41,484.47,35.64,18.94,225.56,922.93,111.23,77.23,84.55,25.39,55.27,1000.0,52.58,,137.26,73.13,255.59,95.14,145.75
2024-04-18,61.96,81.79,243.94,659.72,186.54,237.68,480.08,35.56,18.85,219.11,863.59,110.71,77.12,83.28,25.39,55.27,1000.0,52.32,,136.09,72.68,256.61,96.17,143.97
2024-04-19,62.24,81.55,245.53,659.43,186.08,239.25,484.79,35.42,18.75,219.17,862.64,111.7,76.82,83.26,25.35,55.17,1000.0,51.81,,137.03,72.53,253.1,97.11,141.63
2024-04-22,61.74,80.28,247.31,667.39,187.3,241.37,488.9,35.59,19.0,221.82,870.9,112.5,79.2,83.47,25.35,55.12,999.99,52.44,,137.75,73.26,255.25,95.89,141.66
2024-04-23,60.25,78.57,247.82,668.98,188.82,241.71,488.23,35.76,18.76,222.31,875.8,113.1,79.3,84.0,25.38,55.21,999.99,53.55,,138.62,73.36,258.03,92.29,141.25
2024-04-24,60.73,79.11,247.94,673.86,190.51,241.94,490.17,35.49,18.9,222.21,876.31,113.18,79.12,84.95,25.4,55.23,999.99,53.36,,138.2,73.83,263.33,92.89,143.3
2024-04-25,60.86,79.34,249.27,677.56,191.19,243.5,493.23,35.58,19.16,224.68,882.79,113.56,81.87,85.84,25.38,55.22,999.99,53.62,,140.46,74.53,263.38,94.83,142.15
2024-04-26,61.33,79.78,248.44,682.92,192.61,243.05,490.7,35.68,19.28,224.7,881.61,113.45,81.97,86.31,25.41,55.21,999.99,53.89,,140.43,74.72,267.14,95.41,144.83
2024-04-29,61.3,79.43,250.59,684.84,192.73,244.29,502.78,35.63,19.38,224.43,886.75,113.67,83.67,86.47,25.4,55.27,1000.0,54.14,,141.56,74.89,264.81,94.26,144.9
2024-04-30,60.88,78.56,250.06,690.33,194.21,245.19,502.38,35.25,19.27,227.79,888.49,114.29,84.34,86.92,25.38,55.26,1000.0,54.32,,141.12,74.99,267.55,96.07,144.72
2024-05-02,60.85,78.43,250.84,700.57,194.78,246.19,501.31,35.23,19.4,230.74,891.87,114.95,84.16,88.13,25.42,55.37,999.99,54.47,,141.32,75.77,275.85,96.85,143.23
2024-05-03,60.48,78.66,248.75,700.33,193.34,244.43,498.74,34.94,19.42,229.29,882.49,114.19,83.45,88.67,25.47,55.43,1000.0,54.4,,141.45,75.71,288.04,95.26,144.14
2024-05-06,60.72,79.78,248.37,691.28,193.18,243.55,497.68,35.23,19.5,228.45,876.15,114.07,80.44,87.28,25.54,55.53,1000.0,54.1,,141.57,75.43,280.47,96.8,145.68
2024-05-07,60.68,80.06,247.11,680.57,189.65,241.64,492.29,35.52,19.17,224.8,862.3,114.06,78.6,84.99,25.56,55.59,1000.0,53.2,,140.57,74.68,283.46,96.07,146.48
2024-05-08,60.5,79.78,247.24,688.25,190.69,241.98,489.92,35.41,19.14,228.05,872.32,114.37,79.12,86.29,25.54,55.55,1000.0,53.46,,140.52,75.01,287.85,97.31,146.62
2024-05-09,60.42,80.55,243.49,675.32,187.71,240.88,484.79,35.23,18.78,229.25,855.11,113.52,78.65,83.76,25.54,55.54,1000.0,53.05,,140.54,73.92,295.94,96.41,146.05
2024-05-10,61.92,83.01,244.97,681.42,189.22,240.1,485.84,34.89,18.77,231.61,859.02,114.45,78.52,85.07,25.61,55.65,1000.0,52.81,,140.1,74.3,316.91,95.27,147.51
2024-05-13,61.15,81.97,245.16,685.45,190.03,240.57,489.1,35.11,19.26,228.29,860.64,114.04,77.54,84.52,25.61,55.65,999.99,53.03,,140.15,74.21,329.17,94.73,147.1
2024-05-14,61.19,82.57,246.61,695.24,191.85,241.9,489.81,35.11,19.18,232.31,868.39,114.73,78.28,86.01,25.61,55.62,999.99,53.58,,140.63,74.53,311.0,94.99,146.31
2024-05-15,61.71,83.09,246.42,698.97,193.68,242.3,488.07,35.19,19.24,231.41,876.09,114.56,79.12,87.45,25.65,55.62,999.99,54.09,,140.84,75.07,307.51,95.18,148.21
2024-05-16,62.0,84.34,248.18,704.08,194.94,243.67,490.46,35.72,19.29,232.18,884.34,115.36,78.65,87.72,25.68,55.74,1000.0,54.46,,141.33,75.54,314.91,95.25,150.33
2024-05-17,61.96,84.8,248.73,714.26,196.62,244.54,491.58,35.56,19.26,235.87,888.75,116.37,78.9,88.7,25.7,55.8,1000.0,54.94,,141.34,75.57,312.83,95.51,149.49
2024-05-18,62.89,88.37,249.05,720.17,197.54,245.19,492.26,35.67,19.18,238.12,887.69,116.98,79.49,89.34,25.7,55.86,999.99,55.06,,140.99,75.95,302.63,90.24,150.06
2024-05-21,62.63,91.03,249.74,726.45,198.51,246.56,491.84,35.51,19.48,237.47,896.25,116.67,80.33,92.67,25.71,55.79,1000.0,55.52,,142.34,76.56,310.82,95.58,150.69
2024-05-22,62.68,90.81,250.36,728.2,199.81,246.94,489.67,35.69,19.63,237.16,900.71,117.05,80.75,93.57,25.69,55.93,1000.0,55.66,,142.62,77.0,319.27,95.43,150.97
2024-05-23,61.62,88.06,254.29,732.14,200.18,250.78,498.71,36.13,19.49,241.67,912.48,118.24,81.91,93.51,25.75,56.02,1000.0,55.81,,143.98,77.44,315.43,96.05,151.98
2024-05-24,60.89,88.01,254.98,735.86,200.88,250.57,501.32,35.98,19.42,242.54,915.77,118.15,82.06,94.26,25.85,55.97,999.99,55.85,,143.81,77.58,309.63,95.93,150.69
2024-05-27,61.0,88.97,254.72,736.19,201.31,250.97,503.71,36.16,19.44,242.61,915.08,117.74,82.98,93.35,25.83,56.04,1000.0,56.2,,143.16,77.65,319.48,95.66,151.38
2024-05-28,61.12,91.2,254.2,730.05,200.02,250.02,503.38,36.01,19.51,241.87,907.89,117.28,82.05,91.81,25.84,56.0,1000.0,55.81,,143.1,77.24,320.55,96.05,151.7
2024-05-29,61.2,92.46,252.37,725.08,199.36,248.23,497.65,35.71,19.65,241.52,902.84,116.93,81.71,91.91,25.78,55.88,1000.0,55.58,,142.17,76.82,314.92,95.91,151.3
2024-05-30,60.74,90.85,250.35,719.54,197.65,246.28,499.0,35.01,19.31,238.44,895.54,116.02,81.14,90.56,25.77,55.92,1000.0,54.9,,140.87,75.89,307.02,94.77,150.89
2024-05-31,61.29,90.6,251.15,719.92,198.74,246.75,502.5,34.7,19.11,237.74,898.78,115.55,82.24,91.73,25.84,55.94,1000.0,55.6,,140.81,75.9,307.26,95.12,150.43
2024-06-03,60.59,88.12,258.14,750.2,206.84,256.91,522.61,34.92,19.28,243.34,949.11,116.93,89.71,98.67,25.89,55.95,1000.0,56.93,,144.77,78.59,309.64,94.61,150.61
2024-06-04,60.56,87.31,250.48,740.26,207.35,252.89,503.14,34.76,19.16,238.3,921.96,118.47,78.79,86.95,25.69,55.7,1000.0,56.18,,142.48,77.99,305.94,92.78,148.78
2024-06-05,60.68,86.77,251.3,712.35,196.48,246.92,502.27,35.3,19.61,246.76,871.1,119.73,77.95,85.33,25.76,55.79,1000.0,54.67,,141.43,75.34,303.35,93.55,150.19
2024-06-06,61.45,88.84,252.98,726.67,200.69,249.76,503.7,36.3,19.56,247.88,884.69,119.91,79.99,87.7,25.81,56.06,1000.0,55.94,,142.31,76.9,308.19,94.23,154.24
2024-06-07,61.09,89.38,258.42,736.56,203.25,253.46,509.15,37.48,19.93,253.77,903.31,122.02,80.97,89.72,25.85,56.11,1000.0,56.75,,145.44,78.28,310.09,95.14,154.8
2024-06-10,60.13,87.34,257.94,742.9,204.72,253.96,508.81,36.94,20.08,254.15,910.4,122.13,81.64,90.42,25.81,56.09,1000.0,56.85,,145.41,78.19,309.59,95.39,154.37
2024-06-11,60.42,86.21,258.8,742.22,206.32,254.07,508.4,36.92,20.05,256.72,915.6,122.31,81.7,91.67,25.79,55.94,999.99,57.3,,145.4,78.53,308.08,95.25,154.54
2024-06-12,60.59,86.82,259.39,747.51,208.67,254.45,510.66,36.96,20.06,257.47,924.09,122.25,82.72,93.3,25.84,56.0,999.99,57.92,,145.94,78.98,307.19,94.96,156.13
2024-06-13,60.59,86.58,260.3,753.82,209.92,255.52,510.51,37.28,20.13,258.1,928.37,122.56,82.5,93.41,25.87,56.17,1000.0,58.37,,146.25,79.37,309.13,95.01,158.93
2024-06-14,60.6,86.11,260.65,764.4,212.23,257.03,512.14,37.02,20.2,261.56,932.71,123.47,83.01,93.96,25.93,56.26,1000.0,58.97,,145.8,79.52,307.71,95.22,159.24
2024-06-18,60.33,86.26,261.56,768.89,213.45,257.94,516.45,37.13,20.16,261.93,934.35,124.01,83.18,95.18,25.91,56.2,999.99,59.33,,146.01,79.72,305.24,95.34,162.02
2024-06-19,60.71,86.92,261.38,762.1,211.52,258.01,526.16,37.31,19.99,258.44,920.46,122.51,83.26,93.84,25.93,56.32,1000.0,58.76,,145.63,79.11,306.12,94.73,162.34
2024-06-20,61.03,88.5,261.72,762.87,213.32,258.18,530.34,37.26,19.89,257.1,924.43,122.25,83.16,93.63,25.93,56.22,1000.0,59.32,,146.32,79.09,310.19,95.19,163.22
2024-06-21,61.53,88.7,260.87,757.58,212.95,257.58,528.69,37.58,19.88,255.21,922.66,121.61,82.52,93.18,25.94,56.27,1000.0,59.33,,146.47,78.97,308.38,94.69,161.66
2024-06-24,60.62,86.99,261.66,761.94,213.35,257.34,529.16,37.48,19.86,257.7,923.31,122.63,81.87,93.54,25.97,56.3,1000.0,59.42,,146.32,79.08,305.69,94.39,161.36
2024-06-25,60.75,86.81,263.59,759.76,213.08,258.59,538.08,37.89,19.85,257.11,922.77,122.26,82.02,92.91,25.96,56.22,1000.0,59.22,,147.61,79.05,305.84,93.95,160.27
2024-06-26,60.46,85.27,265.01,759.1,212.51,260.48,540.41,37.83,19.87,254.73,930.48,122.22,82.01,92.91,25.93,56.26,999.99,59.06,,147.56,79.0,304.31,92.76,162.09
2024-06-27,60.32,85.06,266.95,759.09,212.69,261.47,540.11,38.54,19.84,255.79,939.0,122.69,81.37,93.65,25.94,56.19,1000.0,59.25,,149.06,79.44,300.36,93.47,162.22
2024-06-28,60.63,85.9,267.48,761.04,213.59,262.2,537.2,38.6,20.08,256.58,945.59,122.81,82.05,94.36,25.96,56.25,999.99,59.58,,149.48,79.86,303.3,94.38,162.81
2024-07-01,60.55,85.58,268.3,767.87,216.04,263.22,539.28,39.31,20.08,257.57,944.31,123.23,81.67,93.94,25.94,56.29,999.99,60.15,,150.0,80.31,305.07,94.63,161.94
2024-07-02,60.72,85.95,269.03,767.79,215.12,263.18,535.68,39.77,20.12,256.99,942.46,122.94,80.87,94.23,25.97,56.35,1000.0,59.77,,150.1,80.54,305.49,95.27,162.61
2024-07-03,61.07,87.44,270.23,772.86,216.21,265.21,542.83,39.78,20.26,256.3,946.03,123.19,80.82,95.58,25.97,56.35,1000.0,60.13,,150.61,80.86,304.92,97.08,163.96
2024-07-04,61.29,87.89,270.53,776.92,217.84,265.69,543.38,40.23,20.52,257.8,945.79,123.15,80.93,96.5,25.98,56.46,1000.0,60.54,,152.41,81.17,305.34,98.1,165.26
2024-07-05,61.48,88.68,270.53,783.17,219.59,266.27,539.6,40.24,20.84,258.33,955.01,123.89,81.89,98.29,26.02,56.48,1000.0,61.07,,153.39,81.76,300.0,98.72,165.97
2024-07-08,61.57,89.44,270.04,783.92,219.07,266.26,537.7,40.23,20.68,257.56,958.71,124.3,81.05,99.58,26.01,56.45,999.99,60.92,,153.98,82.55,299.08,99.53,167.53
2024-07-09,61.38,89.86,271.38,787.07,219.58,267.69,538.92,40.17,20.98,262.72,958.52,125.32,81.89,99.86,26.01,56.48,999.99,61.07,,154.48,82.57,300.17,100.1,168.56
2024-07-10,61.54,89.7,270.92,787.26,218.51,266.71,535.5,39.75,21.07,258.14,957.32,125.02,80.66,100.03,26.04,56.51,1000.0,60.86,,153.61,82.16,298.87,100.46,168.58
2024-07-11,61.68,90.03,270.75,789.21,218.86,266.44,536.15,39.81,20.97,257.69,944.47,124.85,80.88,101.28,26.05,56.54,999.99,61.09,,154.11,82.42,298.1,101.66,169.89
2024-07-12,61.89,89.61,271.94,786.17,218.95,269.02,535.51,41.61,20.94,256.67,960.19,125.14,80.49,101.34,26.08,56.5,1000.0,61.15,,155.98,83.67,299.01,100.04,166.68
2024-07-15,61.92,89.4,273.09,792.29,219.68,269.29,538.03,41.61,21.2,258.91,964.13,125.89,82.68,102.92,26.06,56.53,999.99,61.66,,157.36,84.47,299.98,101.1,168.93
2024-07-16,62.44,89.78,273.55,788.24,220.14,269.01,537.38,41.79,21.17,258.99,966.51,126.44,82.47,102.75,26.11,56.61,1000.0,61.73,,157.91,84.69,299.92,100.59,167.95
2024-07-18,62.91,89.43,275.51,779.49,218.5,269.69,538.48,42.67,21.11,259.91,963.7,126.71,82.73,101.48,26.11,56.69,1000.0,61.07,,159.34,84.99,299.8,99.45,166.52
2024-07-19,62.41,86.91,273.29,761.41,214.06,267.2,534.91,42.61,20.82,254.9,945.04,125.74,81.48,98.41,26.14,56.73,1000.0,59.96,,158.41,84.63,292.55,96.98,161.96
2024-07-22,62.08,86.3,272.45,770.18,215.55,267.47,535.03,42.42,21.03,256.68,945.88,126.33,81.46,99.59,26.11,56.67,999.99,60.59,,158.33,84.33,293.88,98.13,161.76
2024-07-23,60.16,83.51,272.64,764.45,215.48,266.85,530.1,42.91,21.16,257.46,940.69,127.43,80.55,98.3,26.1,56.7,999.99,60.31,,158.84,84.32,291.9,97.39,162.49
2024-07-24,59.6,82.91,271.89,766.04,217.26,265.79,526.38,42.85,21.28,257.53,943.24,127.22,80.27,99.58,26.12,56.77,1000.0,60.91,,159.23,84.59,290.0,98.29,160.92
2024-07-25,59.37,79.87,271.92,768.53,216.73,266.51,521.82,42.76,21.47,260.52,949.78,127.2,79.85,100.67,26.16,56.8,999.99,60.74,,158.42,84.81,288.22,96.95,156.68
2024-07-26,59.99,79.8,276.06,782.52,220.65,270.79,525.3,43.75,21.97,266.89,966.26,129.33,80.88,101.85,26.25,57.1,999.99,61.77,,161.32,86.17,289.89,98.25,156.93
2024-07-29,58.78,80.36,276.68,790.13,222.35,271.18,526.92,43.71,22.09,268.65,971.95,129.57,82.91,102.7,26.25,57.06,999.99,62.39,,161.56,86.77,287.68,99.38,157.48
2024-07-30,58.35,80.0,277.1,789.23,223.49,271.73,528.32,43.62,21.97,270.22,974.49,129.25,82.89,104.21,26.24,57.02,999.99,62.71,,161.57,86.87,289.15,98.36,156.54
2024-07-31,58.68,81.84,277.75,794.51,224.77,272.6,528.94,43.68,22.18,271.37,983.31,130.11,82.52,104.45,26.23,57.07,999.99,63.12,,162.34,87.29,290.17,98.23,156.3
2024-08-01,59.09,82.34,278.33,791.5,223.18,272.89,528.75,43.6,22.19,270.25,984.62,130.18,81.77,106.17,26.26,57.17,1000.0,62.6,,162.32,87.22,292.35,97.53,158.82
2024-08-02,59.67,82.04,275.69,782.87,221.19,270.25,527.11,42.59,22.34,262.98,971.54,128.43,80.4,104.51,26.32,57.34,1000.0,62.22,,159.64,85.8,289.17,96.04,153.79
2024-08-05,58.74,78.94,269.48,767.49,217.26,265.18,514.82,41.3,22.25,255.21,947.31,127.65,77.75,100.15,26.48,57.42,999.99,60.19,,156.41,83.41,275.48,92.54,145.04
2024-08-06,58.62,77.29,267.61,749.82,211.98,261.76,510.64,41.22,21.98,250.77,937.17,126.49,76.1,99.23,26.37,57.33,1000.0,59.49,,154.8,82.76,274.03,91.16,146.87
2024-08-07,58.2,78.57,271.1,769.94,216.06,265.7,514.26,41.88,22.48,254.88,954.57,128.46,77.18,103.33,26.4,57.3,1000.0,60.85,,157.25,84.61,274.32,91.46,149.37
2024-08-08,58.09,77.35,269.33,767.0,216.09,265.88,513.97,41.21,22.59,255.12,942.15,127.92,76.66,101.49,26.41,57.35,1000.0,60.8,,155.75,83.72,270.11,92.36,147.6
2024-08-09,58.66,78.7,271.59,775.04,217.62,267.4,516.99,41.83,22.64,259.52,947.13,129.59,77.94,103.22,26.4,57.3,999.99,61.15,,157.63,84.67,274.89,94.39,152.1
2024-08-12,59.02,79.84,271.44,772.45,217.79,266.51,518.91,41.81,22.64,258.39,945.47,128.98,77.09,102.9,26.41,57.39,999.99,61.32,,157.09,84.5,274.21,92.51,151.78
2024-08-13,59.4,79.31,269.52,764.17,216.28,264.31,512.41,41.75,22.61,256.15,938.95,128.3,75.91,101.77,26.39,57.33,1000.0,60.88,,156.08,83.8,274.51,92.83,152.34
2024-08-14,59.61,79.62,269.34,765.17,215.09,264.38,511.33,42.46,22.44,256.15,935.72,128.47,75.63,100.44,26.46,57.46,1000.0,60.51,,156.65,83.87,273.89,93.92,154.84
2024-08-16,59.47,80.01,273.81,776.46,217.52,267.88,518.18,43.72,22.61,261.74,949.43,130.71,76.2,101.84,26.46,57.44,1000.0,61.71,,159.51,85.45,276.98,95.32,159.4
2024-08-19,60.34,82.0,274.43,781.41,219.6,269.61,517.04,44.07,22.73,259.57,952.63,130.44,77.24,102.83,26.48,57.5,999.99,62.09,,159.85,86.19,279.48,94.45,158.7
2024-08-20,60.67,83.37,275.83,788.89,220.98,270.65,521.66,44.49,22.79,260.87,954.48,130.55,78.34,102.7,26.49,57.54,999.99,62.29,,160.79,86.62,280.08,95.61,161.13
2024-08-21,60.38,82.95,276.12,791.37,222.35,271.03,520.61,44.49,23.04,261.59,957.73,131.41,78.28,102.74,26.52,57.51,999.99,62.56,,161.29,86.9,279.55,95.42,160.7
2024-08-22,60.45,82.9,276.48,796.83,223.8,271.37,522.84,44.44,23.03,261.15,959.93,132.31,78.57,102.19,26.55,57.53,1000.0,63.17,,161.37,87.88,281.86,95.96,161.38
2024-08-23,60.25,82.48,276.6,794.52,222.77,271.95,522.47,44.03,23.03,263.39,962.31,132.5,78.11,102.37,26.54,57.57,1000.0,62.79,,161.54,87.14,285.03,95.86,159.75
2024-08-26,60.83,84.13,278.84,798.22,223.73,273.1,524.49,44.54,23.02,264.35,966.17,133.03,77.96,103.63,26.69,57.49,1000.0,63.13,,162.95,87.36,288.04,94.49,160.92
2024-08-27,60.55,83.99,278.7,798.88,224.17,273.3,525.92,44.53,23.16,264.1,965.15,132.44,77.99,103.26,26.53,57.54,1000.0,63.39,,162.99,87.62,290.15,94.4,160.02
2024-08-28,60.55,83.29,278.94,800.61,224.17,274.01,524.84,45.41,23.49,263.66,965.86,132.7,77.51,102.98,26.53,57.5,1000.0,63.38,,163.13,87.69,286.69,94.45,160.57
2024-08-29,60.57,83.28,280.1,799.03,223.6,274.64,524.79,45.5,23.37,265.02,970.16,132.77,77.66,102.75,26.53,57.79,1000.0,63.11,,164.03,87.91,283.72,93.98,158.73
2024-08-30,60.66,83.07,281.08,801.8,224.76,273.76,526.73,45.67,23.74,266.66,974.34,133.91,77.73,103.39,26.55,57.55,1000.0,63.49,,164.23,88.27,289.23,94.77,159.94
2024-09-02,60.25,80.89,281.45,802.49,224.32,276.19,527.41,45.98,23.5,266.17,970.66,133.75,78.26,102.71,26.49,57.39,1000.0,63.37,,165.45,88.64,287.03,94.1,159.96
2024-09-03,60.36,80.52,281.72,803.58,225.08,276.43,529.76,45.77,23.51,265.33,971.29,133.46,77.82,102.29,26.5,57.46,1000.0,63.51,,165.07,88.49,285.59,94.32,159.11
2024-09-04,59.83,79.39,281.28,805.53,225.09,275.71,528.86,45.44,23.67,264.58,968.01,133.71,76.77,100.88,26.54,57.54,1000.0,63.43,,163.88,87.95,283.91,92.71,155.82
2024-09-05,60.55,81.08,280.43,803.2,225.92,275.84,529.06,45.64,23.65,263.39,963.68,133.78,77.0,99.87,26.55,57.59,999.99,63.66,,163.56,88.08,286.37,93.4,156.13
2024-09-06,60.66,81.32,277.82,795.79,223.22,272.82,520.53,45.19,23.54,260.63,950.48,133.21,74.34,97.99,26.59,57.56,1000.0,62.82,,161.51,86.71,286.12,93.09,154.67
2024-09-09,60.16,79.77,277.68,796.07,222.47,272.88,524.48,44.82,23.51,260.12,949.34,133.99,74.1,96.97,26.57,57.55,999.99,62.49,,161.11,86.46,281.57,93.77,153.72
2024-09-10,60.36,80.34,279.2,798.1,224.89,274.34,526.66,45.64,23.75,261.11,955.56,135.13,74.04,97.41,26.58,57.59,1000.0,63.28,,162.41,86.87,281.97,93.22,153.42
2024-09-11,60.71,81.29,277.54,793.81,224.47,273.0,523.06,45.49,23.71,258.0,947.4,135.77,72.8,96.51,26.61,57.67,1000.0,63.14,,161.91,86.3,283.12,93.2,154.4
2024-09-12,60.61,81.23,282.71,803.56,226.17,276.94,530.85,46.08,23.87,262.63,967.38,138.14,74.03,98.26,26.63,57.7,999.99,63.93,,164.43,87.74,283.56,93.8,157.46
2024-09-13,61.64,84.12,283.19,804.29,227.53,276.97,532.34,46.31,23.92,263.09,962.92,137.64,74.73,97.88,26.75,57.82,1000.0,64.3,,165.06,87.9,282.95,94.32,158.48
2024-09-16,62.05,86.24,283.27,804.29,229.08,277.44,534.74,46.29,23.94,263.03,964.06,137.56,74.94,98.56,26.77,57.8,999.99,64.53,,165.38,87.78,282.88,94.44,158.9
2024-09-17,61.77,85.38,283.89,803.14,228.83,278.02,535.32,46.35,23.88,263.79,969.91,138.06,74.49,98.45,26.83,57.84,1000.0,64.42,,165.11,87.76,282.67,93.09,158.76
2024-09-18,61.68,84.96,283.36,800.15,227.22,277.53,540.74,45.07,23.54,262.88,964.1,137.78,74.26,97.57,26.87,57.85,1000.0,64.02,,163.55,86.91,281.34,93.42,157.48
2024-09-19,62.19,86.61,283.92,794.81,226.19,277.64,544.21,44.81,23.39,264.06,963.96,138.84,73.81,96.98,26.87,57.87,1000.0,63.92,,163.57,86.44,283.84,93.19,160.49
2024-09-20,62.43,86.48,287.1,804.58,228.27,280.85,550.68,45.08,23.43,268.87,976.23,141.21,73.78,98.17,26.88,57.83,1000.0,64.55,,164.69,87.19,286.2,94.13,160.44
2024-09-23,62.81,85.35,289.34,816.38,230.23,283.63,556.57,44.94,23.55,273.05,987.75,143.44,76.41,99.54,26.84,57.92,1000.0,65.01,,165.43,87.9,284.59,93.95,160.92
2024-09-24,62.99,86.13,289.3,817.28,230.88,284.01,554.39,45.29,23.67,274.23,990.87,143.03,75.92,100.69,26.84,58.55,999.99,65.14,,165.63,88.29,297.98,94.07,161.63
2024-09-25,63.66,88.11,290.09,814.85,230.16,284.4,554.63,44.85,23.73,274.11,1001.04,142.46,75.13,101.56,26.86,58.05,1000.0,64.83,,166.4,88.18,308.75,94.3,161.39
2024-09-26,63.77,88.99,291.55,819.94,230.26,285.23,557.45,45.08,23.72,280.03,997.67,143.97,75.88,101.31,26.93,58.13,999.99,64.8,,167.1,88.72,318.47,95.12,164.72
2024-09-27,63.48,88.34,291.97,825.86,229.4,286.42,553.23,45.34,23.9,281.92,1000.55,143.74,76.16,101.79,26.92,58.22,999.99,64.77,,167.62,89.04,336.25,94.95,164.35
2024-09-30,63.55,88.04,288.38,821.6,228.78,282.73,544.78,44.93,23.76,276.44,992.84,141.81,75.35,101.35,26.89,58.18,999.99,64.48,,165.91,88.77,367.12,94.88,163.08
2024-10-01,63.59,87.67,288.27,821.83,230.25,282.73,544.36,45.29,23.79,276.0,989.99,141.51,75.39,100.94,26.92,58.05,1000.0,64.63,,166.39,88.96,380.77,94.78,164.47
2024-10-03,63.69,88.45,282.69,807.63,226.39,282.34,534.55,45.1,23.58,269.95,968.79,139.04,74.67,99.59,26.92,57.99,1000.0,63.77,,165.45,88.0,389.08,93.56,162.2
2024-10-04,63.99,89.86,280.15,803.2,225.43,277.76,529.88,45.28,23.65,267.31,962.7,136.52,75.26,99.02,26.87,57.83,1000.0,63.26,,169.7,88.01,390.52,94.06,162.4
2024-10-07,63.81,89.43,278.01,784.97,219.85,271.65,521.6,45.09,23.47,264.31,944.65,135.3,72.83,95.94,26.77,57.88,999.99,61.52,,164.14,86.94,409.58,94.06,162.32
2024-10-08,63.45,87.66,279.4,796.03,222.91,273.2,524.97,45.23,23.8,268.0,948.87,137.46,73.31,97.18,26.81,58.04,999.99,62.79,,162.98,86.78,375.99,94.34,162.59
2024-10-09,63.02,86.33,278.72,804.7,225.53,274.07,524.64,45.49,24.3,270.45,949.25,137.62,73.73,97.28,26.88,58.1,999.99,63.29,,162.91,86.74,367.87,95.49,164.06
2024-10-10,63.01,86.25,279.3,803.3,225.1,273.75,529.19,45.06,23.81,271.12,948.59,137.19,73.71,98.0,26.86,58.13,999.99,63.18,,162.52,86.46,369.91,95.66,165.2
2024-10-11,63.54,87.71,278.72,804.15,225.48,273.8,526.46,45.17,24.01,270.26,947.49,137.19,73.66,97.92,26.89,58.19,999.99,63.61,,162.06,86.66,381.78,97.05,164.93
2024-10-14,63.98,88.39,280.76,807.01,226.9,274.54,531.76,45.77,24.18,270.57,952.44,137.4,73.88,97.87,26.89,58.08,1000.0,63.69,,162.89,87.13,359.51,97.2,165.82
2024-10-15,63.86,87.63,279.83,809.45,226.69,274.67,532.7,45.73,24.03,268.3,952.35,137.54,73.85,97.51,26.87,58.16,999.99,63.8,,163.26,87.03,327.22,97.17,166.46
2024-10-16,64.44,89.26,278.5,807.81,226.91,273.72,531.65,45.23,23.95,264.95,953.91,136.63,73.66,96.87,26.87,58.2,999.99,63.71,,162.26,86.66,319.67,96.5,165.15
2024-10-17,64.44,88.59,276.69,789.91,223.42,270.98,526.9,45.62,23.74,255.76,946.17,133.38,73.33,96.05,26.85,58.18,999.99,62.64,,161.71,85.83,319.65,96.16,165.75
2024-10-18,65.18,89.81,277.53,792.99,223.88,271.74,534.31,45.0,23.81,257.23,948.27,132.91,74.17,96.69,26.83,58.08,1000.0,62.89,,161.73,85.77,330.78,96.14,165.44
2024-10-21,65.79,94.64,276.47,781.99,220.52,270.21,532.55,44.49,23.54,257.95,943.97,132.69,73.44,95.58,26.78,58.12,1000.0,61.97,,160.17,84.86,326.5,95.98,165.29
2024-10-22,65.73,94.88,273.56,759.55,215.07,266.5,526.71,44.06,23.23,251.95,925.28,130.54,70.55,92.93,26.78,58.11,999.99,60.9,,158.74,83.23,324.83,95.24,165.05
2024-10-23,66.16,96.11,273.09,757.31,215.69,265.81,526.11,45.11,22.88,249.98,916.71,130.31,70.87,92.25,26.8,58.0,999.99,60.5,,158.97,83.2,332.76,97.66,165.85
2024-10-24,65.75,95.12,272.12,753.67,215.41,265.56,528.62,45.03,22.98,248.59,915.6,128.79,71.51,92.85,26.82,58.1,1000.0,60.34,,158.46,83.01,327.77,97.15,165.29
2024-10-25,65.45,92.65,270.48,744.49,211.75,262.55,522.14,44.89,22.97,244.1,907.99,127.79,70.1,90.76,26.8,58.19,1000.0,59.06,,157.19,82.12,328.13,97.17,165.86
2024-10-28,65.78,93.63,271.97,747.73,212.98,264.32,526.45,45.11,23.33,245.13,906.37,128.01,72.55,90.17,26.8,58.12,999.99,59.6,,158.57,83.01,327.96,98.07,167.42
2024-10-29,66.3,95.34,273.59,752.77,214.56,266.31,536.28,45.07,23.08,241.23,906.73,127.59,75.12,91.78,26.78,58.03,1000.0,60.06,,159.45,83.58,329.31,97.79,166.91
2024-10-30,67.02,95.67,272.16,749.91,215.17,265.05,532.64,44.82,22.84,241.31,910.63,127.53,74.92,91.9,26.8,58.06,999.99,60.4,,158.66,83.47,329.7,99.04,168.68
2024-10-31,66.92,94.27,270.64,746.59,215.0,263.71,529.64,43.55,23.17,239.93,912.96,126.92,74.86,92.18,26.83,58.08,1000.0,60.1,,156.92,82.61,330.52,98.21,166.27
2024-11-01,66.62,92.93,272.37,756.06,218.01,265.5,530.44,43.74,23.36,243.45,921.29,128.47,75.25,93.5,26.84,58.15,1000.0,60.8,,158.26,83.33,332.72,96.87,165.97
2024-11-04,66.02,92.25,268.47,741.01,213.7,261.26,526.07,43.44,23.12,240.98,899.15,126.09,75.21,91.33,26.85,58.19,1000.0,59.83,,155.78,82.09,352.16,97.05,164.02
2024-11-05,65.94,91.71,270.79,744.96,214.41,263.16,534.9,43.47,23.09,243.65,899.48,126.3,76.54,92.03,26.84,58.17,999.99,59.93,,156.41,82.61,368.99,97.0,164.42
2024-11-06,65.59,90.71,273.91,762.02,218.95,266.29,537.87,45.13,23.32,246.76,917.4,127.88,77.73,93.9,26.87,58.21,999.99,61.31,,159.42,84.15,348.3,101.26,171.58
2024-11-07,64.33,87.99,270.7,753.9,217.79,264.14,533.12,44.9,23.0,243.38,906.88,126.39,77.55,93.17,26.89,58.26,1000.0,61.06,,158.11,83.77,361.59,103.01,172.12
2024-11-08,65.0,89.13,270.03,744.97,214.88,262.99,529.45,45.13,22.92,243.37,902.94,126.43,76.36,91.96,26.94,58.21,1000.0,60.24,,157.56,83.39,366.67,104.9,175.0
2024-11-11,64.49,88.48,269.96,747.41,213.6,262.98,532.0,45.85,22.81,242.61,897.53,125.61,76.42,91.82,26.92,58.26,999.99,59.78,,158.52,83.57,359.38,112.34,175.43
2024-11-12,62.84,85.86,267.18,730.85,211.48,259.88,526.03,45.82,22.63,237.75,886.46,123.89,75.05,90.09,26.9,58.27,1000.0,59.13,,157.27,82.41,343.77,113.87,174.86
2024-11-13,63.25,87.61,263.64,717.16,206.7,257.92,515.05,45.46,22.28,232.92,877.42,122.73,72.73,88.44,26.88,58.14,999.99,57.65,,155.73,81.19,347.54,108.78,173.61
2024-11-14,61.79,84.66,263.57,720.39,207.08,256.71,516.13,45.5,22.23,234.55,875.52,122.78,72.45,88.16,26.84,58.32,1000.0,57.94,,155.22,80.86,338.31,111.24,174.85
2024-11-18,62.9,86.92,262.47,719.72,206.61,255.55,516.88,44.46,21.94,235.63,870.3,122.77,72.69,87.59,26.87,58.32,1000.0,57.94,,153.74,80.42,329.95,110.25,169.09
2024-11-19,63.72,88.82,263.07,723.57,208.49,256.63,519.15,44.8,22.24,238.55,869.23,123.57,72.59,88.43,26.93,58.33,1000.0,58.45,,153.91,80.56,334.15,108.43,169.29
2024-11-21,64.57,88.1,261.29,713.25,207.73,253.97,516.41,45.03,22.2,236.2,860.38,122.13,70.44,87.84,26.9,58.31,1000.0,58.38,,153.43,80.14,324.52,110.07,170.58
2024-11-22,65.33,88.44,266.86,726.33,210.59,259.01,524.92,46.45,22.43,240.84,882.26,124.91,72.62,89.76,26.86,58.34,999.99,58.97,,157.45,82.12,322.17,110.31,172.41
2024-11-25,64.38,86.87,270.73,740.84,213.29,262.73,534.97,46.97,22.62,242.46,902.52,125.92,75.52,92.09,26.9,58.36,999.99,60.04,,158.93,83.44,319.86,109.91,173.48
2024-11-26,63.39,86.01,270.54,742.52,213.35,262.4,535.07,47.46,22.41,239.39,898.54,125.93,75.37,91.33,26.91,58.41,1000.0,59.98,,159.46,83.47,323.35,108.8,172.21
2024-11-27,63.96,86.59,271.54,749.31,214.42,263.98,536.28,47.4,22.29,240.55,900.56,126.77,75.42,92.25,26.93,58.4,1000.0,60.25,,159.67,83.94,332.45,109.97,175.23
2024-11-28,64.04,85.15,267.68,750.16,214.2,261.33,532.97,46.27,22.19,236.66,890.45,125.39,76.2,91.53,26.98,58.47,1000.0,60.28,,157.27,82.72,329.36,110.36,175.42
2024-11-29,64.29,86.92,269.88,754.98,215.31,262.46,533.6,46.46,22.68,239.02,903.99,126.46,75.63,91.63,27.02,58.54,999.99,60.44,,157.75,83.08,331.65,111.44,175.88
2024-12-02,63.76,86.04,271.38,759.95,217.02,264.04,534.34,46.74,22.93,241.1,908.65,127.55,75.81,91.54,27.13,58.8,999.99,61.01,,158.59,83.28,330.79,113.69,178.38
2024-12-03,64.06,87.63,272.98,767.94,219.11,266.48,540.16,46.94,22.91,242.91,925.2,127.58,77.51,92.58,27.14,58.81,1000.0,61.58,,159.01,83.99,332.66,116.52,182.18
2024-12-04,64.01,87.54,273.43,771.38,221.03,266.46,546.0,47.16,22.9,241.13,918.1,127.06,79.51,92.45,27.23,58.83,1000.0,62.19,,159.61,84.1,336.7,121.63,181.64
2024-12-05,64.06,88.55,275.92,773.47,221.36,267.04,548.91,48.07,22.96,242.7,923.03,128.21,79.37,92.53,27.21,58.86,1000.0,62.6,,160.51,84.75,335.26,127.41,181.66
2024-12-06,63.99,88.49,275.88,778.5,222.97,269.74,550.11,47.96,22.9,244.89,924.47,128.81,79.52,92.67,27.2,58.81,999.99,62.86,,161.16,85.17,336.4,130.18,179.85
2024-12-09,64.29,88.71,275.14,776.5,223.78,268.99,547.79,48.09,22.77,243.11,925.99,127.64,79.24,92.5,27.19,58.71,1000.0,63.17,,160.73,84.88,354.39,130.44,183.21
2024-12-10,64.67,90.11,274.68,780.62,224.17,268.41,549.38,48.48,22.76,243.09,921.53,127.41,79.43,92.27,27.21,59.16,999.99,63.3,,161.26,85.15,356.05,131.84,188.56
2024-12-11,65.04,90.05,274.97,782.16,224.92,268.75,546.9,48.65,22.77,243.68,919.89,127.86,79.0,92.17,27.21,58.84,999.99,63.52,,161.5,85.25,351.95,130.71,192.46
2024-12-12,65.49,91.27,274.1,780.24,223.75,268.55,545.71,49.03,22.7,241.87,914.58,127.17,78.2,91.44,27.18,58.7,1000.0,63.24,,161.21,84.82,356.99,130.57,199.81
2024-12-13,64.61,87.25,276.08,779.06,223.78,269.96,548.93,49.49,22.63,242.74,923.48,128.54,77.98,91.63,27.19,58.73,1000.0,63.21,,161.86,85.39,352.89,134.23,200.9
2024-12-16,64.48,87.27,275.48,781.28,224.42,269.69,548.81,49.12,22.67,242.89,920.83,128.37,78.37,91.34,27.19,58.78,999.99,63.67,,161.34,85.1,348.22,133.76,207.47
2024-12-17,64.1,86.38,272.22,771.09,223.38,266.2,541.99,48.87,22.54,239.34,908.62,127.34,77.18,90.22,27.16,58.75,1000.0,63.31,,159.86,84.12,345.59,135.57,212.93
2024-12-18,64.38,86.73,270.7,760.89,222.06,264.4,535.9,48.86,22.71,237.63,900.71,126.94,75.78,88.37,27.13,58.73,1000.0,62.92,,159.06,83.45,340.76,139.17,211.4
2024-12-19,63.78,84.68,268.39,754.18,221.84,261.68,530.05,48.26,23.1,235.85,893.69,126.27,75.27,87.69,27.08,58.67,1000.0,62.76,,157.48,82.78,339.49,136.82,207.94
2024-12-20,63.32,82.95,264.15,734.21,216.86,257.25,521.12,46.93,22.91,231.02,876.01,124.5,73.16,85.81,27.08,58.66,1000.0,61.08,,155.41,81.16,345.57,131.88,200.96
2024-12-23,63.97,85.49,265.66,735.77,216.76,258.57,527.62,47.01,22.97,230.71,881.5,124.57,73.84,85.81,27.14,58.71,1000.0,61.18,,156.29,81.46,346.33,132.57,208.9
2024-12-24,63.68,85.3,265.49,736.21,216.89,258.9,526.92,46.87,22.96,231.99,881.05,124.97,73.36,85.59,27.2,58.74,999.99,61.14,,155.73,81.36,351.87,134.24,212.07
2024-12-26,64.0,85.43,265.67,738.22,216.95,258.73,525.53,46.85,23.11,233.81,883.34,125.26,73.87,85.88,27.19,58.73,1000.0,61.19,,155.85,81.42,349.37,135.94,214.5
2024-12-27,64.21,85.71,266.39,733.04,216.69,258.85,527.33,46.89,23.4,236.17,879.96,125.71,73.23,85.46,27.2,58.95,999.99,61.09,,155.75,81.13,350.94,138.12,217.51
2024-12-30,64.0,84.95,264.37,727.5,216.84,257.56,524.0,47.19,23.71,233.01,872.53,125.23,72.33,84.36,27.16,58.77,999.99,61.27,,154.93,80.58,341.15,136.73,215.63
2024-12-31,64.09,83.73,264.47,726.99,217.42,257.92,522.79,46.64,23.84,233.47,896.05,125.52,72.67,85.29,27.23,58.76,1000.0,61.27,,154.72,80.71,342.06,136.31,214.21
2025-01-01,64.35,83.85,265.59,729.55,218.51,258.52,524.92,46.54,23.87,236.41,879.46,126.3,72.83,85.64,27.2,58.73,1000.0,61.57,,155.38,80.76,342.46,134.5,212.41
2025-01-02,64.6,84.84,269.89,738.74,220.15,262.76,528.34,47.6,23.95,244.6,894.86,128.66,73.35,87.19,27.18,58.75,1000.0,61.9,,157.16,82.15,342.76,133.12,210.77
2025-01-03,65.07,85.86,268.41,739.84,220.36,261.68,523.36,47.08,23.77,244.62,889.81,128.72,73.78,87.99,27.24,58.95,1000.0,62.07,,156.66,81.97,344.07,141.44,210.92
2025-01-06,64.61,85.93,264.48,717.16,215.26,256.92,511.53,46.84,23.57,239.33,869.85,126.29,70.58,85.24,27.2,58.85,999.99,60.42,,154.59,80.29,333.5,133.77,205.02
2025-01-07,64.77,87.07,265.16,715.7,216.44,257.28,514.41,46.67,23.62,239.21,873.1,125.85,70.92,85.83,27.3,59.02,1000.0,60.91,,154.22,80.27,334.01,135.64,204.09
2025-01-08,65.12,87.2,264.92,709.8,214.42,256.83,510.52,46.83,23.5,238.11,871.86,125.58,70.6,86.09,27.28,58.96,1000.0,60.27,,154.86,80.41,329.58,137.29,202.41
2025-01-09,65.4,87.27,263.15,700.97,212.71,254.78,507.46,46.37,23.27,237.5,864.86,125.64,69.7,85.01,27.25,59.0,999.99,59.76,,153.9,79.59,327.98,135.0,201.18
2025-01-10,65.93,87.54,262.22,687.83,208.4,253.05,500.12,47.84,22.77,234.41,855.43,124.38,67.86,83.06,27.24,58.98,1000.0,58.57,,153.75,79.35,321.15,134.88,197.89
2025-01-13,66.25,87.29,258.4,660.91,200.51,248.16,493.83,47.39,22.3,229.07,834.09,121.02,65.59,80.27,27.09,58.72,1000.0,56.25,,152.26,77.78,311.75,131.06,189.55
2025-01-14,66.04,86.27,259.26,674.62,204.19,249.09,500.61,46.28,22.66,233.42,841.83,120.94,68.51,82.47,27.14,58.72,999.99,57.55,,152.34,78.35,318.62,132.26,192.94
2025-01-15,66.26,87.32,259.58,680.27,205.21,250.03,500.64,46.52,22.43,231.68,850.15,121.68,68.52,83.29,27.17,58.89,1000.0,57.86,,152.36,78.83,323.45,132.07,191.34
2025-01-16,66.59,88.95,260.72,689.32,207.58,251.67,505.01,46.27,22.37,233.67,859.23,121.86,70.36,84.55,27.29,59.1,999.99,58.37,,152.66,79.1,331.06,131.76,200.49
2025-01-17,66.66,87.65,259.77,695.83,207.88,251.44,497.32,45.5,22.5,233.02,868.61,122.36,70.16,85.85,27.3,59.24,1000.0,58.57,,151.51,79.07,330.11,135.32,204.8
2025-01-20,66.59,87.73,261.29,696.57,209.32,252.19,505.81,45.64,22.63,231.68,874.03,122.08,71.49,86.93,27.32,59.16,1000.0,59.08,,154.17,79.31,340.23,134.05,211.66
2025-01-21,66.95,87.81,257.91,678.3,205.33,249.35,498.82,45.05,22.37,228.06,858.99,119.93,70.07,85.81,27.32,59.09,1000.0,57.81,,150.76,78.46,339.66,136.09,206.46
2025-01-22,67.62,88.61,258.85,672.25,202.69,248.83,500.59,45.94,22.44,227.68,856.82,119.68,69.3,84.27,27.36,59.16,999.99,56.92,,151.81,78.56,332.76,142.57,212.81
2025-01-23,67.43,87.85,259.51,679.0,206.26,250.52,499.38,46.75,22.79,230.3,858.78,120.89,69.42,84.51,27.4,59.25,999.99,58.03,,151.65,78.53,333.92,137.43,217.11
2025-01-24,67.77,88.67,258.19,668.34,202.87,248.7,496.17,46.93,22.33,226.7,852.88,119.67,68.53,83.69,27.42,59.34,1000.0,57.17,,151.39,78.5,342.75,141.33,220.79
2025-01-27,67.69,87.59,255.69,649.72,197.12,245.9,494.12,45.38,21.72,224.44,839.09,118.67,67.67,81.74,27.44,59.29,999.99,55.62,,149.51,76.87,353.92,136.21,209.79
2025-01-28,67.58,87.1,257.33,651.51,195.58,246.95,501.43,45.14,21.25,227.69,840.54,118.97,69.45,80.72,27.52,59.37,1000.0,55.25,,149.24,76.53,350.9,128.6,200.9
2025-01-29,67.86,88.01,259.38,664.37,200.45,249.29,504.11,46.35,21.61,230.61,844.99,120.04,69.55,82.19,27.48,59.33,1000.0,56.99,,150.85,77.45,356.06,133.0,207.87
2025-01-30,68.09,89.5,260.22,664.99,200.65,250.26,506.44,45.8,21.85,230.07,851.28,120.83,69.43,83.88,27.47,59.36,1000.0,56.49,,150.6,77.82,353.31,133.15,206.9
2025-01-31,69.08,90.67,263.0,676.91,204.38,252.83,508.38,45.96,21.89,233.76,864.22,122.81,70.41,86.49,27.53,59.36,1000.0,57.57,,153.07,79.05,350.4,134.83,206.37
2025-02-01,68.95,90.11,262.13,678.73,203.62,252.78,508.43,45.42,21.76,238.14,854.73,126.86,69.08,83.82,27.49,59.2,999.99,57.36,,152.48,79.24,353.71,135.48,206.58
2025-02-03,69.64,90.53,261.47,669.66,201.44,251.37,505.84,45.63,21.81,238.17,839.36,126.56,68.14,81.38,27.56,59.41,999.99,56.84,,150.9,77.49,351.24,134.32,203.39
2025-02-04,70.08,91.09,265.05,680.39,203.59,254.95,513.88,46.22,22.13,239.68,856.72,126.27,69.54,83.45,27.51,59.39,999.99,57.69,,152.3,78.68,361.47,136.47,207.03
2025-02-05,71.57,93.03,265.25,684.55,205.38,254.86,516.09,46.24,22.31,239.53,860.43,125.24,70.31,84.32,27.56,59.42,1000.0,58.09,,152.59,78.7,360.04,138.1,209.45
2025-02-06,71.43,91.84,264.37,679.38,203.04,254.11,516.99,46.41,22.48,237.55,853.65,123.34,69.82,82.94,27.57,59.45,1000.0,57.46,,152.22,78.34,364.71,140.4,209.19
2025-02-07,71.54,92.73,263.75,679.71,203.4,253.53,514.53,46.32,22.49,238.98,853.41,123.98,69.0,82.79,27.55,59.4,1000.0,57.47,,150.88,77.76,371.78,141.5,209.32
2025-02-10,72.52,92.95,261.9,667.31,199.43,250.96,513.33,45.93,22.15,235.91,844.17,122.12,68.3,80.63,27.51,59.51,1000.0,56.3,,150.05,77.12,383.13,143.02,207.91
2025-02-11,71.98,91.37,258.55,650.38,193.36,247.61,507.56,45.25,21.7,230.59,829.55,119.93,66.88,79.01,27.53,59.42,999.99,54.59,,148.67,75.4,377.91,140.95,208.37
2025-02-12,71.47,91.29,258.27,650.75,193.28,247.65,508.31,45.0,21.61,228.53,829.12,119.51,67.4,78.38,27.54,59.45,999.99,54.48,,147.87,75.49,389.07,143.28,207.18
2025-02-13,71.87,92.75,258.17,651.94,193.59,247.51,506.7,44.6,21.95,228.18,842.0,119.34,66.67,78.77,27.53,59.32,1000.0,54.59,,147.39,75.87,387.89,141.9,206.78
2025-02-14,72.22,94.71,256.95,637.51,189.38,245.77,504.56,44.59,21.32,225.64,817.91,118.16,65.43,76.6,27.56,59.46,1000.0,53.3,,147.79,74.53,414.6,141.73,205.44
2025-02-17,71.65,92.86,257.11,635.65,189.65,245.97,506.15,44.28,21.51,223.78,819.17,117.28,65.55,77.46,27.56,59.56,1000.0,53.49,,149.46,74.67,415.8,143.9,205.35
2025-02-18,71.98,93.21,256.84,636.88,189.27,245.59,503.8,44.7,21.39,222.94,822.58,117.05,65.16,78.13,27.54,59.58,1000.0,53.39,,147.09,74.65,432.87,144.33,204.11
2025-02-19,72.73,94.56,256.89,643.94,192.15,246.13,509.53,44.22,21.28,222.54,825.79,117.06,66.27,78.92,27.54,59.53,1000.0,54.2,,146.94,74.51,433.44,150.06,206.24
2025-02-20,72.49,94.56,256.85,653.22,193.34,246.5,506.85,44.08,21.2,225.56,834.04,117.96,67.38,80.85,27.57,59.51,999.99,54.87,,147.12,75.32,409.15,143.53,204.61
2025-02-21,72.08,94.06,255.53,647.21,191.7,245.28,502.52,43.73,20.78,218.97,826.41,116.69,66.19,79.95,27.59,59.46,1000.0,54.13,,145.95,75.15,415.13,143.31,203.24
2025-02-24,72.6,93.21,252.87,639.76,189.97,242.46,499.62,42.51,20.8,219.44,815.15,116.17,66.07,78.91,27.58,59.53,999.99,53.68,,144.23,74.05,427.37,141.39,197.28
2025-02-25,72.75,92.91,252.75,634.84,189.25,241.45,498.49,42.17,20.66,220.38,811.16,116.89,65.3,78.26,27.61,59.6,999.99,53.34,,143.12,73.59,421.92,135.81,193.2
2025-02-27,71.88,91.97,252.56,629.11,187.05,241.71,499.98,42.01,20.58,217.16,808.16,116.01,64.63,77.71,27.58,59.67,1000.0,52.69,,142.26,73.04,441.6,133.44,195.0
2025-02-28,71.1,90.46,248.45,612.08,183.02,237.02,496.72,40.23,20.22,210.01,794.55,112.72,62.97,76.56,27.62,60.25,1000.0,51.55,,139.99,71.06,421.44,126.51,183.93
2025-03-03,71.36,91.41,248.05,616.28,183.03,236.91,493.68,40.56,20.28,209.91,795.76,112.81,62.71,76.83,27.6,59.63,999.99,51.5,,138.98,71.18,431.38,130.61,187.63
2025-03-04,72.42,92.53,247.49,620.36,183.0,237.02,495.61,40.36,20.2,207.06,796.29,112.47,63.71,77.65,27.59,59.74,999.99,51.52,,139.2,71.48,439.38,125.74,182.93
2025-03-05,72.27,93.29,250.48,636.14,187.82,240.32,497.36,41.21,20.54,212.26,814.55,114.4,65.35,80.11,27.58,59.78,999.99,52.78,,141.05,72.84,443.02,126.68,183.72
2025-03-06,71.89,93.52,252.75,643.94,189.01,241.58,499.67,41.25,20.82,213.91,826.21,115.46,65.94,81.45,27.62,59.9,1000.0,52.99,,142.71,73.6,436.4,126.88,186.58
2025-03-07,72.21,94.09,252.84,641.09,188.61,242.63,498.4,40.92,20.79,214.54,825.99,115.02,65.83,81.04,27.66,59.91,1000.0,52.84,,141.98,73.62,445.81,124.07,186.74
2025-03-10,72.17,94.1,251.75,631.39,185.8,241.07,494.7,40.73,20.67,212.09,821.14,113.92,64.73,80.25,27.65,59.81,1000.0,52.01,,141.33,73.04,435.94,119.21,187.24
2025-03-11,72.08,93.65,252.08,634.77,185.92,241.49,491.52,40.34,20.73,211.23,823.89,114.2,64.76,80.81,27.65,59.76,999.99,52.51,,141.09,72.88,438.65,114.9,181.4
2025-03-12,72.32,94.97,251.74,634.61,185.63,241.56,493.18,39.16,20.87,212.39,822.82,114.39,63.87,80.98,27.68,59.8,1000.0,52.03,,139.97,72.54,437.01,113.39,179.25
2025-03-13,72.82,95.21,251.06,631.08,184.08,240.47,493.18,38.97,20.81,210.11,819.48,113.79,64.16,81.24,27.75,59.85,1000.0,51.65,,139.42,72.47,419.71,114.35,175.98
2025-03-17,73.53,96.48,252.18,635.54,185.81,241.74,495.86,38.97,21.13,211.24,821.79,114.05,64.0,81.62,27.73,59.83,999.99,52.04,,139.68,72.11,435.56,115.23,180.77
2025-03-18,74.13,97.42,255.82,652.43,189.73,244.87,506.31,39.46,21.46,216.3,830.72,116.11,65.49,82.84,27.72,59.89,999.99,53.13,,141.85,73.49,441.93,116.28,177.2
2025-03-19,74.25,96.41,256.7,662.99,194.4,246.92,510.75,39.08,21.56,217.6,841.39,116.94,66.98,84.44,27.75,59.93,1000.0,54.57,,142.43,73.67,434.71,117.55,182.07
2025-03-20,74.49,95.84,259.32,666.96,194.55,249.67,513.32,39.68,21.76,220.52,855.21,118.96,67.03,84.92,27.82,59.97,1000.0,54.88,,144.8,74.64,426.22,121.27,187.21
2025-03-21,73.95,94.18,261.09,671.83,197.71,251.53,518.1,39.7,22.05,221.7,864.87,119.59,68.24,86.42,27.81,60.1,1000.0,55.66,,144.66,75.08,415.63,122.12,185.39
2025-03-24,73.0,94.18,264.9,680.56,200.01,254.73,529.72,40.25,22.18,223.44,877.42,119.48,70.31,88.27,27.84,60.04,1000.0,56.41,,146.22,76.33,409.21,122.52,188.11
2025-03-25,73.23,94.57,264.73,670.72,197.99,253.77,528.79,40.75,21.96,221.56,872.72,118.73,68.98,87.44,27.9,60.08,1000.0,55.82,,146.61,76.06,390.64,123.06,187.62
2025-03-26,73.25,95.74,262.9,667.89,196.84,252.56,524.68,40.4,21.77,221.53,869.28,118.11,68.12,86.36,27.92,60.09,999.99,55.4,,145.17,75.44,405.31,121.63,184.74
2025-03-27,73.8,95.9,263.73,676.25,197.57,253.23,528.68,40.42,21.68,219.08,872.85,118.59,69.85,87.27,27.98,60.14,999.99,55.62,,145.4,75.72,404.84,120.55,183.43
2025-03-28,74.16,97.6,263.21,672.08,197.3,252.51,528.99,39.77,21.53,216.87,875.09,118.16,69.44,87.07,28.08,60.29,1000.0,55.53,,144.43,75.56,396.09,119.49,181.45
2025-04-01,76.72,96.72,259.6,667.85,195.02,249.05,521.86,38.86,21.2,216.32,864.97,117.61,69.39,86.39,28.27,60.61,999.99,55.01,,142.89,74.58,393.57,117.56,180.28
2025-04-02,76.23,96.85,261.64,675.53,197.59,251.62,526.43,39.21,21.35,218.47,871.47,119.4,69.97,86.04,28.24,60.89,999.99,55.87,,143.91,75.22,393.94,116.38,181.62
2025-04-03,75.85,93.29,260.46,675.7,197.36,250.86,528.85,37.62,21.9,216.32,874.56,119.46,71.31,87.26,28.23,60.63,1000.0,55.98,,142.49,74.47,382.13,115.46,180.32
2025-04-04,74.99,89.72,257.16,658.5,192.58,246.27,528.98,36.39,21.04,210.71,852.15,118.5,69.74,84.52,28.29,61.07,1000.0,54.45,,139.37,72.54,370.89,113.5,174.95
2025-04-07,73.83,87.03,249.1,640.0,187.6,241.39,513.46,35.84,20.71,202.66,821.05,117.5,67.61,82.0,28.27,61.01,999.99,52.51,,139.9,72.47,348.05,110.23,163.42
2025-04-08,73.68,87.44,252.72,651.09,189.3,242.96,518.63,35.98,20.74,205.67,838.45,117.62,69.52,84.09,28.24,60.94,999.99,53.47,,136.0,72.37,359.74,104.64,164.25
2025-04-09,74.89,87.97,251.03,649.82,188.19,241.68,516.11,35.2,20.43,205.84,833.85,118.76,67.83,83.56,28.33,61.09,1000.0,53.19,,136.06,71.89,369.19,106.76,163.33
2025-04-11,77.9,90.37,255.97,658.32,191.6,245.96,522.84,35.45,20.89,209.93,853.27,120.17,68.7,86.09,28.42,61.29,1000.0,54.22,,138.18,72.72,376.77,105.62,167.05
2025-04-15,77.66,92.22,260.87,677.29,197.52,250.89,536.28,35.95,21.32,216.7,873.36,122.14,69.56,87.39,28.4,61.11,1000.0,55.75,,140.38,73.89,389.07,115.51,167.95
2025-04-16,79.23,93.8,261.91,681.39,198.85,252.01,543.8,35.97,21.28,216.21,875.33,122.82,71.39,87.85,28.44,61.29,1000.0,56.12,,140.92,74.38,380.43,117.0,165.13
2025-04-17,79.53,92.16,266.54,685.59,199.41,255.77,555.79,36.11,21.53,218.49,889.1,124.37,72.47,88.52,28.58,61.45,1000.0,56.42,,142.62,75.0,377.4,115.7,165.58
2025-04-21,81.07,93.0,269.7,698.16,204.38,259.28,566.23,36.93,21.76,222.81,901.61,124.95,74.18,90.4,28.58,61.55,1000.0,57.82,,144.8,75.98,374.93,113.73,166.43
2025-04-22,82.9,92.35,270.05,699.3,206.08,259.81,570.48,36.72,21.85,223.26,894.96,125.79,74.65,89.79,28.57,61.6,1000.0,58.27,,144.48,76.2,377.17,112.5,166.08
2025-04-23,80.39,93.54,271.82,704.25,208.09,261.44,567.42,38.3,22.16,228.56,904.08,127.0,74.29,90.44,28.6,61.59,999.99,58.9,,146.72,77.2,379.3,109.29,170.11
2025-04-24,80.51,94.65,270.95,702.92,207.13,260.6,565.1,38.08,22.4,228.12,900.7,126.07,74.14,90.13,28.57,61.55,1000.0,58.8,,146.35,76.99,375.04,112.21,169.36
2025-04-25,80.03,94.65,268.63,687.6,202.29,257.63,559.55,38.34,21.89,224.14,887.78,124.17,72.61,88.22,28.61,61.71,1000.0,57.32,,145.17,75.88,374.6,116.54,170.78
2025-04-28,79.05,93.16,271.9,694.2,204.76,261.06,567.68,38.31,22.32,227.62,901.96,124.99,74.23,89.5,28.55,61.41,999.99,58.3,,146.5,76.55,374.73,118.5,170.78
2025-04-29,80.04,94.67,271.91,693.41,205.29,260.83,566.83,38.78,22.16,227.51,901.9,124.64,74.42,89.16,28.6,61.55,999.99,58.47,,146.04,76.41,371.09,120.11,169.49
2025-04-30,79.09,91.62,271.99,688.48,203.92,259.74,564.06,38.6,22.2,227.15,904.7,124.83,72.77,88.63,28.62,61.74,1000.0,57.82,,146.02,76.06,367.8,121.59,169.55
2025-05-02,78.91,91.67,272.05,688.09,203.43,260.79,564.11,38.72,22.09,226.87,905.13,124.34,72.8,87.94,28.67,61.77,1000.0,57.5,,146.28,76.01,370.87,123.49,169.9
2025-05-05,79.58,91.41,274.39,698.39,206.37,262.31,562.35,38.92,22.24,231.28,916.29,126.23,72.86,88.25,28.69,61.76,999.99,58.54,,146.46,76.53,374.64,124.29,171.09
2025-05-06,82.13,93.02,272.6,683.08,202.38,260.23,555.36,38.67,21.94,231.32,907.61,125.82,69.36,86.88,28.66,61.77,1000.0,57.17,,145.67,75.89,375.5,123.95,169.85
2025-05-07,81.28,92.78,272.79,686.31,204.6,261.69,558.51,38.79,21.86,235.37,907.99,125.72,69.55,87.53,28.66,61.84,999.99,58.07,,146.04,75.91,378.39,123.51,169.12
2025-05-08,80.94,92.59,271.04,672.17,200.99,258.59,556.76,38.81,21.58,230.74,899.11,123.69,68.43,86.53,28.59,61.8,1000.0,56.87,,145.26,75.19,376.92,122.05,169.09
2025-05-09,80.8,93.03,268.49,670.15,201.82,256.43,549.13,38.72,21.49,230.32,892.55,123.09,69.51,86.29,28.59,61.75,1000.0,56.89,,144.82,74.96,375.89,123.38,169.07
2025-05-12,77.98,91.44,278.94,696.77,209.26,266.09,567.97,41.33,21.58,238.35,926.73,127.43,71.97,89.36,28.65,61.87,999.99,59.3,,150.43,77.88,398.56,127.85,176.14
2025-05-13,79.07,93.91,275.65,696.73,209.4,264.28,563.24,40.45,21.84,236.61,915.07,126.03,73.1,88.92,28.65,61.83,999.99,59.4,,148.23,77.04,395.54,128.38,176.49
2025-05-14,78.58,93.33,276.57,701.91,212.35,265.09,561.43,40.93,21.88,238.34,920.81,126.28,73.29,90.01,28.72,61.89,999.99,60.05,,148.38,77.48,402.94,134.0,177.31
2025-05-15,77.04,91.5,280.17,708.01,213.69,268.14,566.7,41.35,22.06,242.58,934.63,128.23,73.47,91.01,28.77,61.97,1000.0,60.49,,150.71,78.29,398.01,135.97,178.79
2025-05-16,77.78,92.27,280.21,718.28,215.21,268.41,567.6,41.12,22.15,244.0,931.83,128.53,74.09,92.44,28.88,62.07,1000.0,61.05,,150.97,78.6,393.82,137.56,181.07
2025-05-19,78.32,92.81,279.21,721.84,215.51,268.4,568.28,40.59,22.26,244.83,930.05,128.33,74.99,92.74,28.85,62.17,1000.0,61.13,,150.35,78.5,390.93,134.8,178.54
2025-05-20,78.19,92.51,276.89,708.54,212.24,265.77,564.01,40.37,21.94,239.91,920.99,126.19,74.33,91.9,28.88,62.32,999.99,60.19,,148.98,77.78,394.61,137.11,179.08
2025-05-21,79.5,94.26,277.55,716.37,213.6,266.31,564.6,40.64,22.21,241.89,925.33,126.95,74.81,92.92,28.92,62.37,1000.0,60.66,,149.38,78.18,398.29,136.26,178.28
2025-05-22,79.81,94.45,275.91,713.92,213.35,264.67,563.21,40.05,22.01,239.7,922.04,126.11,74.64,92.1,28.92,62.39,1000.0,60.36,,147.85,77.22,394.05,134.77,177.49
2025-05-23,79.51,94.02,278.37,717.8,214.98,267.16,567.95,40.48,21.91,240.12,926.96,127.35,74.81,92.68,28.94,62.4,999.99,60.76,,149.46,77.98,393.19,136.31,177.32
2025-05-26,79.77,94.55,279.89,720.84,216.07,268.5,569.8,40.8,21.98,242.76,930.74,127.83,74.86,92.76,28.94,62.4,1000.0,61.2,,150.41,78.53,388.9,135.55,177.73
2025-05-27,79.56,94.05,278.25,717.6,216.63,266.65,568.23,40.63,21.98,241.23,925.93,127.23,75.05,92.45,28.93,62.46,999.99,61.25,,149.81,78.09,386.8,136.21,176.86
2025-05-28,80.06,94.89,277.69,715.89,216.63,266.86,568.2,40.59,21.86,239.7,923.2,126.42,75.85,92.34,28.96,62.44,999.99,61.27,,148.86,77.99,385.66,136.97,178.24
2025-05-29,79.1,94.63,278.54,716.93,217.92,267.06,569.64,40.82,22.0,240.46,926.08,126.78,75.85,92.47,28.95,62.52,1000.0,61.65,,148.89,78.09,387.67,137.42,180.71
2025-05-30,79.49,94.35,277.97,714.91,217.61,266.26,572.1,40.53,21.91,238.48,922.95,126.21,78.1,91.56,28.98,62.59,1000.0,61.61,,148.86,77.99,387.12,136.24,179.04
2025-06-02,80.52,94.62,277.6,717.54,218.67,266.11,573.52,40.3,21.87,238.11,923.56,126.87,79.54,91.8,28.91,62.52,999.99,62.0,,148.19,78.01,381.47,135.68,178.51
2025-06-03,80.97,97.16,275.77,713.98,217.91,264.72,569.94,40.04,21.83,237.57,917.99,126.13,79.32,91.03,28.94,62.51,999.99,61.73,,147.67,77.71,384.11,136.02,179.56
2025-06-04,81.31,98.1,276.46,716.1,218.96,265.45,570.86,40.15,21.85,237.98,923.8,126.56,79.13,91.52,28.94,62.54,999.99,62.16,,147.63,77.59,386.53,136.96,181.36
2025-06-05,81.73,100.72,278.05,718.68,221.21,266.52,571.78,40.31,22.06,237.97,929.63,127.13,78.7,92.41,28.97,62.58,1000.0,62.55,,148.21,77.8,386.72,136.35,180.9
2025-06-06,81.23,102.41,280.5,726.61,223.17,269.32,581.94,40.48,22.1,241.99,935.34,128.59,79.09,92.92,28.97,62.81,1000.0,63.32,,148.94,78.36,382.02,135.62,180.32
2025-06-09,80.48,102.99,281.35,735.33,225.46,270.61,584.42,40.89,22.23,243.1,942.22,128.85,80.63,93.8,28.85,62.63,1000.0,64.05,,150.11,79.08,382.71,135.68,180.51
2025-06-10,80.61,103.87,281.39,737.41,225.31,271.21,581.09,41.8,22.36,242.7,943.61,128.68,79.93,94.09,28.82,62.5,1000.0,64.09,,150.85,79.6,383.88,135.76,182.32
2025-06-11,80.76,102.78,281.87,734.71,225.01,270.99,579.35,42.25,22.47,243.04,943.23,128.49,79.24,93.79,28.8,62.43,1000.0,63.76,,151.25,80.07,387.46,136.14,181.98
2025-06-12,81.39,102.06,278.95,723.47,221.65,268.57,575.33,41.86,22.46,239.05,931.94,126.95,78.31,92.48,28.81,62.35,1000.0,62.75,,149.93,78.91,382.94,135.46,181.01
2025-06-13,83.13,103.71,277.1,718.0,220.81,266.62,569.14,41.92,22.4,238.68,926.08,126.16,77.42,92.64,28.75,62.29,1000.0,62.52,,148.87,78.4,382.7,133.24,180.17
2025-06-16,83.09,103.57,279.7,722.76,222.4,268.63,573.98,42.54,22.46,238.79,935.22,127.15,77.66,93.82,28.85,62.32,999.99,63.13,,150.32,78.98,385.75,134.81,180.63
2025-06-17,82.56,104.19,278.59,717.32,220.87,267.55,571.2,42.77,22.11,237.8,931.83,126.63,77.01,93.34,28.87,62.36,1000.0,62.74,,149.83,79.04,384.39,133.86,181.77
2025-06-18,82.79,106.23,278.24,715.39,220.04,268.41,572.3,42.41,22.06,238.11,929.36,126.64,76.77,92.69,28.89,62.46,999.99,62.4,,149.21,78.45,382.26,135.15,182.56
2025-06-19,82.79,104.13,277.91,705.55,216.67,266.19,570.08,41.96,21.89,239.12,924.36,126.77,75.2,92.04,28.8,62.42,1000.0,61.45,,148.97,77.75,378.12,134.33,180.12
2025-06-20,82.23,103.31,281.5,714.94,219.23,270.3,576.73,42.31,22.05,241.43,941.74,128.47,76.58,93.52,28.78,62.4,999.99,62.28,,150.33,78.51,378.89,135.42,180.47
2025-06-23,82.66,103.76,280.86,715.19,219.5,269.32,574.88,41.84,22.03,239.3,936.62,128.36,76.35,94.42,28.77,62.27,999.99,62.24,,149.05,78.07,378.69,134.54,182.35
2025-06-24,80.98,102.71,281.43,721.84,221.7,271.67,579.2,41.82,22.1,240.77,940.72,128.46,77.41,93.34,28.81,62.37,999.99,62.98,,148.88,78.16,384.85,135.31,183.62
2025-06-25,81.11,101.88,283.41,725.03,222.67,271.48,581.12,42.44,22.21,242.96,948.41,129.97,77.63,92.98,28.85,62.37,1000.0,63.24,,149.73,78.54,389.25,136.27,185.11
2025-06-26,81.12,103.93,286.39,729.77,223.91,274.04,586.5,42.4,22.23,244.44,963.96,131.02,77.97,93.54,28.85,62.37,999.99,63.61,,150.68,79.17,386.07,136.88,187.22
2025-06-27,79.81,101.66,287.96,733.93,225.01,276.48,590.61,42.29,22.39,244.87,972.26,131.31,78.49,94.02,28.86,62.32,1000.0,63.77,,151.24,79.31,386.07,138.44,188.99
2025-06-30,79.99,102.47,286.51,736.95,225.79,275.07,589.27,42.41,22.48,243.68,969.11,130.94,80.49,94.23,28.84,62.39,999.99,64.13,,151.04,79.63,384.37,140.96,192.97
2025-07-01,81.05,103.42,286.84,736.48,225.99,275.02,591.16,42.22,22.49,243.25,973.6,130.82,81.04,94.21,28.86,62.55,1000.0,64.14,,150.62,79.49,385.91,143.2,192.08
2025-07-02,81.11,102.7,285.78,736.27,226.13,274.35,586.48,42.25,22.55,243.9,970.6,131.08,80.36,93.58,28.89,62.62,999.99,64.04,,150.28,79.32,387.52,144.27,190.2
2025-07-03,81.01,103.87,285.39,732.89,226.23,273.57,584.02,42.24,22.63,244.83,970.27,131.02,79.52,93.71,28.91,62.65,1000.0,64.07,,150.56,79.23,385.57,148.57,191.49
2025-07-04,80.89,103.9,286.11,735.66,225.5,274.68,586.31,42.53,22.83,245.05,971.55,130.73,79.71,93.91,28.96,62.77,1000.0,64.12,,151.05,79.63,384.91,150.18,191.59
2025-07-07,80.53,103.79,286.07,735.65,225.72,274.27,585.55,42.3,22.83,244.65,973.27,131.26,79.5,93.28,28.92,62.65,999.99,63.92,,150.72,79.66,383.81,152.28,191.93
2025-07-08,80.78,104.09,286.91,736.33,225.11,274.88,588.54,42.36,22.66,243.78,976.52,130.79,79.35,94.15,28.91,62.67,999.99,63.87,,150.46,79.74,384.53,156.71,191.79
2025-07-09,80.03,103.59,286.5,736.22,225.36,274.67,588.14,42.04,22.67,244.5,969.87,131.02,78.99,94.29,28.9,62.62,999.99,63.72,,150.16,79.71,383.79,151.63,191.66
2025-07-10,80.71,103.71,285.16,734.53,224.77,273.9,585.94,41.79,22.56,244.37,964.99,130.16,78.4,93.69,28.88,62.66,1000.0,63.56,,149.9,79.15,383.02,150.76,192.21
2025-07-11,81.15,106.69,283.11,728.58,222.96,271.94,583.92,41.02,22.75,240.41,955.36,129.02,78.23,93.32,28.89,62.74,1000.0,62.98,,148.74,79.2,384.33,152.67,191.25
2025-07-14,81.88,110.02,282.71,731.92,224.34,271.38,584.64,40.49,22.89,241.02,954.61,129.06,78.88,93.4,28.89,62.66,999.99,63.46,,148.05,78.83,382.72,150.37,191.15
2025-07-15,81.67,108.23,283.69,736.09,226.28,272.81,587.53,40.64,23.17,244.68,959.48,130.0,79.72,93.58,28.89,62.64,999.99,64.07,,148.54,79.31,388.07,150.28,192.74
2025-07-16,81.35,107.79,283.64,737.36,226.56,273.07,588.43,41.0,23.13,245.53,960.42,130.47,81.13,93.43,28.89,62.64,1000.0,64.04,,149.15,79.47,389.37,151.0,192.52
2025-07-17,81.16,107.14,282.83,736.39,226.56,272.03,585.28,40.47,23.17,245.96,956.36,130.22,80.57,93.32,28.92,62.69,999.99,63.95,,148.53,79.23,389.98,151.48,193.38
2025-07-18,81.73,109.11,281.43,731.7,225.26,270.79,580.73,40.51,23.08,245.04,952.58,129.56,79.85,92.75,28.94,62.73,1000.0,63.52,,148.73,78.95,406.97,151.23,195.53
2025-07-21,82.13,109.37,282.26,734.52,226.0,271.0,586.09,40.39,23.02,246.6,951.33,130.31,79.54,93.09,28.96,62.75,999.99,63.94,,148.51,78.71,412.53,152.31,196.7
2025-07-22,82.77,110.2,282.07,731.8,224.72,271.42,584.26,40.21,22.81,244.79,946.07,131.01,78.33,93.33,28.96,62.73,1000.0,63.55,,147.98,78.35,425.63,152.41,198.41
2025-07-23,83.75,112.01,283.53,732.46,225.42,272.02,588.27,40.32,22.9,246.22,951.51,131.08,78.66,93.47,28.94,62.78,999.99,63.76,,148.97,78.63,436.58,153.93,198.89
2025-07-24,82.3,110.91,282.1,731.45,224.85,270.64,587.24,39.4,23.04,246.49,947.23,130.49,79.55,92.87,28.93,62.75,1000.0,63.37,,148.49,77.94,430.64,152.01,200.76
2025-07-25,82.1,110.68,280.03,720.49,221.84,268.92,581.98,38.85,23.18,243.96,938.48,129.4,78.15,91.22,28.92,62.65,1000.0,62.38,,146.94,76.84,425.25,152.49,201.31
2025-07-28,82.03,109.05,278.49,716.45,219.71,267.12,577.89,38.64,23.29,243.01,930.44,128.58,77.29,90.83,28.89,62.63,999.99,61.86,,146.63,76.48,441.0,154.23,204.99
2025-07-29,81.91,109.52,280.09,722.97,221.65,267.0,579.52,38.66,23.6,244.99,939.3,129.36,77.66,91.22,28.86,62.64,999.99,62.35,,146.43,76.72,438.48,154.5,204.15
2025-07-30,82.39,109.88,280.13,723.35,221.56,269.3,578.7,38.77,23.6,243.6,943.96,129.52,77.14,91.13,28.88,62.72,1000.0,62.31,,146.05,76.67,433.34,155.44,203.17
2025-07-31,82.2,106.9,279.26,719.81,220.16,267.82,577.06,38.58,23.31,242.6,937.62,130.01,76.54,90.58,28.87,62.67,1000.0,61.67,,146.11,76.47,426.66,155.5,208.29
2025-08-01,81.95,105.71,277.35,711.2,217.7,265.96,573.73,37.87,22.62,240.88,926.4,129.54,75.72,89.66,28.88,62.7,999.99,60.93,,144.65,75.87,413.85,156.61,204.34
2025-08-04,83.23,108.09,278.85,718.99,219.9,266.91,573.78,38.46,22.74,244.39,934.09,130.63,76.56,90.09,28.95,62.83,999.99,61.76,,145.53,76.3,421.89,156.82,200.42
2025-08-05,83.61,108.66,278.14,716.75,219.49,265.99,570.88,38.29,22.56,245.05,933.16,130.76,76.38,90.11,28.98,62.81,1000.0,61.5,,144.79,76.35,425.18,152.95,202.63
2025-08-06,83.44,109.18,277.31,711.08,217.54,265.27,571.45,37.61,22.09,243.68,929.9,130.41,76.71,90.02,28.88,62.74,999.99,61.06,,143.82,75.9,435.58,156.18,201.67
2025-08-07,83.94,110.58,277.29,712.73,218.05,265.75,572.25,37.93,22.23,244.22,927.4,130.91,76.92,89.82,28.84,62.68,999.99,61.18,,143.93,76.02,437.57,154.86,202.42
2025-08-08,84.36,110.97,275.14,704.13,215.2,263.68,567.59,37.59,21.99,241.16,916.56,129.62,76.75,89.81,28.88,62.66,1000.0,60.29,,143.93,75.52,431.97,157.68,202.09
2025-08-11,83.23,109.52,277.29,711.7,215.71,265.66,571.88,37.75,22.13,243.19,930.66,130.78,78.56,90.02,28.79,62.62,999.99,60.77,,144.79,76.21,432.14,156.85,202.89
2025-08-12,82.98,109.26,276.54,710.88,216.02,264.96,569.52,37.88,22.3,244.57,926.96,130.66,78.47,90.31,28.73,62.53,1000.0,60.6,,144.49,76.28,435.04,158.6,202.19
2025-08-13,83.19,111.25,278.02,715.98,217.25,266.93,570.61,37.9,22.65,247.31,931.0,131.61,78.38,91.08,28.69,62.44,999.99,61.0,,145.55,76.44,445.6,157.93,204.3
2025-08-14,83.14,110.83,278.23,715.24,216.78,267.08,572.08,38.12,22.66,247.23,927.71,131.28,78.44,90.5,28.8,62.53,1000.0,60.81,,145.78,76.1,461.99,160.2,204.89
2025-08-18,82.75,110.06,281.07,724.41,219.5,269.67,575.55,37.83,22.72,257.56,937.14,134.5,78.79,90.58,28.75,62.48,999.99,61.54,,146.76,76.5,458.06,159.52,205.78
2025-08-19,82.31,109.41,281.96,729.08,221.45,271.02,576.74,37.95,22.63,260.87,945.65,135.63,79.45,90.31,28.68,62.39,999.99,62.03,,146.83,76.95,443.36,159.81,205.48
2025-08-20,82.08,106.99,282.52,732.19,222.43,270.8,575.41,38.94,22.57,261.83,948.51,136.43,79.19,90.34,28.69,62.47,1000.0,62.33,,148.16,77.68,441.2,159.63,203.48
2025-08-21,82.55,109.12,283.06,729.7,221.45,271.27,576.38,39.01,22.77,259.97,948.09,136.38,78.87,89.97,28.63,62.39,1000.0,62.09,,148.26,77.53,444.37,156.25,202.14
2025-08-22,82.62,109.93,280.75,725.22,221.34,269.38,570.05,38.72,22.84,259.25,942.61,135.69,77.94,89.57,28.6,62.38,1000.0,61.98,,147.12,76.76,452.88,154.89,201.14
2025-08-25,83.5,112.05,281.68,727.87,221.08,270.91,569.47,39.54,22.95,260.88,943.06,135.9,77.75,89.64,28.57,62.4,999.99,62.12,,148.58,77.49,463.73,153.73,203.4
2025-08-26,83.83,111.91,279.05,718.57,217.94,267.88,563.07,39.26,22.58,260.15,929.33,135.36,76.3,88.56,28.49,62.35,999.99,61.06,,147.9,76.99,460.2,157.06,202.49
2025-08-28,84.42,112.78,276.93,709.47,215.07,265.49,556.75,38.7,22.39,258.36,920.92,134.13,75.5,87.87,28.65,62.3,999.99,60.35,,146.51,76.06,460.2,157.21,203.29
2025-08-29,85.34,113.58,276.06,707.48,213.5,264.83,554.99,38.42,22.38,256.11,918.58,134.26,75.21,87.83,28.59,62.41,1000.0,60.01,,145.69,75.94,464.51,158.1,204.42
2025-09-01,86.61,118.59,278.18,716.46,217.98,267.26,557.94,38.96,22.34,263.37,926.15,135.84,76.1,89.02,28.55,62.36,999.99,61.21,,147.22,76.7,477.73,161.13,203.66
2025-09-02,86.61,117.91,277.68,719.6,218.32,266.65,554.73,39.0,22.3,263.25,928.25,135.86,76.28,90.09,28.58,62.29,999.99,61.39,,147.6,77.14,479.63,158.76,202.37
2025-09-03,87.88,118.96,278.94,723.87,219.59,267.66,558.58,38.76,22.5,265.09,926.41,136.79,77.12,90.22,28.61,62.36,999.99,61.73,,147.54,77.29,476.61,159.22,203.47
2025-09-04,88.16,119.03,279.32,721.28,218.08,268.29,558.27,38.38,22.48,267.49,922.76,137.34,76.22,89.49,28.72,62.46,1000.0,61.33,,147.48,76.97,474.74,157.74,202.48
2025-09-05,88.65,119.01,279.6,721.13,217.9,269.16,559.17,37.85,22.47,270.96,926.65,137.62,76.27,89.36,28.81,62.48,999.99,61.39,,146.85,76.6,482.38,160.75,204.85
2025-09-08,89.98,120.25,279.99,724.02,219.47,268.9,560.49,37.49,22.42,279.86,925.87,138.33,76.67,88.93,28.86,62.55,999.99,61.59,,146.69,76.46,490.39,162.46,205.28
2025-09-09,91.17,120.19,280.54,724.94,219.66,269.74,560.14,38.52,22.56,278.94,927.38,138.4,76.59,88.75,28.84,62.57,999.99,61.64,,148.15,76.78,502.25,163.88,205.5
2025-09-10,90.9,119.34,281.84,728.66,221.75,270.61,563.92,39.43,22.64,276.12,930.47,137.93,78.29,89.85,28.78,62.64,999.99,62.23,,148.55,77.74,504.79,165.48,204.86
2025-09-11,90.62,119.3,282.53,729.88,221.98,270.73,565.48,39.24,22.77,274.36,933.75,137.9,78.79,90.68,28.81,62.56,999.99,62.43,,148.98,77.93,506.19,165.51,205.65
2025-09-12,91.26,123.66,283.51,732.22,222.34,271.8,566.41,39.36,22.89,276.41,936.95,137.62,78.65,91.53,28.84,62.56,1000.0,62.59,,149.39,78.08,517.23,166.42,207.06
2025-09-15,90.92,123.08,283.12,736.3,223.46,272.33,567.49,39.18,22.75,275.41,931.53,137.35,79.12,91.56,28.85,62.59,999.99,62.94,,148.9,78.15,518.64,166.34,209.89
2025-09-16,92.27,124.62,284.89,739.87,224.95,273.11,569.83,39.48,22.79,278.85,948.46,137.97,79.41,92.7,28.85,62.62,999.99,63.23,,149.77,78.29,524.08,166.8,212.62
2025-09-17,91.25,121.76,285.98,743.1,225.03,274.39,573.78,39.77,22.78,280.72,951.47,138.35,81.49,93.43,28.86,62.7,1000.0,63.38,,150.44,78.71,524.23,169.41,211.84
2025-09-18,91.6,123.04,286.7,744.93,225.29,275.07,575.66,40.12,23.13,281.18,952.6,138.88,81.4,92.9,28.82,62.78,1000.0,63.52,,150.97,78.99,517.2,168.56,213.43
2025-09-19,91.29,123.65,285.9,748.75,225.97,274.47,573.47,39.91,23.21,280.35,952.88,138.63,82.38,93.02,28.84,62.76,1000.0,63.57,,150.46,79.03,526.07,167.06,213.92
2025-09-22,93.14,128.22,284.49,749.89,224.69,273.45,571.02,38.78,22.92,279.25,950.32,138.72,82.22,93.03,28.83,62.92,999.99,63.2,,149.17,78.39,526.63,169.89,214.61
2025-09-23,95.13,129.74,284.35,748.22,223.36,273.74,572.62,38.48,22.86,280.9,948.53,137.94,83.03,93.16,28.87,62.99,1000.0,62.84,,149.33,78.22,526.15,171.78,216.98
2025-09-24,94.64,129.99,282.88,740.19,221.98,272.3,568.32,38.21,22.73,277.52,943.64,137.22,82.88,93.32,28.9,62.96,1000.0,62.39,,148.41,77.99,524.14,171.2,215.4
2025-09-25,94.43,132.37,281.24,734.79,220.45,270.29,567.76,37.73,22.54,274.63,936.6,135.88,82.45,92.86,28.89,62.94,1000.0,61.88,,147.64,77.6,522.8,169.98,213.8
2025-09-26,94.22,133.01,278.74,722.59,216.44,267.69,562.02,36.83,22.05,271.75,931.82,134.51,80.99,91.76,28.88,62.88,1000.0,60.81,,146.23,76.59,526.19,169.14,214.53
2025-09-29,95.9,139.06,278.54,728.95,216.81,267.93,561.67,36.8,22.02,271.24,934.07,134.47,82.53,92.16,28.8,62.86,999.99,60.95,,146.1,76.95,528.93,168.27,219.83
2025-09-30,95.85,136.07,277.52,729.86,217.51,267.02,563.39,36.75,22.01,273.94,931.09,134.2,83.94,92.35,28.86,62.92,1000.0,60.8,,145.81,77.25,521.89,169.11,222.38
2025-10-01,97.63,139.87,280.51,731.26,218.97,268.9,571.39,37.16,22.31,275.41,934.09,134.98,83.75,92.74,28.86,63.2,1000.0,61.39,,147.02,77.55,531.78,169.52,221.51
2025-10-03,97.07,139.76,281.16,734.79,220.73,270.26,573.3,37.08,22.31,275.26,938.38,135.09,84.66,93.69,28.95,63.32,1000.0,61.87,,147.63,77.77,536.88,169.44,229.61
2025-10-06,99.22,143.67,283.07,737.51,222.44,271.33,580.46,37.83,22.31,275.8,938.07,135.77,84.99,93.4,28.96,63.29,999.99,62.36,,148.63,78.34,563.54,169.23,240.61
2025-10-07,99.66,143.82,283.41,736.16,222.59,271.73,580.15,37.82,22.38,276.65,943.61,135.87,84.54,93.74,28.95,63.28,1000.0,62.66,,148.53,78.2,542.16,168.98,250.26
2025-10-08,101.69,150.93,282.38,731.11,220.9,271.35,577.64,38.37,22.23,272.88,936.98,135.39,83.86,92.44,28.96,63.26,1000.0,62.08,,148.46,78.02,538.53,169.84,242.12
2025-10-09,101.47,156.16,284.05,734.77,222.82,272.3,580.36,38.79,22.48,273.42,944.18,135.83,84.4,92.81,28.95,63.1,999.99,62.72,,148.86,78.46,548.27,169.06,241.75
2025-10-10,100.67,153.92,285.52,736.88,223.48,273.77,584.98,38.78,22.77,274.74,946.84,136.66,85.83,93.59,28.96,63.04,1000.0,63.08,,149.91,78.71,535.76,171.9,238.93
2025-10-13,102.65,164.34,284.64,735.97,223.56,272.69,584.58,38.49,22.71,273.94,945.53,136.18,86.09,93.03,28.96,63.11,999.99,63.07,,149.4,78.45,529.37,172.4,233.7
2025-10-14,105.09,174.31,283.69,732.23,221.27,272.19,583.29,38.37,22.55,273.35,941.87,135.59,84.66,92.39,28.97,63.16,999.99,62.64,,149.08,78.04,524.23,166.28,233.22
2025-10-15,105.29,168.56,286.07,741.19,224.75,273.95,586.55,38.64,22.57,274.51,951.82,136.89,86.18,93.55,29.04,63.21,999.99,63.26,,149.52,78.44,516.98,169.72,233.23
2025-10-16,105.37,157.21,288.7,745.02,225.92,276.66,591.98,38.81,22.62,278.22,958.88,138.24,85.82,93.91,29.04,63.21,1000.0,63.55,,150.62,78.76,508.82,168.19,237.12
2025-10-17,108.11,160.6,290.17,745.47,224.31,277.54,594.97,38.23,22.77,279.85,963.08,140.31,85.14,93.77,29.06,63.3,1000.0,63.22,33.49,150.76,78.63,503.03,167.86,236.21
2025-10-20,105.14,148.82,291.86,746.8,225.83,279.28,598.57,38.58,22.98,278.86,975.13,140.17,87.49,94.0,29.03,63.27,1000.0,63.72,32.48,151.21,79.14,512.68,166.42,239.16
2025-10-21,105.69,145.3,291.87,747.74,226.28,280.19,598.33,38.7,23.05,279.75,976.25,140.7,88.38,94.09,29.04,63.42,1000.0,63.94,32.78,151.85,79.23,500.98,167.34,241.54
2025-10-23,101.7,141.94,292.39,746.63,226.13,281.0,598.6,39.42,23.03,279.17,970.6,139.56,87.73,94.48,29.0,63.32,999.99,63.76,32.09,152.79,79.92,512.23,169.39,240.46
2025-10-24,100.42,138.75,291.04,746.14,225.55,279.31,594.8,39.28,22.87,277.96,968.39,139.05,87.22,94.57,28.99,63.4,1000.0,63.6,31.89,152.42,79.74,512.23,170.11,241.8
2025-10-27,100.14,138.85,293.35,748.73,227.55,281.15,599.04,39.63,22.83,279.73,983.21,139.98,89.23,94.55,29.03,63.37,1000.0,64.16,31.91,153.1,80.31,514.22,169.57,245.29
2025-10-28,96.84,133.81,293.1,745.05,227.48,280.42,600.15,39.42,22.78,278.41,984.69,139.37,90.24,93.82,29.02,63.39,999.99,64.14,31.88,152.49,80.11,517.69,170.86,244.25
2025-10-29,99.95,141.13,294.5,753.64,228.8,281.17,602.45,39.66,22.97,276.48,995.94,139.86,90.27,94.77,29.04,63.27,999.99,64.56,31.74,153.24,80.86,525.72,174.6,241.67
2025-10-30,99.68,140.52,292.58,751.89,228.51,280.4,600.08,39.45,22.83,275.29,990.03,139.05,89.88,94.83,28.99,63.24,999.99,64.58,31.91,152.7,80.58,524.04,177.55,245.02
2025-10-31,100.02,142.47,291.08,750.95,227.13,279.07,597.39,39.25,22.72,275.75,985.94,138.06,91.27,94.65,29.01,63.17,1000.0,64.31,31.75,151.84,80.48,523.12,178.78,244.55
2025-11-03,100.05,142.47,291.35,757.68,228.87,279.92,600.1,39.11,22.94,275.68,988.97,137.95,93.13,94.37,29.04,63.22,999.99,64.75,31.75,151.15,80.67,525.37,176.23,245.44
2025-11-04,99.8,139.95,289.59,754.39,227.84,277.74,597.3,38.79,22.85,273.17,986.29,137.48,92.88,93.13,29.07,63.35,1000.0,64.53,31.54,150.25,80.04,517.75,177.2,241.4
2025-11-06,100.07,141.83,288.24,745.71,226.13,276.59,594.4,38.79,22.76,273.0,977.6,136.72,92.2,91.77,29.15,63.37,1000.0,63.97,31.17,149.27,79.96,522.67,175.13,238.47
2025-11-07,99.94,142.05,288.44,746.34,227.44,275.65,598.26,38.6,22.68,275.41,968.89,136.28,93.09,92.05,29.18,63.35,1000.0,64.38,31.47,149.47,80.14,518.37,174.03,234.06
2025-11-10,101.7,145.34,289.49,749.47,228.29,277.24,598.17,39.23,22.91,275.62,972.36,136.01,93.06,92.35,29.17,63.38,1000.0,64.72,31.62,150.46,80.35,528.86,171.86,239.87
2025-11-11,103.29,148.05,290.82,749.91,229.27,281.38,599.75,39.73,22.91,278.43,979.49,137.13,92.64,92.82,29.17,63.39,999.99,64.92,31.61,150.69,80.78,524.1,171.84,241.73
2025-11-12,102.69,150.27,292.72,751.43,231.06,280.32,601.32,40.52,23.13,282.33,986.95,137.89,93.29,93.03,29.2,63.44,999.99,65.51,31.81,152.16,81.42,532.84,175.91,243.37
2025-11-13,105.37,157.09,292.39,751.33,230.34,280.14,602.0,40.36,23.25,280.86,994.05,137.36,92.6,92.56,29.16,63.42,999.99,65.33,31.79,152.38,81.2,532.78,174.94,240.32
2025-11-14,103.81,153.26,292.83,750.88,230.43,280.29,603.29,39.95,23.34,279.48,992.36,137.71,93.72,93.4,29.16,63.46,1000.0,65.4,31.82,152.05,81.12,533.0,174.61,237.28
2025-11-17,101.94,148.92,293.97,754.51,232.04,281.11,607.83,40.02,23.4,282.52,994.94,138.74,94.56,93.6,29.14,63.36,999.99,65.82,32.09,152.54,81.41,525.9,171.13,235.78
2025-11-18,100.91,146.58,292.97,749.6,230.64,280.57,607.85,39.57,23.26,281.24,991.4,138.04,94.55,93.09,29.16,63.41,1000.0,65.51,31.9,151.76,81.01,512.2,170.02,234.28
2025-11-19,102.23,150.36,294.37,749.41,231.33,281.31,610.4,40.72,23.28,282.1,995.74,138.36,95.69,93.06,29.18,63.36,1000.0,65.61,32.05,153.19,81.57,510.52,167.19,233.55
2025-11-20,101.55,147.99,295.64,748.52,231.04,282.58,611.65,40.61,23.27,282.57,999.56,138.68,94.85,93.23,29.15,63.43,1000.0,65.62,32.24,153.32,81.58,513.85,167.41,236.43
2025-11-21,102.0,144.69,294.32,739.09,228.62,281.35,606.85,40.44,23.15,282.18,998.34,138.7,93.21,92.6,29.17,63.54,1000.0,64.9,31.94,153.26,81.26,499.2,165.14,232.42
2025-11-24,102.23,147.08,293.3,731.85,227.9,280.01,606.61,40.67,23.03,281.1,989.55,137.81,93.08,91.47,29.13,63.4,999.99,64.69,31.67,152.77,81.0,498.57,164.55,230.35
2025-11-25,103.46,149.32,292.68,733.58,227.75,279.51,606.43,40.42,23.17,280.57,990.82,137.57,94.71,91.47,29.19,63.52,1000.0,64.93,31.75,152.06,81.0,503.01,165.28,230.9
2025-11-26,104.18,151.64,296.01,743.82,230.7,282.15,614.22,40.98,23.38,284.94,999.85,138.58,95.42,92.34,29.24,63.71,999.99,65.76,32.07,153.63,81.76,510.2,169.8,232.74
2025-11-27,104.11,155.7,296.42,742.88,231.43,282.5,615.7,41.07,23.4,283.8,998.18,138.05,94.86,91.97,29.24,63.74,999.99,65.85,32.28,153.72,81.77,512.61,173.04,232.1
2025-11-28,104.62,156.77,296.49,744.12,231.18,282.64,616.37,41.04,23.52,285.56,995.21,138.39,95.01,91.56,29.28,63.84,999.99,65.75,32.2,153.72,81.72,519.57,173.59,231.75
2025-12-01,106.72,166.21,296.1,744.88,230.91,282.77,616.86,41.18,23.49,287.86,995.78,138.22,95.28,91.96,29.15,63.46,1000.0,65.77,32.2,153.78,81.88,522.02,173.59,233.22
2025-12-02,105.63,165.34,294.66,744.31,230.46,281.5,612.85,41.19,23.46,287.01,991.08,138.44,95.01,91.54,29.16,63.5,999.99,65.62,32.0,153.5,81.67,520.32,175.47,234.68
2025-12-03,106.51,169.78,293.8,734.49,228.46,280.64,613.64,41.63,23.45,284.27,982.63,137.17,92.08,90.71,29.18,63.65,999.99,64.97,31.68,153.61,81.25,523.96,175.36,235.9
2025-12-04,105.92,167.22,294.37,737.87,228.41,281.21,611.24,42.07,23.49,285.16,982.55,137.37,92.03,90.95,29.21,63.57,999.99,64.97,31.62,154.13,81.7,524.27,176.26,235.31
2025-12-05,106.89,170.18,296.01,739.64,229.28,281.59,616.02,42.45,23.48,287.14,983.54,137.64,93.44,90.96,29.25,63.65,1000.0,65.28,32.0,155.36,82.14,523.71,176.29,234.58
2025-12-08,106.85,170.84,293.45,724.49,225.35,279.7,611.47,42.37,23.19,283.42,974.48,135.37,90.83,89.3,29.21,63.64,1000.0,64.09,31.49,154.38,81.37,516.64,176.06,236.05
2025-12-09,106.28,171.11,292.35,728.77,226.24,278.88,610.28,41.89,23.05,281.69,971.0,135.06,92.09,89.6,29.12,63.56,999.99,64.2,31.35,153.46,81.37,506.64,176.2,234.51
2025-12-10,106.23,175.29,291.56,726.9,224.17,277.89,607.73,41.48,23.1,281.29,969.25,134.07,91.29,89.69,29.05,63.45,999.99,63.55,31.02,153.73,81.06,502.9,176.52,233.63
2025-12-11,107.15,178.85,292.93,731.15,225.99,276.96,610.28,41.82,23.33,284.43,973.17,135.06,91.76,89.44,29.06,63.4,999.99,64.09,31.27,154.07,81.35,505.57,176.49,232.48
2025-12-12,109.61,184.13,294.69,736.41,227.99,280.03,613.14,42.05,23.33,286.02,984.84,135.64,91.87,89.58,29.04,63.44,1000.0,64.93,31.51,154.67,81.68,510.5,176.04,233.43
2025-12-15,110.95,184.87,294.54,737.33,228.11,280.59,613.39,42.14,23.24,283.33,984.05,135.68,92.22,89.48,29.12,63.37,999.99,64.86,31.43,154.98,81.9,513.08,176.26,234.55
2025-12-16,109.56,184.69,292.66,735.76,226.62,279.26,609.73,41.76,23.11,282.72,979.29,135.66,91.29,88.86,29.12,63.38,1000.0,64.29,31.18,153.73,81.35,502.32,172.16,234.4
2025-12-17,109.99,192.16,291.71,732.54,225.56,278.74,607.87,41.88,23.14,282.01,981.08,135.03,92.54,88.73,29.16,63.45,1000.0,63.95,31.01,153.62,81.61,503.0,168.55,234.24
2025-12-18,109.88,193.26,291.84,729.68,225.25,278.25,607.63,42.35,23.09,280.54,977.4,134.25,92.53,88.27,29.12,63.45,1000.0,64.19,31.09,154.35,81.98,500.44,169.95,233.51
2025-12-19,109.82,192.56,293.44,734.34,228.51,279.77,609.42,42.42,23.32,283.75,987.59,135.32,92.91,89.24,29.13,63.43,1000.0,64.9,31.23,154.77,82.32,501.9,165.4,234.8
2025-12-22,111.39,199.95,295.69,738.95,230.47,281.48,611.26,43.29,23.45,285.55,995.01,136.16,93.12,89.96,29.03,63.4,1000.0,65.5,31.4,155.96,83.24,503.43,166.86,234.82
2025-12-23,113.1,201.79,295.68,742.79,230.52,282.24,610.64,42.99,23.41,285.97,993.42,136.24,92.82,91.16,28.98,63.19,1000.0,65.49,31.56,155.92,83.52,501.29,168.98,234.4
2025-12-24,113.21,209.23,295.5,741.42,228.92,282.11,610.18,42.73,23.31,285.75,989.09,136.2,92.39,91.18,29.21,63.49,1000.0,65.15,31.43,155.94,83.33,501.49,168.13,234.09
2025-12-26,114.31,219.85,294.46,741.46,228.46,281.23,608.29,42.34,23.25,284.49,985.55,135.76,92.09,91.1,29.23,63.47,999.99,64.92,31.25,155.25,83.17,500.65,170.24,233.58
2025-12-29,113.03,218.25,293.15,738.58,227.79,280.11,607.35,41.98,23.13,282.72,980.25,135.24,92.09,90.27,29.21,63.49,1000.0,64.57,31.04,154.45,82.79,494.08,170.28,230.47
2025-12-30,111.17,218.21,293.32,739.12,227.1,280.24,611.56,41.76,23.15,286.54,978.6,135.17,93.89,90.32,29.18,63.49,1000.0,64.57,30.62,154.44,83.03,497.47,170.28,231.24
2025-12-31,110.11,215.43,295.31,744.88,229.8,281.88,615.18,41.67,23.34,289.93,992.02,136.2,94.83,91.75,29.17,63.57,999.99,65.21,31.13,155.25,83.54,494.17,169.39,231.63
2026-01-01,110.52,214.95,295.33,747.76,230.69,282.67,615.29,41.97,23.2,292.8,997.35,135.89,95.27,91.94,29.18,63.58,1000.0,65.4,31.33,154.65,83.34,497.21,169.11,234.54
2026-01-02,111.82,221.87,297.55,755.86,232.35,284.4,619.91,42.14,23.34,296.09,1008.86,136.25,97.2,94.73,29.24,63.59,1000.0,66.01,31.62,155.5,83.79,507.37,167.72,234.9
2026-01-05,112.92,225.54,296.41,756.12,232.94,283.94,619.22,41.51,23.25,296.93,1001.28,136.36,97.28,94.9,29.14,63.48,999.99,65.84,31.65,155.71,83.54,509.75,167.72,235.0
2026-01-06,113.14,231.65,296.02,759.85,232.98,283.31,619.93,41.64,23.67,296.44,992.68,136.06,97.8,94.87,29.12,63.48,999.99,65.86,31.77,156.65,83.68,515.5,165.61,235.28
2026-01-07,112.91,234.36,295.72,760.84,233.35,282.83,618.97,42.43,23.86,293.76,987.44,135.79,97.62,94.44,29.18,63.61,1000.0,66.17,31.62,156.84,83.71,511.12,166.9,236.01
2026-01-08,112.29,223.53,292.93,744.78,228.56,279.86,616.56,41.63,23.48,291.06,968.98,134.73,95.6,92.59,29.15,63.63,1000.0,64.91,31.17,155.01,82.41,502.57,167.52,233.99
2026-01-09,113.61,230.37,290.59,737.32,226.93,277.73,611.83,41.73,23.34,287.86,960.41,133.51,95.6,92.51,29.16,63.64,1000.0,64.4,30.83,154.14,82.04,502.24,168.36,234.67
2026-01-12,116.76,243.35,291.87,738.67,226.34,278.24,613.58,41.69,23.24,287.45,963.93,133.92,96.33,93.15,29.21,63.52,999.99,64.34,31.05,155.1,82.46,519.59,166.53,235.64
2026-01-13,116.37,249.51,291.13,737.06,225.89,277.94,614.57,41.93,23.1,287.17,952.83,133.45,97.0,93.4,29.17,63.49,1000.0,64.19,30.87,155.78,82.69,532.02,168.19,234.79
2026-01-14,118.01,262.81,290.66,741.31,226.63,277.27,614.51,41.49,23.09,285.26,956.56,133.04,99.63,94.55,29.19,63.49,1000.0,64.23,30.85,154.84,82.97,539.77,168.51,234.23
2026-01-16,117.78,269.44,291.04,740.69,227.0,277.4,619.92,43.05,22.8,283.36,954.82,132.27,100.47,93.84,29.19,63.37,1000.0,64.36,31.09,156.44,83.85,534.57,168.5,235.54
2026-01-19,121.1,282.95,289.63,738.63,225.86,276.29,617.22,42.86,22.7,283.55,947.18,132.56,100.11,93.24,29.13,63.42,1000.0,64.21,31.18,155.94,83.86,546.61,165.46,233.17
2026-01-20,125.86,297.62,286.28,722.64,220.36,272.95,612.17,41.97,22.28,276.88,929.04,129.76,98.55,91.72,29.13,63.37,1000.0,62.56,30.51,154.09,82.68,548.14,165.88,231.18
2026-01-21,134.97,310.68,284.95,719.09,218.05,272.0,606.16,41.85,22.13,275.38,930.96,129.41,97.81,91.52,29.12,63.39,999.99,61.83,30.37,153.32,82.3,542.37,165.77,226.5
2026-01-22,124.34,276.27,286.61,727.47,220.71,273.05,610.97,42.23,22.51,278.55,938.43,129.9,100.21,93.41,29.2,63.63,999.99,62.67,30.54,154.15,83.1,539.46,161.89,235.74
2026-01-23,127.42,292.73,283.91,713.3,217.04,269.51,603.35,42.12,22.32,275.15,921.96,128.29,97.7,92.18,29.16,63.58,1000.0,61.54,30.16,153.59,82.98,547.96,162.9,237.88
2026-01-27,131.45,317.85,285.22,717.06,218.17,271.15,611.11,42.51,22.34,272.83,925.29,127.23,99.69,93.41,29.13,63.59,1000.0,61.92,30.26,154.55,83.24,548.74,164.47,236.53
2026-01-28,135.82,332.03,286.61,732.0,220.91,274.47,614.14,42.65,22.27,274.15,937.71,127.41,101.25,98.08,29.12,63.57,999.99,62.95,30.45,155.42,84.38,552.7,166.28,235.28
2026-01-29,146.53,351.91,287.37,733.95,221.82,274.28,617.92,42.32,22.12,272.54,947.72,126.53,100.45,99.28,29.11,63.57,999.99,63.03,30.57,156.56,84.81,558.9,168.96,233.86
2026-01-30,131.12,286.48,286.73,729.61,221.54,273.36,615.73,41.94,22.24,274.15,944.16,127.53,100.52,98.19,29.14,63.74,1000.0,62.83,30.2,155.19,83.96,566.34,168.69,230.56
2026-02-01,122.31,252.5,282.41,718.13,218.13,269.63,603.32,42.1,22.12,269.96,926.61,126.07,94.4,94.65,29.06,63.53,1000.0,61.59,29.59,153.51,82.53,554.52,167.74,229.07
2026-02-02,118.67,219.94,283.94,721.21,219.55,271.39,604.48,41.94,22.08,274.19,942.39,126.56,95.56,95.89,29.02,63.67,999.99,62.12,31.11,153.32,82.62,527.64,166.17,225.44
2026-02-03,125.2,247.34,291.24,738.79,225.84,278.06,619.55,42.59,22.74,281.9,969.74,129.03,98.24,98.01,29.09,63.9,999.99,64.0,30.58,156.84,84.13,536.45,166.17,231.81
2026-02-04,129.6,265.57,291.65,744.05,226.59,278.19,620.95,40.24,22.7,285.1,984.51,130.8,98.8,99.91,29.14,63.97,999.99,64.23,30.8,154.8,83.53,546.46,165.79,228.98
2026-02-05,125.22,236.42,290.35,740.33,226.29,277.74,620.55,39.98,22.64,283.38,978.64,130.21,99.48,99.79,29.21,63.79,1000.0,64.05,30.76,154.0,83.49,543.39,161.06,225.1
2026-02-06,125.04,224.46,290.65,742.19,226.76,278.24,619.79,39.35,22.49,281.94,983.93,131.16,98.77,99.82,29.19,63.94,1000.0,64.02,30.86,154.43,83.73,538.3,157.16,227.7
2026-02-09,127.98,243.7,292.56,748.66,229.97,279.43,625.28,39.29,22.92,284.74,990.06,131.8,102.03,99.88,29.11,63.85,999.99,64.91,31.28,155.54,84.26,545.13,153.26,232.68
2026-02-10,128.34,243.82,293.56,751.61,231.08,280.9,626.15,39.46,22.81,288.78,993.56,132.43,101.76,100.36,29.13,63.84,1000.0,65.31,31.32,155.66,84.55,540.18,155.92,232.22
2026-02-11,128.7,247.37,293.85,753.85,231.21,280.65,627.67,38.79,22.98,292.88,997.18,133.28,102.81,100.55,29.18,63.93,999.99,65.33,31.58,156.33,84.66,550.05,158.44,234.87
2026-02-12,128.52,245.39,292.27,751.04,229.59,279.49,627.87,36.65,22.94,292.36,997.7,132.8,102.58,100.44,29.2,64.03,1000.0,65.01,31.81,154.41,83.58,551.75,157.75,231.88
2026-02-13,126.1,232.58,288.87,740.89,226.31,276.14,622.45,36.11,22.75,290.25,982.2,130.85,101.86,98.51,29.28,64.03,1000.0,64.0,31.41,152.58,82.14,544.54,156.38,230.24
2026-02-16,126.92,227.34,290.76,747.26,227.13,278.14,628.61,36.19,22.94,288.31,997.02,131.09,103.31,100.45,29.28,64.08,999.99,64.34,31.51,152.92,82.8,542.24,152.29,232.67
2026-02-17,124.58,220.04,291.52,751.27,227.78,278.55,631.25,36.57,23.03,289.9,998.61,131.79,105.51,101.05,29.32,64.34,999.99,64.46,31.04,153.72,83.62,539.88,151.99,228.84
2026-02-18,124.64,223.79,292.2,755.36,228.36,279.29,635.86,36.09,23.09,291.55,1003.19,132.21,107.3,100.78,29.32,64.38,1000.0,64.88,31.66,154.41,83.72,543.14,151.99,227.99
2026-02-19,127.09,233.21,288.38,743.44,225.36,276.33,626.34,35.71,22.97,285.25,986.9,129.85,105.82,100.32,29.37,64.47,1000.0,63.8,31.33,152.64,82.84,540.26,152.54,229.49
2026-02-20,127.54,236.62,289.23,747.56,226.47,277.3,631.22,35.38,23.02,286.38,995.05,130.08,107.52,101.63,29.31,64.27,1000.0,64.14,31.57,154.0,83.23,536.99,153.7,225.79
2026-02-23,130.0,250.17,290.45,749.67,225.79,278.2,631.6,34.86,23.13,288.59,1000.49,130.73,109.21,101.94,29.33,64.33,1000.0,63.9,31.59,153.83,83.27,542.38,153.49,229.32
2026-02-24,131.22,250.67,287.85,750.28,225.52,275.98,629.96,33.2,23.24,287.5,996.0,129.7,109.5,102.67,29.36,64.33,1000.0,63.77,31.51,152.03,82.64,538.58,154.78,228.33
2026-02-25,131.69,253.25,288.63,756.01,226.22,277.21,629.49,33.73,23.66,292.07,992.33,130.22,109.13,103.32,29.35,64.39,999.99,63.96,31.68,152.47,83.11,536.71,150.87,229.69
2026-02-26,130.48,246.06,288.58,758.67,227.49,277.55,630.35,33.75,23.86,294.48,996.64,130.29,109.87,103.27,29.38,64.38,999.99,64.49,31.83,153.0,83.38,532.85,152.08,227.13
2026-02-27,131.6,252.81,285.29,750.48,225.95,274.28,623.97,33.82,23.59,290.12,984.41,128.61,109.16,102.86,29.36,64.38,999.99,63.75,31.44,151.7,82.98,527.78,155.59,225.19
2026-03-02,138.32,274.65,281.93,739.95,222.25,270.98,617.72,33.46,23.6,283.19,963.24,126.54,107.1,102.32,29.38,64.39,999.99,62.72,30.9,150.26,82.15,517.83,154.6,222.93
2026-03-04,133.96,255.57,277.29,719.91,217.0,265.47,606.32,33.48,23.22,275.61,940.21,124.2,103.62,101.2,29.3,64.34,999.99,61.39,30.13,149.29,80.64,507.26,154.98,218.58
2026-03-05,132.24,247.93,280.35,729.31,220.35,268.73,608.63,33.27,23.57,281.07,961.71,125.77,104.14,103.31,29.44,64.44,1000.0,62.36,30.56,149.53,81.28,516.42,157.6,219.23
2026-03-06,130.82,246.76,277.25,727.2,219.06,266.13,597.24,33.29,23.54,278.32,954.69,124.53,102.28,103.67,29.38,64.5,1000.0,61.84,30.14,147.59,80.25,513.01,161.78,221.38
2026-03-09,131.35,247.0,272.42,711.54,214.71,261.41,579.4,33.3,23.53,267.46,935.45,122.13,98.35,102.2,29.32,64.18,999.99,60.67,29.8,144.66,78.54,502.82,161.32,219.24
2026-03-10,132.2,256.35,274.95,724.26,218.26,263.8,588.52,33.09,23.86,275.24,944.26,123.7,100.48,102.62,29.44,64.35,999.99,61.69,31.26,145.8,79.68,518.26,160.77,223.98
2026-03-11,132.71,251.69,270.56,716.62,215.62,259.85,576.13,32.77,24.0,266.79,933.39,121.56,98.35,102.87,29.42,64.32,1000.0,60.95,29.72,144.25,78.94,512.72,163.74,222.27
2026-03-12,132.43,253.5,267.94,715.84,215.14,258.12,569.24,32.69,23.91,258.28,928.56,119.41,98.24,104.47,29.51,64.61,999.99,60.7,29.44,143.57,79.11,510.07,162.88,223.82
2026-03-13,130.32,244.49,262.69,699.71,209.27,252.84,555.7,32.14,23.41,249.36,905.92,117.92,94.7,102.55,29.43,64.44,1000.0,59.06,28.48,140.3,77.62,500.36,162.31,219.52
2026-03-16,127.22,233.48,265.18,693.67,208.39,254.43,561.91,32.0,23.16,253.1,902.64,118.91,95.24,101.05,29.39,64.31,999.99,58.93,28.65,141.94,77.28,497.04,160.89,217.69
2026-03-17,128.22,240.89,267.16,700.61,210.34,256.16,566.86,31.7,23.21,258.78,915.67,120.37,95.69,102.26,29.4,64.25,1000.0,59.54,28.96,141.7,77.28,500.97,159.18,218.98
2026-03-18,127.91,237.13,269.43,706.48,214.03,260.27,569.45,32.63,23.21,263.39,926.71,121.38,96.37,102.08,29.4,64.31,1000.0,60.73,29.39,142.58,78.1,513.72,160.21,225.29
2026-03-19,121.32,218.98,262.12,688.14,209.4,254.6,551.71,31.71,23.0,253.25,908.49,118.17,93.6,101.12,29.27,64.38,1000.0,59.07,28.29,138.68,75.93,499.02,160.18,223.2
2026-03-20,121.06,219.9,262.07,688.51,209.34,251.73,550.86,32.16,23.2,254.41,907.4,118.83,95.44,101.76,29.32,64.2,999.99,59.13,28.55,140.57,76.62,491.63,159.12,225.96
2026-03-23,110.72,193.52,255.15,662.17,201.49,244.56,531.67,32.14,22.72,246.25,889.56,114.99,91.57,99.75,29.15,64.03,1000.0,56.87,27.29,137.72,74.99,450.8,158.06,219.18
2026-03-24,115.49,212.31,259.83,672.29,206.12,248.65,543.04,32.76,22.83,252.19,902.53,116.86,93.14,100.14,29.22,64.06,999.99,58.39,28.01,139.25,76.32,461.13,156.15,228.35
2026-03-25,119.29,221.42,264.06,686.24,211.18,252.85,553.29,32.78,23.28,257.97,918.25,119.5,95.68,100.51,29.11,64.08,999.99,59.61,28.78,140.36,76.61,481.6,159.61,236.18
2026-03-27,117.53,212.5,258.89,671.06,205.5,249.9,540.27,32.53,23.18,250.45,910.97,117.2,91.77,100.38,29.09,63.88,1000.0,58.38,28.24,138.85,74.93,468.31,156.43,231.73
2026-03-30,121.19,216.08,253.44,651.9,200.3,242.51,520.9,31.99,22.8,244.19,885.06,114.7,87.46,100.0,28.96,63.55,1000.0,56.77,27.4,134.87,74.36,451.93,157.09,231.54
2026-04-01,123.37,224.81,257.45,669.66,207.41,247.49,533.42,32.91,22.29,248.86,900.16,116.9,91.26,101.52,28.9,64.42,1000.0,58.62,28.29,140.64,75.93,481.57,149.74,238.57
2026-04-02,120.58,215.95,257.61,668.77,204.92,245.98,532.43,33.53,22.41,248.28,892.9,117.39,90.6,100.82,28.77,63.72,1000.0,57.93,27.63,138.7,75.91,478.79,154.53,239.47
2026-04-06,122.81,222.38,260.25,676.83,207.8,249.42,543.35,33.79,22.44,250.71,895.31,118.44,92.65,101.7,28.82,63.77,999.99,58.75,28.15,140.6,76.86,483.73,156.81,242.18
2026-04-07,121.78,220.03,261.47,680.86,207.96,250.68,543.96,34.6,22.43,250.18,899.37,119.0,91.97,102.31,28.93,63.96,1000.0,58.89,28.24,143.01,77.2,506.45,155.22,245.35
2026-04-08,124.39,230.58,271.68,713.54,216.31,261.43,575.71,34.77,22.6,267.44,934.38,123.25,97.14,102.4,29.12,64.23,999.99,61.33,30.08,145.96,79.56,523.77,155.94,256.24
2026-04-09,123.21,223.83,269.49,713.92,216.45,259.33,566.31,34.88,22.74,266.18,928.54,122.91,95.89,103.34,29.11,64.4,999.99,61.46,29.86,146.15,79.41,521.69,157.05,254.33
2026-04-10,123.49,226.54,271.95,729.46,219.79,261.96,575.96,34.21,22.73,273.59,939.84,124.44,97.48,103.21,29.12,64.81,1000.0,62.2,30.48,146.01,79.89,527.54,160.27,256.38
2026-04-13,123.76,224.97,269.52,723.6,218.89,259.64,572.79,33.86,22.62,268.38,932.27,123.03,96.77,103.45,29.13,64.47,1000.0,61.82,30.09,145.81,79.23,520.3,162.27,255.05
2026-04-15,125.06,235.08,273.77,738.62,223.76,264.39,579.79,34.74,23.05,271.66,952.33,125.28,98.11,105.02,29.22,64.6,1000.0,63.23,30.54,147.08,80.52,527.28,163.53,269.96
2026-04-16,125.61,237.97,273.95,746.16,224.7,264.01,577.58,35.06,23.08,271.58,954.21,125.48,97.73,105.43,29.28,64.45,1000.0,63.64,30.56,147.25,80.7,537.24,166.88,277.51
2026-04-17,124.8,238.14,275.87,757.6,227.57,266.66,582.85,35.09,23.12,271.8,961.05,126.9,98.49,106.85,29.3,64.59,1000.0,64.43,30.71,147.88,81.42,535.11,175.5,286.78
2026-04-20,125.0,237.27,275.21,756.55,227.17,266.02,582.73,34.8,23.02,271.86,958.45,126.83,99.28,106.93,29.23,64.57,999.99,64.32,30.95,148.03,81.59,533.91,175.9,285.16
2026-04-21,125.22,237.41,277.63,762.61,228.55,268.58,591.06,34.96,23.05,273.16,962.77,128.56,100.16,106.52,29.27,64.77,999.99,64.64,31.17,149.31,82.0,534.15,175.18,289.22
2026-04-22,124.99,236.03,275.64,768.27,229.34,267.84,589.0,33.69,23.0,271.73,963.38,128.26,100.3,107.12,29.3,64.72,999.99,64.75,30.91,147.6,81.54,531.51,173.94,289.77
2026-04-23,124.08,229.67,273.76,759.65,227.62,265.1,581.33,33.28,23.62,265.79,959.04,126.94,98.11,106.95,29.15,64.56,1000.0,64.5,31.24,146.89,80.66,526.6,173.83,289.89
2026-04-24,123.94,227.89,271.09,754.26,225.78,261.96,578.75,31.6,23.21,264.01,954.53,126.06,98.12,106.54,29.11,64.58,999.99,63.91,30.29,144.96,79.47,526.01,179.7,293.13
2026-04-27,124.25,230.72,272.52,763.38,229.5,265.17,579.98,32.32,23.78,268.13,964.46,127.1,98.27,107.44,29.15,64.52,999.99,64.83,30.35,145.06,80.2,525.97,177.24,295.1
2026-04-28,122.68,224.73,271.48,761.62,229.18,263.72,571.95,32.07,23.74,265.41,968.2,126.51,96.26,108.6,29.13,64.39,1000.0,64.99,30.5,143.74,79.91,523.77,180.8,301.29
2026-04-29,121.58,224.2,273.13,759.76,229.06,265.81,571.54,32.37,23.86,267.72,976.65,127.72,95.96,108.81,29.15,64.39,999.99,64.99,30.52,145.89,80.14,530.87,181.93,301.1
2026-04-30,123.43,227.5,272.01,752.8,227.4,263.5,567.0,32.44,23.91,265.83,970.12,126.84,94.54,108.37,29.09,64.38,999.99,64.35,30.02,144.45,80.38,522.27,180.54,299.17
2026-05-04,122.38,230.36,273.12,759.22,228.69,265.63,565.3,32.18,24.05,267.17,975.0,126.98,94.14,108.01,29.12,64.37,999.99,64.76,30.51,143.44,80.01,526.58,181.09,301.87
2026-05-05,122.16,228.89,272.3,762.48,229.06,264.19,562.81,32.24,24.17,269.48,974.6,127.43,93.91,107.55,29.06,64.31,1000.0,64.87,30.22,142.97,79.84,522.32,181.89,305.04
2026-05-06,124.02,234.49,275.73,773.07,232.74,266.97,577.5,32.36,24.82,275.36,975.7,128.79,96.45,106.7,29.23,64.57,999.99,66.07,30.99,144.14,80.39,526.04,184.59,307.82
2026-05-07,124.47,239.44,275.17,774.97,235.68,267.59,577.66,32.17,24.79,280.6,978.38,128.89,96.16,106.94,29.27,64.55,1000.0,66.71,31.22,144.41,80.32,531.56,187.05,312.5
2026-05-08,124.31,240.17,273.94,771.73,235.44,265.7,570.99,32.46,24.78,279.9,977.4,128.98,93.28,106.44,29.23,64.52,1000.0,66.63,31.17,143.04,79.73,528.92,189.54,316.77
2026-05-11,123.23,241.29,270.1,758.9,232.92,262.44,562.31,32.37,24.81,274.58,961.97,127.02,90.92,105.51,29.14,64.37,1000.0,65.9,30.45,141.83,78.52,531.05,188.14,315.16
2026-05-12,124.61,252.01,265.05,740.49,226.51,257.14,552.99,31.26,24.42,268.11,943.96,124.31,89.65,105.0,29.08,64.26,1000.0,64.24,29.96,139.62,77.25,544.81,192.4,323.37
2026-05-13,131.74,269.42,265.44,745.86,228.42,258.67,552.14,30.9,24.53,266.02,950.24,124.52,89.61,105.47,29.07,64.18,1000.0,64.71,30.05,139.26,77.49,543.47,194.18,327.16
2026-05-14,131.78,270.93,268.09,753.2,230.63,260.85,558.69,30.3,25.21,267.62,966.39,126.2,90.89,106.1,29.14,64.22,1000.0,65.54,30.21,139.82,77.66,556.04,193.53,325.39
2026-05-15,129.41,249.85,267.3,747.86,229.64,260.11,553.61,30.68,25.26,267.7,962.78,126.24,89.94,105.89,29.03,64.15,1000.0,65.29,29.9,140.47,77.59,537.36,196.4,329.04
2026-05-18,129.7,253.16,267.58,740.6,229.57,258.16,553.35,31.36,25.44,263.18,956.77,125.49,88.21,104.68,28.97,63.91,1000.0,65.05,30.02,140.5,77.1,537.56,197.89,331.62
2026-05-19,130.64,253.25,267.61,744.8,230.87,259.23,552.17,32.45,25.54,264.09,954.23,125.64,88.93,104.88,29.01,64.01,999.99,65.62,30.07,140.56,77.72,545.11,194.8,327.27
2026-05-20,130.2,252.66,268.05,747.49,231.93,259.65,553.13,32.28,25.5,266.41,962.92,125.46,89.24,104.67,29.02,64.08,999.99,66.0,30.39,141.19,77.92,536.76,193.95,327.09
2026-05-21,130.74,251.97,268.21,749.58,232.4,259.96,552.4,32.08,25.49,267.26,965.27,125.5,89.29,104.68,29.03,64.09,1000.0,65.94,30.09,141.48,77.77,532.06,192.61,325.74
2026-05-22,130.5,252.54,269.1,753.36,232.65,261.14,559.62,32.02,25.23,267.12,964.22,125.4,89.62,103.81,29.1,64.07,1000.0,66.06,30.49,141.52,77.86,534.25,196.38,332.13
2026-05-25,130.51,256.03,271.99,764.8,233.95,264.42,571.02,32.15,25.33,271.45,973.79,126.58,92.15,103.95,29.19,64.26,999.99,66.68,30.86,143.05,78.38,536.43,196.48,330.7
2026-05-26,129.58,251.29,270.83,765.68,235.26,263.8,569.05,32.09,25.31,271.58,970.01,126.35,91.88,103.58,29.17,64.15,1000.0,67.0,30.82,142.2,78.28,529.18,194.66,330.34
2026-05-27,129.04,249.87,270.94,775.11,236.19,263.75,567.32,32.06,25.32,276.05,978.73,127.24,92.09,103.99,29.27,64.33,999.99,67.34,31.01,142.27,78.76,523.0,194.66,328.74
2026-05-29,128.65,249.37,267.78,767.86,233.1,261.0,561.32,32.27,25.02,271.31,965.81,125.04,91.2,101.69,29.24,64.35,999.99,66.46,30.57,141.38,77.66,518.53,199.09,336.1
2026-06-01,127.49,249.54,265.52,755.2,229.92,258.77,553.51,33.13,24.88,266.78,954.62,123.39,89.44,100.96,29.21,64.34,999.99,65.57,29.99,141.03,77.34,511.96,201.4,335.83
2026-06-02,128.67,251.56,266.02,757.31,230.4,259.37,555.91,34.53,24.67,268.48,953.78,124.29,90.11,100.31,29.23,64.38,1000.0,65.62,30.1,142.1,78.08,522.21,206.62,337.4
2026-06-03,127.64,246.79,265.55,753.78,229.83,258.38,559.67,32.64,24.76,268.88,953.54,123.88,91.62,100.62,29.2,64.49,1000.0,65.46,29.95,140.62,77.55,512.14,208.38,339.36
2026-06-04,128.5,246.56,265.6,756.08,230.57,258.8,561.27,32.56,24.79,269.39,952.22,124.33,92.08,101.02,29.24,64.52,999.99,65.74,30.03,140.74,77.23,510.68,208.2,341.98
2026-06-05,127.78,243.58,265.36,757.76,230.0,258.26,563.08,32.25,24.9,269.65,948.64,124.43,92.28,100.17,29.35,64.93,1000.0,65.56,30.24,140.29,77.07,501.73,206.92,342.55
2026-06-08,124.16,227.93,262.56,744.88,226.84,254.72,558.71,31.73,24.8,264.76,940.01,123.3,91.58,100.14,29.38,65.16,999.99,64.64,29.39,139.55,76.08,488.84,202.2,330.89
2026-06-09,125.39,231.9,263.88,755.35,229.38,257.13,569.3,31.68,24.98,267.68,943.73,123.83,94.91,99.21,29.49,65.31,1000.0,65.44,30.04,140.01,76.55,498.66,190.84,321.98
2026-06-10,121.15,220.59,263.08,746.62,226.03,256.34,567.99,31.42,24.79,265.78,936.87,123.23,93.76,97.69,29.46,65.2,999.99,64.53,29.81,139.77,76.42,484.07,194.26,324.4
2026-06-11,119.28,221.38,262.63,738.48,224.73,255.51,569.24,30.88,24.98,265.38,930.67,122.66,92.73,97.05,29.42,65.15,1000.0,64.01,29.58,139.74,75.23,481.23,191.72,321.64
2026-06-12,121.92,229.76,267.86,755.73,230.28,260.11,585.42,30.89,25.01,270.63,952.74,124.52,95.3,96.82,29.55,65.39,999.99,65.49,30.4,141.49,76.59,494.96,185.96,318.03
2026-06-15,124.11,238.62,270.63,773.42,233.69,262.44,589.68,31.19,24.85,277.69,965.98,126.81,95.96,96.95,29.62,65.45,999.99,66.46,31.24,142.05,77.14,496.38,192.04,330.19
2026-06-16,124.14,236.13,271.67,774.78,234.49,264.33,590.62,31.72,24.8,277.0,971.39,127.48,95.9,97.42,29.55,65.47,1000.0,66.74,30.91,142.47,77.4,491.19,189.76,330.07
2026-06-17,123.75,234.67,273.11,779.84,235.37,266.02,593.66,31.9,24.75,275.46,977.7,128.23,97.53,98.39,29.56,65.46,999.99,67.04,31.08,142.6,77.61,493.28,196.84,333.31
2026-06-18,122.12,229.99,273.97,783.47,236.39,266.68,597.77,31.62,24.9,275.99,979.53,128.96,98.21,99.36,29.6,65.6,999.99,67.34,31.23,142.35,78.12,489.45,192.82,331.76
2026-06-19,119.79,221.42,272.95,781.04,237.0,265.38,597.32,30.41,25.09,274.19,981.32,128.9,97.54,99.62,29.66,65.55,1000.0,67.45,30.99,140.95,77.52,486.68,190.1,328.41
2026-06-22,121.12,225.14,273.67,786.83,238.23,265.51,598.96,30.69,25.39,275.16,985.18,128.66,97.88,99.56,29.61,65.51,1000.0,67.78,31.3,141.57,77.49,479.2,195.58,335.94
2026-06-23,118.9,215.06,270.81,778.2,235.61,264.34,592.52,29.98,25.69,272.92,976.24,126.9,96.18,98.76,29.62,65.58,1000.0,67.03,30.98,140.41,76.33,464.0,195.58,333.5
2026-06-24,117.56,213.35,272.68,778.4,236.4,265.91,602.28,30.61,25.72,271.82,979.26,127.72,96.43,97.87,29.7,65.67,999.99,67.07,31.22,141.11,76.62,471.42,190.9,336.3
2026-06-25,114.96,206.57,273.43,779.65,234.95,265.63,601.92,30.36,25.63,277.27,978.27,128.96,96.45,96.14,29.79,65.95,999.99,66.73,31.19,141.47,76.38,472.34,186.57,325.82
2026-06-29,116.43,208.02,272.16,772.96,234.25,264.44,598.0,30.02,25.9,272.69,971.11,127.64,95.52,96.99,29.81,65.84,1000.0,66.41,30.94,140.95,76.08,477.44,185.08,324.22
2026-06-30,115.97,212.82,271.82,773.98,235.19,263.66,596.37,29.2,26.04,273.05,969.18,127.84,95.09,96.94,29.94,65.92,1000.0,66.73,30.52,139.44,75.35,468.5,183.1,325.72
2026-07-01,115.46,211.34,272.87,779.15,236.25,265.58,601.57,28.63,25.83,276.09,975.9,129.79,95.98,96.98,29.86,65.86,1000.0,66.96,30.78,139.57,75.55,471.17,186.63,329.91
2026-07-02,117.69,216.28,274.27,782.42,237.12,266.88,600.07,29.94,25.96,278.7,977.14,130.58,95.38,97.27,29.88,65.91,1000.0,67.29,30.82,141.13,76.52,477.41,188.36,335.9
2026-07-03,120.31,221.31,275.91,780.71,236.84,267.91,600.12,30.48,26.48,278.27,979.6,131.11,94.14,97.42,29.99,66.04,1000.0,67.15,30.47,140.98,76.73,480.7,190.81,332.78
2026-07-06,119.51,220.36,277.43,784.84,237.59,269.5,603.04,30.28,26.53,281.97,981.64,131.94,93.3,97.6,29.98,65.91,999.99,67.4,30.74,142.09,76.62,483.59,191.78,327.91
2026-07-07,118.58,216.29,277.05,780.28,237.06,268.64,603.41,30.98,26.4,281.91,979.33,131.83,92.85,96.79,29.98,66.04,1000.0,67.25,30.31,142.24,76.8,482.6,191.78,327.28
2026-07-08,116.96,210.15,271.69,765.88,233.12,264.12,587.67,30.51,26.16,275.56,956.61,129.2,90.44,95.92,29.85,65.77,1000.0,66.13,30.02,139.54,75.45,477.96,193.17,324.7
2026-07-09,118.42,212.95,272.76,771.82,236.3,265.45,592.56,30.45,26.34,275.26,962.03,129.97,91.85,95.57,29.94,65.79,999.99,67.06,30.22,139.66,75.67,480.34,194.06,324.85
2026-07-10,118.14,208.83,275.07,781.85,239.58,267.37,600.17,31.04,26.43,277.38,972.45,130.53,94.35,96.22,29.98,65.9,1000.0,68.1,30.63,141.25,76.46,483.92,194.17,327.73
2026-07-13,116.95,207.46,275.3,779.19,239.34,268.89,600.74,32.16,26.39,278.85,969.35,129.65,94.6,96.78,29.95,65.9,999.99,68.0,30.58,142.31,76.92,481.9,196.58,332.37
2026-07-14,115.98,208.01,273.35,776.39,238.53,266.47,594.18,31.85,26.59,274.52,965.85,129.05,92.78,96.55,29.8,65.8,1000.0,67.85,30.65,141.11,76.3,478.69,197.11,333.24
2026-07-15,116.39,208.66,273.66,778.84,239.12,266.73,597.57,31.66,26.75,275.37,963.1,129.33,93.71,95.91,29.88,66.02,1000.0,67.97,30.52,140.62,76.34,481.63,196.41,328.05
2026-07-16,116.47,206.84,273.99,776.98,238.58,266.79,597.09,31.87,26.76,276.11,960.83,129.65,93.24,95.53,29.99,65.91,1000.0,67.81,30.58,140.52,76.23,484.32,199.42,333.61
2026-07-17,115.79,204.92,276.46,776.11,237.75,268.0,604.9,32.44,26.39,279.46,967.31,130.15,93.58,95.69,29.95,65.9,1000.0,67.41,30.12,142.52,76.8,479.81,200.2,332.9
2026-07-20,116.84,207.89,275.58,781.49,238.93,268.1,600.21,32.38,26.77,279.0,974.05,130.7,96.16,96.77,29.89,65.86,1000.0,67.85,30.44,141.51,77.53,484.85,198.67,327.96
2026-07-21,117.73,212.23,275.13,784.43,239.27,268.46,599.55,32.2,26.86,281.5,974.18,131.14,95.43,96.72,29.96,66.01,1000.0,68.0,30.7,140.68,77.39,483.35,194.77,322.81
2026-07-22,119.14,213.07,273.36,779.61,237.07,266.26,592.24,31.71,26.51,281.82,965.67,131.35,93.67,96.76,29.88,65.92,1000.0,67.28,30.6,139.6,76.95,478.7,196.27,323.44
2026-07-23,118.69,211.0,271.98,776.24,235.08,264.63,586.72,31.74,26.32,283.7,958.3,130.97,92.88,96.75,29.84,65.8,999.99,66.65,30.26,138.48,76.77,487.62,197.77,328.84
2026-07-24,117.91,210.96,271.21,776.3,234.83,263.57,587.76,32.0,26.28,281.18,957.26,130.19,93.42,96.23,29.86,65.88,999.99,66.54,30.17,138.91,77.01,484.33,196.13,328.15
2026-07-27,118.62,213.01,273.59,783.45,237.47,266.49,591.44,32.7,26.72,285.24,963.34,132.26,93.52,96.06,29.98,66.03,999.99,67.27,30.38,139.09,77.48,488.21,192.54,322.11
2026-07-28,116.83,206.2,273.53,779.58,237.09,265.82,587.54,33.77,26.73,287.37,960.01,132.83,92.73,94.27,29.97,66.06,1000.0,67.34,30.02,138.88,76.99,489.13,191.12,318.46
2026-07-29,116.85,206.69,275.82,783.51,238.89,268.21,591.74,34.54,27.08,287.38,964.86,133.71,92.99,94.03,29.96,66.05,1000.0,67.85,30.1,140.44,78.26,491.18,191.34,315.36
2026-07-30,117.37,206.63,276.49,784.35,238.0,268.6,591.08,34.62,27.09,291.79,968.71,134.51,93.16,94.58,29.97,65.99,999.99,67.62,30.06,141.12,78.6,495.32,189.08,312.19
2026-07-31,117.11,206.51,277.42,795.65,239.48,270.06,592.26,34.12,27.27,297.13,971.97,134.53,93.42,94.91,29.98,66.17,1000.0,67.87,30.63,140.78,78.34,497.59,185.74,305.18
2026-08-03,117.11,206.51,277.42,795.65,239.48,270.06,592.26,34.12,27.27,297.13,971.97,134.53,93.42,94.91,29.98,66.17,1000.0,67.87,30.63,140.78,78.34,497.59,185.74,305.18
