Date,GOLDBEES.NS,SILVERBEES.NS,NIFTYBEES.NS,JUNIORBEES.NS,MID150BEES.NS,NIF100BEES.NS,BANKBEES.NS,ITBEES.NS,PHARMABEES.NS,AUTOBEES.NS,INFRABEES.NS,CONSUMBEES.NS,PSUBNKBEES.NS,CPSEETF.NS,LTGILTBEES.NS,GILT5YBEES.NS,LIQUIDBEES.NS,MOM100.NS,MOMENTUM30.NS,NV20BEES.NS,DIVOPPBEES.NS,HNGSNGBEES.NS,MAFANG.NS,MON100.NS
2017-06-01,26.291500091552734,,98.20700073242188,264.1199951171875,,101.4000015258789,235.6909942626953,,,,330.1099853515625,45.25,39.11399841308594,28.239999771118164,,,732.8023071289062,18.15999984741211,,42.25,,247.0,,40.61199951171875
2017-06-02,26.179500579833984,,98.63300323486328,265.510009765625,,101.0199966430664,236.38900756835938,,,,328.3599853515625,45.400001525878906,39.31100082397461,28.219999313354492,,,732.8023071289062,18.450000762939453,,42.12699890136719,,239.6999969482422,,41.393001556396484
2017-06-05,26.535499572753906,,98.94400024414062,268.6199951171875,,101.55999755859375,237.45599365234375,,,,330.94000244140625,45.630001068115234,39.20000076293945,28.239999771118164,,,732.8023071289062,18.360000610351562,,42.31800079345703,,240.0,,41.51900100708008
2017-06-06,26.672000885009766,,98.55000305175781,265.7900085449219,,102.0,236.90199279785156,,,,327.0,45.5099983215332,39.1619987487793,28.06999969482422,,,732.8023071289062,18.399999618530273,,424.900390625,,240.13099670410156,,41.60599899291992
2017-06-07,26.629499435424805,,98.77799987792969,267.6000061035156,,101.83999633789062,238.1479949951172,,,,328.0,45.18000030517578,39.66999816894531,28.219999313354492,,,732.8023071289062,18.799999237060547,,425.57611083984375,,249.0,,41.999000549316406
2017-06-08,26.559499740600586,,98.73799896240234,268.75,,101.83999633789062,238.3560028076172,,,,328.0799865722656,45.599998474121094,39.029998779296875,27.950000762939453,,,732.8023071289062,18.790000915527344,,421.1549987792969,,248.4029998779297,,42.27000045776367
2017-06-09,26.35650062561035,,98.9540023803711,268.989990234375,,101.76000213623047,239.68899536132812,,,,328.04998779296875,45.099998474121094,39.17499923706055,27.739999771118164,,,732.8023071289062,18.81999969482422,,42.1510009765625,,245.0,,41.994998931884766
2017-06-12,26.311500549316406,,98.32499694824219,268.6300048828125,,101.05000305175781,237.87100219726562,,,,325.1700134277344,45.0,38.57699966430664,27.799999237060547,,,732.8023071289062,18.790000915527344,,418.0848083496094,,249.0,,41.5
2017-06-13,26.22450065612793,,98.42400360107422,269.7799987792969,,101.02999877929688,237.7570037841797,,,,325.4100036621094,45.11000061035156,38.4109992980957,27.68000030517578,,,732.8023071289062,18.559999465942383,,416.8653869628906,,248.99899291992188,,41.492000579833984
2017-06-14,26.212499618530273,,98.37100219726562,268.1700134277344,,101.7300033569336,237.31199645996094,,,,328.5899963378906,44.81999969482422,38.72100067138672,27.600000381469727,,,732.7950439453125,18.290000915527344,,419.79559326171875,,240.0,,41.94499969482422
2017-06-15,26.16699981689453,,98.04000091552734,268.8800048828125,,101.73999786376953,236.4459991455078,,,,326.95001220703125,44.84000015258789,38.54999923706055,27.280000686645508,,,732.8023071289062,18.06999969482422,,418.17041015625,,250.89500427246094,,41.702999114990234
2017-06-16,26.10650062561035,,98.052001953125,269.4100036621094,,101.7699966430664,237.36300659179688,,,,324.7900085449219,44.7400016784668,38.499000549316406,27.350000381469727,,,732.8023071289062,18.40999984741211,,41.45500183105469,,237.2270050048828,,41.82899856567383
2017-06-19,26.01650047302246,,98.82599639892578,269.94000244140625,,101.41000366210938,240.76600646972656,,,,328.5,44.86000061035156,38.89899826049805,27.31999969482422,,,732.7950439453125,18.40999984741211,,42.2140007019043,,237.0,,41.25
2017-06-20,25.98150062561035,,98.87699890136719,270.0299987792969,,102.23999786376953,240.2689971923828,,,,326.5899963378906,45.0,38.672000885009766,27.540000915527344,,,732.8023071289062,18.40999984741211,,421.6075134277344,,235.1009979248047,,41.24100112915039
2017-06-21,26.06800079345703,,98.57499694824219,270.07000732421875,,101.94999694824219,240.0500030517578,,,,328.79998779296875,45.16999816894531,39.09299850463867,27.139999389648438,,,732.8023071289062,18.3799991607666,,420.61138916015625,,231.89100646972656,,41.48699951171875
2017-06-22,26.10449981689453,,98.5,268.4700012207031,,101.55770111083984,241.28199768066406,,,,325.5799865722656,45.04999923706055,39.13399887084961,26.600000381469727,,,732.8023071289062,18.43000030517578,,419.6296081542969,,252.5,,42.400001525878906
2017-06-23,26.12299919128418,,98.02899932861328,266.1400146484375,,100.56999969482422,238.08299255371094,,,,324.07000732421875,44.81999969482422,38.48400115966797,26.06999969482422,,,732.8023071289062,18.299999237060547,,42.20000076293945,,237.5,,41.99800109863281
2017-06-27,26.07550048828125,,97.34700012207031,262.67999267578125,,99.77999877929688,234.7310028076172,,,,323.5,44.97999954223633,37.000999450683594,26.209999084472656,,,732.8023071289062,18.290000915527344,,414.1304016113281,,239.99600219726562,,41.994998931884766
2017-06-28,25.992000579833984,,97.26799774169922,263.8999938964844,,100.43000030517578,235.48800659179688,,,,323.0,44.849998474121094,36.849998474121094,26.110000610351562,,,732.8023071289062,18.010000228881836,,413.3388977050781,,236.5,,41.82500076293945
2017-06-29,25.836000442504883,,97.3550033569336,264.010009765625,,100.55999755859375,235.5449981689453,,,,325.55999755859375,45.0,36.707000732421875,25.93000030517578,,,732.7950439453125,18.149999618530273,,414.8487854003906,,240.5,,41.79800033569336
2017-06-30,25.768999099731445,,97.5979995727539,266.6300048828125,,100.7699966430664,234.9969940185547,,,,323.29998779296875,44.9900016784668,36.900001525878906,25.90999984741211,,,735.152099609375,18.200000762939453,,415.3257141113281,,226.8780059814453,,40.909000396728516
2017-07-03,25.679000854492188,,98.4209976196289,269.1000061035156,,101.43000030517578,235.76499938964844,,,,328.5199890136719,46.43000030517578,36.90299987792969,26.190000534057617,,,735.152099609375,18.440000534057617,,41.69599914550781,,231.89999389648438,,41.51499938964844
2017-07-04,25.43950080871582,,98.50800323486328,269.7799987792969,,101.31999969482422,235.95399475097656,,,,325.05999755859375,46.040000915527344,36.724998474121094,26.190000534057617,,,735.1452026367188,18.209999084472656,,418.8847961425781,,232.0,,41.14799880981445
2017-07-05,25.414499282836914,,98.78600311279297,271.010009765625,,101.31999969482422,236.71099853515625,,,,325.0799865722656,45.9900016784668,37.0,26.34000015258789,,,735.152099609375,18.399999618530273,,420.67730712890625,,240.0030059814453,,42.76300048828125
2017-07-06,25.476499557495117,,99.20700073242188,272.9700012207031,,101.83999633789062,238.04400634765625,,,,327.0,45.86000061035156,37.814998626708984,26.40999984741211,,,735.152099609375,18.280000686645508,,421.444091796875,,240.0,,42.435001373291016
2017-07-07,25.388999938964844,,99.00900268554688,273.29998779296875,,102.56999969482422,237.90899658203125,,,,329.489990234375,45.79999923706055,37.827999114990234,26.34000015258789,,,735.152099609375,18.739999771118164,,421.37030029296875,,239.99899291992188,,42.834999084472656
2017-07-10,25.099000930786133,,100.01799774169922,275.1600036621094,,103.69999694824219,239.5590057373047,,,,333.6700134277344,46.79999923706055,38.63999938964844,26.790000915527344,,,735.152099609375,18.719999313354492,,428.0458984375,,242.72999572753906,,43.3390007019043
2017-07-11,25.155000686645508,,100.38400268554688,273.6700134277344,,103.5,239.8560028076172,,,,332.1099853515625,46.5,38.08399963378906,26.6200008392334,,,735.152099609375,18.559999465942383,,428.93609619140625,,239.89999389648438,,42.974998474121094
2017-07-12,25.20949935913086,,100.55400085449219,274.57000732421875,,103.67569732666016,240.38299560546875,,,,334.0400085449219,45.869998931884766,38.62900161743164,26.81999969482422,,,735.1452026367188,18.65999984741211,,430.8753967285156,,242.72999572753906,,43.220001220703125
2017-07-13,25.221500396728516,,101.42500305175781,277.2900085449219,,104.0,242.54100036621094,,,,336.5400085449219,46.75,38.76100158691406,26.559999465942383,,,735.152099609375,18.649999618530273,,434.6653137207031,,259.9173278808594,,43.54499816894531
2017-07-14,25.18000030517578,,101.24400329589844,277.4599914550781,,104.94999694824219,242.31199645996094,,,,337.55999755859375,46.75,39.35900115966797,26.420000076293945,,,735.152099609375,18.59000015258789,,43.08000183105469,,241.99899291992188,,42.91699981689453
2017-07-17,25.372499465942383,,101.68800354003906,277.9100036621094,,105.27999877929688,243.375,,,,339.1199951171875,46.75,39.29999923706055,26.510000228881836,,,735.152099609375,18.610000610351562,,438.181396484375,,249.89999389648438,,43.96200180053711
2017-07-18,25.453500747680664,,101.01100158691406,276.2799987792969,,103.8499984741211,243.57200622558594,,,,339.0,46.40999984741211,39.332000732421875,26.489999771118164,,,735.152099609375,18.5,,437.8243103027344,,241.5,,43.77899932861328
2017-07-19,25.503000259399414,,101.63200378417969,280.0899963378906,,104.05999755859375,245.20700073242188,,,,342.0899963378906,,39.435001373291016,26.690000534057617,,,735.152099609375,18.6299991607666,,440.1206970214844,,249.9499969482422,,44.54800033569336
2017-07-20,25.47249984741211,,101.4729995727539,278.7699890136719,,104.05999755859375,245.88900756835938,,,,342.95001220703125,46.5,38.99300003051758,26.8700008392334,,,735.152099609375,18.809999465942383,,439.10430908203125,,249.6999969482422,,44.516998291015625
2017-07-21,25.61199951171875,,101.77300262451172,279.25,,104.61000061035156,245.88699340820312,,,,340.92999267578125,46.33000183105469,39.00600051879883,27.010000228881836,,,735.152099609375,18.739999771118164,,44.4630012512207,,249.3000030517578,,44.70000076293945
2017-07-24,25.7814998626709,,102.38600158691406,279.8900146484375,,105.05000305175781,247.63999938964844,,,,340.5,46.38999938964844,39.60300064086914,26.8700008392334,,,735.152099609375,18.780000686645508,,447.25189208984375,,251.0,,44.900001525878906
2017-07-25,25.67650032043457,,102.49800109863281,281.239990234375,,104.9800033569336,249.09300231933594,,,,343.8999938964844,46.70000076293945,40.0,26.68000030517578,,,735.152099609375,18.549999237060547,,448.4324951171875,,250.75,,45.0
2017-07-26,25.565000534057617,,102.86199951171875,280.9700012207031,,106.0999984741211,250.10899353027344,,,,342.79998779296875,46.52000045776367,39.7400016784668,26.75,,,735.152099609375,18.899999618530273,,45.11600112915039,,250.8000030517578,,44.75
2017-07-27,25.773000717163086,,103.0459976196289,280.0400085449219,,106.01000213623047,252.97300720214844,,,,341.3999938964844,46.90999984741211,39.904998779296875,26.610000610351562,,,735.152099609375,19.190000534057617,,447.2384948730469,,241.4669952392578,,44.000999450683594
2017-07-28,25.654499053955078,,102.75700378417969,280.9100036621094,,105.58000183105469,251.19400024414062,,,,338.95001220703125,47.0,39.89799880981445,26.510000228881836,,,735.152099609375,19.079999923706055,,445.92779541015625,,251.0,,44.599998474121094
2017-07-31,25.709999084472656,,103.427001953125,282.95001220703125,,106.7699966430664,254.49200439453125,,,,343.760009765625,46.5,41.42900085449219,26.670000076293945,,,737.60302734375,19.06999969482422,,450.9559020996094,,266.5,,44.8849983215332
2017-08-01,25.656999588012695,,103.73899841308594,282.9700012207031,,106.16999816894531,255.41900634765625,,,,342.75,47.0,41.2140007019043,26.799999237060547,,,737.60302734375,19.100000381469727,,45.34400177001953,,255.0,,44.819000244140625
2017-08-02,25.609500885009766,,103.77799987792969,281.92999267578125,,106.51570129394531,254.2550048828125,,,,343.5,46.5099983215332,40.9900016784668,26.510000228881836,,,737.60302734375,19.049999237060547,,45.34400177001953,,260.0,,44.59700012207031
2017-08-03,25.54599952697754,,103.06900024414062,281.6099853515625,,105.5199966430664,250.60000610351562,,,,344.4700012207031,46.65999984741211,39.51900100708008,26.68000030517578,,,737.60302734375,19.079999923706055,,45.34400177001953,,259.79998779296875,,42.904998779296875
2017-08-04,25.809999465942383,,103.74700164794922,285.4700012207031,,106.22000122070312,252.21400451660156,,,,344.989990234375,47.0,40.20899963378906,27.31999969482422,,,737.60302734375,19.0,,45.34400177001953,,251.5,,43.0
2017-08-07,25.553499221801758,,103.5,289.5799865722656,,106.44000244140625,253.04400634765625,,,,344.8399963378906,47.099998474121094,40.5629997253418,27.81999969482422,,,737.60302734375,19.239999771118164,,45.34400177001953,,260.54998779296875,,43.486000061035156
2017-08-08,25.587499618530273,,102.91200256347656,285.6600036621094,,106.55000305175781,249.75900268554688,,,,343.04998779296875,46.61000061035156,39.61600112915039,27.280000686645508,,,737.60302734375,19.0,,45.34400177001953,,257.20098876953125,,42.90399932861328
2017-08-09,25.771499633789062,,102.0770034790039,281.7099914550781,,105.7300033569336,248.13699340820312,,,,344.6499938964844,46.900001525878906,39.14699935913086,27.170000076293945,,,737.60302734375,18.760000228881836,,45.34400177001953,,256.0,,42.83300018310547
2017-08-10,25.963499069213867,,100.67500305175781,273.05999755859375,,103.83000183105469,246.16000366210938,,,,330.260009765625,46.25,38.435001373291016,26.43000030517578,,,737.60302734375,18.459999084472656,,44.48699951171875,,256.0,,41.104000091552734
2017-08-11,26.2189998626709,,99.77799987792969,272.5799865722656,,102.08999633789062,242.9550018310547,,,,331.8999938964844,45.79999923706055,36.709999084472656,26.31999969482422,,,737.60302734375,18.299999237060547,,44.48699951171875,,250.10000610351562,,40.15700149536133
2017-08-14,26.033000946044922,,100.93499755859375,278.2900085449219,,104.37000274658203,245.0489959716797,,,,334.0,45.81999969482422,36.742000579833984,26.670000076293945,,,737.60302734375,18.56999969482422,,44.097999572753906,,252.0,,41.150001525878906
2017-08-16,25.7814998626709,,102.08399963378906,280.9800109863281,,104.5199966430664,247.88499450683594,,,,336.5,46.36000061035156,37.45000076293945,26.719999313354492,,,737.60302734375,18.700000762939453,,44.097999572753906,,257.5,,40.928001403808594
2017-08-17,26.145000457763672,,102.16000366210938,280.6600036621094,,105.56999969482422,246.75100708007812,,,,337.79998779296875,46.20000076293945,37.270999908447266,27.190000534057617,,,737.60302734375,18.700000762939453,,44.49100112915039,,254.60000610351562,,40.03300094604492
2017-08-18,26.23200035095215,,101.60800170898438,280.0299987792969,,103.91000366210938,245.11000061035156,,,,338.75,46.70000076293945,36.96799850463867,27.170000076293945,,,737.60302734375,18.489999771118164,,44.49100112915039,,260.0,,40.34299850463867
2017-08-21,26.012500762939453,,100.59700012207031,276.6099853515625,,102.8499984741211,243.6219940185547,,,,334.05999755859375,46.560001373291016,36.459999084472656,26.579999923706055,,,737.60302734375,18.549999237060547,,44.49100112915039,,268.489990234375,,40.00699996948242
2017-08-22,25.96500015258789,,100.7490005493164,275.0400085449219,,103.66999816894531,244.12600708007812,,,,332.9800109863281,,35.900001525878906,26.690000534057617,,,737.60302734375,18.43000030517578,,44.49100112915039,,268.489990234375,,39.66299819946289
2017-08-23,25.992000579833984,,101.53099822998047,278.17999267578125,,103.30999755859375,246.91600036621094,,,,334.3399963378906,46.630001068115234,36.97600173950195,26.959999084472656,,,737.5957641601562,18.639999389648438,,44.49100112915039,,268.0,,39.513999938964844
2017-08-24,26.006999969482422,,101.75900268554688,281.5199890136719,,103.5,246.61300659179688,,,,335.95001220703125,,37.05099868774414,27.09000015258789,,,737.60302734375,18.600000381469727,,44.2239990234375,,268.0,,38.625
2017-08-28,26.292499542236328,,102.27799987792969,282.8299865722656,,104.5999984741211,247.78500366210938,,,,340.6300048828125,46.58000183105469,37.150001525878906,27.420000076293945,,,737.5957641601562,18.559999465942383,,44.150001525878906,,264.0,,37.334999084472656
2017-08-29,26.827499389648438,,101.06900024414062,280.1099853515625,,104.37999725341797,245.1269989013672,,,,336.0400085449219,46.22999954223633,36.6609992980957,27.049999237060547,,,737.5957641601562,18.549999237060547,,44.150001525878906,,257.0,,37.499000549316406
2017-08-30,26.625,,101.8740005493164,284.5899963378906,,104.66999816894531,246.93099975585938,,,,338.9800109863281,46.939998626708984,36.73099899291992,27.56999969482422,,,737.60302734375,18.700000762939453,,44.150001525878906,,259.29998779296875,,37.749000549316406
2017-08-31,26.525999069213867,,102.15299987792969,285.05999755859375,,104.6500015258789,246.85499572753906,,,,338.760009765625,46.79999923706055,36.512001037597656,27.440000534057617,,,739.9517822265625,18.75,,44.150001525878906,,259.70001220703125,,38.13199996948242
2017-09-01,26.818500518798828,,102.85600280761719,287.7799987792969,,106.20999908447266,247.77200317382812,,,,339.55999755859375,47.150001525878906,36.70100021362305,27.65999984741211,,,739.9443969726562,19.020000457763672,,44.518001556396484,,275.0,,38.395999908447266
2017-09-04,27.128000259399414,,102.06800079345703,286.9800109863281,,105.0999984741211,246.24099731445312,,,,336.7200012207031,47.20000076293945,36.659000396728516,27.469999313354492,,,739.9517822265625,18.969999313354492,,44.270999908447266,,259.39898681640625,,38.242000579833984
2017-09-05,27.047500610351562,,102.45899963378906,288.3500061035156,,105.91000366210938,247.26499938964844,,,,334.1199951171875,47.029998779296875,36.599998474121094,27.75,,,739.9443969726562,18.979999542236328,,44.270999908447266,,260.0,,38.13199996948242
2017-09-06,27.2814998626709,,102.13300323486328,288.739990234375,,105.08000183105469,246.33399963378906,,,,334.4700012207031,47.09000015258789,36.393001556396484,27.84000015258789,,,739.9517822265625,19.030000686645508,,44.15700149536133,,262.0,,37.854000091552734
2017-09-07,27.16950035095215,,102.35199737548828,290.17999267578125,,105.18000030517578,246.50799560546875,,,,332.6099853515625,46.88999938964844,36.38600158691406,27.81999969482422,,,739.9517822265625,19.0,,44.15700149536133,,254.0,,38.05500030517578
2017-09-08,27.31599998474121,,102.27999877929688,288.2799987792969,,105.19999694824219,247.20700073242188,,,,335.9200134277344,47.0,36.03200149536133,27.690000534057617,,,739.9517822265625,19.190000534057617,,44.15700149536133,,250.5,,37.81399917602539
2017-09-11,27.08650016784668,,103.052001953125,291.5799865722656,,106.87999725341797,250.35299682617188,,,,343.4599914550781,47.0099983215332,36.02299880981445,28.09000015258789,,,739.9517822265625,19.170000076293945,,44.15700149536133,,247.78399658203125,,37.94900131225586
2017-09-12,26.947500228881836,,103.75599670410156,293.4100036621094,,106.9000015258789,251.23800659179688,,,,345.3599853515625,47.5,36.44200134277344,28.31999969482422,,,739.9443969726562,19.56999969482422,,44.15700149536133,,262.25,,37.75299835205078
2017-09-13,27.070499420166016,,103.5989990234375,291.7900085449219,,107.29000091552734,251.77999877929688,,,,346.0299987792969,47.849998474121094,36.65800094604492,27.989999771118164,,,739.9517822265625,19.25,,44.54600143432617,,260.95001220703125,,37.88600158691406
2017-09-14,26.90049934387207,,103.76399993896484,292.6199951171875,,106.95999908447266,252.8070068359375,,,,344.44000244140625,47.25,36.8489990234375,28.049999237060547,,,739.9517822265625,19.530000686645508,,44.54600143432617,,262.3909912109375,,37.87900161743164
2017-09-15,26.98349952697754,,103.75700378417969,292.9100036621094,,107.56999969482422,252.13499450683594,,,,344.9700012207031,47.20000076293945,36.685001373291016,28.149999618530273,,,739.9517822265625,19.520000457763672,,44.54600143432617,,259.6000061035156,,37.99100112915039
2017-09-18,26.759000778198242,,104.51300048828125,293.3599853515625,,108.30999755859375,253.98500061035156,,,,349.0400085449219,47.72999954223633,36.41999816894531,28.25,,,739.9443969726562,19.600000381469727,,45.22700119018555,,261.5,,37.91299819946289
2017-09-19,26.736000061035156,,104.47200012207031,295.04998779296875,,107.44000244140625,253.78500366210938,,,,345.57000732421875,,36.38999938964844,28.399999618530273,,,739.9517822265625,19.690000534057617,,45.22700119018555,,262.0,,37.70000076293945
2017-09-20,26.850000381469727,,104.43800354003906,294.20001220703125,,108.16999816894531,253.63299560546875,,,,350.0,47.59000015258789,36.45600128173828,28.34000015258789,,,739.9443969726562,19.600000381469727,,45.125999450683594,,265.0,,37.915000915527344
2017-09-21,26.704999923706055,,104.00900268554688,291.20001220703125,,107.5,251.51199340820312,,,,347.6000061035156,47.540000915527344,36.0620002746582,28.059999465942383,,,739.9517822265625,19.5,,45.125999450683594,,265.0,,37.915000915527344
2017-09-22,26.721500396728516,,102.5530014038086,285.1400146484375,,105.95999908447266,247.83799743652344,,,,337.0299987792969,47.25,35.30699920654297,27.6200008392334,,,739.9517822265625,19.200000762939453,,43.82699966430664,,269.89898681640625,,37.61199951171875
2017-09-25,26.75950050354004,,101.69499969482422,280.760009765625,,104.83999633789062,245.71499633789062,,,,332.8800048828125,46.400001525878906,35.00299835205078,27.610000610351562,,,739.9517822265625,19.1299991607666,,43.82699966430664,,260.5,,37.0
2017-09-26,27.058000564575195,,101.39299774169922,281.55999755859375,,104.55000305175781,246.1540069580078,,,,332.8699951171875,46.25,34.797000885009766,27.93000030517578,,,739.9517822265625,19.239999771118164,,43.82699966430664,,260.5,,37.20000076293945
2017-09-27,26.868999481201172,,100.62200164794922,276.20001220703125,,104.05000305175781,242.79400634765625,,,,325.4599914550781,45.779998779296875,33.68600082397461,27.56999969482422,,,739.9517822265625,19.020000457763672,,43.82699966430664,,263.5050048828125,,37.224998474121094
2017-09-28,26.719499588012695,,101.00499725341797,276.44000244140625,,104.05000305175781,242.95399475097656,,,,326.0299987792969,,34.005001068115234,27.81999969482422,,,739.9443969726562,18.950000762939453,,43.82699966430664,,270.0,,37.499000549316406
2017-09-29,26.662500381469727,,100.99800109863281,279.1300048828125,,103.6500015258789,244.85899353027344,,,,331.8999938964844,,33.94499969482422,28.15999984741211,,,742.14892578125,18.959999084472656,,43.82699966430664,,269.7900085449219,,37.61800003051758
2017-10-03,26.583499908447266,,101.50299835205078,283.82000732421875,,104.25,244.71499633789062,,,,331.9599914550781,46.04999923706055,33.926998138427734,28.3700008392334,,,742.14892578125,19.100000381469727,,43.82699966430664,,265.0,,38.13199996948242
2017-10-04,26.531999588012695,,102.06900024414062,283.8299865722656,,104.25,245.1750030517578,,,,333.0299987792969,45.959999084472656,33.95000076293945,28.489999771118164,,,742.14892578125,19.200000762939453,,43.82699966430664,,285.2770080566406,,37.766998291015625
2017-10-05,26.476999282836914,,101.86499786376953,284.05999755859375,,105.0,244.75399780273438,,,,328.75,46.20000076293945,33.779998779296875,28.389999389648438,,,742.14892578125,19.170000076293945,,43.82699966430664,,280.0,,37.7760009765625
2017-10-06,26.409000396728516,,103.0780029296875,286.7099914550781,,105.9800033569336,246.2169952392578,,,,331.1400146484375,46.349998474121094,34.308998107910156,28.899999618530273,,,742.1419067382812,19.170000076293945,,43.82699966430664,,280.1000061035156,,38.06999969482422
2017-10-09,26.69300079345703,,103.08399963378906,285.989990234375,,106.3499984741211,246.11000061035156,,,,332.0,46.20000076293945,34.30400085449219,28.709999084472656,,,742.14892578125,19.100000381469727,,44.077999114990234,,280.45001220703125,,38.566001892089844
2017-10-10,26.76300048828125,,103.2040023803711,287.489990234375,,105.83999633789062,246.70199584960938,,,,332.2099914550781,46.79999923706055,34.5,28.770000457763672,,,742.14892578125,19.139999389648438,,44.077999114990234,,270.4159851074219,,38.209999084472656
2017-10-11,26.84149932861328,,102.77100372314453,285.9700012207031,,106.30999755859375,244.1269989013672,,,,335.05999755859375,46.79999923706055,33.88600158691406,28.690000534057617,,,742.14892578125,19.389999389648438,,44.077999114990234,,279.9989929199219,,38.14699935913086
2017-10-12,26.95050048828125,,103.86799621582031,289.2699890136719,,106.30999755859375,246.73399353027344,,,,334.5,46.939998626708984,33.65999984741211,28.799999237060547,,,742.1419067382812,19.260000228881836,,44.077999114990234,,279.8999938964844,,38.04999923706055
2017-10-13,26.965499877929688,,104.9729995727539,290.3500061035156,,108.11000061035156,250.4080047607422,,,,340.07000732421875,47.150001525878906,34.0,28.899999618530273,,,742.1419067382812,19.31999969482422,,44.077999114990234,,279.79998779296875,,38.244998931884766
2017-10-16,26.89349937438965,,105.59600067138672,291.42999267578125,,108.4800033569336,250.28399658203125,,,,343.54998779296875,48.150001525878906,33.654998779296875,28.979999542236328,,,742.14892578125,19.40999984741211,,45.650001525878906,,280.0,,38.595001220703125
2017-10-17,26.79050064086914,,105.53700256347656,291.8399963378906,,108.9000015258789,249.72799682617188,,,,348.70001220703125,47.939998626708984,34.25,28.989999771118164,,,742.14892578125,19.440000534057617,,45.39699935913086,,271.5090026855469,,38.064998626708984
2017-10-18,26.603500366210938,,105.3949966430664,291.42999267578125,,108.9000015258789,246.78700256347656,,,,348.4800109863281,48.15999984741211,33.17399978637695,29.149999618530273,,,742.14892578125,19.459999084472656,,45.39699935913086,,271.5090026855469,,38.01300048828125
2017-10-19,26.87350082397461,,104.697998046875,291.94000244140625,,108.9000015258789,244.1269989013672,,,,346.4200134277344,48.20000076293945,33.111000061035156,28.75,,,742.802001953125,19.530000686645508,,49.999000549316406,,275.5,,38.305999755859375
2017-10-23,26.554500579833984,,105.16400146484375,291.1199951171875,,106.91999816894531,244.2519989013672,,,,350.6499938964844,47.91999816894531,33.104000091552734,28.90999984741211,,,742.14892578125,19.59000015258789,,45.6870002746582,,277.79998779296875,,38.20399856567383
2017-10-24,26.51650047302246,,104.927001953125,291.7099914550781,,108.55999755859375,245.3280029296875,,,,352.9100036621094,48.22999954223633,34.308998107910156,29.239999771118164,,,742.1419067382812,19.450000762939453,,45.6870002746582,,275.0,,38.1619987487793
2017-10-25,26.467500686645508,,105.947998046875,294.3800048828125,,109.52999877929688,253.88499450683594,,,,361.2300109863281,48.68000030517578,39.82400131225586,29.719999313354492,,,742.14892578125,19.770000457763672,,46.39799880981445,,271.0,,38.5099983215332
2017-10-26,26.431499481201172,,106.38099670410156,296.80999755859375,,108.97000122070312,253.74000549316406,,,,367.20001220703125,48.439998626708984,41.332000732421875,30.239999771118164,,,742.1419067382812,19.790000915527344,,46.39799880981445,,272.0,,38.37799835205078
2017-10-27,26.276500701904297,,106.2020034790039,298.54998779296875,,110.0,252.125,,,,362.9200134277344,48.45000076293945,42.5880012512207,30.350000381469727,,,742.1419067382812,19.889999389648438,,46.39799880981445,,275.0,,38.016998291015625
2017-10-30,26.27899932861328,,106.9489974975586,301.45001220703125,,109.7300033569336,254.28700256347656,,,,362.5400085449219,48.869998931884766,43.29199981689453,30.56999969482422,,,742.14892578125,20.1299991607666,,46.39799880981445,,271.29998779296875,,38.58599853515625
2017-10-31,26.37150001525879,,106.51699829101562,300.70001220703125,,109.55999755859375,254.53900146484375,,,,363.0,48.65999984741211,42.00199890136719,30.670000076293945,,,744.5537109375,20.030000686645508,,47.48899841308594,,271.29998779296875,,38.46200180053711
2017-11-01,26.335500717163086,,107.46099853515625,304.8999938964844,,111.4000015258789,258.15301513671875,,,,369.0,49.70000076293945,43.52299880981445,30.719999313354492,,,744.5537109375,20.360000610351562,,47.81100082397461,,279.29998779296875,,37.659000396728516
2017-11-02,26.279499053955078,,107.43299865722656,305.9100036621094,,110.5,257.906005859375,,,,365.92999267578125,49.310001373291016,43.0,30.799999237060547,,,744.5537109375,20.469999313354492,,48.209999084472656,,278.9949951171875,,37.29999923706055
2017-11-03,26.270999908447266,,107.66600036621094,306.1199951171875,,110.80000305175781,259.9679870605469,,,,370.0,49.2599983215332,44.34700012207031,30.84000015258789,,,744.5537109375,20.450000762939453,,48.209999084472656,,278.9949951171875,,37.90599822998047
2017-11-06,26.15049934387207,,107.66899871826172,307.9800109863281,,110.80000305175781,259.53399658203125,,,,370.95001220703125,50.119998931884766,44.58599853515625,30.979999542236328,,,744.5537109375,20.690000534057617,,48.270999908447266,,279.8999938964844,,38.46799850463867
2017-11-07,26.390499114990234,,106.86199951171875,302.92999267578125,,110.62000274658203,256.4360046386719,,,,362.9800109863281,49.86000061035156,43.112998962402344,30.450000762939453,,,744.5537109375,20.34000015258789,,47.98899841308594,,277.5,,38.715999603271484
2017-11-08,26.416500091552734,,106.30899810791016,299.5899963378906,,110.41000366210938,255.39999389648438,,,,359.04998779296875,49.54999923706055,41.92399978637695,30.299999237060547,,,744.5465087890625,20.25,,47.98899841308594,,279.5,,38.88100051879883
2017-11-09,26.437000274658203,,106.15599822998047,301.9800109863281,,109.93000030517578,256.44000244140625,,,,361.3500061035156,50.0,42.60599899291992,30.100000381469727,,,744.5537109375,20.0,,47.98899841308594,,274.5,,38.79999923706055
2017-11-10,26.529499053955078,,106.26100158691406,302.6700134277344,,109.02999877929688,257.85400390625,,,,363.5899963378906,49.81999969482422,44.4630012512207,30.06999969482422,,,744.5537109375,20.09000015258789,,47.98899841308594,,274.5,,38.36600112915039
2017-11-13,26.50749969482422,,105.60800170898438,300.8999938964844,,108.77999877929688,257.7959899902344,,,,360.0,49.810001373291016,44.24300003051758,29.610000610351562,,,744.5537109375,20.239999771118164,,47.70000076293945,,272.0010070800781,,38.7239990234375
2017-11-14,26.431499481201172,,105.2040023803711,299.9800109863281,,108.04000091552734,256.7539978027344,,,,356.6000061035156,49.720001220703125,44.12200164794922,29.299999237060547,,,744.5537109375,20.059999465942383,,47.70000076293945,,280.1499938964844,,39.13999938964844
2017-11-15,26.576000213623047,,104.46600341796875,296.0199890136719,,107.25,256.45098876953125,,,,352.6600036621094,49.529998779296875,43.6150016784668,29.0,,,744.5537109375,19.950000762939453,,47.70000076293945,,284.8999938964844,,39.643001556396484
2017-11-16,26.412500381469727,,105.22899627685547,299.1400146484375,,108.05999755859375,257.80499267578125,,,,356.2900085449219,49.599998474121094,44.68199920654297,29.1200008392334,,,744.5537109375,20.040000915527344,,47.70000076293945,,275.0010070800781,,40.92900085449219
2017-11-17,26.464500427246094,,105.89199829101562,303.3500061035156,,110.12999725341797,261.6830139160156,,,,353.5400085449219,50.599998474121094,45.46799850463867,29.200000762939453,,,744.5537109375,20.510000228881836,,47.70000076293945,,287.0,,42.141998291015625
2017-11-20,26.676000595092773,,106.18299865722656,303.8399963378906,,109.86000061035156,261.6969909667969,,,,359.8500061035156,50.0,44.82500076293945,29.520000457763672,,,744.5537109375,20.440000534057617,,47.70000076293945,,287.5,,42.46699905395508
2017-11-21,26.44499969482422,,106.38300323486328,303.7699890136719,,109.66999816894531,261.5150146484375,,,,358.8399963378906,50.400001525878906,44.51499938964844,29.530000686645508,,,744.5537109375,20.40999984741211,,47.930999755859375,,280.9179992675781,,43.63100051879883
2017-11-22,26.45949935913086,,106.46199798583984,303.0199890136719,,109.66999816894531,261.1029968261719,,,,360.29998779296875,50.84000015258789,45.01900100708008,29.610000610351562,,,744.5537109375,20.489999771118164,,47.930999755859375,,283.1000061035156,,43.54800033569336
2017-11-23,26.499000549316406,,106.58100128173828,304.05999755859375,,109.56999969482422,260.9429931640625,,,,355.760009765625,50.16999816894531,44.869998931884766,29.600000381469727,,,744.5537109375,20.5,,47.9640007019043,,289.8970031738281,,44.65399932861328
2017-11-24,26.534000396728516,,106.94599914550781,304.6099853515625,,110.05999755859375,261.9700012207031,,,,360.67999267578125,50.70000076293945,45.0,29.65999984741211,,,744.5537109375,20.59000015258789,,48.67399978637695,,289.8970031738281,,43.917999267578125
2017-11-27,26.493499755859375,,106.98500061035156,305.32000732421875,,109.75,262.76300048828125,,,,360.8299865722656,50.0,44.85100173950195,29.65999984741211,,,744.5537109375,20.790000915527344,,48.67399978637695,,295.0,,44.00600051879883
2017-11-28,26.482500076293945,,106.84100341796875,305.5,,109.91000366210938,262.2869873046875,,,,356.8800048828125,50.560001373291016,44.43199920654297,29.489999771118164,,,744.5465087890625,20.639999389648438,,48.67399978637695,,295.0,,44.06999969482422
2017-11-29,26.5,,106.78199768066406,304.9800109863281,,110.04000091552734,261.6109924316406,,,,358.0,50.70000076293945,43.900001525878906,29.610000610351562,,,744.5537109375,20.690000534057617,,48.44499969482422,,292.5,,43.650001525878906
2017-11-30,26.300500869750977,,105.74600219726562,303.6300048828125,,109.94999694824219,257.3330078125,,,,359.8500061035156,50.43000030517578,43.2239990234375,29.479999542236328,,,746.8935546875,20.639999389648438,,48.44499969482422,,285.0,,43.10200119018555
2017-12-01,26.24650001525879,,104.61499786376953,300.8800048828125,,109.33999633789062,255.66099548339844,,,,360.1199951171875,49.869998931884766,42.099998474121094,29.059999465942383,,,746.8935546875,20.450000762939453,,48.44499969482422,,288.5,,43.50400161743164
2017-12-04,26.118499755859375,,104.69499969482422,300.1400146484375,,107.62999725341797,255.46400451660156,,,,351.7900085449219,49.650001525878906,41.95000076293945,29.110000610351562,,,746.8862915039062,20.5,,47.38199996948242,,287.5,,44.20000076293945
2017-12-05,26.173999786376953,,104.5999984741211,300.3399963378906,,107.33999633789062,255.58799743652344,,,,353.3900146484375,49.72999954223633,42.61199951171875,28.940000534057617,,,746.8935546875,20.450000762939453,,47.38199996948242,,290.0,,44.0
2017-12-06,26.056499481201172,,103.77200317382812,298.239990234375,,107.3499984741211,252.8820037841797,,,,350.0,49.459999084472656,41.625,28.889999389648438,,,746.8935546875,19.93000030517578,,47.38199996948242,,289.5,,42.099998474121094
2017-12-07,25.88949966430664,,105.10600280761719,303.04998779296875,,107.3499984741211,254.76400756835938,,,,357.989990234375,50.119998931884766,42.29899978637695,29.1200008392334,,,746.8935546875,20.239999771118164,,47.474998474121094,,296.8999938964844,,42.220001220703125
2017-12-08,25.631999969482422,,106.0459976196289,304.7699890136719,,109.81999969482422,256.4939880371094,,,,358.54998779296875,51.04999923706055,42.55400085449219,29.489999771118164,,,746.8935546875,20.690000534057617,,47.474998474121094,,287.5,,42.50600051879883
2017-12-11,25.64550018310547,,106.29299926757812,306.1300048828125,,110.33999633789062,257.385986328125,,,,359.0,51.369998931884766,42.5,29.459999084472656,,,746.8935546875,20.420000076293945,,47.474998474121094,,287.5,,43.04899978637695
2017-12-12,25.63800048828125,,105.5979995727539,303.7200012207031,,109.48999786376953,255.06500244140625,,,,357.4100036621094,51.0,42.0,29.31999969482422,,,746.8935546875,20.68000030517578,,47.474998474121094,,290.0,,43.39699935913086
2017-12-13,25.53499984741211,,105.20700073242188,299.6199951171875,,109.37999725341797,253.5500030517578,,,,350.3599853515625,51.029998779296875,41.60599899291992,29.40999984741211,,,746.8935546875,20.479999542236328,,47.474998474121094,,285.0,,42.599998474121094
2017-12-14,25.745500564575195,,105.4020004272461,300.2200012207031,,108.5,255.11399841308594,,,,351.7300109863281,51.29999923706055,41.638999938964844,29.489999771118164,,,746.8935546875,20.81999969482422,,47.474998474121094,,285.0,,43.0
2017-12-15,25.643999099731445,,106.37100219726562,302.30999755859375,,109.47000122070312,259.1499938964844,,,,354.0,52.25,41.73500061035156,29.690000534057617,,,746.8935546875,21.110000610351562,,47.474998474121094,,285.5,,43.79999923706055
2017-12-18,25.63249969482422,,106.9260025024414,304.94000244140625,,111.44999694824219,259.3590087890625,,,,355.510009765625,51.84000015258789,42.60499954223633,29.739999771118164,,,746.8935546875,22.110000610351562,,47.474998474121094,,284.25,,44.63199996948242
2017-12-19,25.721500396728516,,107.78199768066406,309.0899963378906,,110.41999816894531,260.5979919433594,,,,359.4800109863281,53.529998779296875,42.82600021362305,30.010000228881836,,,746.8935546875,21.700000762939453,,47.474998474121094,,283.8070068359375,,44.680999755859375
2017-12-20,25.739999771118164,,107.51300048828125,309.8800048828125,,111.12000274658203,260.0190124511719,,,,363.5400085449219,53.560001373291016,42.45600128173828,30.190000534057617,,,746.8935546875,21.940000534057617,,47.474998474121094,,290.0,,44.22600173950195
2017-12-21,25.754499435424805,,107.4489974975586,311.6000061035156,,111.0,259.6340026855469,,,,367.239990234375,57.599998474121094,42.14500045776367,30.239999771118164,,,746.8935546875,22.0,,48.25899887084961,,290.5,,44.65299987792969
2017-12-22,25.79450035095215,,107.93599700927734,313.1600036621094,,111.31999969482422,260.14599609375,,,,369.20001220703125,52.97999954223633,42.46099853515625,30.469999313354492,,,746.8935546875,21.899999618530273,,48.95899963378906,,280.29998779296875,,44.900001525878906
2017-12-26,26.003000259399414,,108.28099822998047,314.6400146484375,,111.9000015258789,260.2449951171875,,,,371.260009765625,53.529998779296875,42.172000885009766,30.59000015258789,,,746.8862915039062,22.059999465942383,,48.599998474121094,,281.2539978027344,,45.60300064086914
2017-12-27,26.16550064086914,,108.23699951171875,313.20001220703125,,112.63999938964844,259.0710144042969,,,,366.5,54.52000045776367,41.99800109863281,30.280000686645508,,,746.8935546875,21.760000228881836,,48.599998474121094,,281.2539978027344,,47.16699981689453
2017-12-28,26.372499465942383,,107.98799896240234,312.45001220703125,,112.27999877929688,258.47198486328125,,,,364.7200012207031,52.439998626708984,41.30699920654297,30.25,,,746.8935546875,21.700000762939453,,48.599998474121094,,285.47100830078125,,47.5099983215332
2017-12-29,26.26799964904785,,108.447998046875,314.30999755859375,,112.66000366210938,259.6520080566406,,,,370.7200012207031,53.439998626708984,41.25699996948242,30.18000030517578,,,749.3488159179688,21.75,,48.599998474121094,,293.22100830078125,,48.5880012512207
2018-01-01,26.43600082397461,,107.81400299072266,315.5,,110.94000244140625,257.7820129394531,,,,371.70001220703125,52.97999954223633,41.08700180053711,30.149999618530273,,,749.3488159179688,21.799999237060547,,48.599998474121094,,285.0010070800781,,48.400001525878906
2018-01-02,26.46150016784668,,107.46099853515625,313.1600036621094,,111.69999694824219,257.17401123046875,,,,368.8500061035156,52.72999954223633,40.487998962402344,30.219999313354492,,,749.3488159179688,21.950000762939453,,48.599998474121094,,289.5,,48.005001068115234
2018-01-03,26.46299934387207,,107.62899780273438,314.54998779296875,,111.44000244140625,257.6419982910156,,,,373.67999267578125,52.75,40.459999084472656,30.15999984741211,,,749.3488159179688,21.969999313354492,,48.32500076293945,,295.94000244140625,,47.52799987792969
2018-01-04,26.39699935913086,,108.1760025024414,318.8399963378906,,111.9800033569336,259.10699462890625,,,,376.5400085449219,52.81999969482422,41.3650016784668,30.639999389648438,,,749.3488159179688,22.860000610351562,,48.362998962402344,,299.0,,47.5099983215332
2018-01-05,26.43950080871582,,108.72000122070312,322.25,,113.38999938964844,260.7279968261719,,,,378.67999267578125,53.7599983215332,41.21699905395508,30.549999237060547,,,749.3488159179688,22.559999465942383,,48.362998962402344,,299.0,,47.722999572753906
2018-01-08,26.470500946044922,,109.24600219726562,324.5899963378906,,113.9000015258789,261.114990234375,,,,379.0,53.5,41.0,30.790000915527344,,,749.3416137695312,22.770000457763672,,48.362998962402344,,299.96600341796875,,48.0
2018-01-09,26.538999557495117,,109.49099731445312,324.0400085449219,,113.7699966430664,260.9649963378906,,,,379.260009765625,53.70000076293945,40.922000885009766,31.1200008392334,,,749.3488159179688,23.190000534057617,,48.362998962402344,,299.96600341796875,,47.98500061035156
2018-01-10,26.519500732421875,,109.90699768066406,322.6300048828125,,113.95999908447266,260.1029968261719,,,,378.3299865722656,53.439998626708984,40.500999450683594,31.239999771118164,,,749.3488159179688,23.100000381469727,,49.66999816894531,,299.7489929199219,,47.82099914550781
2018-01-11,26.618000030517578,,110.02899932861328,321.3599853515625,,113.94999694824219,260.5270080566406,,,,377.8999938964844,53.04999923706055,40.52000045776367,31.149999618530273,,,749.3488159179688,22.8799991607666,,49.66999816894531,,295.65899658203125,,46.55799865722656
2018-01-12,26.782499313354492,,110.26899719238281,321.8299865722656,,114.36000061035156,261.1109924316406,,,,377.010009765625,52.93000030517578,40.61000061035156,31.299999237060547,,,749.3488159179688,22.700000762939453,,49.66999816894531,,302.489990234375,,47.689998626708984
2018-01-15,26.948999404907227,,110.9020004272461,322.7699890136719,,115.0199966430664,264.47198486328125,,,,372.4200134277344,53.400001525878906,40.709999084472656,31.0,,,749.3488159179688,22.81999969482422,,50.31999969482422,,301.5,,48.09400177001953
2018-01-16,27.05150032043457,,110.37899780273438,317.489990234375,,114.7300033569336,264.2409973144531,,,,370.3500061035156,52.290000915527344,39.305999755859375,30.270000457763672,,,749.3488159179688,22.479999542236328,,50.31999969482422,,302.5,,47.862998962402344
2018-01-17,27.01449966430664,,111.04900360107422,319.239990234375,,114.54000091552734,267.0069885253906,,,,375.6000061035156,52.650001525878906,40.999000549316406,30.389999389648438,,,749.3416137695312,22.1299991607666,,50.31999969482422,,302.5,,48.28900146484375
2018-01-18,26.82900047302246,,111.53800201416016,314.0299987792969,,114.5,268.73699951171875,,,,370.0,53.06999969482422,40.29999923706055,29.920000076293945,,,749.3488159179688,22.139999389648438,,50.31999969482422,,300.0989990234375,,48.202999114990234
2018-01-19,26.94700050354004,,112.18399810791016,315.95001220703125,,115.0,273.4599914550781,,,,374.80999755859375,52.81999969482422,41.185001373291016,30.15999984741211,,,749.3488159179688,22.850000381469727,,50.4370002746582,,299.17498779296875,,49.132999420166016
2018-01-22,26.900999069213867,,112.87899780273438,320.1099853515625,,116.5,274.1579895019531,,,,373.7300109863281,52.95000076293945,40.97700119018555,30.309999465942383,,,749.3488159179688,23.09000015258789,,50.4370002746582,,304.0,,49.59400177001953
2018-01-23,26.995500564575195,,114.18900299072266,321.5400085449219,,118.01000213623047,277.7149963378906,,,,374.6199951171875,52.83000183105469,42.49300003051758,30.959999084472656,,,749.3488159179688,23.979999542236328,,50.4370002746582,,319.0299987792969,,49.35900115966797
2018-01-24,27.134000778198242,,114.19499969482422,320.0,,117.88999938964844,277.614990234375,,,,369.7699890136719,52.47999954223633,44.025001525878906,31.239999771118164,,,749.3416137695312,23.510000228881836,,52.8650016784668,,310.0,,49.45100021362305
2018-01-25,27.33300018310547,,113.93099975585938,316.3500061035156,,117.62000274658203,277.9289855957031,,,,370.0,52.459999084472656,41.89400100708008,31.299999237060547,,,749.3488159179688,23.479999542236328,,52.59299850463867,,320.0,,49.904998779296875
2018-01-29,27.14550018310547,,114.62699890136719,314.2099914550781,,116.9800033569336,278.6889953613281,,,,370.1600036621094,52.650001525878906,41.28900146484375,31.010000228881836,,,749.3416137695312,23.65999984741211,,52.59299850463867,,326.82000732421875,,52.0989990234375
2018-01-30,27.147499084472656,,113.71399688720703,312.010009765625,,116.33999633789062,276.52301025390625,,,,371.4100036621094,52.459999084472656,41.22999954223633,31.239999771118164,,,749.3488159179688,23.309999465942383,,52.470001220703125,,329.0199890136719,,50.66299819946289
2018-01-31,27.089000701904297,,113.54399871826172,309.5899963378906,,116.37000274658203,277.15301513671875,,,,369.9599914550781,52.25,41.09000015258789,31.040000915527344,,,751.7695922851562,23.18000030517578,,52.470001220703125,,332.5,,50.2599983215332
2018-02-01,27.142499923706055,,113.50299835205078,309.9700012207031,,116.8499984741211,275.9989929199219,,,,372.739990234375,52.20000076293945,40.16899871826172,30.600000381469727,,,751.7695922851562,22.8700008392334,,52.470001220703125,,326.0010070800781,,50.56800079345703
2018-02-02,27.354999542236328,,111.2490005493164,302.80999755859375,,112.86000061035156,268.2380065917969,,,,356.489990234375,50.93000030517578,38.9379997253418,29.770000457763672,,,751.7695922851562,22.25,,50.58599853515625,,334.89599609375,,51.28099822998047
2018-02-05,27.184499740600586,,110.29399871826172,300.7799987792969,,112.16000366210938,265.3370056152344,,,,356.1199951171875,50.95000076293945,39.189998626708984,29.68000030517578,,,751.7695922851562,22.110000610351562,,50.58599853515625,,332.4949951171875,,49.17900085449219
2018-02-06,27.36549949645996,,108.73500061035156,297.07000732421875,,110.12000274658203,262.8059997558594,,,,354.4800109863281,50.45000076293945,38.137001037597656,29.290000915527344,,,751.7695922851562,21.770000457763672,,50.58599853515625,,320.0,,47.402000427246094
2018-02-07,27.100500106811523,,108.38500213623047,299.75,,111.3499984741211,260.6919860839844,,,,352.1300048828125,50.43000030517578,38.380001068115234,29.809999465942383,,,751.7695922851562,21.940000534057617,,49.56100082397461,,320.0,,49.150001525878906
2018-02-08,26.78350067138672,,109.49400329589844,304.25,,112.86000061035156,263.6940002441406,,,,352.95001220703125,51.029998779296875,39.20000076293945,29.860000610351562,,,751.7695922851562,21.920000076293945,,50.191001892089844,,320.20098876953125,,49.0
2018-02-09,26.941499710083008,,108.23200225830078,302.1499938964844,,111.3499984741211,259.1929931640625,,,,353.239990234375,50.470001220703125,38.79800033569336,29.75,,,751.7695922851562,21.940000534057617,,49.249000549316406,,320.70098876953125,,49.70000076293945
2018-02-12,27.0,,109.13500213623047,307.7099914550781,,111.16999816894531,261.5920104980469,,,,354.54998779296875,50.9900016784668,38.75699996948242,29.969999313354492,,,751.7695922851562,22.09000015258789,,49.72800064086914,,325.0,,49.84000015258789
2018-02-14,27.131000518798828,,108.65299987792969,306.95001220703125,,111.6500015258789,258.1759948730469,,,,357.1199951171875,51.16999816894531,36.86899948120117,29.93000030517578,,,751.7695922851562,21.81999969482422,,49.72800064086914,,322.5,,47.7130012512207
2018-02-15,27.47249984741211,,109.21499633789062,305.0400085449219,,112.30999755859375,258.5539855957031,,,,354.1400146484375,50.599998474121094,36.48400115966797,29.969999313354492,,,751.7695922851562,21.93000030517578,,49.72800064086914,,322.0010070800781,,48.44300079345703
2018-02-16,27.634000778198242,,108.26899719238281,301.3399963378906,,110.2699966430664,256.42401123046875,,,,349.739990234375,50.40999984741211,35.564998626708984,29.899999618530273,,,751.7695922851562,21.8799991607666,,49.72800064086914,,322.0,,48.83000183105469
2018-02-19,27.568500518798828,,107.41000366210938,298.260009765625,,109.55000305175781,254.23500061035156,,,,346.8900146484375,49.90999984741211,34.558998107910156,29.579999923706055,,,751.7695922851562,21.559999465942383,,49.72800064086914,,310.0010070800781,,50.400001525878906
2018-02-20,27.503000259399414,,107.1760025024414,299.3399963378906,,109.55000305175781,253.0489959716797,,,,348.4599914550781,49.75,34.85599899291992,29.639999389648438,,,751.76220703125,21.59000015258789,,49.72800064086914,,315.6000061035156,,49.632999420166016
2018-02-21,27.31450080871582,,107.65599822998047,297.8800048828125,,109.4000015258789,253.12399291992188,,,,347.0,50.13999938964844,35.249000549316406,29.6200008392334,,,751.7695922851562,21.290000915527344,,49.72800064086914,,310.0,,49.979000091552734
2018-02-22,27.292499542236328,,107.46299743652344,295.70001220703125,,110.0999984741211,253.74099731445312,,,,345.04998779296875,49.790000915527344,35.19300079345703,29.5,,,751.7695922851562,21.31999969482422,,49.72800064086914,,312.0,,50.5
2018-02-23,27.315000534057617,,108.46800231933594,300.510009765625,,111.20999908447266,256.7409973144531,,,,349.07000732421875,50.459999084472656,35.57099914550781,29.690000534057617,,,751.76220703125,21.290000915527344,,49.72800064086914,,312.0,,50.599998474121094
2018-02-26,27.46150016784668,,109.35600280761719,301.760009765625,,111.5199966430664,260.9880065917969,,,,352.04998779296875,50.54999923706055,35.06399917602539,30.1299991607666,,,751.76220703125,21.059999465942383,,49.54999923706055,,306.29998779296875,,51.472999572753906
2018-02-27,27.433500289916992,,108.99400329589844,301.5,,111.97000122070312,258.2380065917969,,,,355.8999938964844,50.779998779296875,34.141998291015625,30.0,,,751.7695922851562,20.920000076293945,,49.54999923706055,,322.8999938964844,,51.79499816894531
2018-02-28,27.302499771118164,,108.66999816894531,300.1300048828125,,111.97000122070312,254.60000610351562,,,,350.1000061035156,50.2599983215332,34.20600128173828,29.790000915527344,,,753.9765014648438,20.690000534057617,,49.54999923706055,,323.9989929199219,,51.78900146484375
2018-03-01,27.184999465942383,,108.11900329589844,298.760009765625,,111.23999786376953,252.13499450683594,,,,352.9100036621094,50.439998626708984,33.70199966430664,29.84000015258789,,,753.9765014648438,20.729999542236328,,49.52199935913086,,324.9989929199219,,51.01599884033203
2018-03-05,27.399999618530273,,107.17400360107422,295.760009765625,,109.93000030517578,251.72799682617188,,,,348.4100036621094,50.029998779296875,33.50699996948242,29.489999771118164,,,753.9765014648438,20.739999771118164,,48.91299819946289,,323.9989929199219,,52.49800109863281
2018-03-06,27.298999786376953,,106.09400177001953,292.6700134277344,,109.44999694824219,248.32200622558594,,,,344.0899963378906,49.04999923706055,32.69599914550781,29.3700008392334,,,753.9765014648438,20.59000015258789,,48.91299819946289,,324.89898681640625,,51.93299865722656
2018-03-07,27.440500259399414,,105.06700134277344,289.489990234375,,107.08999633789062,245.27099609375,,,,337.92999267578125,48.900001525878906,31.47599983215332,28.959999084472656,,,753.9689331054688,20.450000762939453,,47.89699935913086,,324.89898681640625,,51.35599899291992
2018-03-08,27.34749984741211,,105.95899963378906,289.04998779296875,,107.80000305175781,247.90699768066406,,,,339.6400146484375,49.38999938964844,32.31800079345703,28.65999984741211,,,753.9988403320312,20.3799991607666,,47.70000076293945,,351.8999938964844,,52.143001556396484
2018-03-09,27.25200080871582,,105.90399932861328,289.260009765625,,108.87000274658203,246.531005859375,,,,340.0,49.5,31.823999404907227,28.719999313354492,,,753.9765014648438,20.420000076293945,,47.70000076293945,,322.5199890136719,,52.8849983215332
2018-03-12,27.202499389648438,,107.98899841308594,291.4100036621094,,109.23999786376953,249.8769989013672,,,,348.5799865722656,50.34000015258789,31.357999801635742,28.979999542236328,,,753.9689331054688,20.489999771118164,,48.52399826049805,,340.0,,52.823001861572266
2018-03-13,27.1560001373291,,107.91500091552734,294.69000244140625,,110.72000122070312,250.83700561523438,,,,349.8500061035156,50.349998474121094,32.25699996948242,29.290000915527344,,,753.9613647460938,20.549999237060547,,49.1150016784668,,344.9849853515625,,53.43000030517578
2018-03-14,27.25950050354004,,107.81900024414062,295.9100036621094,,110.02999877929688,251.47500610351562,,,,346.6400146484375,50.209999084472656,32.875,28.959999084472656,,,753.9689331054688,20.450000762939453,,49.1150016784668,,337.114990234375,,54.27799987792969
2018-03-15,27.203500747680664,,107.25700378417969,296.0400085449219,,110.19000244140625,251.06500244140625,,,,348.3500061035156,49.849998474121094,32.67300033569336,28.790000915527344,,,753.9765014648438,20.399999618530273,,48.43000030517578,,332.5,,52.92100143432617
2018-03-16,27.165000915527344,,105.6780014038086,293.0299987792969,,108.22000122070312,248.9530029296875,,,,339.8800048828125,49.61000061035156,32.40999984741211,28.3799991607666,,,753.9689331054688,20.399999618530273,,48.20500183105469,,342.39898681640625,,53.79899978637695
2018-03-19,27.035499572753906,,104.7699966430664,288.6300048828125,,107.4000015258789,245.99400329589844,,,,336.9800109863281,49.25,31.759000778198242,27.889999389648438,,,753.9765014648438,20.25,,47.12099838256836,,340.0,,53.27399826049805
2018-03-20,27.158000946044922,,104.64700317382812,290.57000732421875,,107.48999786376953,244.822998046875,,,,339.7300109863281,49.29999923706055,31.874000549316406,27.790000915527344,,,753.9765014648438,20.3700008392334,,47.54999923706055,,341.0,,53.652000427246094
2018-03-21,27.173999786376953,,104.90499877929688,290.2699890136719,,107.0999984741211,246.1699981689453,,,,343.7799987792969,49.68000030517578,31.799999237060547,27.65999984741211,,,753.9765014648438,20.280000686645508,,47.834999084472656,,350.0,,53.599998474121094
2018-03-22,27.35099983215332,,104.5790023803711,289.8599853515625,,107.29000091552734,245.04800415039062,,,,341.29998779296875,48.970001220703125,31.13599967956543,27.610000610351562,,,753.9765014648438,20.239999771118164,,47.525001525878906,,342.20001220703125,,52.5
2018-03-23,27.524999618530273,,103.6780014038086,288.1099853515625,,105.5,240.51199340820312,,,,335.0,48.849998474121094,30.23200035095215,27.5,,,753.9765014648438,19.979999542236328,,46.599998474121094,,333.5010070800781,,52.034000396728516
2018-03-26,27.54400062561035,,104.70500183105469,290.7099914550781,,107.0,246.00900268554688,,,,343.1499938964844,49.95000076293945,31.476999282836914,27.5,,,753.9689331054688,20.219999313354492,,46.525001525878906,,333.5,,52.07600021362305
2018-03-27,27.590499877929688,,105.18399810791016,294.1199951171875,,108.0,247.2169952392578,,,,345.0,50.09000015258789,32.49300003051758,27.850000381469727,,,753.9765014648438,20.15999984741211,,47.29499816894531,,344.79998779296875,,51.125999450683594
2018-03-28,27.45800018310547,,104.92500305175781,293.8800048828125,,107.73999786376953,246.56199645996094,,,,338.1400146484375,49.66999816894531,31.98699951171875,28.010000228881836,,,756.4823608398438,20.34000015258789,,46.96500015258789,,340.1659851074219,,49.78499984741211
2018-04-02,27.452499389648438,,105.81199645996094,298.2900085449219,,108.80999755859375,245.9550018310547,,,,342.4200134277344,50.369998931884766,32.8489990234375,27.920000076293945,,,756.4823608398438,20.3799991607666,,46.724998474121094,,350.0,,51.55400085449219
2018-04-03,27.51449966430664,,106.2699966430664,300.69000244140625,,108.48999786376953,248.13900756835938,,,,348.8599853515625,50.290000915527344,32.34199905395508,28.020000457763672,,,756.4747924804688,20.260000228881836,,46.724998474121094,,349.89898681640625,,49.92100143432617
2018-04-04,27.722000122070312,,104.9520034790039,297.67999267578125,,109.55000305175781,244.14500427246094,,,,342.6000061035156,50.45000076293945,31.882999420166016,27.790000915527344,,,756.4823608398438,20.06999969482422,,46.724998474121094,,350.0,,50.49300003051758
2018-04-05,27.331499099731445,,106.9010009765625,302.4800109863281,,109.3499984741211,250.8040008544922,,,,347.4800109863281,50.47999954223633,33.12099838256836,28.010000228881836,,,756.4747924804688,20.190000534057617,,47.380001068115234,,340.2019958496094,,49.034000396728516
2018-04-06,27.23150062561035,,106.86900329589844,305.5899963378906,,109.63999938964844,252.0399932861328,,,,346.3999938964844,50.79999923706055,33.551998138427734,28.110000610351562,,,756.4823608398438,20.3799991607666,,47.53499984741211,,354.010986328125,,49.422000885009766
2018-04-09,27.375499725341797,,107.35800170898438,307.0299987792969,,110.61000061035156,253.68600463867188,,,,345.0,51.459999084472656,33.893001556396484,28.18000030517578,,,756.4823608398438,20.450000762939453,,47.775001525878906,,353.29998779296875,,50.31100082397461
2018-04-10,27.527999877929688,,107.6050033569336,307.0299987792969,,110.18000030517578,255.73800659179688,,,,347.94000244140625,51.0,33.88800048828125,28.350000381469727,,,756.4823608398438,20.350000381469727,,48.34700012207031,,345.0010070800781,,50.42599868774414
2018-04-11,27.765499114990234,,107.84400177001953,307.2300109863281,,110.97000122070312,254.65499877929688,,,,349.0,51.25,33.41999816894531,28.09000015258789,,,756.4823608398438,20.450000762939453,,48.14699935913086,,353.4989929199219,,49.183998107910156
2018-04-12,27.858999252319336,,108.4000015258789,306.510009765625,,111.45999908447266,255.3280029296875,,,,347.3800048828125,51.36000061035156,32.904998779296875,28.059999465942383,,,756.4823608398438,20.420000076293945,,48.61800003051758,,353.29998779296875,,49.53300094604492
2018-04-13,27.70050048828125,,108.4749984741211,306.7900085449219,,111.66999816894531,256.0799865722656,,,,351.489990234375,51.400001525878906,32.58000183105469,28.020000457763672,,,756.4823608398438,20.40999984741211,,48.38800048828125,,353.0,,50.58700180053711
2018-04-16,27.977500915527344,,108.93699645996094,308.1099853515625,,111.44000244140625,256.7510070800781,,,,350.45001220703125,52.0,32.520999908447266,27.979999542236328,,,756.4747924804688,20.639999389648438,,48.62799835205078,,345.60101318359375,,50.566001892089844
2018-04-17,28.016000747680664,,108.91100311279297,308.7799987792969,,111.02999877929688,257.0580139160156,,,,352.5,51.75,32.277000427246094,28.09000015258789,,,756.4747924804688,20.690000534057617,,48.970001220703125,,350.0,,51.11000061035156
2018-04-18,28.170499801635742,,108.68000030517578,307.9200134277344,,112.72000122070312,254.33399963378906,,,,353.5,52.31999969482422,32.01900100708008,28.059999465942383,,,756.4823608398438,20.600000381469727,,48.88800048828125,,350.0,,50.827999114990234
2018-04-19,28.106000900268555,,109.1520004272461,309.6300048828125,,111.69999694824219,254.97000122070312,,,,354.5,52.25,31.909000396728516,27.950000762939453,,,756.4747924804688,20.700000762939453,,48.84199905395508,,350.0,,51.42499923706055
2018-04-20,28.047000885009766,,109.00399780273438,307.6099853515625,,111.69999694824219,253.4499969482422,,,,353.79998779296875,52.290000915527344,31.19300079345703,27.979999542236328,,,756.4823608398438,20.559999465942383,,49.11000061035156,,361.70001220703125,,52.595001220703125
2018-04-23,28.01300048828125,,109.47200012207031,309.07000732421875,,112.98999786376953,252.85400390625,,,,352.95001220703125,52.29999923706055,31.160999298095703,28.020000457763672,,,756.4823608398438,20.65999984741211,,49.34600067138672,,361.49798583984375,,52.604000091552734
2018-04-24,27.906999588012695,,109.7750015258789,309.9100036621094,,112.19999694824219,254.10400390625,,,,353.45001220703125,52.029998779296875,31.094999313354492,28.209999084472656,,,756.4747924804688,20.68000030517578,,49.43299865722656,,350.29998779296875,,51.6609992980957
2018-04-25,28.029499053955078,,109.27899932861328,310.9599914550781,,111.9800033569336,251.3070068359375,,,,350.5,52.5,30.590999603271484,27.809999465942383,,,756.4823608398438,20.40999984741211,,49.387001037597656,,360.0,,50.73500061035156
2018-04-26,27.95549964904785,,109.85900115966797,309.44000244140625,,111.9800033569336,252.76499938964844,,,,350.3500061035156,52.5,30.24799919128418,27.739999771118164,,,756.4823608398438,20.510000228881836,,49.4119987487793,,356.0050048828125,,51.143001556396484
2018-04-27,27.900999069213867,,110.5530014038086,310.80999755859375,,112.97000122070312,256.98199462890625,,,,350.989990234375,52.91999816894531,31.29599952697754,27.899999618530273,,,758.8095092773438,20.649999618530273,,49.79100036621094,,351.45001220703125,,50.58000183105469
2018-04-30,27.749000549316406,,111.16799926757812,313.79998779296875,,114.0,259.8269958496094,,,,357.489990234375,53.0,31.889999389648438,27.770000457763672,,,758.802001953125,20.709999084472656,,50.13399887084961,,360.0010070800781,,50.10900115966797
2018-05-02,27.704500198364258,,110.77100372314453,309.7699890136719,,113.0,259.8370056152344,,,,352.239990234375,53.0,30.999000549316406,27.520000457763672,,,758.8095092773438,20.899999618530273,,49.779998779296875,,351.8999938964844,,49.053001403808594
2018-05-03,27.667499542236328,,110.52899932861328,306.1400146484375,,112.44000244140625,260.1889953613281,,,,349.3699951171875,52.65999984741211,31.131999969482422,27.559999465942383,,,758.8095092773438,20.950000762939453,,49.4900016784668,,353.0,,47.54600143432617
2018-05-04,27.749500274658203,,110.01899719238281,304.1199951171875,,112.77999877929688,259.9549865722656,,,,348.5,52.5,30.899999618530273,27.479999542236328,,,758.8095092773438,21.09000015258789,,49.23099899291992,,355.0,,47.542999267578125
2018-05-07,27.91200065612793,,110.72200012207031,305.3399963378906,,112.16000366210938,261.39599609375,,,,351.0,52.11000061035156,31.665000915527344,27.84000015258789,,,758.802001953125,20.90999984741211,,49.23099899291992,,338.1730041503906,,47.446998596191406
2018-05-08,27.78849983215332,,110.83799743652344,305.4200134277344,,113.5999984741211,264.16400146484375,,,,350.95001220703125,52.59000015258789,31.933000564575195,27.90999984741211,,,758.8095092773438,21.010000228881836,,50.119998931884766,,347.25,,47.55500030517578
2018-05-09,27.844999313354492,,111.2229995727539,303.57000732421875,,113.0,264.8219909667969,,,,350.5,52.4900016784668,31.836000442504883,27.899999618530273,,,758.8095092773438,20.989999771118164,,49.935001373291016,,345.0,,49.02000045776367
2018-05-10,28.13599967956543,,110.79399871826172,299.9599914550781,,113.30999755859375,264.66400146484375,,,,346.75,52.33000183105469,31.062000274658203,28.1200008392334,,,758.8095092773438,21.200000762939453,,50.0,,352.29998779296875,,50.28099822998047
2018-05-11,28.16950035095215,,111.60600280761719,299.7900085449219,,113.23999786376953,267.2510070800781,,,,344.8500061035156,52.15999984741211,31.520000457763672,28.149999618530273,16.8799991607666,,758.8095092773438,20.959999084472656,,50.29999923706055,29.34000015258789,352.29998779296875,,49.64699935913086
2018-05-14,28.17300033569336,,111.68900299072266,298.6199951171875,,113.80000305175781,268.39300537109375,,,,344.3500061035156,52.25,31.83799934387207,28.010000228881836,,,758.8095092773438,20.700000762939453,,50.290000915527344,,353.8999938964844,,51.00299835205078
2018-05-15,28.070499420166016,,111.71700286865234,296.57000732421875,,113.33000183105469,268.6830139160156,,,,342.4800109863281,51.84000015258789,31.05900001525879,27.760000228881836,,,758.802001953125,20.75,,50.28499984741211,,348.0660095214844,,51.573001861572266
2018-05-16,27.66900062561035,,111.19300079345703,297.4800109863281,,112.55000305175781,265.6860046386719,,,,340.6000061035156,52.20000076293945,30.173999786376953,27.549999237060547,,,758.8095092773438,20.6200008392334,,50.10499954223633,,354.989990234375,,53.02399826049805
2018-05-17,27.56100082397461,,110.63099670410156,297.7900085449219,,112.0999984741211,264.3819885253906,,,,340.80999755859375,52.689998626708984,30.09000015258789,27.770000457763672,,,758.8095092773438,20.649999618530273,,49.974998474121094,,356.8999938964844,,53.38999938964844
2018-05-18,27.70400047302246,,109.6050033569336,292.9100036621094,,112.22000122070312,262.3450012207031,,,,332.6600036621094,52.119998931884766,29.621000289916992,27.290000915527344,16.799999237060547,,758.8095092773438,20.6200008392334,,49.71500015258789,29.309999465942383,359.8999938964844,,54.5
2018-05-21,27.61199951171875,,109.04900360107422,288.57000732421875,,111.69000244140625,260.614990234375,,,,331.010009765625,51.4900016784668,30.172000885009766,27.34000015258789,,,758.8095092773438,20.350000381469727,,49.71500015258789,,360.0,,55.255001068115234
2018-05-22,27.77400016784668,,109.28099822998047,292.3800048828125,,110.43000030517578,261.0920104980469,,,,332.04998779296875,51.70000076293945,31.325000762939453,27.350000381469727,,,758.802001953125,20.34000015258789,,49.3849983215332,,354.70001220703125,,54.88999938964844
2018-05-23,27.882999420166016,,107.86399841308594,291.0,,110.43000030517578,260.5260009765625,,,,332.0400085449219,51.38999938964844,32.24100112915039,26.639999389648438,,,758.8095092773438,20.239999771118164,,49.3849983215332,,354.0,,54.79999923706055
2018-05-24,27.908000946044922,,108.54199981689453,291.4100036621094,,110.69000244140625,263.3479919433594,,,,334.0,51.939998626708984,32.638999938964844,26.329999923706055,,,758.8095092773438,20.440000534057617,,49.3849983215332,,357.5,,55.31100082397461
2018-05-25,27.80900001525879,,109.81099700927734,294.8900146484375,,111.87000274658203,266.33599853515625,,,,336.04998779296875,52.72999954223633,32.6349983215332,26.93000030517578,,,758.8095092773438,20.34000015258789,,49.3849983215332,,362.31298828125,,55.12200164794922
2018-05-28,27.621000289916992,,111.0510025024414,301.4200134277344,,112.38999938964844,269.8349914550781,,,,341.8999938964844,52.529998779296875,33.53900146484375,27.68000030517578,,,758.8095092773438,20.450000762939453,,50.03499984741211,,365.4750061035156,,55.91299819946289
2018-05-29,27.909500122070312,,110.36900329589844,301.5,,112.5,266.83599853515625,,,,341.25,52.91999816894531,32.65700149536133,27.780000686645508,,,758.8095092773438,20.489999771118164,,49.70000076293945,,379.93701171875,,55.82500076293945
2018-05-30,27.743499755859375,,110.29900360107422,300.5299987792969,,112.2699966430664,266.37799072265625,,,,339.9800109863281,52.970001220703125,32.96500015258789,27.65999984741211,,,758.8095092773438,20.280000686645508,,49.564998626708984,,380.0,,55.446998596191406
2018-05-31,27.781999588012695,,111.25,299.4200134277344,,112.12000274658203,272.9259948730469,,,,340.5,52.70000076293945,32.98500061035156,28.079999923706055,,,761.3714599609375,20.489999771118164,,49.564998626708984,,379.9989929199219,,55.16400146484375
2018-06-01,27.64550018310547,,110.99199676513672,295.57000732421875,,113.19999694824219,271.9949951171875,,,,337.8900146484375,53.34000015258789,32.57699966430664,27.6200008392334,16.850000381469727,,761.3714599609375,19.739999771118164,,49.564998626708984,29.489999771118164,375.4100036621094,,55.215999603271484
2018-06-04,27.52750015258789,,110.11599731445312,292.3800048828125,,112.47000122070312,267.3949890136719,,,,332.1000061035156,52.88999938964844,32.08000183105469,27.420000076293945,,,761.3714599609375,19.5,,49.564998626708984,,368.8169860839844,,55.30400085449219
2018-06-05,27.428499221801758,,110.18499755859375,290.6700134277344,,110.97000122070312,267.2040100097656,,,,328.7799987792969,52.279998779296875,32.14699935913086,27.190000534057617,,,761.3714599609375,19.6299991607666,,49.474998474121094,,378.70001220703125,,55.20899963378906
2018-06-06,27.437000274658203,,110.99600219726562,294.010009765625,,111.81999969482422,268.02801513671875,,,,329.29998779296875,52.349998474121094,32.694000244140625,27.399999618530273,,,761.36328125,19.520000457763672,,49.810001373291016,,385.2179870605469,,55.82400131225586
2018-06-07,27.541000366210938,,111.78900146484375,298.8299865722656,,114.11000061035156,270.3550109863281,,,,334.3500061035156,53.34000015258789,33.0,27.690000534057617,,,761.3714599609375,19.489999771118164,,50.43600082397461,,377.0,,56.347999572753906
2018-06-08,27.719499588012695,,111.85199737548828,299.2300109863281,,112.5999984741211,269.2619934082031,,,,331.9200134277344,53.130001068115234,33.40999984741211,27.760000228881836,16.75,,761.3714599609375,19.5,,50.43600082397461,29.559999465942383,387.1000061035156,,56.55799865722656
2018-06-11,27.56999969482422,,112.25199890136719,300.55999755859375,,114.58999633789062,269.4169921875,,,,333.7799987792969,53.31999969482422,33.79499816894531,27.610000610351562,,,761.3714599609375,19.350000381469727,,50.70000076293945,,392.2640075683594,,56.70100021362305
2018-06-12,27.537500381469727,,112.62699890136719,301.9599914550781,,114.66999816894531,270.7380065917969,,,,308.3999938964844,53.47999954223633,34.24399948120117,27.6200008392334,,,761.3714599609375,19.3799991607666,,50.810001373291016,,387.739990234375,,56.409000396728516
2018-06-13,27.58300018310547,,112.56600189208984,302.1499938964844,,113.93000030517578,270.7950134277344,,,,332.5199890136719,53.61000061035156,34.82899856567383,27.559999465942383,,,761.3714599609375,19.510000228881836,,51.20000076293945,,387.7409973144531,,56.78099822998047
2018-06-14,27.72599983215332,,112.2040023803711,301.3299865722656,,114.45999908447266,270.18798828125,,,,330.3599853515625,53.529998779296875,34.3120002746582,27.219999313354492,,,761.36328125,19.479999542236328,,50.70100021362305,,389.1000061035156,,56.78799819946289
2018-06-15,27.749500274658203,,112.49400329589844,297.7300109863281,,114.2300033569336,269.1719970703125,,,,327.0,53.150001525878906,33.709999084472656,26.790000915527344,16.799999237060547,,761.3714599609375,19.290000915527344,,50.70100021362305,29.68000030517578,354.25,,57.14699935913086
2018-06-18,27.45199966430664,,112.39900207519531,297.7300109863281,,113.37999725341797,269.25799560546875,,,,326.45001220703125,53.29999923706055,33.66999816894531,26.75,,,761.3714599609375,19.399999618530273,,51.43899917602539,,346.2929992675781,,57.25400161743164
2018-06-19,27.550500869750977,,111.48100280761719,295.17999267578125,,113.4800033569336,267.9010009765625,,,,321.5,52.779998779296875,32.91899871826172,26.6200008392334,,,761.3714599609375,19.34000015258789,,51.43899917602539,,329.0199890136719,,57.858001708984375
2018-06-20,27.40250015258789,,111.96499633789062,294.4800109863281,,113.76000213623047,270.7959899902344,,,,323.6700134277344,52.9900016784668,32.82400131225586,26.43000030517578,,,761.3714599609375,19.329999923706055,,51.43899917602539,,324.42999267578125,,57.96900177001953
2018-06-21,27.225000381469727,,111.52899932861328,293.8399963378906,,112.86000061035156,269.55499267578125,,,,320.5199890136719,52.970001220703125,32.441001892089844,26.290000915527344,,,761.36328125,19.469999313354492,,53.400001525878906,,321.04400634765625,,57.928001403808594
2018-06-22,27.229999542236328,,112.47899627685547,294.80999755859375,,113.05999755859375,271.8330078125,,,,320.75,52.970001220703125,32.82899856567383,26.229999542236328,16.950000762939453,,761.36328125,19.389999389648438,,51.09000015258789,29.219999313354492,323.5539855957031,,58.03300094604492
2018-06-25,27.339000701904297,,111.83499908447266,291.510009765625,,113.06999969482422,271.1289978027344,,,,316.1000061035156,52.84000015258789,32.16400146484375,25.950000762939453,,,761.3714599609375,19.3799991607666,,51.09000015258789,,319.42999267578125,,58.2130012512207
2018-06-26,27.155000686645508,,112.13200378417969,291.6499938964844,,113.55000305175781,270.45098876953125,,,,319.1499938964844,52.72999954223633,32.13199996948242,26.020000457763672,,,761.3714599609375,19.149999618530273,,50.779998779296875,,323.5409851074219,,57.643001556396484
2018-06-27,27.31450080871582,,110.7760009765625,287.0,,112.58000183105469,269.32000732421875,,,,309.8800048828125,52.810001373291016,31.20800018310547,25.329999923706055,,,761.3714599609375,18.690000534057617,,50.25299835205078,,324.8999938964844,,57.32699966430664
2018-06-28,27.257999420166016,,110.0530014038086,285.29998779296875,,111.30000305175781,267.00201416015625,,,,310.2699890136719,52.0,30.94300079345703,24.969999313354492,,,761.3714599609375,18.6200008392334,,50.25299835205078,,320.0,,56.30500030517578
2018-06-29,27.13050079345703,,111.18800354003906,289.17999267578125,,113.22000122070312,268.60101318359375,,,,317.29998779296875,52.5,31.01300048828125,25.690000534057617,16.8700008392334,,763.7611083984375,18.770000457763672,,50.25299835205078,28.700000762939453,329.510986328125,,56.63100051879883
2018-07-02,27.144500732421875,,110.99700164794922,286.95001220703125,,112.27999877929688,266.260986328125,,,,317.29998779296875,52.72999954223633,31.049999237060547,25.31999969482422,,,763.7611083984375,18.719999313354492,,50.25299835205078,,340.864013671875,,56.13600158691406
2018-07-03,27.201000213623047,,111.40399932861328,287.989990234375,,110.76000213623047,266.2820129394531,,,,312.0,52.29999923706055,30.871999740600586,25.559999465942383,,,763.7536010742188,18.8799991607666,,50.25299835205078,,334.9949951171875,,56.77799987792969
2018-07-04,27.25200080871582,,111.875,287.54998779296875,,113.43000030517578,269.1239929199219,,,,309.79998779296875,53.0099983215332,30.788000106811523,25.520000457763672,,,763.7536010742188,18.90999984741211,,50.25299835205078,,337.5,,56.60599899291992
2018-07-05,27.256000518798828,,111.91300201416016,287.0799865722656,,113.20999908447266,269.0469970703125,,,,310.25,53.400001525878906,30.70800018310547,25.549999237060547,,,763.7611083984375,19.049999237060547,,50.25299835205078,,336.8789978027344,,57.3129997253418
2018-07-06,27.326499938964844,,112.302001953125,288.8500061035156,,112.9800033569336,269.7550048828125,,,,311.04998779296875,53.52000045776367,31.42099952697754,25.780000686645508,16.889999389648438,,763.7536010742188,19.030000686645508,,50.70000076293945,29.0,323.0559997558594,,56.486000061035156
2018-07-09,27.35650062561035,,112.85399627685547,290.7300109863281,,112.37999725341797,271.8290100097656,,,,314.0,52.95000076293945,31.447999954223633,25.90999984741211,,,763.7536010742188,19.239999771118164,,51.154998779296875,,329.0989990234375,,56.608001708984375
2018-07-10,27.23699951171875,,113.72699737548828,292.3500061035156,,115.36000061035156,274.2149963378906,,,,315.0,54.2400016784668,31.70199966430664,26.309999465942383,,,763.7611083984375,19.290000915527344,,51.154998779296875,,334.1830139160156,,57.46200180053711
2018-07-11,27.211999893188477,,113.72599792480469,290.9100036621094,,115.27999877929688,273.1860046386719,,,,317.0,54.150001525878906,31.0,25.81999969482422,,,763.7611083984375,19.350000381469727,,51.58700180053711,,334.0469970703125,,58.268001556396484
2018-07-12,26.957500457763672,,114.49500274658203,290.95001220703125,,116.19000244140625,275.30499267578125,,,,314.1499938964844,54.18000030517578,31.42099952697754,25.829999923706055,,,763.7611083984375,19.270000457763672,,53.0,,338.5,,58.68199920654297
2018-07-13,26.863500595092773,,114.63200378417969,288.67999267578125,,115.91000366210938,274.49700927734375,,,,312.7799987792969,54.08000183105469,30.525999069213867,25.6299991607666,17.0,,763.7611083984375,19.209999084472656,,52.52000045776367,29.399999618530273,338.1499938964844,,58.8380012512207
2018-07-16,27.00149917602539,,113.98300170898438,283.19000244140625,,114.87000274658203,272.0150146484375,,,,310.0,54.11000061035156,30.020999908447266,25.290000915527344,,,763.7611083984375,19.239999771118164,,52.189998626708984,,333.156005859375,,58.47600173950195
2018-07-17,26.865999221801758,,114.48500061035156,286.2799987792969,,115.43000030517578,274.60400390625,,,,311.45001220703125,53.900001525878906,30.924999237060547,25.850000381469727,,,763.7611083984375,19.65999984741211,,52.30099868774414,,337.29998779296875,,59.270999908447266
2018-07-18,26.56800079345703,,114.11799621582031,283.20001220703125,,115.1500015258789,273.99200439453125,,,,308.3699951171875,53.599998474121094,31.048999786376953,25.969999313354492,,,763.7611083984375,19.510000228881836,,52.39500045776367,,342.4989929199219,,59.29899978637695
2018-07-19,26.602500915527344,,114.12100219726562,281.45001220703125,,114.0,272.9580078125,,,,306.5,53.56999969482422,30.878000259399414,25.940000534057617,,,763.7536010742188,19.450000762939453,,52.20500183105469,,333.04998779296875,,59.220001220703125
2018-07-20,26.642000198364258,,114.93000030517578,281.44000244140625,,115.33000183105469,273.9939880371094,,,,309.70001220703125,53.36000061035156,31.099000930786133,25.780000686645508,17.079999923706055,,763.7536010742188,19.270000457763672,,52.779998779296875,29.40999984741211,334.0,,59.465999603271484
2018-07-23,26.827999114990234,,115.33999633789062,288.05999755859375,,115.30000305175781,274.0069885253906,,,,313.20001220703125,53.959999084472656,31.87700080871582,25.719999313354492,,,763.7536010742188,19.290000915527344,,53.012001037597656,,338.4410095214844,,59.492000579833984
2018-07-24,26.73150062561035,,115.71199798583984,295.260009765625,,116.9000015258789,274.1830139160156,,,,318.05999755859375,54.45000076293945,32.111000061035156,26.200000762939453,,,763.7536010742188,19.25,,53.029998779296875,,344.5,,59.55699920654297
2018-07-25,26.750999450683594,,115.91899871826172,294.8500061035156,,117.0999984741211,274.22698974609375,,,,317.8999938964844,54.04999923706055,32.41999816894531,26.110000610351562,,,763.7611083984375,19.209999084472656,,52.7140007019043,,344.5,,59.37799835205078
2018-07-26,26.666000366210938,,116.15799713134766,297.8900146484375,,116.70999908447266,279.41900634765625,,,,316.5,53.880001068115234,34.25,26.31999969482422,,,763.7611083984375,19.43000030517578,,52.95100021362305,,340.0050048828125,,59.53300094604492
2018-07-27,26.54050064086914,,117.322998046875,299.67999267578125,,118.55000305175781,280.8009948730469,,,,318.5,54.5099983215332,34.430999755859375,26.610000610351562,17.079999923706055,,763.7611083984375,19.84000015258789,,53.20000076293945,29.780000686645508,348.0,,59.87799835205078
2018-07-30,26.603500366210938,,117.74199676513672,302.70001220703125,,118.38999938964844,283.9960021972656,,,,321.0,55.13999938964844,35.91899871826172,26.920000076293945,,,763.7611083984375,20.1299991607666,,53.87300109863281,,345.0050048828125,,60.57600021362305
2018-07-31,26.503999710083008,,118.25,303.2900085449219,,118.9800033569336,282.4460144042969,,,,321.6199951171875,55.20000076293945,35.46200180053711,27.030000686645508,,,766.4676513671875,20.360000610351562,,54.191001892089844,,340.0350036621094,,59.60499954223633
2018-08-01,26.520999908447266,,118.1240005493164,305.6499938964844,,119.55000305175781,279.9939880371094,,,,319.5,54.900001525878906,35.483001708984375,27.3700008392334,,,766.4676513671875,20.59000015258789,,54.439998626708984,,349.3999938964844,,58.76100158691406
2018-08-02,26.44849967956543,,117.42900085449219,305.0899963378906,,118.77999877929688,279.2070007324219,,,,318.29998779296875,54.810001373291016,35.22100067138672,27.350000381469727,,,766.4598388671875,20.700000762939453,,54.29999923706055,,349.0979919433594,,58.76100158691406
2018-08-03,26.340999603271484,,118.61900329589844,306.92999267578125,,119.5999984741211,281.5509948730469,,,,322.3999938964844,54.9900016784668,35.946998596191406,27.579999923706055,17.149999618530273,,766.4676513671875,20.559999465942383,,55.00199890136719,30.510000228881836,348.0,,58.13800048828125
2018-08-06,26.359500885009766,,118.73500061035156,307.42999267578125,,120.05000305175781,284.6659851074219,,,,321.6199951171875,55.310001373291016,36.99300003051758,27.610000610351562,,,766.4676513671875,20.950000762939453,,55.70100021362305,,348.9989929199219,,58.37200164794922
2018-08-07,26.38450050354004,,118.73899841308594,306.17999267578125,,120.1500015258789,284.10198974609375,,,,319.45001220703125,54.939998626708984,36.30099868774414,27.309999465942383,,,766.4676513671875,20.790000915527344,,55.29199981689453,,343.4989929199219,,59.39400100708008
2018-08-08,26.344499588012695,,119.1709976196289,308.05999755859375,,120.55999755859375,285.6080017089844,,,,321.6499938964844,55.529998779296875,36.28300094604492,27.459999084472656,,,766.4676513671875,20.489999771118164,,55.7599983215332,,335.5,,59.50299835205078
2018-08-09,26.331499099731445,,119.31099700927734,308.0899963378906,,121.0199966430664,288.5929870605469,,,,321.010009765625,55.75,37.571998596191406,27.479999542236328,,,766.4676513671875,20.75,,56.43000030517578,,344.29901123046875,,60.08000183105469
2018-08-10,26.37299919128418,,118.9800033569336,307.0400085449219,,119.5,286.81298828125,,,,317.6099853515625,55.5099983215332,36.20399856567383,27.239999771118164,17.149999618530273,,766.4676513671875,20.959999084472656,,55.965999603271484,30.5,344.6499938964844,,60.09400177001953
2018-08-13,26.56399917602539,,118.2249984741211,303.17999267578125,,119.18000030517578,283.1319885253906,,,,315.8500061035156,55.0099983215332,35.0,27.059999465942383,,,766.4676513671875,21.06999969482422,,55.79100036621094,,341.1000061035156,,60.099998474121094
2018-08-14,26.440000534057617,,119.13400268554688,305.2900085449219,,120.44000244140625,285.0119934082031,,,,314.8800048828125,55.720001220703125,34.85599899291992,27.1200008392334,,,766.4676513671875,20.799999237060547,,55.810001373291016,,349.87200927734375,,60.12699890136719
2018-08-16,26.288999557495117,,118.75299835205078,303.0,,120.0,283.8909912109375,,,,313.1000061035156,55.709999084472656,34.87900161743164,27.100000381469727,,,766.4676513671875,21.09000015258789,,56.40299987792969,,350.0,,59.808998107910156
2018-08-17,26.21150016784668,,119.78199768066406,307.2900085449219,,120.5,285.79998779296875,,,,315.8999938964844,56.290000915527344,35.875999450683594,27.0,17.09000015258789,,766.4598388671875,20.8799991607666,,56.777000427246094,30.760000228881836,356.0,,60.63800048828125
2018-08-20,26.21649932861328,,120.27300262451172,311.2799987792969,,121.30000305175781,288.3429870605469,,,,325.0,57.0,36.43899917602539,27.209999084472656,,,766.4676513671875,21.149999618530273,,57.06399917602539,,355.0,,60.28300094604492
2018-08-21,26.38249969482422,,120.69100189208984,312.6000061035156,,121.20999908447266,288.2619934082031,,,,324.1000061035156,56.400001525878906,36.29999923706055,27.399999618530273,,,766.4676513671875,20.989999771118164,,56.832000732421875,,355.0,,60.71200180053711
2018-08-23,26.35099983215332,,120.83799743652344,314.42999267578125,,121.3499984741211,285.1210021972656,,,,327.6499938964844,56.36000061035156,35.849998474121094,27.31999969482422,,,766.4676513671875,21.0,,57.5099983215332,,357.3999938964844,,60.731998443603516
2018-08-24,26.420000076293945,,120.60600280761719,314.07000732421875,,121.16000366210938,283.16400146484375,,,,326.9200134277344,56.66999816894531,35.79800033569336,27.450000762939453,17.049999237060547,,766.4676513671875,20.90999984741211,,57.444000244140625,30.8799991607666,357.4989929199219,,60.32699966430664
2018-08-27,26.688499450683594,,121.79299926757812,316.69000244140625,,122.6500015258789,288.3479919433594,,,,331.79998779296875,56.619998931884766,36.41899871826172,27.799999237060547,,,766.4676513671875,20.989999771118164,,58.03900146484375,,329.3219909667969,,60.827999114990234
2018-08-28,26.940500259399414,,122.18900299072266,315.55999755859375,,123.79000091552734,288.71099853515625,,,,327.0,57.09000015258789,35.777000427246094,27.479999542236328,,,766.4676513671875,20.799999237060547,,58.154998779296875,,336.875,,60.95000076293945
2018-08-29,26.903499603271484,,121.99600219726562,318.5799865722656,,122.81999969482422,288.2330017089844,,,,330.29998779296875,56.849998474121094,36.45199966430664,27.559999465942383,,,766.4676513671875,20.790000915527344,,58.132999420166016,,339.99798583984375,,61.35200119018555
2018-08-30,26.983999252319336,,121.70800018310547,318.3999938964844,,122.3499984741211,286.4590148925781,,,,334.2799987792969,56.900001525878906,36.494998931884766,27.639999389648438,,,766.4676513671875,20.920000076293945,,57.92399978637695,,337.5,,62.152000427246094
2018-08-31,27.047500610351562,,121.9000015258789,321.0899963378906,,123.41000366210938,286.2929992675781,,,,334.9800109863281,56.81999969482422,36.691001892089844,27.68000030517578,17.049999237060547,,769.1851806640625,21.010000228881836,,58.03799819946289,31.469999313354492,338.12799072265625,,62.21099853515625
2018-09-03,26.88249969482422,,120.76499938964844,319.1000061035156,,121.5,283.6679992675781,,,,334.3299865722656,57.0,36.40999984741211,27.639999389648438,,,769.1929931640625,20.829999923706055,,57.132999420166016,,342.5,,63.39699935913086
2018-09-04,26.93400001525879,,120.4209976196289,308.8500061035156,,120.4800033569336,279.93701171875,,,,330.5,55.0099983215332,35.016998291015625,27.0,,,769.1929931640625,20.549999237060547,,57.35499954223633,,341.8999938964844,,63.375
2018-09-05,26.988500595092773,,119.89700317382812,306.8800048828125,,120.87000274658203,278.7699890136719,,,,326.70001220703125,54.34000015258789,35.064998626708984,26.790000915527344,,,769.1929931640625,20.360000610351562,,57.18299865722656,,344.9700012207031,,63.46900177001953
2018-09-06,27.24449920654297,,120.27999877929688,309.6000061035156,,121.45999908447266,278.83599853515625,,,,328.1700134277344,54.150001525878906,35.178001403808594,26.950000762939453,,,769.1929931640625,20.079999923706055,,57.301998138427734,,349.9989929199219,,63.79999923706055
2018-09-07,27.09149932861328,,121.05899810791016,312.19000244140625,,122.54000091552734,279.3420104980469,,,,331.0,54.70000076293945,34.874000549316406,27.139999389648438,16.93000030517578,,769.1929931640625,20.350000381469727,,58.05099868774414,31.100000381469727,352.6000061035156,,63.909000396728516
2018-09-10,27.183000564575195,,119.64900207519531,308.19000244140625,,120.80999755859375,277.0159912109375,,,,330.0,54.189998626708984,34.125999450683594,26.90999984741211,,,769.1929931640625,20.34000015258789,,57.59700012207031,,350.0,,63.25299835205078
2018-09-11,27.297500610351562,,117.9469985961914,302.239990234375,,118.83000183105469,272.26800537109375,,,,325.0,53.41999816894531,33.808998107910156,26.56999969482422,,,769.1929931640625,20.190000534057617,,56.99599838256836,,350.0,,62.86399841308594
2018-09-12,27.2810001373291,,118.74800109863281,303.0899963378906,,119.5,273.4639892578125,,,,324.3500061035156,54.029998779296875,33.68199920654297,26.440000534057617,,,769.1929931640625,20.219999313354492,,56.939998626708984,,348.83599853515625,,62.4370002746582
2018-09-14,27.18549919128418,,120.02100372314453,307.57000732421875,,120.44999694824219,276.8970031738281,,,,332.0,54.0,34.29999923706055,26.860000610351562,16.90999984741211,,769.1929931640625,20.290000915527344,,57.42100143432617,30.950000762939453,342.8869934082031,,63.178001403808594
2018-09-17,27.316499710083008,,118.96099853515625,306.4700012207031,,121.68000030517578,273.4490051269531,,,,331.95001220703125,53.900001525878906,33.99800109863281,26.829999923706055,,,769.1929931640625,20.110000610351562,,56.77799987792969,,346.4649963378906,,63.93899917602539
2018-09-18,27.464000701904297,,117.9729995727539,301.9800109863281,,119.81999969482422,268.5830078125,,,,324.6400146484375,53.650001525878906,32.12099838256836,26.649999618530273,,,769.1851806640625,19.969999313354492,,56.56100082397461,,346.0,,63.75600051879883
2018-09-19,27.49850082397461,,117.61000061035156,300.5299987792969,,119.19999694824219,267.22698974609375,,,,322.29998779296875,53.439998626708984,31.996000289916992,27.190000534057617,,,769.1929931640625,19.989999771118164,,56.65399932861328,,343.0,,63.547000885009766
2018-09-21,27.398000717163086,,116.5,294.95001220703125,,124.44999694824219,262.010986328125,,,,322.7699890136719,53.290000915527344,31.545000076293945,27.260000228881836,17.010000228881836,,769.1929931640625,19.809999465942383,,55.54800033569336,30.59000015258789,343.0010070800781,,63.13399887084961
2018-09-24,27.3439998626709,,114.7969970703125,285.92999267578125,,116.44000244140625,254.1820068359375,,,,315.0,51.599998474121094,30.454999923706055,26.979999542236328,,,769.1929931640625,19.59000015258789,,55.95000076293945,,338.0,,63.79999923706055
2018-09-25,27.347999572753906,,115.76100158691406,288.0,,114.51000213623047,258.98199462890625,,,,314.9599914550781,51.7400016784668,31.150999069213867,26.920000076293945,,,769.1929931640625,19.780000686645508,,56.209999084472656,,343.0,,63.89899826049805
2018-09-26,27.296499252319336,,115.5999984741211,289.1000061035156,,115.95999908447266,258.0190124511719,,,,314.0,51.72999954223633,30.89699935913086,26.950000762939453,,,769.1929931640625,19.15999984741211,,55.9109992980957,,340.0,,63.68000030517578
2018-09-27,27.24850082397461,,114.6449966430664,285.5299987792969,,115.04000091552734,255.4199981689453,,,,311.4200134277344,51.43000030517578,30.503000259399414,26.670000076293945,,,769.1929931640625,18.899999618530273,,55.88399887084961,,340.0,,64.06600189208984
2018-09-28,27.027999877929688,,114.13999938964844,280.8999938964844,,114.0,255.71600341796875,,,,302.6600036621094,50.88999938964844,29.979999542236328,26.56999969482422,17.079999923706055,,771.8178100585938,18.6200008392334,,55.71900177001953,29.8799991607666,338.0,,64.0510025024414
2018-10-01,27.16699981689453,,114.95500183105469,280.80999755859375,,115.38999938964844,258.31201171875,,,,301.45001220703125,50.79999923706055,30.976999282836914,26.959999084472656,,,771.8099365234375,18.760000228881836,,56.55699920654297,,345.4989929199219,,64.08799743652344
2018-10-03,27.993499755859375,,113.61499786376953,277.739990234375,,113.48999786376953,255.41900634765625,,,,300.010009765625,49.900001525878906,30.959999084472656,27.200000762939453,,,771.8099365234375,18.600000381469727,,55.724998474121094,,346.5,,64.34600067138672
2018-10-04,27.787500381469727,,110.7959976196289,273.30999755859375,,112.66999816894531,253.11500549316406,,,,298.45001220703125,48.77000045776367,30.989999771118164,26.450000762939453,,,771.8178100585938,18.639999389648438,,54.1510009765625,,339.0,,64.5999984741211
2018-10-05,27.881500244140625,,107.98300170898438,266.5199890136719,,109.1500015258789,250.56100463867188,,,,291.6400146484375,47.529998779296875,29.59600067138672,23.690000534057617,16.959999084472656,,771.8178100585938,18.639999389648438,,53.35900115966797,28.3799991607666,346.5,,65.08100128173828
2018-10-08,27.736000061035156,,108.05000305175781,263.9200134277344,,107.0,251.7239990234375,,,,289.8299865722656,47.5,30.132999420166016,24.040000915527344,,,771.8178100585938,18.489999771118164,,53.27799987792969,,302.9320068359375,,65.58499908447266
2018-10-09,27.661500930786133,,107.77899932861328,262.92999267578125,,109.12000274658203,249.2689971923828,,,,288.79998779296875,46.599998474121094,29.69499969482422,23.790000915527344,,,771.8178100585938,18.75,,52.619998931884766,,297.0,,64.61399841308594
2018-10-10,27.72450065612793,,109.47000122070312,270.5400085449219,,110.8499984741211,258.5719909667969,,,,295.95001220703125,47.849998474121094,31.108999252319336,24.1299991607666,,,771.8178100585938,19.329999923706055,,53.30400085449219,,307.0,,63.54800033569336
2018-10-11,27.968000411987305,,107.00700378417969,266.0899963378906,,107.19999694824219,252.875,,,,292.1000061035156,47.150001525878906,29.632999420166016,24.549999237060547,,,771.8178100585938,17.899999618530273,,52.50199890136719,,303.3500061035156,,60.40800094604492
2018-10-12,28.142000198364258,,109.58300018310547,271.5299987792969,,110.77999877929688,259.0299987792969,,,,295.95001220703125,48.54999923706055,29.993999481201172,25.239999771118164,17.149999618530273,,771.8178100585938,18.6299991607666,,52.86899948120117,28.06999969482422,310.375,,63.827999114990234
2018-10-15,28.50149917602539,,109.98500061035156,272.9700012207031,,110.08999633789062,258.7090148925781,,,,296.20001220703125,48.599998474121094,29.924999237060547,25.309999465942383,,,771.8178100585938,18.799999237060547,,53.250999450683594,,315.4989929199219,,61.20800018310547
2018-10-16,28.29450035095215,,110.61599731445312,276.07000732421875,,110.5999984741211,261.2829895019531,,,,299.8500061035156,48.68000030517578,30.895000457763672,25.56999969482422,,,771.8178100585938,19.049999237060547,,53.54999923706055,,314.78399658203125,,60.39699935913086
2018-10-17,28.351999282836914,,109.31999969482422,270.5199890136719,,110.1500015258789,256.48199462890625,,,,296.25,48.25,29.833999633789062,25.239999771118164,,,771.8178100585938,18.780000686645508,,53.4630012512207,,308.0,,61.619998931884766
2018-10-19,28.565500259399414,,107.44300079345703,268.4599914550781,,108.83999633789062,255.73699951171875,,,,294.0,47.84000015258789,29.850000381469727,25.100000381469727,17.299999237060547,,771.8099365234375,18.8799991607666,,52.387001037597656,27.989999771118164,306.0010070800781,,61.0359992980957
2018-10-22,28.357999801635742,,107.1500015258789,267.2300109863281,,108.47000122070312,255.14999389648438,,,,294.0,47.58000183105469,29.756000518798828,24.729999542236328,,,771.8178100585938,19.100000381469727,,51.959999084472656,,310.0,,62.196998596191406
2018-10-23,28.491500854492188,,106.21299743652344,264.010009765625,,106.20999908447266,253.8730010986328,,,,292.239990234375,47.459999084472656,29.226999282836914,24.719999313354492,,,771.8099365234375,19.0,,51.1609992980957,,305.0,,61.250999450683594
2018-10-24,28.350500106811523,,107.04399871826172,265.010009765625,,106.23999786376953,255.0290069580078,,,,296.3699951171875,47.40999984741211,29.17099952697754,25.059999465942383,,,771.8099365234375,19.049999237060547,,50.823001861572266,,305.1659851074219,,60.98400115966797
2018-10-25,28.368999481201172,,106.13099670410156,261.0299987792969,,106.18000030517578,252.9720001220703,,,,291.95001220703125,47.529998779296875,28.69499969482422,25.030000686645508,,,771.8178100585938,18.93000030517578,,50.891998291015625,,304.0,,60.64400100708008
2018-10-26,28.50200080871582,,105.01899719238281,261.05999755859375,,105.41999816894531,249.13499450683594,,,,292.1000061035156,47.25,28.614999771118164,24.899999618530273,17.329999923706055,,771.8178100585938,18.850000381469727,,50.465999603271484,27.450000762939453,304.0,,60.691001892089844
2018-10-29,28.350500106811523,,107.16699981689453,267.1000061035156,,106.81999969482422,254.2729949951172,,,,298.1000061035156,47.619998931884766,30.8700008392334,25.270000457763672,,,771.8099365234375,18.950000762939453,,51.78200149536133,,304.0,,58.09299850463867
2018-10-30,28.240999221801758,,106.87100219726562,268.75,,107.05000305175781,252.5330047607422,,,,302.54998779296875,47.95000076293945,31.481000900268555,24.8799991607666,,,771.8178100585938,19.079999923706055,,52.48400115966797,,304.0,,59.435001373291016
2018-10-31,28.370500564575195,,108.47599792480469,273.04998779296875,,107.94999694824219,256.34600830078125,,,,306.0400085449219,48.2400016784668,32.20899963378906,24.969999313354492,,,774.5259399414062,19.040000915527344,,53.073001861572266,,300.0050048828125,,58.79600143432617
2018-11-01,28.431499481201172,,108.63899993896484,275.1700134277344,,108.80000305175781,258.78900146484375,,,,309.6000061035156,48.400001525878906,32.72100067138672,25.030000686645508,,,774.5176391601562,18.989999771118164,,53.17499923706055,,300.0050048828125,,57.709999084472656
2018-11-02,28.204999923706055,,110.18299865722656,278.0899963378906,,111.0,262.177001953125,,,,314.70001220703125,49.81999969482422,32.32400131225586,25.3700008392334,17.510000228881836,,774.5259399414062,19.239999771118164,,53.54899978637695,28.809999465942383,306.0,,58.619998931884766
2018-11-05,28.44099998474121,,110.14800262451172,280.3299865722656,,110.66999816894531,262.4200134277344,,,,311.70001220703125,49.689998626708984,33.231998443603516,24.920000076293945,,,774.5176391601562,19.440000534057617,,53.29999923706055,,304.0,,59.99399948120117
2018-11-06,28.3174991607666,,110.21800231933594,279.1099853515625,,111.06999969482422,260.57000732421875,,,,310.2200012207031,49.0,32.65999984741211,24.979999542236328,,,774.5259399414062,19.18000030517578,,53.72100067138672,,304.0,,58.72700119018555
2018-11-07,28.30299949645996,,110.98300170898438,280.67999267578125,,116.5999984741211,262.39300537109375,,,,314.57000732421875,49.93000030517578,32.724998474121094,25.170000076293945,,,774.541259765625,19.299999237060547,,54.571998596191406,,305.6650085449219,,59.04100036621094
2018-11-09,28.00749969482422,,110.8219985961914,281.8900146484375,,111.41999816894531,263.093994140625,,,,314.1000061035156,50.189998626708984,32.599998474121094,25.440000534057617,17.559999465942383,,774.5176391601562,19.989999771118164,,53.9379997253418,28.920000076293945,308.0,,58.9640007019043
2018-11-12,27.70400047302246,,109.76399993896484,278.6000061035156,,110.37999725341797,260.8340148925781,,,,311.0,49.810001373291016,31.775999069213867,25.1200008392334,,,774.5259399414062,19.700000762939453,,53.68199920654297,,304.0,,56.763999938964844
2018-11-13,27.690000534057617,,110.78399658203125,279.1400146484375,,110.3499984741211,262.7250061035156,,,,313.5299987792969,49.91999816894531,31.736000061035156,25.34000015258789,,,774.5176391601562,19.469999313354492,,54.01499938964844,,308.0,,49.775001525878906
2018-11-14,27.700000762939453,,110.4020004272461,279.54998779296875,,110.95999908447266,264.50201416015625,,,,315.92999267578125,49.790000915527344,32.48899841308594,25.799999237060547,,,774.5259399414062,19.299999237060547,,53.74100112915039,,308.0,,49.49399948120117
2018-11-15,27.614999771118164,,110.79399871826172,280.92999267578125,,110.83000183105469,266.90301513671875,,,,316.5,50.119998931884766,32.691001892089844,25.600000381469727,,,774.5259399414062,19.309999465942383,,54.08700180053711,,304.0,,49.33599853515625
2018-11-16,27.511499404907227,,111.49600219726562,282.260009765625,,111.9800033569336,268.2170104980469,,,,319.0299987792969,50.650001525878906,33.22100067138672,25.190000534057617,17.6299991607666,,774.5259399414062,19.170000076293945,,54.090999603271484,28.690000534057617,304.0,,46.9119987487793
2018-11-19,27.533000946044922,,112.23999786376953,283.1400146484375,,112.44999694824219,268.7770080566406,,,,323.010009765625,50.79999923706055,33.257999420166016,25.18000030517578,,,774.5259399414062,19.209999084472656,,54.45500183105469,,311.0,,48.801998138427734
2018-11-20,27.5310001373291,,111.52799987792969,280.29998779296875,,112.04000091552734,266.7749938964844,,,,319.1400146484375,51.099998474121094,32.23699951171875,24.969999313354492,,,774.5259399414062,19.239999771118164,,53.30799865722656,,311.8999938964844,,48.01300048828125
2018-11-21,27.513500213623047,,110.7020034790039,282.2300109863281,,111.6500015258789,267.7699890136719,,,,321.29998779296875,50.61000061035156,32.9739990234375,24.950000762939453,,,774.5176391601562,18.969999313354492,,52.69200134277344,,312.0,,47.279998779296875
2018-11-22,27.50200080871582,,110.33799743652344,280.3699951171875,,110.8499984741211,264.3559875488281,,,,318.3999938964844,50.2599983215332,32.39400100708008,24.59000015258789,17.639999389648438,,774.5259399414062,19.06999969482422,,52.32500076293945,27.90999984741211,311.8999938964844,,46.98899841308594
2018-11-26,27.292999267578125,,111.3239974975586,281.6099853515625,,111.69999694824219,269.35400390625,,,,319.0299987792969,51.45000076293945,32.72100067138672,24.209999084472656,,,774.5176391601562,19.290000915527344,,52.652000427246094,,308.0010070800781,,46.527000427246094
2018-11-27,27.24799919128418,,111.60199737548828,280.760009765625,,112.19999694824219,270.1780090332031,,,,320.7300109863281,51.4900016784668,32.89899826049805,24.239999771118164,,,774.5176391601562,19.030000686645508,,53.20000076293945,,311.95001220703125,,46.61899948120117
2018-11-28,27.010499954223633,,111.95899963378906,280.3999938964844,,111.76000213623047,269.97198486328125,,,,316.3999938964844,51.470001220703125,32.303001403808594,23.579999923706055,,,774.5259399414062,18.829999923706055,,53.558998107910156,,312.0,,47.19200134277344
2018-11-29,27.111000061035156,,113.552001953125,282.7099914550781,,113.0,275.07598876953125,,,,319.20001220703125,51.380001068115234,32.43299865722656,23.299999237060547,,,774.5259399414062,19.0,,53.854000091552734,,312.0,,47.66899871826172
2018-11-30,26.98550033569336,,113.50800323486328,284.0899963378906,,114.08000183105469,273.6809997558594,,,,317.05999755859375,52.11000061035156,32.36399841308594,22.950000762939453,17.799999237060547,,777.1826171875,18.81999969482422,,54.066001892089844,28.510000228881836,315.47900390625,,47.39799880981445
2018-12-03,27.263500213623047,,113.79900360107422,285.1199951171875,,114.2300033569336,273.9700012207031,,,,320.67999267578125,52.15999984741211,32.599998474121094,23.479999542236328,,,777.1743774414062,18.899999618530273,,54.4900016784668,,315.9989929199219,,48.5890007019043
2018-12-04,27.545499801635742,,113.61699676513672,284.3699951171875,,113.9000015258789,271.7460021972656,,,,318.0,51.63999938964844,32.28799819946289,23.610000610351562,,,777.1743774414062,18.84000015258789,,54.422000885009766,,315.9880065917969,,48.57600021362305
2018-12-05,27.387500762939453,,112.64399719238281,279.5299987792969,,112.93000030517578,268.93499755859375,,,,312.4599914550781,51.599998474121094,31.711999893188477,23.18000030517578,,,777.1743774414062,18.18000030517578,,53.98099899291992,,313.9930114746094,,47.59400177001953
2018-12-06,27.631999969482422,,111.01699829101562,276.3299865722656,,111.19999694824219,266.0830078125,,,,313.3699951171875,50.75,31.41200065612793,22.739999771118164,,,777.1826171875,17.8700008392334,,53.46799850463867,,312.0,,46.62900161743164
2018-12-07,27.526500701904297,,111.91799926757812,277.4100036621094,,111.19999694824219,271.0530090332031,,,,313.17999267578125,50.75,31.341999053955078,22.5,18.020000457763672,,777.1743774414062,17.90999984741211,,53.65700149536133,28.389999389648438,312.0,,47.39899826049805
2018-12-10,28.10099983215332,,109.88300323486328,272.7099914550781,,109.93000030517578,266.31500244140625,,,,306.2200012207031,50.33000183105469,31.190000534057617,22.31999969482422,,,777.1826171875,17.530000686645508,,52.6879997253418,,312.0,,46.49599838256836
2018-12-11,28.18199920654297,,110.58499908447266,276.8699951171875,,110.66999816894531,267.0090026855469,,,,307.79998779296875,50.849998474121094,31.517000198364258,22.489999771118164,,,777.1743774414062,17.719999313354492,,53.4370002746582,,312.5,,47.448001861572266
2018-12-12,28.045499801635742,,112.16899871826172,283.2300109863281,,111.80000305175781,271.17498779296875,,,,314.7699890136719,51.7400016784668,32.59000015258789,22.920000076293945,,,777.1743774414062,18.09000015258789,,53.974998474121094,,315.4989929199219,,48.09000015258789
2018-12-13,27.933000564575195,,112.54900360107422,285.8900146484375,,112.6500015258789,273.3330078125,,,,316.75,52.130001068115234,32.85200119018555,23.049999237060547,,,777.1826171875,18.209999084472656,,54.27799987792969,,315.8999938964844,,47.60599899291992
2018-12-14,27.865999221801758,,112.6520004272461,286.3999938964844,,112.33000183105469,273.75299072265625,,,,317.2799987792969,52.5,33.04999923706055,23.479999542236328,18.059999465942383,,777.1826171875,18.3700008392334,,54.41999816894531,29.18000030517578,315.17999267578125,,47.1870002746582
2018-12-17,27.82200050354004,,113.63899993896484,288.1400146484375,,114.16000366210938,274.47601318359375,,,,316.2300109863281,53.33000183105469,32.8489990234375,23.790000915527344,,,777.1826171875,18.459999084472656,,54.90800094604492,,314.3139953613281,,46.80400085449219
2018-12-18,27.716999053955078,,113.91100311279297,290.5899963378906,,113.86000061035156,275.9519958496094,,,,319.0,52.83000183105469,33.33599853515625,24.010000228881836,,,777.1826171875,18.540000915527344,,54.62200164794922,,314.8999938964844,,45.5
2018-12-19,27.57349967956543,,114.54000091552734,294.79998779296875,,114.5,277.39300537109375,,,,323.3299865722656,53.58000183105469,34.305999755859375,24.190000534057617,,,777.1826171875,18.770000457763672,,54.869998931884766,,314.8999938964844,,45.01499938964844
2018-12-20,27.58449935913086,,114.5250015258789,293.1000061035156,,114.91000366210938,276.68798828125,,,,326.489990234375,53.68000030517578,33.70199966430664,24.350000381469727,,,777.1826171875,18.700000762939453,,54.79100036621094,,315.4599914550781,,44.44200134277344
2018-12-21,27.732500076293945,,112.59700012207031,288.4700012207031,,113.16000366210938,273.8580017089844,,,,321.82000732421875,52.61000061035156,33.63800048828125,24.31999969482422,18.209999084472656,,777.1826171875,18.559999465942383,,53.722999572753906,29.020000457763672,315.4590148925781,,42.70500183105469
2018-12-24,27.87700080871582,,111.83699798583984,284.739990234375,,111.47000122070312,272.73699951171875,,,,319.70001220703125,51.33000183105469,33.61600112915039,24.020000457763672,,,777.1826171875,18.43000030517578,,53.50400161743164,,315.20001220703125,,42.42300033569336
2018-12-26,27.98550033569336,,112.38200378417969,286.1099853515625,,111.94999694824219,275.5799865722656,,,,317.70001220703125,51.810001373291016,33.98400115966797,24.049999237060547,,,777.1826171875,18.3700008392334,,53.67300033569336,,314.89898681640625,,41.611000061035156
2018-12-27,28.045499801635742,,112.98300170898438,286.760009765625,,113.38999938964844,274.197998046875,,,,321.260009765625,52.470001220703125,33.81399917602539,24.09000015258789,,,777.1826171875,18.399999618530273,,53.8849983215332,,316.0,,43.20600128173828
2018-12-28,28.149499893188477,,113.57099914550781,289.3500061035156,,114.30000305175781,276.88299560546875,,,,329.2099914550781,53.060001373291016,34.24300003051758,24.469999313354492,18.299999237060547,,777.1743774414062,18.440000534057617,,53.61399841308594,29.309999465942383,316.0,,43.7859992980957
2018-12-31,28.02050018310547,,113.67500305175781,290.7699890136719,,114.44000244140625,276.8890075683594,,,,327.3599853515625,53.0099983215332,34.35100173950195,24.40999984741211,,,779.9398193359375,18.489999771118164,,54.119998931884766,,315.8999938964844,,43.819000244140625
2019-01-01,28.17799949645996,,113.98400115966797,289.7099914550781,,113.83000183105469,279.3900146484375,,,,329.0,52.5,34.92100143432617,24.3799991607666,,,779.9481201171875,18.3799991607666,,54.17900085449219,,315.9989929199219,,44.45199966430664
2019-01-02,28.28849983215332,,112.9729995727539,287.45001220703125,,112.4800033569336,277.1960144042969,,,,320.82000732421875,51.95000076293945,34.2859992980957,24.100000381469727,,,779.9481201171875,18.350000381469727,,53.70600128173828,,312.0,,43.14400100708008
2019-01-03,28.470500946044922,,111.83499908447266,285.17999267578125,,111.44000244140625,274.9460144042969,,,,319.0899963378906,51.72999954223633,33.7859992980957,23.770000457763672,,,779.9481201171875,18.25,,53.16899871826172,,315.3999938964844,,43.08399963378906
2019-01-04,28.29800033569336,,112.49099731445312,285.7699890136719,,112.76000213623047,277.4750061035156,,,,321.2799987792969,51.77000045776367,34.654998779296875,24.010000228881836,18.149999618530273,,779.9481201171875,18.329999923706055,,53.334999084472656,28.809999465942383,311.1000061035156,,43.369998931884766
2019-01-07,28.22450065612793,,112.56199645996094,285.5,,112.80000305175781,278.7439880371094,,,,318.2799987792969,51.79999923706055,34.10100173950195,24.110000610351562,,,779.9398193359375,18.440000534057617,,53.46500015258789,,314.7690124511719,,44.2239990234375
2019-01-08,28.163999557495117,,112.85700225830078,285.510009765625,,113.02999877929688,280.77398681640625,,,,322.0,51.86000061035156,35.2599983215332,24.1200008392334,,,779.9481201171875,18.469999313354492,,53.297000885009766,,314.7690124511719,,44.992000579833984
2019-01-09,28.336000442504883,,113.26300048828125,285.6600036621094,,113.19000244140625,282.8030090332031,,,,322.0,52.130001068115234,35.150001525878906,23.93000030517578,,,779.9481201171875,18.389999389648438,,52.992000579833984,,314.5,,45.79999923706055
2019-01-10,28.57900047302246,,113.24800109863281,286.6400146484375,,113.19000244140625,281.0150146484375,,,,323.0,52.0,35.18199920654297,23.8700008392334,,,779.9481201171875,18.360000610351562,,53.099998474121094,,312.6400146484375,,44.926998138427734
2019-01-11,28.534000396728516,,112.68699645996094,285.7300109863281,,113.19000244140625,279.8800048828125,,,,320.1400146484375,51.970001220703125,34.939998626708984,23.969999313354492,,,779.9481201171875,18.299999237060547,,52.95000076293945,,315.79998779296875,,45.43199920654297
2019-01-14,28.610000610351562,,112.16699981689453,283.94000244140625,,112.5,277.9519958496094,,,,316.25,51.849998474121094,34.792999267578125,23.809999465942383,,,779.9398193359375,18.389999389648438,,53.005001068115234,,315.96099853515625,,45.51499938964844
2019-01-15,28.621000289916992,,113.5989990234375,285.5299987792969,,113.37000274658203,279.572998046875,,,,316.5899963378906,52.099998474121094,34.82600021362305,24.010000228881836,,,779.9481201171875,18.440000534057617,,53.69499969482422,,312.0,,45.430999755859375
2019-01-16,28.713499069213867,,114.12699890136719,285.9700012207031,,114.47000122070312,280.46600341796875,,,,319.0,51.59000015258789,35.196998596191406,24.049999237060547,,,779.9481201171875,18.450000762939453,,53.900001525878906,,315.8999938964844,,46.4109992980957
2019-01-17,28.812999725341797,,114.14800262451172,286.010009765625,,114.47000122070312,280.62701416015625,,,,316.739990234375,52.0,34.40700149536133,24.040000915527344,,,779.9481201171875,18.399999618530273,,54.33599853515625,,315.8999938964844,,46.60100173950195
2019-01-18,28.648000717163086,,113.83300018310547,282.4800109863281,,114.19999694824219,279.843994140625,,,,314.20001220703125,51.689998626708984,34.71799850463867,24.0,,,779.9481201171875,18.350000381469727,,54.5,,315.0,,47.209999084472656
2019-01-21,28.582500457763672,,114.47799682617188,282.04998779296875,,114.56999969482422,279.6109924316406,,,,312.9700012207031,51.58000183105469,33.784000396728516,23.770000457763672,,,779.9481201171875,18.1200008392334,,54.770999908447266,,315.79998779296875,,47.499000549316406
2019-01-22,28.726999282836914,,114.06900024414062,282.7200012207031,,114.08999633789062,279.34600830078125,,,,308.54998779296875,51.20000076293945,33.46500015258789,23.610000610351562,,,779.9398193359375,18.059999465942383,,54.88999938964844,,315.79998779296875,,46.597999572753906
2019-01-23,28.73150062561035,,113.31500244140625,281.1600036621094,,114.08999633789062,277.8869934082031,,,,308.4700012207031,50.90999984741211,33.05099868774414,23.5,,,779.9398193359375,18.06999969482422,,54.69300079345703,,311.5,,46.88800048828125
2019-01-24,28.58650016784668,,113.47100067138672,280.6099853515625,,113.0,277.4849853515625,,,,307.0199890136719,50.79999923706055,33.051998138427734,23.389999389648438,,,779.9481201171875,17.920000076293945,,54.749000549316406,,315.9949951171875,,46.72100067138672
2019-01-25,28.66950035095215,,112.91899871826172,277.29998779296875,,111.94999694824219,276.114013671875,,,,305.8800048828125,49.88999938964844,32.597999572753906,23.239999771118164,,,779.9481201171875,17.979999542236328,,55.106998443603516,,315.4949951171875,,47.18000030517578
2019-01-28,28.982500076293945,,111.78099822998047,271.8800048828125,,110.94999694824219,271.0820007324219,,,,315.70001220703125,49.41999816894531,32.04899978637695,23.260000228881836,,,779.9398193359375,17.3799991607666,,54.900001525878906,,311.5010070800781,,46.25299835205078
2019-01-29,29.16699981689453,,111.8010025024414,272.57000732421875,,111.0,271.5840148925781,,,,302.239990234375,49.68000030517578,32.51499938964844,23.229999542236328,,,779.9398193359375,17.18000030517578,,54.45000076293945,,311.5010070800781,,46.749000549316406
2019-01-30,29.236000061035156,,111.59500122070312,271.4100036621094,,111.41999816894531,273.4630126953125,,,,302.82000732421875,49.4900016784668,32.6510009765625,23.239999771118164,,,779.9481201171875,17.3799991607666,,54.64699935913086,,315.9949951171875,,46.33100128173828
2019-01-31,29.348499298095703,,113.46900177001953,272.8500061035156,,112.23999786376953,277.9219970703125,,,,303.0899963378906,50.029998779296875,33.387001037597656,23.389999389648438,,,782.7012329101562,17.59000015258789,,55.132999420166016,,311.5,,47.895999908447266
2019-02-01,29.467500686645508,,113.85700225830078,276.8800048828125,,113.68000030517578,276.49700927734375,,,,306.32000732421875,50.9900016784668,32.58399963378906,23.40999984741211,,,782.7012329101562,17.549999237060547,,55.862998962402344,,315.8999938964844,,48.04199981689453
2019-02-04,29.465499877929688,,114.3010025024414,274.3800048828125,60.04999923706055,113.8499984741211,276.1199951171875,,,,302.79998779296875,50.939998626708984,32.32500076293945,23.299999237060547,,,782.6932983398438,17.399999618530273,,56.178001403808594,,315.9949951171875,,48.279998779296875
2019-02-05,29.5049991607666,,114.71199798583984,272.42999267578125,,113.04000091552734,277.3009948730469,,,,300.760009765625,50.90999984741211,32.244998931884766,22.940000534057617,,,782.7012329101562,17.540000915527344,,56.11000061035156,,315.9949951171875,,49.04899978637695
2019-02-06,29.639999389648438,,115.447998046875,274.8900146484375,,113.91999816894531,278.0299987792969,,,,301.6199951171875,51.0,32.50600051879883,23.3799991607666,,,782.7012329101562,17.3799991607666,,56.571998596191406,,315.8999938964844,,49.5
2019-02-07,29.29400062561035,,115.697998046875,278.4100036621094,,115.69000244140625,278.51300048828125,,,,300.07000732421875,51.599998474121094,32.599998474121094,23.6200008392334,,,782.7012329101562,17.489999771118164,,56.97800064086914,,314.79998779296875,,49.20199966430664
2019-02-08,29.214000701904297,,114.64399719238281,273.9800109863281,,114.12999725341797,276.8399963378906,,,,296.20001220703125,51.13999938964844,31.9950008392334,23.170000076293945,,,782.7012329101562,17.440000534057617,,56.551998138427734,,315.9469909667969,,48.57899856567383
2019-02-11,29.301000595092773,,114.21499633789062,270.8699951171875,,113.55000305175781,276.93701171875,,,,293.8299865722656,50.68000030517578,31.591999053955078,22.709999084472656,,,782.6932983398438,17.149999618530273,,56.347999572753906,,315.9949951171875,,48.79899978637695
2019-02-12,29.20549964904785,,113.5790023803711,268.8699951171875,,113.54000091552734,274.9830017089844,,,,293.82000732421875,50.779998779296875,31.07200050354004,22.899999618530273,,,782.7012329101562,17.06999969482422,,56.17100143432617,,315.9949951171875,,48.321998596191406
2019-02-14,29.20549964904785,,112.85600280761719,267.54998779296875,,112.08000183105469,274.00299072265625,,,,290.82000732421875,49.970001220703125,30.382999420166016,22.239999771118164,,,782.6932983398438,17.049999237060547,,55.59199905395508,,311.5,,49.474998474121094
2019-02-15,29.466999053955078,,112.24600219726562,262.9800109863281,,110.7300033569336,272.4909973144531,,,,291.6199951171875,49.29999923706055,29.827999114990234,22.6299991607666,,,782.7012329101562,16.989999771118164,,55.737998962402344,,315.9700012207031,,49.345001220703125
2019-02-18,29.69499969482422,,111.66899871826172,260.2699890136719,,110.7300033569336,271.81298828125,,,,293.1600036621094,49.16999816894531,29.506000518798828,22.549999237060547,,,782.6932983398438,16.940000534057617,,55.08399963378906,,314.1940002441406,,49.979000091552734
2019-02-19,29.771499633789062,,111.3759994506836,261.4599914550781,,109.88999938964844,271.40399169921875,,,,292.0400085449219,49.13999938964844,29.801000595092773,22.68000030517578,,,782.7012329101562,16.940000534057617,,54.32600021362305,,313.4100036621094,,49.698001861572266
2019-02-20,29.920499801635742,,112.31700134277344,265.45001220703125,,111.16999816894531,273.86199951171875,,,,296.6000061035156,49.369998931884766,30.44499969482422,23.1200008392334,,,782.7012329101562,17.040000915527344,,55.34299850463867,,314.8699951171875,,49.69900131225586
2019-02-21,29.68600082397461,,112.76699829101562,267.05999755859375,,112.01000213623047,274.7699890136719,,,,299.79998779296875,49.63999938964844,30.559999465942383,23.219999313354492,,,782.7012329101562,17.229999542236328,,55.45399856567383,,313.2850036621094,,49.625999450683594
2019-02-22,29.5049991607666,,112.89700317382812,268.7900085449219,,112.01000213623047,273.2919921875,,,,299.29998779296875,49.9900016784668,30.711000442504883,23.670000076293945,,,782.7012329101562,17.399999618530273,,55.707000732421875,,317.0,,49.59199905395508
2019-02-25,29.569000244140625,,113.65399932861328,270.3800048828125,,112.48999786376953,275.93798828125,,,,296.5799865722656,50.119998931884766,30.746999740600586,23.75,,,782.6932983398438,17.3700008392334,,56.25600051879883,,319.9949951171875,,49.97200012207031
2019-02-26,29.536500930786133,,113.625,270.239990234375,,113.05000305175781,274.82000732421875,,,,298.04998779296875,50.0,30.22599983215332,24.0,,,782.7012329101562,17.100000381469727,,56.04999923706055,,321.6000061035156,,49.66999816894531
2019-02-27,29.59600067138672,,112.91400146484375,271.54998779296875,,112.68000030517578,272.8340148925781,,,,298.8800048828125,50.0,30.231000900268555,23.950000762939453,,,782.7012329101562,17.3799991607666,,56.23699951171875,,323.0,,50.02399826049805
2019-02-28,29.502500534057617,,113.36000061035156,273.3999938964844,,112.9800033569336,273.5660095214844,,,,299.92999267578125,49.959999084472656,30.44499969482422,24.559999465942383,,,785.1691284179688,17.489999771118164,,56.2760009765625,,321.0,,50.016998291015625
2019-03-01,29.073999404907227,,113.70999908447266,276.8599853515625,,112.68000030517578,275.0679931640625,,,,303.45001220703125,50.02000045776367,31.280000686645508,24.860000610351562,,,785.1691284179688,17.420000076293945,,56.40399932861328,,326.9989929199219,,49.96699905395508
2019-03-05,28.475500106811523,,114.88899993896484,282.6000061035156,,113.94999694824219,279.8399963378906,,,,304.42999267578125,50.470001220703125,32.10300064086914,25.760000228881836,,,785.1609497070312,18.200000762939453,,56.63600158691406,,327.70001220703125,,50.07500076293945
2019-03-06,28.520999908447266,,115.58599853515625,284.2699890136719,,115.43000030517578,280.5840148925781,,,,309.6700134277344,50.709999084472656,32.1150016784668,25.959999084472656,,,785.1691284179688,18.329999923706055,,57.47200012207031,,327.70001220703125,,50.15800094604492
2019-03-07,28.324499130249023,,115.7509994506836,283.6600036621094,,115.69999694824219,282.052001953125,,,,311.0,50.70000076293945,32.5880012512207,25.350000381469727,,,785.1691284179688,18.290000915527344,,57.11000061035156,,327.70001220703125,,49.387001037597656
2019-03-08,28.4685001373291,,115.81600189208984,282.69000244140625,,115.44000244140625,282.1029968261719,,,,311.5199890136719,50.650001525878906,32.53900146484375,25.389999389648438,,,785.1609497070312,18.06999969482422,,56.564998626708984,,327.70001220703125,,48.61899948120117
2019-03-11,28.50200080871582,,117.22599792480469,289.7200012207031,,116.73999786376953,284.77899169921875,,,,320.739990234375,51.540000915527344,33.20399856567383,25.90999984741211,,,785.1609497070312,18.350000381469727,,56.97800064086914,,338.9989929199219,,48.74300003051758
2019-03-12,28.35849952697754,,118.46700286865234,290.989990234375,,118.23999786376953,290.00799560546875,,,,324.30999755859375,51.630001068115234,33.13800048828125,25.8700008392334,,,785.1609497070312,18.6299991607666,,57.54600143432617,,334.5,,48.71699905395508
2019-03-13,28.595500946044922,,118.8239974975586,288.45001220703125,,117.75,293.4280090332031,,,,323.6700134277344,51.5099983215332,33.60499954223633,25.450000762939453,,,785.1691284179688,19.479999542236328,,57.470001220703125,,330.0,,49.242000579833984
2019-03-14,28.359500885009766,,118.72599792480469,288.4800109863281,,117.66999816894531,293.8840026855469,,,,324.0,52.02000045776367,33.52799987792969,25.93000030517578,,,785.1691284179688,18.549999237060547,,57.50899887084961,,332.9989929199219,,49.542999267578125
2019-03-15,28.349000930786133,,119.88700103759766,288.260009765625,,118.43000030517578,299.14599609375,,,,326.82000732421875,51.33000183105469,34.513999938964844,26.540000915527344,,,785.1691284179688,18.6299991607666,,57.83700180053711,,325.9809875488281,,49.20600128173828
2019-03-18,28.114500045776367,,119.98799896240234,288.6000061035156,,118.5,299.8800048828125,,,,325.8800048828125,51.560001373291016,34.34199905395508,26.790000915527344,,,785.1609497070312,18.510000228881836,,58.04899978637695,,321.10400390625,,49.499000549316406
2019-03-19,28.345500946044922,,120.73699951171875,289.2099914550781,,119.20999908447266,302.69500732421875,,,,327.2099914550781,51.369998931884766,35.11399841308594,27.079999923706055,,,785.1609497070312,18.729999542236328,,58.20000076293945,,321.00201416015625,,49.08399963378906
2019-03-20,28.132999420166016,,120.66500091552734,288.6499938964844,,119.61000061035156,302.9469909667969,,,,331.2799987792969,51.36000061035156,35.35599899291992,26.290000915527344,,,785.1691284179688,18.360000610351562,,58.38100051879883,,325.0,,49.856998443603516
2019-03-22,28.391000747680664,,119.9800033569336,287.0,,118.6500015258789,301.802001953125,,,,328.07000732421875,51.119998931884766,34.56999969482422,26.34000015258789,,,785.1691284179688,18.40999984741211,,58.20000076293945,,329.8699951171875,,50.12799835205078
2019-03-25,28.39349937438965,,118.80999755859375,283.3399963378906,,117.58000183105469,298.5329895019531,,,,326.4200134277344,50.04999923706055,34.11000061035156,27.18000030517578,,,785.1691284179688,18.209999084472656,,57.409000396728516,,322.44500732421875,,49.494998931884766
2019-03-26,28.34600067138672,,120.39299774169922,286.1300048828125,,118.80999755859375,305.00201416015625,,,,327.010009765625,50.84000015258789,35.10900115966797,27.3799991607666,,,785.1609497070312,18.280000686645508,,59.95399856567383,,322.0010070800781,,49.159000396728516
2019-03-27,28.381999969482422,,120.10199737548828,285.4800109863281,,118.80999755859375,307.05499267578125,,,,324.1400146484375,52.5,35.81800079345703,27.149999618530273,,,785.1609497070312,18.90999984741211,,60.0,,314.0,,50.099998474121094
2019-03-28,28.25149917602539,,120.97699737548828,289.1600036621094,,120.08000183105469,311.3590087890625,,,,327.19000244140625,51.029998779296875,36.6870002746582,26.8700008392334,,,787.8596801757812,18.770000457763672,,59.124000549316406,,314.15301513671875,,49.49399948120117
2019-04-01,28.092500686645508,,122.08000183105469,291.4800109863281,,124.5999984741211,309.6310119628906,,,,330.25,51.75,37.143001556396484,26.979999542236328,,,787.8596801757812,19.139999389648438,,59.268001556396484,,320.20001220703125,,50.51100158691406
2019-04-02,27.996000289916992,,122.5250015258789,289.57000732421875,,121.51000213623047,307.1180114746094,,,,335.010009765625,51.349998474121094,37.74700164794922,27.079999923706055,,,787.8513793945312,19.360000610351562,,59.542999267578125,,320.20001220703125,,50.8129997253418
2019-04-03,27.882999420166016,,122.14800262451172,289.75,,121.5199966430664,306.885986328125,,,,330.489990234375,51.25,36.66600036621094,26.780000686645508,,,787.8513793945312,19.0,,58.81100082397461,,324.49798583984375,,50.819000244140625
2019-04-04,28.039499282836914,,121.81300354003906,288.6700134277344,,120.19999694824219,304.5010070800781,,,,327.8699951171875,51.0,36.67599868774414,26.81999969482422,,,787.8513793945312,18.6299991607666,,58.400001525878906,,323.20001220703125,,50.900001525878906
2019-04-05,28.03499984741211,,122.49800109863281,289.2900085449219,,121.44000244140625,306.01300048828125,,,,331.1600036621094,51.20000076293945,36.34600067138672,26.979999542236328,,,787.8513793945312,18.969999313354492,,58.948001861572266,,323.19000244140625,,51.577999114990234
2019-04-08,28.297500610351562,,121.9530029296875,289.32000732421875,,120.66000366210938,303.9570007324219,,,,330.8599853515625,51.0,35.99599838256836,26.739999771118164,,,787.8513793945312,18.5,,58.819000244140625,,320.0,,51.95100021362305
2019-04-09,28.2549991607666,,122.44499969482422,289.07000732421875,,120.66000366210938,307.531005859375,,,,330.0,50.810001373291016,36.402000427246094,27.010000228881836,,,787.8596801757812,18.90999984741211,,59.20000076293945,,320.6400146484375,,52.12799835205078
2019-04-10,28.27899932861328,,121.65599822998047,289.5299987792969,,121.13999938964844,304.06201171875,,,,328.67999267578125,51.15999984741211,36.20000076293945,27.0,,,787.8596801757812,18.93000030517578,,59.29100036621094,,324.9989929199219,,51.941001892089844
2019-04-11,28.21649932861328,,121.69400024414062,290.07000732421875,,120.91999816894531,303.63299560546875,,,,327.0799865722656,51.33000183105469,36.09000015258789,27.1200008392334,,,787.8596801757812,19.040000915527344,,58.79999923706055,,321.0,,51.900001525878906
2019-04-12,28.173999786376953,,122.41400146484375,290.7799987792969,,121.25,304.5769958496094,,,,326.2799987792969,51.83000183105469,36.29999923706055,27.06999969482422,,,787.8596801757812,18.799999237060547,,58.900001525878906,,317.5,,51.637001037597656
2019-04-15,28.019500732421875,,122.87899780273438,292.32000732421875,,121.68000030517578,306.35101318359375,,,,328.42999267578125,51.97999954223633,36.457000732421875,27.219999313354492,,,787.8513793945312,19.239999771118164,,59.569000244140625,,316.0,,52.21799850463867
2019-04-16,28.039499282836914,,123.75299835205078,294.0400085449219,,121.91999816894531,310.2120056152344,,,,331.32000732421875,52.34000015258789,36.29999923706055,27.43000030517578,,,787.8596801757812,19.34000015258789,,59.78300094604492,,320.4339904785156,,52.60900115966797
2019-04-18,27.930500030517578,,123.4729995727539,292.32000732421875,,122.6500015258789,308.2430114746094,,,,326.8800048828125,51.9900016784668,35.45500183105469,27.34000015258789,,,787.8596801757812,18.600000381469727,,59.64400100708008,,319.9989929199219,,52.29199981689453
2019-04-22,28.000499725341797,,121.86799621582031,287.7200012207031,,121.19999694824219,302.0249938964844,,,,325.0,51.59000015258789,34.641998291015625,26.90999984741211,,,787.8596801757812,18.600000381469727,,59.05099868774414,,320.0,,53.055999755859375
2019-04-23,27.96649932861328,,121.70099639892578,286.9599914550781,,120.08000183105469,300.2669982910156,,,,323.0,51.439998626708984,34.43199920654297,27.100000381469727,,,787.8596801757812,18.700000762939453,,59.07600021362305,,316.0069885253906,,53.19300079345703
2019-04-24,27.957000732421875,,122.93599700927734,288.3399963378906,,120.73999786376953,303.9219970703125,,,,323.7900085449219,51.86000061035156,34.92399978637695,27.469999313354492,,,787.8596801757812,18.6299991607666,,59.50400161743164,,323.3970031738281,,53.98899841308594
2019-04-25,28.194499969482422,,122.427001953125,287.95001220703125,,121.41000366210938,302.24798583984375,,,,323.2099914550781,50.939998626708984,34.45600128173828,27.299999237060547,,,787.8513793945312,18.56999969482422,,59.696998596191406,,323.20001220703125,,54.40399932861328
2019-04-26,28.1564998626709,,123.39299774169922,288.2300109863281,,122.58000183105469,304.8760070800781,,,,321.2799987792969,51.970001220703125,34.803001403808594,27.229999542236328,,,787.8596801757812,18.489999771118164,,60.290000915527344,,323.0,,54.388999938964844
2019-04-30,28.15250015258789,,123.40699768066406,285.7799987792969,,122.44000244140625,302.6289978027344,,,,323.17999267578125,53.0,33.624000549316406,27.5,,,790.3788452148438,18.25,,59.959999084472656,,323.69000244140625,,54.29399871826172
2019-05-02,27.811500549316406,,123.17900085449219,285.55999755859375,,122.43000030517578,301.7909851074219,,,,324.0199890136719,50.58000183105469,33.832000732421875,27.40999984741211,,,790.3788452148438,18.290000915527344,,59.80400085449219,,318.0,,53.62300109863281
2019-05-03,27.7810001373291,,122.99099731445312,284.0899963378906,,121.02999877929688,305.1440124511719,,,,325.3699951171875,52.20000076293945,34.130001068115234,27.479999542236328,,,790.3788452148438,18.209999084472656,,59.37099838256836,,320.010986328125,,53.323001861572266
2019-05-06,28.00749969482422,,121.83100128173828,279.32000732421875,,120.4000015258789,301.8380126953125,,,,320.3599853515625,49.970001220703125,33.70199966430664,27.40999984741211,,,790.3711547851562,17.959999084472656,,58.888999938964844,,321.0,,52.46699905395508
2019-05-07,28.022499084472656,,120.89700317382812,278.29998779296875,,119.33999633789062,298.44000244140625,,,,319.55999755859375,49.709999084472656,33.012001037597656,27.190000534057617,,,790.3788452148438,18.030000686645508,,58.60100173950195,,325.29998779296875,,53.10599899291992
2019-05-08,28.062999725341797,,119.53099822998047,275.6199951171875,,118.02999877929688,294.1960144042969,,,,316.8599853515625,48.970001220703125,32.5260009765625,26.920000076293945,,,790.3788452148438,17.790000915527344,,57.944000244140625,,320.5,,52.74800109863281
2019-05-09,28.114999771118164,,118.45899963378906,274.80999755859375,,117.54000091552734,293.6889953613281,,,,311.7200012207031,49.279998779296875,32.630001068115234,26.549999237060547,,,790.3788452148438,17.540000915527344,,57.70100021362305,,309.5,,52.5880012512207
2019-05-10,28.109500885009766,,118.49800109863281,272.94000244140625,,117.1500015258789,295.968994140625,,,,313.5299987792969,49.15999984741211,33.52299880981445,26.299999237060547,,,790.3788452148438,17.6299991607666,,56.983001708984375,,313.3009948730469,,52.645999908447266
2019-05-13,28.261499404907227,,117.22000122070312,269.0,,115.75,292.0849914550781,,,,304.6400146484375,48.790000915527344,31.792999267578125,25.90999984741211,,,790.3788452148438,17.5,,56.53499984741211,,276.9549865722656,,52.42100143432617
2019-05-14,28.554000854492188,,117.86100006103516,269.2099914550781,,116.93000030517578,293.0350036621094,,,,310.6000061035156,49.38999938964844,32.55799865722656,26.0,,,790.3788452148438,17.43000030517578,,56.36399841308594,,295.0,,51.479000091552734
2019-05-15,28.570999145507812,,117.49800109863281,268.17999267578125,,115.80000305175781,291.5979919433594,,,,309.9700012207031,48.7599983215332,32.14500045776367,25.809999465942383,,,790.3788452148438,17.3799991607666,,56.0099983215332,,294.8429870605469,,51.37200164794922
2019-05-16,28.36750030517578,,118.06400299072266,267.7699890136719,,116.0,294.72198486328125,,,,307.010009765625,48.599998474121094,32.05400085449219,26.100000381469727,,,790.3788452148438,17.469999313354492,,56.42900085449219,,297.0010070800781,,52.08399963378906
2019-05-17,28.26449966430664,,119.62899780273438,270.54998779296875,,117.16000366210938,300.5199890136719,,,,312.4700012207031,49.41999816894531,32.5,26.25,,,790.3788452148438,17.469999313354492,,56.33599853515625,,297.0,,52.62099838256836
2019-05-20,27.895000457763672,,123.93000030517578,279.42999267578125,,122.51000213623047,313.8089904785156,,,,328.32000732421875,50.599998474121094,35.132999420166016,27.34000015258789,,,790.3711547851562,18.3799991607666,,57.9109992980957,,299.8999938964844,,52.04899978637695
2019-05-21,27.92449951171875,,123.06800079345703,277.4700012207031,,121.25,308.9949951171875,,,,324.80999755859375,50.630001068115234,34.62300109863281,26.959999084472656,,,790.3788452148438,18.1200008392334,,57.52000045776367,,290.0,,51.29199981689453
2019-05-22,27.895000457763672,,123.31300354003906,276.75,,120.66000366210938,311.718994140625,,,,325.8399963378906,50.88999938964844,34.86800003051758,27.309999465942383,,,790.3788452148438,18.520000457763672,,57.426998138427734,,291.6000061035156,,51.10300064086914
2019-05-23,28.014999389648438,,122.60199737548828,277.3399963378906,,120.6500015258789,310.5530090332031,,,,327.760009765625,50.779998779296875,34.65999984741211,27.290000915527344,,,790.3788452148438,18.540000915527344,,57.02299880981445,,300.4989929199219,,50.99300003051758
2019-05-24,27.99250030517578,,124.552001953125,284.32000732421875,,121.66000366210938,317.3080139160156,,,,339.4100036621094,51.45000076293945,36.75899887084961,27.559999465942383,,,790.3788452148438,18.479999542236328,,57.400001525878906,,302.0,,50.68000030517578
2019-05-27,28.09600067138672,,125.03299713134766,285.29998779296875,,123.62000274658203,321.61199951171875,,,,346.4800109863281,50.939998626708984,37.415000915527344,27.989999771118164,,,790.3788452148438,18.700000762939453,,57.70800018310547,,299.70001220703125,,50.47100067138672
2019-05-28,28.10099983215332,,125.18199920654297,287.05999755859375,,123.04000091552734,321.9070129394531,,,,345.8299865722656,51.349998474121094,37.2400016784668,28.15999984741211,,,790.3711547851562,18.829999923706055,,57.999000549316406,,295.5989990234375,,50.402000427246094
2019-05-29,28.20199966430664,,124.75299835205078,284.7300109863281,,123.18000030517578,318.38299560546875,,,,342.05999755859375,51.04999923706055,36.1879997253418,27.850000381469727,,,790.3788452148438,18.670000076293945,,58.1349983215332,,299.29998779296875,,50.1510009765625
2019-05-30,28.040000915527344,,125.47799682617188,285.239990234375,,123.66000366210938,321.2130126953125,,,,345.7099914550781,51.02000045776367,36.22800064086914,28.100000381469727,,,790.3788452148438,18.670000076293945,,58.141998291015625,,298.7969970703125,,50.196998596191406
2019-05-31,28.381999969482422,,125.2490005493164,286.0,,123.2300033569336,319.7749938964844,,,,342.0,51.029998779296875,35.75600051879883,28.200000762939453,,,793.030517578125,18.75,,58.79399871826172,,292.3999938964844,,49.652000427246094
2019-06-03,28.534500122070312,,126.7979965209961,288.94000244140625,,125.0,322.53900146484375,,,,335.45001220703125,51.5,35.92100143432617,28.59000015258789,,,793.0227661132812,18.780000686645508,,59.42100143432617,,295.1000061035156,,48.9370002746582
2019-06-04,28.644500732421875,,126.58999633789062,287.6600036621094,,124.45999908447266,322.2080078125,,,,345.80999755859375,51.5,36.1870002746582,28.600000381469727,,,793.030517578125,18.68000030517578,,59.189998626708984,,297.29901123046875,,48.03200149536133
2019-06-06,28.951499938964844,,124.6780014038086,282.8699951171875,,122.7300033569336,314.6090087890625,,,,341.3500061035156,51.119998931884766,34.44499969482422,28.6200008392334,,,793.0227661132812,18.549999237060547,,58.720001220703125,,298.54998779296875,,49.92499923706055
2019-06-07,28.9064998626709,,124.89199829101562,282.92999267578125,,122.6500015258789,316.4679870605469,,,,340.3699951171875,51.29999923706055,34.452999114990234,28.510000228881836,,,793.030517578125,18.510000228881836,,58.5,,287.67999267578125,,50.435001373291016
2019-06-10,28.795499801635742,,125.67400360107422,283.67999267578125,,123.38999938964844,315.49798583984375,,,,344.07000732421875,51.900001525878906,33.82699966430664,28.270000457763672,,,793.030517578125,18.549999237060547,,58.974998474121094,,288.7929992675781,,50.720001220703125
2019-06-11,28.600500106811523,,125.62200164794922,284.45001220703125,,124.1500015258789,318.281005859375,,,,342.6700134277344,51.90999984741211,34.29999923706055,28.469999313354492,,,793.030517578125,18.59000015258789,,59.382999420166016,,292.5,,51.5
2019-06-12,28.783000946044922,,125.072998046875,281.5799865722656,,123.33000183105469,315.4830017089844,,,,341.4800109863281,51.650001525878906,34.270999908447266,28.329999923706055,,,793.030517578125,18.56999969482422,,59.316001892089844,,291.92999267578125,,51.654998779296875
2019-06-13,28.826000213623047,,125.4209976196289,281.2900085449219,,123.48999786376953,315.2699890136719,,,,343.07000732421875,51.400001525878906,33.88600158691406,28.260000228881836,,,793.030517578125,18.34000015258789,,58.9109992980957,,291.3320007324219,,51.4630012512207
2019-06-14,29.242000579833984,,124.51699829101562,280.05999755859375,,123.01000213623047,311.7950134277344,,,,342.32000732421875,50.75,33.900001525878906,28.139999389648438,,,793.030517578125,18.149999618530273,,58.82699966430664,,291.99798583984375,,51.57400131225586
2019-06-17,28.9375,,123.08300018310547,275.70001220703125,,120.88999938964844,307.7049865722656,,,,336.5,50.38999938964844,33.22800064086914,27.739999771118164,,,793.0227661132812,18.149999618530273,,58.30699920654297,,290.49798583984375,,51.87200164794922
2019-06-18,29.047500610351562,,123.14099884033203,276.0,,121.16000366210938,308.2820129394531,,,,337.0,50.25,33.099998474121094,27.969999313354492,,,793.030517578125,18.15999984741211,,58.487998962402344,,291.5,,51.56399917602539
2019-06-19,29.017000198364258,,123.0270004272461,274.3999938964844,,120.26000213623047,309.36700439453125,,,,333.20001220703125,49.880001068115234,32.85900115966797,27.920000076293945,,,793.0227661132812,17.959999084472656,,58.43299865722656,,291.5,,52.316001892089844
2019-06-20,29.759000778198242,,124.49299621582031,277.92999267578125,62.02000045776367,121.55999755859375,313.2439880371094,,,,341.8299865722656,51.040000915527344,33.79399871826172,28.31999969482422,19.5,,793.0227661132812,18.020000457763672,,58.51599884033203,30.639999389648438,298.3949890136719,,53.02000045776367
2019-06-21,29.764999389648438,,123.68000030517578,278.04998779296875,62.540000915527344,121.08999633789062,312.64599609375,,,,339.2200012207031,50.31999969482422,34.04199981689453,28.15999984741211,19.350000381469727,,793.030517578125,18.149999618530273,,58.3380012512207,30.770000457763672,297.0,,53.097999572753906
2019-06-24,30.006999969482422,,123.40599822998047,278.3299865722656,62.40999984741211,121.02999877929688,312.8089904785156,,,,342.20001220703125,50.29999923706055,34.04999923706055,27.959999084472656,19.3799991607666,,793.0227661132812,18.209999084472656,,58.0260009765625,30.649999618530273,296.0,,53.395999908447266
2019-06-25,30.41699981689453,,124.0739974975586,279.3399963378906,62.77000045776367,121.08999633789062,314.6629943847656,,,,342.3399963378906,50.63999938964844,34.119998931884766,28.34000015258789,19.3799991607666,,793.030517578125,18.25,,58.534000396728516,30.56999969482422,297.3330078125,,52.91400146484375
2019-06-26,29.84749984741211,,124.65299987792969,281.5,63.31999969482422,122.72000122070312,317.2760009765625,,,,346.760009765625,50.20000076293945,34.96900177001953,28.559999465942383,19.299999237060547,,793.030517578125,18.270000457763672,,58.255001068115234,30.950000762939453,295.0,,52.48099899291992
2019-06-27,29.78350067138672,,124.81700134277344,282.79998779296875,63.79999923706055,122.48999786376953,319.6189880371094,,,,349.0,50.58000183105469,34.944000244140625,28.690000534057617,19.350000381469727,,793.0227661132812,18.399999618530273,,58.55500030517578,30.56999969482422,301.5,,52.595001220703125
2019-06-28,29.97949981689453,,124.29199981689453,282.4599914550781,63.41999816894531,122.36000061035156,318.7130126953125,,,,343.69000244140625,50.59000015258789,35.54800033569336,28.510000228881836,19.399999618530273,,795.4252319335938,18.34000015258789,,58.125,30.649999618530273,303.989013671875,,52.62699890136719
2019-07-01,29.586000442504883,,124.93399810791016,283.1700134277344,63.619998931884766,122.31999969482422,320.1659851074219,,,,346.989990234375,50.40999984741211,35.35499954223633,27.93000030517578,19.389999389648438,,795.4329223632812,18.530000686645508,,58.03900146484375,30.559999465942383,303.0,,53.28900146484375
2019-07-02,29.628000259399414,,125.3030014038086,284.9800109863281,63.099998474121094,122.87000274658203,319.5480041503906,,,,349.2699890136719,50.56999969482422,35.18899917602539,28.34000015258789,19.43000030517578,,795.4329223632812,18.5,,58.349998474121094,30.6299991607666,300.79998779296875,,53.231998443603516
2019-07-03,30.15049934387207,,125.48300170898438,284.6400146484375,63.959999084472656,122.8499984741211,320.0710144042969,,,,353.0,50.470001220703125,35.67399978637695,28.450000762939453,19.489999771118164,,795.4329223632812,18.56999969482422,,57.8849983215332,30.5,307.9989929199219,,53.4900016784668
2019-07-04,29.94499969482422,,126.04000091552734,285.0799865722656,63.95000076293945,124.05000305175781,321.52301025390625,,,,354.25,51.22999954223633,36.44599914550781,28.520000457763672,19.489999771118164,,795.4329223632812,18.59000015258789,,57.819000244140625,30.780000686645508,300.9460144042969,,53.672000885009766
2019-07-05,30.246000289916992,,124.60800170898438,282.75,63.15999984741211,122.33000183105469,321.5769958496094,,,,347.82000732421875,50.70000076293945,36.354000091552734,27.700000762939453,19.639999389648438,,795.4329223632812,18.530000686645508,,56.729000091552734,30.1200008392334,308.0740051269531,,53.27299880981445
2019-07-08,30.293500900268555,,121.94400024414062,276.5799865722656,61.02000045776367,120.4000015258789,312.68701171875,,,,337.510009765625,49.88999938964844,34.270999908447266,26.350000381469727,19.729999542236328,,795.4329223632812,17.75,,55.90399932861328,29.729999542236328,299.79998779296875,,53.215999603271484
2019-07-09,30.02199935913086,,121.80400085449219,277.7300109863281,61.560001373291016,119.5,312.3340148925781,,,,336.7300109863281,49.29999923706055,34.65599822998047,26.329999923706055,19.780000686645508,,795.4329223632812,17.899999618530273,,56.02000045776367,29.3799991607666,300.0,,53.03799819946289
2019-07-10,30.16200065612793,,121.35199737548828,275.5299987792969,61.029998779296875,118.9000015258789,311.24200439453125,,,,336.1199951171875,48.81999969482422,34.28799819946289,26.170000076293945,19.809999465942383,,795.4329223632812,17.760000228881836,,55.652000427246094,29.389999389648438,295.01800537109375,,53.191001892089844
2019-07-11,30.587499618530273,,122.2030029296875,278.5,61.5,120.37999725341797,313.635009765625,,,,337.2099914550781,49.25,34.90999984741211,26.350000381469727,19.899999618530273,,795.4252319335938,17.65999984741211,,56.0,29.420000076293945,295.01800537109375,,53.29999923706055
2019-07-12,30.327999114990234,,121.97100067138672,279.0400085449219,61.70000076293945,120.79000091552734,312.6719970703125,,,,335.260009765625,49.20000076293945,34.992000579833984,26.09000015258789,19.969999313354492,,795.4252319335938,17.969999313354492,,55.891998291015625,29.25,301.6239929199219,,53.56399917602539
2019-07-15,30.514999389648438,,122.21600341796875,278.8999938964844,61.209999084472656,119.55000305175781,311.0320129394531,,,,331.0299987792969,49.150001525878906,34.13600158691406,25.969999313354492,20.010000228881836,,795.4329223632812,17.739999771118164,,56.775001525878906,29.540000915527344,301.52899169921875,,54.15800094604492
2019-07-16,30.546499252319336,,122.9520034790039,282.57000732421875,61.959999084472656,120.9800033569336,312.3970031738281,,,,336.0,49.189998626708984,34.505001068115234,26.190000534057617,20.100000381469727,,795.4252319335938,17.850000381469727,,56.67900085449219,29.59000015258789,304.5,,54.23899841308594
2019-07-17,30.486499786376953,,123.27100372314453,282.45001220703125,61.619998931884766,120.8499984741211,313.0790100097656,,,,333.1400146484375,49.5099983215332,34.92300033569336,25.969999313354492,20.020000457763672,,795.4329223632812,17.8700008392334,,57.03200149536133,29.649999618530273,302.5,,54.14699935913086
2019-07-18,30.962499618530273,,122.55699920654297,280.510009765625,60.790000915527344,120.5999984741211,310.010009765625,,,,329.20001220703125,49.220001220703125,33.98899841308594,25.299999237060547,19.969999313354492,,795.4329223632812,17.610000610351562,,56.27899932861328,29.5,297.5069885253906,,53.75299835205078
2019-07-19,31.183500289916992,,120.71700286865234,275.3800048828125,59.689998626708984,118.9000015258789,303.15899658203125,,,,326.92999267578125,48.470001220703125,33.242000579833984,25.34000015258789,20.09000015258789,,795.4329223632812,17.309999465942383,,55.79100036621094,29.25,300.6000061035156,,53.66999816894531
2019-07-22,30.864500045776367,,119.8949966430664,275.2300109863281,59.27000045776367,118.04000091552734,298.25299072265625,,,,327.57000732421875,48.209999084472656,33.082000732421875,25.610000610351562,20.030000686645508,,795.4252319335938,17.110000610351562,,56.099998474121094,29.25,302.9989929199219,,53.61399841308594
2019-07-23,30.78350067138672,,119.69300079345703,274.8399963378906,58.849998474121094,117.97000122070312,296.8919982910156,,,,326.989990234375,48.4900016784668,32.15399932861328,25.479999542236328,20.010000228881836,,795.4329223632812,16.950000762939453,,56.14899826049805,29.110000610351562,300.0,,53.89400100708008
2019-07-24,30.826000213623047,,119.13899993896484,270.8500061035156,58.20000076293945,116.27999877929688,295.40301513671875,,,,327.17999267578125,48.40999984741211,31.51300048828125,25.170000076293945,19.989999771118164,,795.4329223632812,16.850000381469727,,55.909000396728516,29.209999084472656,302.0060119628906,,54.08300018310547
2019-07-25,30.835500717163086,,118.99199676513672,272.57000732421875,58.099998474121094,117.0,296.0840148925781,,,,321.3800048828125,48.439998626708984,31.149999618530273,24.8799991607666,19.850000381469727,,795.4329223632812,16.899999618530273,,56.03099822998047,29.100000381469727,305.20001220703125,,53.98899841308594
2019-07-26,30.684499740600586,,119.3219985961914,275.1600036621094,58.849998474121094,117.69999694824219,299.0790100097656,,,,323.3299865722656,48.41999816894531,31.61400032043457,24.690000534057617,19.860000610351562,,795.4329223632812,17.040000915527344,,55.459999084472656,29.219999313354492,305.9989929199219,,54.0890007019043
2019-07-29,30.66900062561035,,118.36000061035156,271.32000732421875,58.47999954223633,116.76000213623047,298.53900146484375,,,,319.6000061035156,48.0,31.44099998474121,24.15999984741211,19.959999084472656,,795.4329223632812,16.979999542236328,,55.051998138427734,28.700000762939453,299.9989929199219,,54.56700134277344
2019-07-30,30.789499282836914,,117.2490005493164,267.7699890136719,57.380001068115234,115.2300033569336,294.3110046386719,,,,317.75,47.869998931884766,29.97100067138672,23.790000915527344,19.950000762939453,,795.4329223632812,16.510000228881836,,54.85599899291992,28.649999618530273,295.0,,54.367000579833984
2019-07-31,30.6564998626709,,117.5770034790039,269.1199951171875,57.880001068115234,115.68000030517578,293.89801025390625,,,,319.5299987792969,47.630001068115234,30.336000442504883,24.229999542236328,20.049999237060547,,797.8536987304688,16.6299991607666,,55.375999450683594,28.719999313354492,295.0,,54.58599853515625
2019-08-01,30.45549964904785,,116.27300262451172,266.5899963378906,57.400001525878906,114.11000061035156,287.76300048828125,,,,315.9100036621094,48.029998779296875,29.73699951171875,23.940000534057617,19.989999771118164,,797.8536987304688,16.479999542236328,,54.819000244140625,28.6299991607666,291.5,,53.698001861572266
2019-08-02,31.270000457763672,,116.33699798583984,267.0199890136719,57.34000015258789,114.73999786376953,288.3290100097656,,,,316.0199890136719,47.88999938964844,29.357999801635742,23.489999771118164,20.079999923706055,,797.8536987304688,16.540000915527344,,54.832000732421875,28.3700008392334,300.0660095214844,,53.78200149536133
2019-08-05,31.97100067138672,,115.1500015258789,265.42999267578125,56.5099983215332,113.22000122070312,282.45599365234375,,,,311.0799865722656,47.599998474121094,29.11400032043457,23.079999923706055,20.110000610351562,,797.8453369140625,16.280000686645508,,54.29999923706055,28.3799991607666,300.0,,52.900001525878906
2019-08-06,32.17100143432617,,115.87100219726562,267.70001220703125,57.58000183105469,114.0,286.5119934082031,,,,315.8900146484375,47.88999938964844,29.159000396728516,23.440000534057617,20.15999984741211,,797.8536987304688,16.549999237060547,,54.332000732421875,28.469999313354492,300.0,,52.882999420166016
2019-08-07,32.6510009765625,,114.91200256347656,266.57000732421875,57.09000015258789,113.27999877929688,283.3810119628906,,,,315.55999755859375,48.15999984741211,28.27400016784668,23.200000762939453,20.149999618530273,,797.8612670898438,16.549999237060547,,54.20000076293945,28.25,300.0,,52.96099853515625
2019-08-08,32.60449981689453,,116.93499755859375,269.1099853515625,57.7400016784668,113.80000305175781,288.0459899902344,,,,317.19000244140625,48.65999984741211,28.613000869750977,23.579999923706055,20.18000030517578,,797.8536987304688,16.34000015258789,,55.41299819946289,28.729999542236328,300.0,,53.382999420166016
2019-08-09,32.72549819946289,,117.61499786376953,272.07000732421875,57.95000076293945,116.66999816894531,290.6969909667969,,,,317.3900146484375,49.0,28.589000701904297,23.399999618530273,20.049999237060547,,797.8777465820312,16.75,,55.35599899291992,28.579999923706055,300.0,,53.987998962402344
2019-08-13,33.30550003051758,,115.76300048828125,265.8800048828125,57.22999954223633,113.54000091552734,283.1029968261719,,,,307.0799865722656,48.290000915527344,27.924999237060547,22.760000228881836,20.0,,797.8536987304688,16.3700008392334,,55.06999969482422,28.219999313354492,293.5,,53.24100112915039
2019-08-14,32.777000427246094,,116.71399688720703,268.3999938964844,57.66999816894531,115.16000366210938,285.09600830078125,,,,309.739990234375,48.79999923706055,28.284000396728516,22.760000228881836,19.899999618530273,,797.8536987304688,16.440000534057617,,55.55400085449219,28.329999923706055,310.1000061035156,,54.20500183105469
2019-08-16,32.90299987792969,,117.01399993896484,269.5299987792969,57.84000015258789,114.41000366210938,287.8900146484375,,,,311.8699951171875,48.79999923706055,28.58799934387207,22.8700008392334,19.989999771118164,,797.8536987304688,16.59000015258789,,55.20000076293945,28.440000534057617,302.42999267578125,,53.39899826049805
2019-08-19,32.94300079345703,,117.12699890136719,269.42999267578125,58.02000045776367,115.18000030517578,288.0,,,,314.9800109863281,49.060001373291016,28.538000106811523,22.770000457763672,19.979999542236328,,797.8536987304688,16.600000381469727,,55.29999923706055,28.5,295.0,,53.99800109863281
2019-08-20,33.18550109863281,,116.70800018310547,266.4599914550781,57.5,114.81999969482422,285.6709899902344,,,,311.20001220703125,48.970001220703125,27.822999954223633,22.450000762939453,19.920000076293945,,797.8536987304688,16.670000076293945,,55.3120002746582,28.440000534057617,301.79400634765625,,54.518001556396484
2019-08-21,32.949501037597656,,115.677001953125,264.260009765625,56.86000061035156,113.91999816894531,283.6130065917969,,,,306.5199890136719,48.27000045776367,26.988000869750977,21.969999313354492,20.020000457763672,,797.8453369140625,16.34000015258789,,54.94900131225586,28.209999084472656,300.2099914550781,,54.729000091552734
2019-08-22,33.199501037597656,,113.86799621582031,261.1000061035156,55.95000076293945,112.16000366210938,276.8399963378906,,,,303.0,48.290000915527344,26.027000427246094,21.43000030517578,20.030000686645508,,797.8536987304688,15.989999771118164,,54.66600036621094,28.0,302.20001220703125,,54.89799880981445
2019-08-23,33.09149932861328,,114.74299621582031,263.25,56.369998931884766,112.05000305175781,275.9129943847656,,,,306.5299987792969,49.13999938964844,26.558000564575195,22.25,20.030000686645508,,797.8453369140625,16.040000915527344,,55.29999923706055,28.100000381469727,315.5,,55.05699920654297
2019-08-26,33.96049880981445,,117.08699798583984,267.8500061035156,57.15999984741211,114.41999816894531,285.1579895019531,,,,311.4700012207031,49.709999084472656,27.232999801635742,22.559999465942383,20.06999969482422,,797.8453369140625,16.290000915527344,,55.599998474121094,28.549999237060547,302.3999938964844,,53.66600036621094
2019-08-27,33.94900131225586,,117.4540023803711,271.3800048828125,57.66999816894531,115.77999877929688,286.84698486328125,,,,314.260009765625,49.689998626708984,28.18000030517578,22.90999984741211,20.139999389648438,,797.8453369140625,16.549999237060547,,55.70000076293945,28.5,305.5,,53.89899826049805
2019-08-28,34.21149826049805,,116.86199951171875,269.2300109863281,56.880001068115234,114.33999633789062,283.364990234375,,,,310.3699951171875,49.220001220703125,27.78499984741211,22.3700008392334,20.06999969482422,,797.8536987304688,16.43000030517578,,55.3489990234375,28.40999984741211,301.5,,53.94599914550781
2019-08-29,34.22249984741211,,116.11799621582031,270.6300048828125,56.90999984741211,114.80000305175781,279.44500732421875,,,,313.07000732421875,49.47999954223633,27.045000076293945,22.6299991607666,20.0,,797.8453369140625,16.270000457763672,,55.058998107910156,28.389999389648438,301.2460021972656,,54.42599868774414
2019-08-30,33.79949951171875,,116.61399841308594,273.30999755859375,57.099998474121094,115.0,280.364990234375,,,,311.70001220703125,49.619998931884766,27.386999130249023,22.3799991607666,20.079999923706055,,800.0849609375,16.18000030517578,,55.74100112915039,28.5,302.2720031738281,,54.880001068115234
2019-09-03,34.45199966430664,,114.51699829101562,268.3900146484375,56.5,113.13999938964844,273.42498779296875,,,,303.92999267578125,48.75,27.764999389648438,21.829999923706055,20.110000610351562,,800.0849609375,16.149999618530273,,55.1150016784668,28.5,304.9989929199219,,54.970001220703125
2019-09-04,34.576499938964844,,114.88999938964844,267.70001220703125,56.779998779296875,112.18000030517578,277.7349853515625,,,,307.1600036621094,48.68000030517578,26.204999923706055,22.1299991607666,20.1200008392334,,800.0770263671875,16.139999389648438,,54.98500061035156,28.270000457763672,309.9079895019531,,55.185001373291016
2019-09-05,34.513999938964844,,114.97899627685547,269.5,56.86000061035156,113.7300033569336,275.3399963378906,,,,307.95001220703125,48.540000915527344,26.1560001373291,23.059999465942383,20.06999969482422,,800.0770263671875,16.25,,55.60900115966797,28.75,308.4989929199219,,55.659000396728516
2019-09-06,33.52450180053711,,115.97000122070312,269.9800109863281,57.09000015258789,114.63999938964844,278.47900390625,,,,313.5,48.810001373291016,26.30299949645996,23.469999313354492,20.049999237060547,,800.0770263671875,16.329999923706055,,56.29199981689453,29.049999237060547,311.8999938964844,,56.05500030517578
2019-09-09,33.6870002746582,,116.43399810791016,270.9599914550781,57.849998474121094,115.0199966430664,281.0140075683594,,,,316.55999755859375,49.4900016784668,26.58099937438965,23.56999969482422,20.079999923706055,,800.0849609375,16.549999237060547,,56.138999938964844,29.020000457763672,310.0,,55.88600158691406
2019-09-11,33.33150100708008,,116.78399658203125,272.7900085449219,58.20000076293945,115.37999725341797,283.4440002441406,,,,319.3800048828125,49.95000076293945,27.489999771118164,23.34000015258789,20.0,,800.0770263671875,16.68000030517578,,56.0,29.010000228881836,310.0,,55.39899826049805
2019-09-12,33.14799880981445,,116.44400024414062,272.54998779296875,58.18000030517578,115.30000305175781,284.0530090332031,,,,315.6400146484375,49.790000915527344,27.64699935913086,23.229999542236328,19.969999313354492,,800.0849609375,16.709999084472656,,55.54100036621094,28.799999237060547,333.62298583984375,,55.91400146484375
2019-09-13,33.12350082397461,,117.31099700927734,273.67999267578125,58.47999954223633,115.83999633789062,286.81201171875,,,,318.17999267578125,49.77000045776367,27.68899917602539,23.559999465942383,19.969999313354492,,800.0849609375,16.649999618530273,,55.694000244140625,28.75,329.6000061035156,,55.43600082397461
2019-09-16,33.25,,116.40299987792969,274.3999938964844,58.38999938964844,115.29000091552734,285.1510009765625,,,,316.07000732421875,49.959999084472656,27.350000381469727,23.600000381469727,19.90999984741211,,800.0849609375,16.700000762939453,,56.097999572753906,28.799999237060547,324.6990051269531,,55.36399841308594
2019-09-17,33.36399841308594,,114.66400146484375,269.9800109863281,57.15999984741211,113.44999694824219,277.53900146484375,,,,310.75,49.470001220703125,26.350000381469727,23.200000762939453,19.979999542236328,,800.0849609375,16.489999771118164,,55.36800003051758,28.600000381469727,335.3999938964844,,55.52399826049805
2019-09-18,33.11949920654297,,114.81600189208984,270.2699890136719,57.540000915527344,113.23999786376953,277.7929992675781,,,,310.1499938964844,48.869998931884766,26.698999404907227,23.100000381469727,20.0,,800.0770263671875,16.489999771118164,,55.599998474121094,28.65999984741211,320.5,,55.263999938964844
2019-09-19,32.79800033569336,,113.5199966430664,269.0299987792969,56.470001220703125,112.4000015258789,273.4909973144531,,,,310.239990234375,48.779998779296875,26.017000198364258,22.770000457763672,20.059999465942383,,800.0849609375,16.170000076293945,,54.8650016784668,28.440000534057617,323.3500061035156,,55.05400085449219
2019-09-20,32.81800079345703,,119.5469970703125,284.0799865722656,59.90999984741211,117.38999938964844,296.06500244140625,,,,320.55999755859375,51.5099983215332,27.70599937438965,23.559999465942383,19.850000381469727,,800.0770263671875,16.809999465942383,,55.88600158691406,29.290000915527344,310.15301513671875,,55.33599853515625
2019-09-23,33.08250045776367,,123.00199890136719,288.55999755859375,61.59000015258789,121.66999816894531,313.67498779296875,,,,333.0,53.52000045776367,28.381000518798828,24.020000457763672,19.790000915527344,,800.0770263671875,17.540000915527344,,55.61000061035156,28.049999237060547,319.5,,54.577999114990234
2019-09-24,33.08649826049805,,122.68900299072266,288.9100036621094,61.189998626708984,120.38999938964844,308.7720031738281,,,,329.2099914550781,53.470001220703125,27.804000854492188,23.739999771118164,19.84000015258789,,800.0687866210938,17.450000762939453,,56.3390007019043,29.700000762939453,326.0989990234375,,54.87200164794922
2019-09-25,33.345001220703125,,121.35900115966797,285.3800048828125,60.0,118.87999725341797,301.7749938964844,,,,329.1099853515625,52.11000061035156,26.273000717163086,23.450000762939453,19.8700008392334,,800.0849609375,17.149999618530273,,56.1870002746582,29.399999618530273,326.0989990234375,,53.95600128173828
2019-09-26,32.98649978637695,,122.76100158691406,287.3699951171875,60.75,120.0999984741211,306.57000732421875,,,,333.1099853515625,52.5,26.506999969482422,24.049999237060547,19.889999389648438,,800.0849609375,17.110000610351562,,56.72800064086914,29.5,317.0,,53.62099838256836
2019-09-27,33.02149963378906,,122.09400177001953,288.8500061035156,60.220001220703125,120.0,305.3900146484375,,,,333.1099853515625,53.15999984741211,26.138999938964844,23.739999771118164,19.84000015258789,,800.0849609375,17.110000610351562,,56.555999755859375,29.6200008392334,323.69000244140625,,54.09299850463867
2019-09-30,32.97249984741211,,121.56700134277344,285.5400085449219,59.41999816894531,119.01000213623047,298.17498779296875,,,,336.8800048828125,53.029998779296875,25.368999481201172,23.829999923706055,19.959999084472656,,802.354248046875,16.809999465942383,,56.525001525878906,29.5,316.5830078125,,53.96500015258789
2019-10-01,32.640499114990234,,120.50299835205078,281.9700012207031,58.040000915527344,117.91999816894531,293.6719970703125,,,,320.20001220703125,52.540000915527344,24.31399917602539,23.600000381469727,20.020000457763672,,802.354248046875,16.5,,56.5989990234375,29.209999084472656,320.0,,54.470001220703125
2019-10-03,33.354000091552734,,119.84400177001953,280.45001220703125,58.41999816894531,117.1500015258789,290.3380126953125,,,,329.6700134277344,52.27000045776367,24.344999313354492,23.3799991607666,20.079999923706055,,802.3463745117188,16.479999542236328,,56.387001037597656,29.3799991607666,319.5,,53.189998626708984
2019-10-04,33.640499114990234,,118.21499633789062,276.8800048828125,58.0099983215332,117.69999694824219,283.84600830078125,,,,325.4599914550781,51.86000061035156,23.958999633789062,23.389999389648438,20.09000015258789,,802.354248046875,16.469999313354492,,56.340999603271484,29.079999923706055,324.1000061035156,,53.108001708984375
2019-10-07,33.60350036621094,,117.56900024414062,273.0299987792969,57.4900016784668,116.83999633789062,283.3340148925781,,,,319.6199951171875,51.470001220703125,23.743000030517578,23.059999465942383,20.049999237060547,,802.354248046875,16.34000015258789,,55.79999923706055,28.899999618530273,323.29998779296875,,53.84700012207031
2019-10-09,33.72249984741211,,119.427001953125,276.70001220703125,58.4900016784668,117.69000244140625,293.51300048828125,,,,324.489990234375,51.79999923706055,24.423999786376953,23.190000534057617,20.06999969482422,,802.3463745117188,16.440000534057617,,55.82400131225586,28.729999542236328,323.29998779296875,,53.62200164794922
2019-10-10,33.827999114990234,,118.53900146484375,275.0400085449219,57.84000015258789,116.19000244140625,286.3630065917969,,,,328.8699951171875,52.02000045776367,23.773000717163086,23.09000015258789,19.989999771118164,,802.354248046875,16.3799991607666,,55.79999923706055,29.020000457763672,309.1000061035156,,53.45399856567383
2019-10-11,33.6614990234375,,119.73600006103516,276.0899963378906,57.970001220703125,117.55000305175781,286.90899658203125,,,,328.5,52.470001220703125,23.922000885009766,23.079999923706055,20.010000228881836,,802.3463745117188,16.34000015258789,,56.099998474121094,29.1200008392334,322.0,,54.19499969482422
2019-10-14,33.746498107910156,,119.89299774169922,278.04998779296875,58.08000183105469,118.4800033569336,287.2850036621094,,,,330.5899963378906,52.290000915527344,23.82200050354004,23.510000228881836,19.989999771118164,,802.354248046875,16.489999771118164,,56.60900115966797,28.950000762939453,324.5,,54.77899932861328
2019-10-15,33.92499923706055,,120.87300109863281,279.45001220703125,58.08000183105469,119.22000122070312,292.0050048828125,,,,333.0,53.060001373291016,23.797000885009766,23.8700008392334,20.059999465942383,,802.3463745117188,16.520000457763672,,56.65700149536133,29.15999984741211,322.0,,55.263999938964844
2019-10-16,33.734500885009766,,120.9469985961914,282.04998779296875,58.0,119.52999877929688,291.9179992675781,,,,333.2900085449219,52.779998779296875,23.77400016784668,24.010000228881836,20.040000915527344,,802.3463745117188,16.3799991607666,,57.095001220703125,29.219999313354492,322.0,,55.895999908447266
2019-10-17,33.787498474121094,,122.4800033569336,285.7099914550781,58.91999816894531,121.16000366210938,296.4259948730469,,,,335.6199951171875,53.720001220703125,24.441999435424805,24.219999313354492,20.030000686645508,,802.3463745117188,16.540000915527344,,57.26499938964844,29.5,322.0,,55.79199981689453
2019-10-18,33.76300048828125,,123.45500183105469,289.1600036621094,60.15999984741211,120.97000122070312,297.2040100097656,,,,338.0,53.86000061035156,24.761999130249023,24.690000534057617,20.010000228881836,,802.3463745117188,16.920000076293945,,57.983001708984375,29.770000457763672,320.0,,55.58300018310547
2019-10-22,33.665000915527344,,122.96299743652344,290.79998779296875,60.11000061035156,121.5199966430664,300.0690002441406,,,,342.0,54.45000076293945,25.00200080871582,24.799999237060547,20.010000228881836,,802.3463745117188,17.079999923706055,,57.060001373291016,29.450000762939453,324.6000061035156,,55.465999603271484
2019-10-23,33.792999267578125,,122.99500274658203,292.0400085449219,60.08000183105469,121.81999969482422,300.0610046386719,,,,332.739990234375,54.349998474121094,25.454999923706055,24.690000534057617,20.030000686645508,,802.354248046875,17.010000228881836,,57.349998474121094,29.540000915527344,322.20001220703125,,54.81399917602539
2019-10-24,33.701499938964844,,122.66999816894531,290.4800109863281,60.099998474121094,120.30000305175781,297.55999755859375,,,,327.1199951171875,54.5,24.482999801635742,24.420000076293945,20.010000228881836,,802.354248046875,17.0,,57.24700164794922,29.540000915527344,328.0,,55.362998962402344
2019-10-25,34.28150177001953,,122.53600311279297,289.55999755859375,60.04999923706055,121.5999984741211,300.6610107421875,,,,334.6499938964844,54.45000076293945,25.26799964904785,24.3799991607666,20.040000915527344,,802.354248046875,17.0,,56.834999084472656,29.469999313354492,329.1940002441406,,55.57400131225586
2019-10-27,34.13399887084961,,123.38700103759766,291.20001220703125,61.25,121.9800033569336,301.7349853515625,,,,331.4100036621094,53.97999954223633,25.49799919128418,24.360000610351562,20.1200008392334,,802.3862915039062,17.06999969482422,,57.3380012512207,29.5,337.1659851074219,,55.834999084472656
2019-10-29,33.71049880981445,,124.6780014038086,293.8999938964844,61.0,123.66000366210938,304.447998046875,,,,340.1499938964844,54.66999816894531,25.613000869750977,24.75,20.059999465942383,,802.354248046875,17.209999084472656,,58.20000076293945,29.670000076293945,337.8999938964844,,56.5989990234375
2019-10-30,33.65999984741211,,125.28700256347656,295.9700012207031,61.5,123.06999969482422,305.48699951171875,,,,340.8999938964844,54.7400016784668,26.503999710083008,24.809999465942383,20.059999465942383,,802.354248046875,17.280000686645508,,58.375999450683594,30.059999465942383,334.79901123046875,,56.305999755859375
2019-10-31,34.06549835205078,,125.49800109863281,296.70001220703125,62.0,124.0,306.85198974609375,,,,343.239990234375,55.58000183105469,27.524999618530273,24.969999313354492,20.09000015258789,,804.4300537109375,17.65999984741211,,59.007999420166016,30.450000762939453,328.0,,56.763999938964844
2019-11-01,34.18000030517578,,126.14099884033203,297.75,61.709999084472656,123.62000274658203,309.1449890136719,,,,340.4599914550781,55.439998626708984,27.820999145507812,24.899999618530273,20.1200008392334,,804.4300537109375,17.559999465942383,,59.51599884033203,30.469999313354492,323.3999938964844,,56.73500061035156
2019-11-04,34.1870002746582,,126.34400177001953,297.0400085449219,62.38999938964844,124.9000015258789,310.135986328125,,,,342.6000061035156,54.400001525878906,28.113000869750977,25.059999465942383,20.1200008392334,,804.4222412109375,17.690000534057617,,59.71900177001953,30.3799991607666,321.3999938964844,,56.96900177001953
2019-11-05,34.09149932861328,,126.05899810791016,293.8399963378906,62.0,123.44999694824219,308.5950012207031,,,,338.239990234375,54.369998931884766,27.941999435424805,24.739999771118164,20.110000610351562,,804.4222412109375,17.479999542236328,,58.80699920654297,30.530000686645508,321.8999938964844,,57.40299987792969
2019-11-06,33.86199951171875,,126.4749984741211,296.6400146484375,61.63999938964844,124.41999816894531,312.0090026855469,,,,337.9800109863281,54.41999816894531,27.707000732421875,24.700000762939453,20.1200008392334,,804.4300537109375,17.299999237060547,,59.39699935913086,30.229999542236328,360.2019958496094,,57.459999084472656
2019-11-07,33.7869987487793,,126.97899627685547,296.5899963378906,62.34000015258789,124.5999984741211,312.86700439453125,,,,337.8599853515625,54.45000076293945,27.333999633789062,24.520000457763672,20.1200008392334,,804.4300537109375,17.540000915527344,,59.17300033569336,30.56999969482422,345.0,,57.198001861572266
2019-11-08,33.50450134277344,,126.06199645996094,294.3399963378906,61.84000015258789,124.76000213623047,314.1189880371094,,,,334.6499938964844,53.869998931884766,26.81100082397461,24.219999313354492,20.049999237060547,,804.4300537109375,17.639999389648438,,58.68000030517578,30.030000686645508,355.114013671875,,56.92300033569336
2019-11-11,33.553001403808594,,126.49099731445312,295.6199951171875,61.70000076293945,123.41000366210938,316.4960021972656,,,,336.8800048828125,53.849998474121094,27.104999542236328,24.270000457763672,20.049999237060547,,804.4300537109375,17.579999923706055,,57.92300033569336,30.079999923706055,333.7550048828125,,57.810001373291016
2019-11-13,33.82550048828125,,125.6969985961914,294.2099914550781,61.4900016784668,123.30000305175781,311.50201416015625,,,,320.17999267578125,53.34000015258789,26.320999145507812,24.139999389648438,20.09000015258789,,804.4300537109375,17.530000686645508,,57.92399978637695,29.700000762939453,313.0199890136719,,58.00299835205078
2019-11-14,33.84149932861328,,125.5459976196289,292.7699890136719,61.59000015258789,123.02999877929688,313.2799987792969,,,,333.04998779296875,53.130001068115234,26.15999984741211,24.010000228881836,20.1299991607666,,804.4222412109375,17.579999923706055,,58.23400115966797,29.489999771118164,331.0,,58.55099868774414
2019-11-15,33.53850173950195,,126.04399871826172,292.6400146484375,61.58000183105469,123.55000305175781,317.1510009765625,,,,335.2300109863281,53.439998626708984,27.06999969482422,23.850000381469727,20.139999389648438,,804.4222412109375,17.559999465942383,,58.400001525878906,29.75,352.0,,58.50299835205078
2019-11-18,33.43000030517578,,125.7300033569336,292.4100036621094,62.06999969482422,124.08000183105469,315.7040100097656,,,,334.45001220703125,53.560001373291016,27.458999633789062,23.84000015258789,20.18000030517578,,804.4222412109375,17.610000610351562,,58.33300018310547,29.3700008392334,334.9989929199219,,58.74700164794922
2019-11-19,33.708499908447266,,126.39600372314453,291.5,62.09000015258789,124.55000305175781,318.6099853515625,,,,339.0,53.5,28.430999755859375,23.760000228881836,20.170000076293945,,804.4222412109375,17.690000534057617,,58.2239990234375,29.450000762939453,330.0,,58.95899963378906
2019-11-20,33.85300064086914,,126.83300018310547,293.260009765625,62.2599983215332,125.20999908447266,314.5039978027344,,,,342.5299987792969,53.36000061035156,28.20400047302246,23.75,20.219999313354492,,804.4222412109375,17.690000534057617,,58.069000244140625,29.510000228881836,333.0,,58.73699951171875
2019-11-21,33.702999114990234,,126.60399627685547,291.3800048828125,61.79999923706055,124.12999725341797,319.24798583984375,,,,342.45001220703125,52.880001068115234,28.231000900268555,23.399999618530273,20.280000686645508,,804.4222412109375,17.809999465942383,,57.96200180053711,29.469999313354492,326.0050048828125,,58.43199920654297
2019-11-22,33.707000732421875,,126.44200134277344,290.70001220703125,62.119998931884766,123.37000274658203,316.8800048828125,,,,339.760009765625,52.86000061035156,28.26300048828125,23.600000381469727,20.18000030517578,,804.4300537109375,17.700000762939453,,58.053001403808594,29.329999923706055,332.0010070800781,,58.42900085449219
2019-11-25,33.38850021362305,,127.73699951171875,295.4100036621094,62.650001525878906,125.0,321.4209899902344,,,,343.010009765625,53.63999938964844,28.506999969482422,23.56999969482422,20.209999084472656,,804.4300537109375,17.770000457763672,,58.5880012512207,29.559999465942383,338.5,,58.54999923706055
2019-11-26,33.32149887084961,,127.51000213623047,293.80999755859375,62.02000045776367,125.06999969482422,323.12701416015625,,,,340.4800109863281,53.58000183105469,28.423999786376953,23.43000030517578,20.260000228881836,,804.4222412109375,17.809999465942383,,58.08700180053711,28.959999084472656,330.0,,59.02799987792969
2019-11-27,33.2869987487793,,127.9020004272461,294.6300048828125,62.369998931884766,124.94000244140625,324.4989929199219,,,,339.67999267578125,53.41999816894531,28.770000457763672,23.43000030517578,20.25,,804.4222412109375,17.899999618530273,,58.15299987792969,29.260000228881836,332.4989929199219,,59.02399826049805
2019-11-28,33.33649826049805,,128.406005859375,297.6000061035156,63.2400016784668,125.55999755859375,327.82598876953125,,,,342.94000244140625,53.5099983215332,29.9060001373291,23.65999984741211,20.270000457763672,,804.4300537109375,17.860000610351562,,58.595001220703125,29.540000915527344,332.0,,59.37900161743164
2019-11-29,33.41350173950195,,127.51300048828125,295.75,63.40999984741211,125.87999725341797,325.60699462890625,,,,344.1499938964844,53.20000076293945,29.40399932861328,23.56999969482422,20.209999084472656,,806.4158935546875,18.020000457763672,,57.99399948120117,29.280000686645508,332.0,,59.52199935913086
2019-12-02,33.40850067138672,,127.63400268554688,296.69000244140625,62.689998626708984,125.87999725341797,324.93499755859375,,,,344.80999755859375,53.119998931884766,29.0939998626709,23.280000686645508,20.209999084472656,,806.4076538085938,17.920000076293945,,57.62799835205078,29.030000686645508,323.18701171875,,59.46799850463867
2019-12-03,33.484500885009766,,126.95999908447266,294.6099853515625,62.43000030517578,124.88999938964844,322.1659851074219,,,,338.0,53.20000076293945,28.33799934387207,23.170000076293945,20.200000762939453,,806.4076538085938,17.959999084472656,,58.0,29.09000015258789,323.5,,58.82099914550781
2019-12-04,33.756500244140625,,127.46900177001953,294.8900146484375,62.529998779296875,124.8499984741211,325.97698974609375,,,,338.69000244140625,53.099998474121094,28.804000854492188,23.18000030517578,20.229999542236328,,806.4076538085938,17.799999237060547,,57.810001373291016,29.219999313354492,321.2539978027344,,58.5890007019043
2019-12-05,33.66550064086914,,127.2040023803711,292.8399963378906,62.70000076293945,125.81999969482422,323.5530090332031,,,,336.55999755859375,53.08000183105469,28.319000244140625,23.030000686645508,20.1200008392334,,806.4158935546875,17.920000076293945,,57.79999923706055,29.31999969482422,321.2539978027344,,58.08000183105469
2019-12-06,33.62200164794922,,126.22699737548828,289.8999938964844,61.75,124.29000091552734,319.843994140625,,,,333.25,52.47999954223633,27.167999267578125,22.68000030517578,20.049999237060547,,806.4158935546875,17.739999771118164,,57.98500061035156,29.040000915527344,327.0,,58.57600021362305
2019-12-09,33.23550033569336,,126.32599639892578,288.20001220703125,61.66999816894531,123.43000030517578,319.8479919433594,,,,334.010009765625,52.09000015258789,27.065000534057617,22.65999984741211,20.100000381469727,,806.4076538085938,17.540000915527344,,57.82500076293945,29.030000686645508,319.9330139160156,,58.78900146484375
2019-12-10,33.20650100708008,,125.79499816894531,285.739990234375,61.220001220703125,122.63999938964844,317.7359924316406,,,,331.20001220703125,52.099998474121094,26.687999725341797,22.309999465942383,20.06999969482422,,806.4076538085938,17.190000534057617,,57.0620002746582,28.610000610351562,317.0,,58.39400100708008
2019-12-11,33.27199935913086,,126.22000122070312,287.07000732421875,61.29999923706055,122.48999786376953,318.7300109863281,,,,329.82000732421875,51.84000015258789,26.64699935913086,22.520000457763672,20.0,,806.4158935546875,17.440000534057617,,56.939998626708984,28.760000228881836,314.0,,58.159000396728516
2019-12-12,33.287498474121094,,127.10900115966797,289.0,62.0099983215332,124.44999694824219,322.447998046875,,,,335.0,52.25,27.264999389648438,22.709999084472656,20.049999237060547,,806.4076538085938,17.6200008392334,,57.07500076293945,29.010000228881836,317.0,,58.505001068115234
2019-12-13,33.22050094604492,,127.90599822998047,290.7099914550781,62.2400016784668,125.5,326.406005859375,,,,335.94000244140625,52.16999816894531,28.256000518798828,22.950000762939453,19.899999618530273,,806.4076538085938,17.760000228881836,,57.64099884033203,29.190000534057617,320.0190124511719,,59.11600112915039
2019-12-16,33.44300079345703,,127.53099822998047,290.3399963378906,62.349998474121094,124.87000274658203,326.03900146484375,,,,336.2200012207031,52.0099983215332,27.996000289916992,22.81999969482422,19.889999389648438,,806.4158935546875,17.739999771118164,,57.78200149536133,29.06999969482422,322.8999938964844,,59.4379997253418
2019-12-17,33.50299835205078,,128.61599731445312,290.989990234375,62.630001068115234,126.0,327.6340026855469,,,,338.6600036621094,52.20000076293945,28.14299964904785,22.799999237060547,19.889999389648438,,806.4158935546875,17.739999771118164,,58.292999267578125,29.06999969482422,319.1650085449219,,59.95199966430664
2019-12-18,33.59600067138672,,129.25399780273438,291.8800048828125,62.41999816894531,126.62999725341797,328.69500732421875,,,,335.45001220703125,52.13999938964844,27.631999969482422,22.760000228881836,19.90999984741211,,806.4158935546875,17.899999618530273,,57.92599868774414,29.010000228881836,321.8999938964844,,59.60599899291992
2019-12-19,0.33550000190734863,,13.020000457763672,293.4800109863281,62.54999923706055,126.22000122070312,32.95100021362305,,,,337.0199890136719,52.790000915527344,2.7720000743865967,22.799999237060547,20.0,,806.4158935546875,17.739999771118164,,5.941999912261963,29.450000762939453,36.611000061035156,,59.94599914550781
2019-12-20,0.33649998903274536,,13.034000396728516,293.9200134277344,62.36000061035156,126.62000274658203,33.090999603271484,,,,340.07000732421875,52.709999084472656,2.8299999237060547,22.899999618530273,20.170000076293945,,806.4076538085938,17.760000228881836,,59.0,29.190000534057617,36.89400100708008,,60.2869987487793
2019-12-23,33.650001525878906,,129.92999267578125,295.3500061035156,62.43000030517578,126.83000183105469,330.7099914550781,,,,338.489990234375,52.869998931884766,27.81999969482422,22.790000915527344,20.18000030517578,,806.4158935546875,17.799999237060547,,58.22999954223633,29.40999984741211,351.3900146484375,,60.67100143432617
2019-12-24,33.75,,129.4499969482422,295.1199951171875,62.369998931884766,126.37999725341797,330.3699951171875,,,,337.2799987792969,53.15999984741211,27.75,22.860000610351562,20.209999084472656,,806.4158935546875,17.649999618530273,,58.209999084472656,29.40999984741211,349.20001220703125,,60.85900115966797
2019-12-26,34.0,,128.69000244140625,293.3599853515625,62.380001068115234,125.2699966430664,327.760009765625,,,,331.6300048828125,53.18000030517578,27.6299991607666,22.81999969482422,20.209999084472656,,806.4158935546875,17.690000534057617,,58.58000183105469,29.31999969482422,350.0,,61.051998138427734
2019-12-27,34.150001525878906,,129.55999755859375,296.17999267578125,63.0,127.0,330.739990234375,,,,335.79998779296875,53.06999969482422,28.280000686645508,23.149999618530273,20.280000686645508,,806.4158935546875,17.790000915527344,,58.43000030517578,29.260000228881836,341.92999267578125,,61.53300094604492
2019-12-30,34.29999923706055,,130.25999450683594,296.25,64.19000244140625,126.30000305175781,330.0899963378906,,,,335.25,53.45000076293945,27.739999771118164,23.170000076293945,20.260000228881836,,806.4076538085938,17.940000534057617,,58.5,29.5,361.0,,61.54100036621094
2019-12-31,34.45000076293945,,129.14999389648438,293.75,63.31999969482422,126.76000213623047,329.0,,,,338.5799865722656,53.119998931884766,27.84000015258789,23.459999084472656,20.25,,808.5233764648438,18.0,,58.5,29.280000686645508,358.1700134277344,,61.62900161743164
2020-01-01,34.349998474121094,,129.4199981689453,293.5299987792969,63.599998474121094,126.72000122070312,328.30999755859375,,,,338.010009765625,53.02000045776367,27.809999465942383,23.549999237060547,20.31999969482422,,808.5233764648438,17.979999542236328,,58.720001220703125,29.3799991607666,361.0,,61.70600128173828
2020-01-02,34.349998474121094,,130.13999938964844,295.7699890136719,64.33999633789062,126.58000183105469,331.92999267578125,,,,340.739990234375,53.150001525878906,28.360000610351562,23.670000076293945,20.329999923706055,,808.531494140625,18.170000076293945,,58.4900016784668,29.59000015258789,352.1700134277344,,61.54999923706055
2020-01-03,35.400001525878906,,129.7100067138672,295.0,64.05000305175781,127.1500015258789,326.5400085449219,,,,340.7900085449219,52.540000915527344,27.81999969482422,23.649999618530273,20.360000610351562,,808.531494140625,18.139999389648438,,58.779998779296875,29.59000015258789,361.0,,61.25699996948242
2020-01-06,36.150001525878906,,127.37000274658203,290.1000061035156,62.66999816894531,124.97000122070312,319.17999267578125,,,,334.989990234375,51.91999816894531,26.670000076293945,23.079999923706055,20.299999237060547,,808.531494140625,17.920000076293945,,57.939998626708984,29.100000381469727,366.7900085449219,,61.65399932861328
2020-01-07,35.5,,127.76000213623047,292.19000244140625,63.2599983215332,125.45999908447266,320.1700134277344,,,,335.1400146484375,51.66999816894531,26.59000015258789,23.299999237060547,20.219999313354492,,808.531494140625,17.979999542236328,,58.27000045776367,29.389999389648438,365.8999938964844,,62.909000396728516
2020-01-08,36.099998474121094,,127.55999755859375,291.1400146484375,63.310001373291016,124.30000305175781,319.4700012207031,,,,335.0,51.959999084472656,26.389999389648438,22.940000534057617,20.219999313354492,,808.5233764648438,18.0,,57.83000183105469,28.920000076293945,363.0,,62.31999969482422
2020-01-09,35.04999923706055,,129.33999633789062,296.1000061035156,63.970001220703125,126.1500015258789,327.010009765625,,,,338.6600036621094,52.119998931884766,26.989999771118164,22.959999084472656,20.280000686645508,,808.5233764648438,18.139999389648438,,58.369998931884766,29.110000610351562,350.70001220703125,,63.13800048828125
2020-01-10,34.95000076293945,,129.61000061035156,296.8699951171875,64.44000244140625,127.61000061035156,327.82000732421875,,,,342.5199890136719,52.849998474121094,27.170000076293945,23.25,20.200000762939453,,808.531494140625,18.309999465942383,,58.5,29.5,354.3399963378906,,63.43899917602539
2020-01-13,34.75,,130.41000366210938,298.4200134277344,64.73999786376953,128.2100067138672,328.6499938964844,,,,344.79998779296875,53.220001220703125,27.100000381469727,23.6200008392334,20.219999313354492,,808.5233764648438,18.420000076293945,,59.400001525878906,29.65999984741211,359.2699890136719,,62.694000244140625
2020-01-14,34.75,,131.00999450683594,298.7900085449219,65.0,128.60000610351562,327.8299865722656,,,,344.6199951171875,53.779998779296875,27.1299991607666,23.75,20.1299991607666,,808.531494140625,18.540000915527344,,59.70000076293945,29.760000228881836,370.0,,62.81700134277344
2020-01-15,35.04999923706055,,131.00999450683594,299.8699951171875,65.83999633789062,127.94999694824219,324.79998779296875,,,,344.3500061035156,53.810001373291016,27.09000015258789,23.81999969482422,20.170000076293945,,808.5233764648438,18.719999313354492,,59.689998626708984,30.0,372.6000061035156,,63.18000030517578
2020-01-16,35.0,,130.91000366210938,300.8299865722656,66.18000030517578,128.0,325.1600036621094,,,,342.6300048828125,54.130001068115234,27.200000762939453,23.549999237060547,20.170000076293945,,808.531494140625,18.860000610351562,,59.79999923706055,29.860000610351562,366.739990234375,,63.48099899291992
2020-01-17,34.95000076293945,,131.19000244140625,301.4100036621094,66.72000122070312,127.72000122070312,322.9100036621094,,,,347.760009765625,54.779998779296875,27.079999923706055,23.479999542236328,20.18000030517578,,808.531494140625,19.059999465942383,,59.79999923706055,29.940000534057617,369.8299865722656,,64.1500015258789
2020-01-20,35.22999954223633,,129.77999877929688,299.07000732421875,66.37999725341797,127.37999725341797,318.0,,,,346.1300048828125,54.81999969482422,26.649999618530273,22.84000015258789,20.260000228881836,,808.5233764648438,18.90999984741211,,59.15999984741211,30.010000228881836,374.9100036621094,,65.38200378417969
2020-01-21,35.130001068115234,,129.27000427246094,297.7099914550781,66.2699966430664,126.83000183105469,316.4200134277344,,,,345.4599914550781,54.61000061035156,26.649999618530273,22.6200008392334,20.200000762939453,,808.531494140625,19.079999923706055,,59.060001373291016,29.610000610351562,368.75,,64.14800262451172
2020-01-22,35.290000915527344,,128.52999877929688,297.4100036621094,66.05999755859375,126.0,313.8500061035156,,,,341.6099853515625,54.36000061035156,26.489999771118164,21.790000915527344,20.229999542236328,,808.531494140625,18.799999237060547,,58.84000015258789,29.280000686645508,366.6600036621094,,64.7770004272461
2020-01-23,35.209999084472656,,129.30999755859375,300.510009765625,67.05999755859375,125.88999938964844,317.0899963378906,,,,346.6700134277344,54.5,26.84000015258789,21.8700008392334,20.219999313354492,,808.5233764648438,18.979999542236328,,58.959999084472656,29.549999237060547,370.989990234375,,64.73200225830078
2020-01-24,35.400001525878906,,130.11000061035156,303.9599914550781,67.58999633789062,127.6500015258789,319.57000732421875,,,,348.30999755859375,54.779998779296875,26.940000534057617,21.940000534057617,20.299999237060547,,808.531494140625,19.25,,59.47999954223633,29.639999389648438,390.75,,64.78600311279297
2020-01-27,35.849998474121094,,128.72999572753906,301.2699890136719,67.43000030517578,125.83000183105469,315.5199890136719,,,,347.07000732421875,55.06999969482422,26.360000610351562,21.739999771118164,20.3700008392334,,808.531494140625,19.350000381469727,,59.0099983215332,29.729999542236328,383.0,,64.31999969482422
2020-01-28,35.720001220703125,,128.10000610351562,300.5400085449219,67.41000366210938,125.80000305175781,314.1300048828125,,,,342.70001220703125,54.34000015258789,26.049999237060547,21.479999542236328,20.350000381469727,,808.5233764648438,19.25,,58.599998474121094,29.3799991607666,362.0400085449219,,63.736000061035156
2020-01-29,35.61000061035156,,128.75999450683594,302.1700134277344,67.45999908447266,125.9800033569336,315.5299987792969,,,,345.0,54.7599983215332,26.1299991607666,21.59000015258789,20.350000381469727,,808.531494140625,19.25,,59.099998474121094,29.510000228881836,378.0,,64.46700286865234
2020-01-30,35.93000030517578,,127.73999786376953,296.8699951171875,67.01000213623047,125.98999786376953,312.7099914550781,,,,340.2200012207031,54.310001373291016,25.920000076293945,21.420000076293945,20.350000381469727,,808.531494140625,18.979999542236328,,58.630001068115234,29.549999237060547,365.69000244140625,,64.14299774169922
2020-01-31,35.869998931884766,,127.16999816894531,294.6300048828125,66.79000091552734,124.43000030517578,316.8999938964844,,,,337.54998779296875,54.25,26.299999237060547,20.68000030517578,20.270000457763672,,810.5357055664062,18.940000534057617,,57.59000015258789,29.170000076293945,355.19000244140625,,64.86499786376953
2020-02-03,35.90999984741211,,124.41999816894531,286.70001220703125,65.91999816894531,121.08000183105469,306.92999267578125,,,,327.4100036621094,54.0,24.510000228881836,20.09000015258789,20.43000030517578,,810.5357055664062,18.729999542236328,,57.68000030517578,28.540000915527344,362.20001220703125,,63.974998474121094
2020-02-04,35.58000183105469,,126.75,291.8699951171875,66.51000213623047,124.16000366210938,312.8999938964844,,,,333.1600036621094,54.599998474121094,24.739999771118164,20.530000686645508,20.489999771118164,,810.5357055664062,18.850000381469727,,57.90999984741211,28.950000762939453,357.0,,64.65799713134766
2020-02-05,35.310001373291016,,127.91000366210938,296.67999267578125,67.0999984741211,125.0,316.80999755859375,,,,339.9700012207031,55.0,24.729999542236328,20.450000762939453,20.489999771118164,,810.5357055664062,19.040000915527344,,58.31999969482422,29.139999389648438,365.04998779296875,,66.02300262451172
2020-02-06,35.58000183105469,,128.94000244140625,299.17999267578125,67.56999969482422,125.6500015258789,319.8299865722656,,,,343.0899963378906,55.099998474121094,26.079999923706055,20.59000015258789,20.530000686645508,,810.5357055664062,19.139999389648438,,58.52000045776367,29.100000381469727,369.54998779296875,,66.4260025024414
2020-02-07,35.70000076293945,,128.19000244140625,300.7699890136719,68.04000091552734,125.47000122070312,318.3399963378906,,,,339.6199951171875,54.779998779296875,25.510000228881836,20.850000381469727,20.56999969482422,,810.5357055664062,19.170000076293945,,58.97999954223633,29.309999465942383,370.010009765625,,66.65799713134766
2020-02-10,35.95000076293945,,127.91000366210938,300.4599914550781,67.3499984741211,124.69999694824219,317.67999267578125,,,,337.1300048828125,54.61000061035156,25.1299991607666,20.3799991607666,20.6299991607666,,810.5272216796875,19.149999618530273,,58.61000061035156,28.860000610351562,349.1700134277344,,66.26899719238281
2020-02-11,35.81999969482422,,128.3000030517578,300.2300109863281,67.68000030517578,125.30999755859375,319.4700012207031,,,,339.1700134277344,54.209999084472656,25.270000457763672,20.59000015258789,20.549999237060547,,810.5272216796875,19.149999618530273,,58.56999969482422,29.190000534057617,360.989990234375,,67.13999938964844
2020-02-12,35.7599983215332,,129.19000244140625,300.1000061035156,67.5,127.0,321.07000732421875,,,,338.75,55.119998931884766,24.709999084472656,20.6200008392334,20.549999237060547,,810.5272216796875,18.940000534057617,,59.4900016784668,29.3799991607666,360.739990234375,,67.13800048828125
2020-02-13,35.95000076293945,,129.3000030517578,299.6499938964844,67.44000244140625,125.70999908447266,318.2200012207031,,,,337.42999267578125,54.95000076293945,24.829999923706055,20.440000534057617,20.59000015258789,,810.5357055664062,18.93000030517578,,59.5,29.34000015258789,361.989990234375,,67.42500305175781
2020-02-14,35.849998474121094,,128.3800048828125,296.57000732421875,67.08000183105469,126.05000305175781,314.75,,,,337.54998779296875,55.060001373291016,24.299999237060547,19.959999084472656,20.649999618530273,,810.5357055664062,18.969999313354492,,59.2599983215332,29.200000762939453,350.6000061035156,,67.8010025024414
2020-02-17,35.93000030517578,,127.83999633789062,293.3999938964844,66.30000305175781,125.1500015258789,313.05999755859375,,,,334.0,55.09000015258789,23.610000610351562,19.540000915527344,20.75,,810.5272216796875,18.75,,58.58000183105469,28.950000762939453,354.0,,68.29499816894531
2020-02-18,36.13999938964844,,127.33999633789062,292.04998779296875,66.05999755859375,123.87000274658203,312.2799987792969,,,,331.9599914550781,54.20000076293945,23.479999542236328,19.56999969482422,20.739999771118164,,810.5272216796875,18.549999237060547,,58.970001220703125,28.8700008392334,348.9100036621094,,67.46399688720703
2020-02-19,36.709999084472656,,128.58999633789062,297.9800109863281,66.95999908447266,126.0,314.010009765625,,,,334.260009765625,54.91999816894531,23.610000610351562,20.079999923706055,20.84000015258789,,810.5272216796875,18.81999969482422,,59.25,29.0,350.3999938964844,,67.6709976196289
2020-02-20,36.81999969482422,,128.36000061035156,298.5199890136719,67.45999908447266,125.56999969482422,315.1199951171875,,,,334.8699951171875,54.849998474121094,23.8700008392334,20.170000076293945,20.75,,810.5357055664062,18.93000030517578,,58.86000061035156,29.030000686645508,355.5,,68.625
2020-02-24,38.58000183105469,,125.7300033569336,292.67999267578125,66.0999984741211,122.66000366210938,309.6700134277344,,,,330.1600036621094,54.15999984741211,23.239999771118164,19.649999618530273,20.75,,810.5357055664062,18.770000457763672,,58.0,28.56999969482422,354.7900085449219,,65.97000122070312
2020-02-25,37.439998626708984,,125.33999633789062,290.57000732421875,66.1500015258789,123.0,310.5400085449219,,,,326.6300048828125,53.75,23.239999771118164,19.68000030517578,20.75,,810.5272216796875,18.729999542236328,,58.29999923706055,28.600000381469727,362.8699951171875,,65.47599792480469
2020-02-26,37.52000045776367,,124.04000091552734,286.4800109863281,65.3499984741211,122.30000305175781,309.9200134277344,,,,322.1499938964844,53.529998779296875,23.040000915527344,19.469999313354492,20.829999923706055,,810.5357055664062,18.260000228881836,,57.369998931884766,28.209999084472656,373.5199890136719,,63.2239990234375
2020-02-27,37.380001068115234,,123.63999938964844,285.69000244140625,64.86000061035156,121.08000183105469,307.4200134277344,,,,320.510009765625,53.369998931884766,22.559999465942383,19.299999237060547,20.84000015258789,,810.5357055664062,18.100000381469727,,57.0,28.0,374.1000061035156,,63.30699920654297
2020-02-28,37.369998931884766,,119.29000091552734,276.7099914550781,62.56999969482422,116.5,296.7200012207031,,,,318.260009765625,52.439998626708984,21.489999771118164,18.770000457763672,20.799999237060547,,812.1124267578125,17.700000762939453,,54.400001525878906,27.0,368.3699951171875,,60.01499938964844
2020-03-02,37.029998779296875,,118.38999938964844,275.8399963378906,62.560001373291016,115.87000274658203,294.45001220703125,,,,305.4100036621094,52.040000915527344,20.459999084472656,18.690000534057617,20.799999237060547,,812.2423706054688,17.65999984741211,,54.16999816894531,26.989999771118164,372.0,,61.73099899291992
2020-03-03,37.119998931884766,,120.4000015258789,280.4700012207031,63.59000015258789,117.0,298.2699890136719,,,,313.8299865722656,52.2400016784668,20.739999771118164,19.420000076293945,20.760000228881836,,812.2423706054688,17.729999542236328,,55.15999984741211,27.309999465942383,366.010009765625,,64.2969970703125
2020-03-04,38.099998474121094,,119.5199966430664,278.07000732421875,62.599998474121094,115.41999816894531,292.70001220703125,,,,309.7699890136719,51.91999816894531,20.6200008392334,19.520000457763672,20.90999984741211,,812.2423706054688,17.329999923706055,,55.470001220703125,27.15999984741211,372.0799865722656,,63.00400161743164
2020-03-05,38.040000915527344,,119.75,280.3800048828125,62.959999084472656,117.52999877929688,294.5899963378906,,,,310.1099853515625,52.75,20.860000610351562,19.40999984741211,20.950000762939453,,812.2423706054688,17.700000762939453,,56.0099983215332,27.530000686645508,373.7900085449219,,63.459999084472656
2020-03-06,39.04999923706055,,117.18000030517578,274.2799987792969,61.720001220703125,114.87000274658203,284.7699890136719,,,,305.30999755859375,51.619998931884766,19.93000030517578,18.899999618530273,20.979999542236328,,812.2423706054688,17.270000457763672,,54.08000183105469,28.59000015258789,365.04998779296875,,62.91899871826172
2020-03-09,38.459999084472656,,111.62000274658203,269.1199951171875,64.52999877929688,127.70999908447266,271.6099853515625,,,,289.1099853515625,50.150001525878906,19.1299991607666,17.799999237060547,21.139999389648438,,812.234130859375,16.559999465942383,,52.02000045776367,26.719999313354492,374.6300048828125,,60.7400016784668
2020-03-11,38.18000030517578,,111.30999755859375,260.760009765625,58.65999984741211,120.86000061035156,270.6199951171875,,,,289.1600036621094,50.130001068115234,17.860000610351562,17.559999465942383,21.079999923706055,,812.2423706054688,16.440000534057617,,51.959999084472656,25.18000030517578,371.0,,60.58000183105469
2020-03-12,37.959999084472656,,102.98999786376953,239.42999267578125,54.220001220703125,99.4000015258789,244.88999938964844,,,,263.5400085449219,46.5,16.06999969482422,16.299999237060547,20.969999313354492,,812.2423706054688,15.430000305175781,,42.38999938964844,24.600000381469727,358.45001220703125,,57.395999908447266
2020-03-13,36.619998931884766,,106.36000061035156,240.19000244140625,54.810001373291016,103.58999633789062,257.760009765625,,,,255.44000244140625,47.4900016784668,17.899999618530273,16.350000381469727,20.860000610351562,,812.2423706054688,15.779999732971191,,49.40999984741211,25.0,362.45001220703125,,55.689998626708984
2020-03-16,35.66999816894531,,102.37000274658203,231.7100067138672,52.7400016784668,109.91000366210938,239.97000122070312,,,,264.42999267578125,45.59000015258789,17.3700008392334,15.539999961853027,24.90999984741211,,812.2423706054688,15.170000076293945,,45.91999816894531,25.0,347.3999938964844,,55.2599983215332
2020-03-17,34.83000183105469,,99.19999694824219,232.72000122070312,52.310001373291016,110.0,226.35000610351562,,,,265.0,45.93000030517578,17.84000015258789,15.630000114440918,20.8700008392334,,812.2423706054688,14.630000114440918,,48.84000015258789,22.989999771118164,342.989990234375,,52.89699935913086
2020-03-18,35.439998626708984,,96.08000183105469,222.2899932861328,48.4900016784668,94.98999786376953,210.1199951171875,,,,241.89999389648438,45.459999084472656,17.06999969482422,15.40999984741211,20.899999618530273,,812.234130859375,13.779999732971191,,48.869998931884766,23.8700008392334,335.0,,51.729000091552734
2020-03-19,35.209999084472656,,89.47000122070312,211.14999389648438,56.13999938964844,87.9800033569336,203.57000732421875,,,,215.99000549316406,44.04999923706055,16.1200008392334,14.550000190734863,20.780000686645508,,812.2423706054688,13.239999771118164,,45.97999954223633,23.0,336.0,,52.67499923706055
2020-03-20,36.11000061035156,,92.97000122070312,220.8699951171875,49.0,95.98999786376953,204.25,,,,229.99000549316406,46.70000076293945,15.880000114440918,15.670000076293945,20.729999542236328,,812.2423706054688,13.260000228881836,,48.0,24.75,324.29998779296875,,55.36199951171875
2020-03-23,35.02000045776367,,83.5199966430664,200.4199981689453,42.4900016784668,100.2699966430664,174.77999877929688,,,,229.39999389648438,44.75,14.949999809265137,14.010000228881836,20.719999313354492,,812.2423706054688,12.369999885559082,,44.900001525878906,21.40999984741211,319.3999938964844,,50.387001037597656
2020-03-24,36.38999938964844,,85.0,199.0500030517578,43.47999954223633,97.02999877929688,174.0500030517578,,,,234.72999572753906,44.7599983215332,14.8100004196167,13.90999984741211,19.229999542236328,,812.234130859375,12.819999694824219,,46.959999084472656,22.06999969482422,335.260009765625,,54.09299850463867
2020-03-25,36.9900016784668,,89.45999908447266,205.30999755859375,41.88999938964844,97.02999877929688,186.86000061035156,,,,234.8000030517578,46.279998779296875,15.350000381469727,13.630000114440918,21.790000915527344,,812.234130859375,12.899999618530273,,42.7599983215332,23.049999237060547,310.0,,57.380001068115234
2020-03-26,36.720001220703125,,92.68000030517578,213.27999877929688,47.06999969482422,97.45999908447266,197.88999938964844,,,,232.6999969482422,46.20000076293945,14.15999984741211,14.960000038146973,21.09000015258789,,812.234130859375,13.100000381469727,,42.560001373291016,21.559999465942383,335.0,,54.20800018310547
2020-03-27,38.16999816894531,,91.26000213623047,214.1999969482422,45.349998474121094,98.12999725341797,201.1999969482422,,,,241.99000549316406,46.5,14.920000076293945,15.460000038146973,20.850000381469727,,812.2423706054688,13.029999732971191,,44.18000030517578,22.0,352.2200012207031,,56.733001708984375
2020-03-30,39.7400016784668,,89.16999816894531,211.67999267578125,43.880001068115234,95.30000305175781,191.6199951171875,,,,255.24000549316406,45.369998931884766,14.989999771118164,15.430000305175781,21.020000457763672,,812.2423706054688,13.109999656677246,,43.95000076293945,26.399999618530273,344.0,,56.361000061035156
2020-03-31,38.209999084472656,,91.94000244140625,217.8800048828125,46.70000076293945,97.4000015258789,194.57000732421875,,,,243.0500030517578,47.33000183105469,14.670000076293945,16.059999465942383,20.969999313354492,,813.563232421875,12.609999656677246,,46.18000030517578,24.969999313354492,344.0,,58.888999938964844
2020-04-01,38.2400016784668,,89.3499984741211,218.6699981689453,48.36000061035156,97.12000274658203,187.02000427246094,,,,247.8000030517578,47.25,15.229999542236328,15.630000114440918,21.06999969482422,,813.563232421875,12.760000228881836,,45.619998931884766,22.989999771118164,343.29998779296875,,56.428001403808594
2020-04-03,38.790000915527344,,86.58999633789062,214.72999572753906,44.63999938964844,95.77999877929688,174.8300018310547,,,,250.39999389648438,46.58000183105469,15.100000381469727,15.75,20.920000076293945,,813.563232421875,12.609999656677246,,45.90999984741211,26.690000534057617,350.0,,57.06999969482422
2020-04-07,39.66999816894531,,92.41000366210938,227.61000061035156,45.41999816894531,92.9000015258789,192.1199951171875,,,,244.22999572753906,49.81999969482422,14.829999923706055,16.219999313354492,20.75,,813.5551147460938,12.869999885559082,,47.34000015258789,26.270000457763672,339.9800109863281,,61.20399856567383
2020-04-08,39.790000915527344,,92.81999969482422,233.25,46.869998931884766,100.29000091552734,191.27999877929688,,,,250.85000610351562,47.9900016784668,14.680000305175781,16.25,20.6200008392334,,813.563232421875,12.979999542236328,,48.790000915527344,25.549999237060547,340.0,,60.46200180053711
2020-04-09,40.790000915527344,,96.2300033569336,239.02999877929688,48.790000915527344,105.0,198.5800018310547,,,,260.8699951171875,48.77000045776367,14.989999771118164,16.75,20.780000686645508,,813.563232421875,14.039999961853027,,48.779998779296875,26.270000457763672,339.0,,61.85599899291992
2020-04-13,42.4900016784668,,95.62000274658203,236.77000427246094,47.189998626708984,97.9000015258789,196.44000244140625,,,,256.739990234375,48.540000915527344,15.039999961853027,16.739999771118164,20.719999313354492,,813.563232421875,13.390000343322754,,48.630001068115234,25.950000762939453,335.989990234375,,61.21500015258789
2020-04-15,42.66999816894531,,95.19999694824219,243.75999450683594,48.54999923706055,99.9800033569336,191.35000610351562,,,,262.17999267578125,50.9900016784668,15.130000114440918,16.940000534057617,20.780000686645508,,813.563232421875,13.859999656677246,,50.0099983215332,24.25,335.0,,63.71500015258789
2020-04-16,43.2599983215332,,95.68000030517578,242.7899932861328,49.11000061035156,100.0,195.47999572753906,,,,266.8699951171875,50.779998779296875,15.0,17.270000457763672,20.739999771118164,,813.5551147460938,13.600000381469727,,48.88999938964844,24.610000610351562,326.739990234375,,65.47899627685547
2020-04-17,42.470001220703125,,98.20999908447266,247.1199951171875,49.70000076293945,100.44000244140625,210.32000732421875,,,,272.45001220703125,51.349998474121094,15.020000457763672,17.59000015258789,20.610000610351562,,813.5878295898438,13.84000015258789,,49.41999816894531,25.040000915527344,340.3699951171875,,67.30500030517578
2020-04-20,41.54999923706055,,97.98999786376953,243.94000244140625,51.349998474121094,98.5,206.89999389648438,,,,271.95001220703125,54.06999969482422,15.399999618530273,17.200000762939453,21.209999084472656,,813.563232421875,13.970000267028809,,49.45000076293945,25.530000686645508,347.69000244140625,,66.09700012207031
2020-04-21,42.04999923706055,,95.5999984741211,241.0500030517578,49.15999984741211,97.95999908447266,198.22999572753906,,,,266.0299987792969,54.599998474121094,14.869999885559082,16.690000534057617,21.25,,813.563232421875,13.6899995803833,,47.13999938964844,25.040000915527344,331.9700012207031,,65.86599731445312
2020-04-22,42.61000061035156,,97.37999725341797,242.83999633789062,48.77000045776367,95.98999786376953,199.17999267578125,,,,273.79998779296875,53.470001220703125,14.5600004196167,16.579999923706055,21.190000534057617,,813.5551147460938,13.850000381469727,,48.040000915527344,24.559999465942383,349.8800048828125,,64.13099670410156
2020-04-23,42.61000061035156,,98.62000274658203,244.3699951171875,49.95000076293945,96.66000366210938,203.52999877929688,,,,272.5,52.380001068115234,14.670000076293945,16.579999923706055,21.200000762939453,,813.563232421875,13.720000267028809,,48.40999984741211,24.389999389648438,346.3399963378906,,64.6449966430664
2020-04-24,42.689998626708984,,97.0999984741211,241.0399932861328,49.45000076293945,96.06999969482422,196.89999389648438,,,,272.5,52.20000076293945,14.029999732971191,16.34000015258789,21.3799991607666,,813.563232421875,13.5,,48.689998626708984,25.489999771118164,341.9599914550781,,64.41100311279297
2020-04-27,42.560001373291016,,98.43000030517578,243.57000732421875,50.88999938964844,96.69999694824219,201.60000610351562,,,,271.29998779296875,53.2599983215332,14.09000015258789,16.309999465942383,21.15999984741211,,813.5551147460938,13.489999771118164,,49.529998779296875,25.290000915527344,348.3999938964844,,66.4800033569336
2020-04-28,42.68000030517578,,99.3499984741211,243.6199951171875,50.290000915527344,98.0,207.10000610351562,,,,275.5299987792969,53.0,14.199999809265137,16.15999984741211,21.1299991607666,,813.5551147460938,13.680000305175781,,48.47999954223633,26.09000015258789,354.95001220703125,,66.82599639892578
2020-04-29,42.369998931884766,,101.12000274658203,246.58999633789062,50.5,97.87000274658203,211.86000061035156,,,,274.2099914550781,52.88999938964844,14.449999809265137,16.40999984741211,21.25,,813.563232421875,13.899999618530273,,49.650001525878906,25.190000534057617,353.0,,65.52899932861328
2020-04-30,42.56999969482422,,104.18000030517578,250.47000122070312,51.790000915527344,100.5,215.3300018310547,,,,285.92999267578125,52.47999954223633,14.609999656677246,17.25,21.309999465942383,,814.77294921875,14.15999984741211,,50.79999923706055,25.790000915527344,360.0,,66.72599792480469
2020-05-04,42.72999954223633,,98.80000305175781,240.3000030517578,50.13999938964844,100.63999938964844,199.1999969482422,,,,274.989990234375,51.79999923706055,13.8100004196167,16.719999313354492,21.479999542236328,,814.77294921875,13.75,,48.63999938964844,24.520000457763672,347.4800109863281,,64.09500122070312
2020-05-05,41.540000915527344,,97.6500015258789,239.89999389648438,49.790000915527344,105.0,195.1199951171875,,,,276.6099853515625,51.68000030517578,13.6899995803833,16.809999465942383,21.459999084472656,,814.77294921875,13.579999923706055,,48.4900016784668,25.25,359.95001220703125,,65.7699966430664
2020-05-06,41.36000061035156,,98.5,238.47000122070312,49.11000061035156,104.0,199.27999877929688,,,,277.6199951171875,52.13999938964844,13.270000457763672,16.799999237060547,21.56999969482422,,814.77294921875,13.670000076293945,,48.40999984741211,26.0,343.0,,66.66999816894531
2020-05-07,41.060001373291016,,97.5999984741211,238.1199951171875,49.709999084472656,102.0,197.25,,,,267.6700134277344,51.720001220703125,13.25,16.489999771118164,21.5,,814.77294921875,13.75,,46.959999084472656,25.149999618530273,347.5,,67.88300323486328
2020-05-08,41.5099983215332,,98.12000274658203,239.91000366210938,49.439998626708984,102.26000213623047,195.3000030517578,,,,279.8399963378906,52.97999954223633,12.989999771118164,16.06999969482422,21.93000030517578,,814.77294921875,13.579999923706055,,47.709999084472656,25.100000381469727,357.0,,68.08499908447266
2020-05-11,41.16999816894531,,98.20999908447266,242.13999938964844,49.540000915527344,100.58000183105469,191.4199981689453,,,,281.0,52.720001220703125,12.829999923706055,16.1200008392334,21.700000762939453,,814.7647094726562,13.640000343322754,,48.09000015258789,24.25,354.0,,68.40399932861328
2020-05-12,41.2400016784668,,97.95999908447266,241.66000366210938,49.27000045776367,104.75,190.27000427246094,,,,281.44000244140625,52.0,12.850000381469727,16.190000534057617,21.920000076293945,,814.77294921875,13.789999961853027,,48.95000076293945,24.59000015258789,357.6499938964844,,68.91000366210938
2020-05-13,40.970001220703125,,99.69000244140625,243.55999755859375,50.2400016784668,102.43000030517578,197.77999877929688,,,,287.4599914550781,53.31999969482422,13.770000457763672,16.65999984741211,21.600000381469727,,814.7647094726562,13.75,,48.560001373291016,25.1200008392334,363.6499938964844,,67.86900329589844
2020-05-14,41.4900016784668,,97.41999816894531,244.80999755859375,50.0,103.94000244140625,192.4199981689453,,,,280.0,53.369998931884766,13.420000076293945,16.270000457763672,21.540000915527344,,814.77294921875,13.729999542236328,,48.0,24.549999237060547,356.0,,66.89399719238281
2020-05-15,41.79999923706055,,97.08000183105469,242.89999389648438,50.040000915527344,101.2300033569336,190.0500030517578,,,,282.1300048828125,48.029998779296875,13.180000305175781,16.329999923706055,21.59000015258789,,814.77294921875,13.65999984741211,,47.77000045776367,24.059999465942383,355.6199951171875,,67.95600128173828
2020-05-18,42.540000915527344,,93.93000030517578,236.16000366210938,48.79999923706055,103.62000274658203,177.6300048828125,,,,272.7799987792969,47.36000061035156,12.350000381469727,15.760000228881836,21.670000076293945,,814.77294921875,13.279999732971191,,47.59000015258789,24.399999618530273,351.0,,69.51599884033203
2020-05-19,41.369998931884766,,94.33999633789062,235.94000244140625,48.09000015258789,96.26000213623047,175.8699951171875,,,,276.32000732421875,46.220001220703125,12.079999923706055,16.040000915527344,21.68000030517578,,814.77294921875,13.529999732971191,,48.0,23.6299991607666,348.1000061035156,,69.28500366210938
2020-05-20,41.880001068115234,,96.25,240.47000122070312,48.70000076293945,98.93000030517578,179.0399932861328,,,,281.8500061035156,46.290000915527344,12.0600004196167,16.200000762939453,21.739999771118164,,814.7647094726562,13.449999809265137,,48.790000915527344,24.0,355.3999938964844,,70.02799987792969
2020-05-21,41.43000030517578,,96.69000244140625,242.80999755859375,49.0,99.87999725341797,178.27000427246094,,,,279.17999267578125,47.63999938964844,12.140000343322754,16.09000015258789,21.729999542236328,,814.77294921875,13.569999694824219,,48.650001525878906,23.690000534057617,360.3299865722656,,69.83999633789062
2020-05-22,41.650001525878906,,96.11000061035156,240.86000061035156,48.58000183105469,99.55999755859375,173.75999450683594,,,,278.42999267578125,46.40999984741211,12.0600004196167,16.010000228881836,21.969999313354492,,814.7647094726562,13.739999771118164,,49.0099983215332,24.489999771118164,345.3999938964844,,69.28399658203125
2020-05-26,41.20000076293945,,96.20999908447266,242.86000061035156,49.0,102.20999908447266,175.82000732421875,,,,280.3399963378906,47.439998626708984,12.029999732971191,16.299999237060547,21.75,,814.77294921875,13.760000228881836,,50.0,23.920000076293945,350.0,,71.19300079345703
2020-05-27,40.650001525878906,,98.5999984741211,241.4499969482422,49.209999084472656,100.94000244140625,187.7899932861328,,,,283.5899963378906,47.34000015258789,12.369999885559082,16.479999542236328,21.8799991607666,,814.7647094726562,13.609999656677246,,49.84000015258789,24.030000686645508,340.0,,70.4469985961914
2020-05-28,41.189998626708984,,100.37000274658203,245.10000610351562,50.47999954223633,100.72000122070312,192.2100067138672,,,,288.8699951171875,47.95000076293945,12.390000343322754,16.729999542236328,21.850000381469727,,814.77294921875,13.739999771118164,,50.060001373291016,23.780000686645508,343.0,,70.23100280761719
2020-05-29,40.9900016784668,,101.37999725341797,251.7899932861328,51.36000061035156,101.7300033569336,193.67999267578125,,,,292.29998779296875,48.4900016784668,12.350000381469727,17.219999313354492,21.989999771118164,,816.2669677734375,14.010000228881836,,50.720001220703125,24.799999237060547,345.0,,69.39900207519531
2020-06-01,41.209999084472656,,104.41999816894531,254.16000366210938,52.119998931884766,104.5199966430664,200.52999877929688,,,,297.05999755859375,50.27000045776367,13.34000015258789,17.5,21.770000457763672,,816.2669677734375,14.460000038146973,,51.939998626708984,25.59000015258789,342.0,,70.14099884033203
2020-06-02,41.18000030517578,,105.88999938964844,256.6300048828125,53.529998779296875,104.33000183105469,206.39999389648438,,,,300.1600036621094,47.95000076293945,13.489999771118164,17.489999771118164,21.649999618530273,,816.2590942382812,14.710000038146973,,51.880001068115234,25.469999313354492,340.0,,70.91100311279297
2020-06-03,40.880001068115234,,106.36000061035156,259.1000061035156,53.16999816894531,105.66999816894531,210.6699981689453,,,,303.8999938964844,49.7400016784668,14.1899995803833,17.579999923706055,21.6200008392334,,816.2669677734375,14.729999542236328,,51.779998779296875,25.389999389648438,346.4100036621094,,71.53399658203125
2020-06-04,40.810001373291016,,106.2699966430664,258.25,53.31999969482422,110.7699966430664,205.39999389648438,,,,305.6099853515625,50.54999923706055,14.229999542236328,17.600000381469727,21.719999313354492,,816.2590942382812,14.5,,52.630001068115234,25.5,347.0,,71.8030014038086
2020-06-05,41.189998626708984,,107.66000366210938,263.5299987792969,54.0,107.87000274658203,211.9600067138672,,,,308.8999938964844,50.709999084472656,15.210000038146973,18.040000915527344,21.690000534057617,,816.2590942382812,14.75,,52.65999984741211,26.399999618530273,354.5,,72.00499725341797
2020-06-08,40.650001525878906,,108.0999984741211,264.2099914550781,54.029998779296875,113.83999633789062,214.02000427246094,,,,309.0899963378906,50.90999984741211,15.109999656677246,18.3700008392334,21.649999618530273,,816.2669677734375,14.989999771118164,,53.599998474121094,25.559999465942383,354.8599853515625,,73.03299713134766
2020-06-09,41.0,,106.8499984741211,263.0299987792969,53.79999923706055,113.61000061035156,208.55999755859375,,,,305.4100036621094,50.06999969482422,14.869999885559082,18.209999084472656,21.639999389648438,,816.2669677734375,14.960000038146973,,53.34000015258789,25.75,361.20001220703125,,72.89099884033203
2020-06-10,41.209999084472656,,107.5199966430664,263.6600036621094,54.380001068115234,114.58999633789062,213.17999267578125,,,,308.92999267578125,50.61000061035156,15.289999961853027,18.010000228881836,21.59000015258789,,816.2669677734375,15.140000343322754,,52.9900016784668,26.59000015258789,363.30999755859375,,74.44499969482422
2020-06-11,41.72999954223633,,105.30000305175781,259.0199890136719,54.0099983215332,108.7699966430664,206.77000427246094,,,,301.25,49.5,14.800000190734863,17.81999969482422,21.709999084472656,,816.2669677734375,15.079999923706055,,53.16999816894531,26.559999465942383,355.25,,73.96900177001953
2020-06-12,41.79999923706055,,105.72000122070312,260.7900085449219,55.279998779296875,112.05000305175781,207.74000549316406,,,,300.010009765625,50.29999923706055,14.8100004196167,17.610000610351562,21.6200008392334,,816.2669677734375,15.100000381469727,,52.630001068115234,26.549999237060547,359.2900085449219,,72.55699920654297
2020-06-15,41.40999984741211,,104.51000213623047,259.1400146484375,54.0,113.61000061035156,200.74000549316406,,,,300.9100036621094,49.959999084472656,15.119999885559082,17.270000457763672,21.700000762939453,,816.2669677734375,15.130000114440918,,52.59000015258789,26.3799991607666,354.7900085449219,,71.20600128173828
2020-06-16,41.849998474121094,,105.20999908447266,259.260009765625,54.560001373291016,115.5199966430664,203.88999938964844,,,,300.239990234375,49.72999954223633,14.90999984741211,17.170000076293945,21.649999618530273,,816.2669677734375,15.180000305175781,,52.029998779296875,26.25,351.1000061035156,,73.33499908447266
2020-06-17,41.650001525878906,,104.91999816894531,260.45001220703125,54.2599983215332,114.41000366210938,202.94000244140625,,,,304.25,49.130001068115234,14.899999618530273,17.06999969482422,21.68000030517578,,816.2590942382812,15.180000305175781,,51.130001068115234,25.649999618530273,353.04998779296875,,74.33300018310547
2020-06-18,41.84000015258789,,106.97000122070312,260.2900085449219,54.959999084472656,112.0199966430664,210.97000122070312,,,,303.57000732421875,49.0099983215332,15.229999542236328,17.440000534057617,21.700000762939453,,816.2590942382812,15.319999694824219,,52.13999938964844,26.34000015258789,358.8999938964844,,74.97000122070312
2020-06-19,41.7400016784668,,108.79000091552734,263.3900146484375,,121.52999877929688,215.07000732421875,,,,312.19000244140625,,15.520000457763672,17.739999771118164,,,816.2669677734375,15.420000076293945,,51.4900016784668,,356.8999938964844,,75.59100341796875
2020-06-22,42.290000915527344,,109.55999755859375,267.6400146484375,58.02000045776367,111.7699966430664,218.5,,,,318.94000244140625,49.75,16.149999618530273,18.139999389648438,21.770000457763672,,816.2669677734375,15.59000015258789,,51.810001373291016,26.299999237060547,353.5,,75.46299743652344
2020-06-23,42.220001220703125,,111.0,272.5400085449219,57.5,113.5199966430664,224.5800018310547,,,,319.3800048828125,50.349998474121094,16.68000030517578,18.610000610351562,21.719999313354492,,816.2590942382812,15.6899995803833,,52.68000030517578,25.350000381469727,357.6300048828125,,75.86699676513672
2020-06-24,42.70000076293945,,109.52999877929688,270.5,57.189998626708984,112.12000274658203,215.85000610351562,,,,315.0299987792969,51.72999954223633,16.739999771118164,18.18000030517578,21.739999771118164,,816.2669677734375,15.390000343322754,,52.310001373291016,26.350000381469727,356.0199890136719,,75.55500030517578
2020-06-25,42.310001373291016,,109.05000305175781,270.82000732421875,57.209999084472656,116.81999969482422,216.3000030517578,,,,315.3800048828125,51.0,16.389999389648438,17.979999542236328,21.739999771118164,,816.2669677734375,15.5,,51.869998931884766,26.389999389648438,357.05999755859375,,74.40399932861328
2020-06-26,42.33000183105469,,110.23999786376953,270.0400085449219,57.70000076293945,113.22000122070312,216.82000732421875,,,,307.17999267578125,51.220001220703125,16.68000030517578,18.149999618530273,21.739999771118164,,816.2669677734375,15.539999961853027,,53.84000015258789,26.75,357.7699890136719,,75.05799865722656
2020-06-29,42.4900016784668,,109.73999786376953,269.29998779296875,56.630001068115234,112.83000183105469,215.30999755859375,,,,312.9800109863281,51.189998626708984,16.020000457763672,17.770000457763672,21.770000457763672,,816.2590942382812,15.289999961853027,,53.290000915527344,26.06999969482422,352.0,,73.10800170898438
2020-06-30,42.61000061035156,,109.5199966430664,268.8299865722656,56.630001068115234,111.30999755859375,215.41000366210938,14.759300231933594,,,312.3900146484375,51.18000030517578,15.65999984741211,17.68000030517578,21.729999542236328,,817.7864379882812,15.359999656677246,,53.52000045776367,26.299999237060547,352.1000061035156,,73.8949966430664
2020-07-01,43.0,,111.04000091552734,269.4200134277344,55.84000015258789,114.0,221.24000549316406,14.736800193786621,,,312.0,50.939998626708984,16.170000076293945,17.59000015258789,21.850000381469727,,817.7864379882812,15.5600004196167,,53.279998779296875,26.899999618530273,356.0,,75.43099975585938
2020-07-02,42.2400016784668,,112.0999984741211,271.1499938964844,57.11000061035156,113.2300033569336,221.50999450683594,15.141799926757812,,,315.3900146484375,51.79999923706055,16.149999618530273,17.709999084472656,21.809999465942383,,817.7864379882812,15.619999885559082,,54.29999923706055,26.989999771118164,350.9599914550781,,76.09500122070312
2020-07-03,42.20000076293945,,112.51000213623047,272.29998779296875,,113.69999694824219,220.4600067138672,15.303199768066406,,,318.9599914550781,,15.920000076293945,17.90999984741211,,,817.7864379882812,15.59000015258789,,54.27000045776367,,357.8999938964844,,76.2959976196289
2020-07-06,42.27000045776367,,114.27999877929688,273.2799987792969,58.720001220703125,115.88999938964844,223.6699981689453,15.482600212097168,,,321.32000732421875,52.5,16.219999313354492,18.149999618530273,21.940000534057617,,817.778076171875,15.970000267028809,,55.470001220703125,27.200000762939453,357.0299987792969,,76.77899932861328
2020-07-07,42.41999816894531,,114.6500015258789,275.57000732421875,58.66999816894531,115.0,227.35000610351562,15.79889965057373,,,320.70001220703125,52.22999954223633,16.209999084472656,17.829999923706055,21.899999618530273,,817.7864379882812,15.989999771118164,,54.880001068115234,27.329999923706055,355.0400085449219,,77.51399993896484
2020-07-08,43.0099983215332,,113.8499984741211,273.5400085449219,58.86000061035156,113.6500015258789,228.5,15.530500411987305,,,318.5,51.349998474121094,16.770000457763672,17.760000228881836,21.950000762939453,,817.7864379882812,16.020000457763672,,54.790000915527344,27.829999923706055,352.1000061035156,,77.36699676513672
2020-07-09,43.33000183105469,,115.06999969482422,273.4599914550781,58.63999938964844,113.97000122070312,231.08999633789062,15.55679988861084,,,312.489990234375,52.599998474121094,16.93000030517578,17.579999923706055,21.959999084472656,,817.7864379882812,15.989999771118164,,55.0,25.479999542236328,350.239990234375,,78.61299896240234
2020-07-10,43.20000076293945,,114.37999725341797,274.2699890136719,58.56999969482422,111.04000091552734,226.0399932861328,15.585599899291992,,,316.989990234375,52.29999923706055,16.399999618530273,17.450000762939453,22.040000915527344,,817.7864379882812,15.90999984741211,,54.349998474121094,27.020000457763672,346.4800109863281,,79.19200134277344
2020-07-13,43.2599983215332,,114.86000061035156,273.2900085449219,58.189998626708984,112.12000274658203,222.50999450683594,15.836400032043457,,,316.4100036621094,52.9900016784668,16.170000076293945,17.3700008392334,22.040000915527344,,817.7864379882812,15.9399995803833,,55.599998474121094,27.18000030517578,347.3800048828125,,80.39800262451172
2020-07-14,43.119998931884766,,112.93000030517578,271.760009765625,57.63999938964844,110.19000244140625,215.38999938964844,15.659700393676758,,,319.9800109863281,52.70000076293945,15.649999618530273,17.020000457763672,22.0,,817.7864379882812,15.609999656677246,,54.150001525878906,26.600000381469727,351.6400146484375,,79.03900146484375
2020-07-15,43.220001220703125,,112.97000122070312,269.7900085449219,56.83000183105469,113.7300033569336,214.13999938964844,16.46980094909668,,,314.2200012207031,53.0,15.449999809265137,16.889999389648438,21.940000534057617,,817.7864379882812,15.779999732971191,,55.88999938964844,27.790000915527344,350.8399963378906,,79.29499816894531
2020-07-16,43.119998931884766,,114.08000183105469,270.1199951171875,57.20000076293945,112.98999786376953,216.6699981689453,16.940799713134766,,,314.4200134277344,52.5,15.510000228881836,16.75,21.959999084472656,,817.7864379882812,15.539999961853027,,56.130001068115234,27.809999465942383,351.54998779296875,,78.17500305175781
2020-07-17,42.880001068115234,,115.80999755859375,275.0899963378906,57.91999816894531,110.98999786376953,220.6999969482422,16.837499618530273,,,319.0,52.4900016784668,15.739999771118164,17.329999923706055,21.989999771118164,,817.7864379882812,15.789999961853027,,57.20000076293945,27.889999389648438,350.5400085449219,,79.01399993896484
2020-07-20,43.06999969482422,,117.05999755859375,276.2200012207031,58.5099983215332,112.83000183105469,224.38999938964844,17.269899368286133,,,316.0,52.060001373291016,15.869999885559082,17.219999313354492,22.020000457763672,,817.778076171875,15.979999542236328,,57.369998931884766,28.270000457763672,349.5,,78.59500122070312
2020-07-21,43.2599983215332,,118.54000091552734,276.70001220703125,58.90999984741211,115.81999969482422,229.32000732421875,17.284900665283203,,,322.3299865722656,52.400001525878906,16.1200008392334,17.600000381469727,23.270000457763672,,817.7864379882812,16.06999969482422,,58.72999954223633,28.020000457763672,351.0,,80.81800079345703
2020-07-22,43.880001068115234,,118.11000061035156,276.4200134277344,58.939998626708984,115.52999877929688,229.72000122070312,17.088899612426758,,,322.05999755859375,52.0099983215332,15.90999984741211,17.84000015258789,22.540000915527344,,817.778076171875,15.859999656677246,,57.540000915527344,28.260000228881836,350.9800109863281,,79.30500030517578
2020-07-23,44.5,,119.08000183105469,278.510009765625,58.84000015258789,114.80000305175781,231.99000549316406,17.0762996673584,,,324.2799987792969,52.5,16.059999465942383,17.93000030517578,22.079999923706055,,817.778076171875,16.219999313354492,,57.439998626708984,28.719999313354492,353.5299987792969,,80.28500366210938
2020-07-24,44.91999816894531,,118.98999786376953,275.5799865722656,59.04999923706055,115.5,227.74000549316406,17.31559944152832,,,321.1499938964844,53.310001373291016,15.800000190734863,17.75,22.06999969482422,,817.7864379882812,16.100000381469727,,57.18000030517578,27.889999389648438,351.1700134277344,,77.58100128173828
2020-07-27,46.45000076293945,,118.38999938964844,272.04998779296875,58.400001525878906,112.43000030517578,220.1199951171875,17.65399932861328,,,320.010009765625,52.939998626708984,15.399999618530273,17.559999465942383,21.989999771118164,,817.778076171875,16.09000015258789,,58.29999923706055,27.530000686645508,346.5299987792969,,77.58799743652344
2020-07-28,46.0099983215332,,120.0199966430664,274.8500061035156,58.47999954223633,114.01000213623047,222.6699981689453,18.067699432373047,,,325.6499938964844,52.63999938964844,15.260000228881836,17.559999465942383,21.989999771118164,,817.778076171875,16.020000457763672,,58.29999923706055,28.5,352.0,,78.70500183105469
2020-07-29,46.52000045776367,,119.26000213623047,275.3399963378906,59.189998626708984,116.58000183105469,222.13999938964844,17.906200408935547,,,330.0299987792969,52.779998779296875,15.59000015258789,17.59000015258789,21.979999542236328,,817.7864379882812,16.34000015258789,,58.41999816894531,28.540000915527344,351.7200012207031,,77.5510025024414
2020-07-30,46.54999923706055,,117.95999908447266,276.69000244140625,58.63999938964844,112.55000305175781,217.38999938964844,18.028799057006836,,,316.70001220703125,52.790000915527344,15.390000343322754,17.309999465942383,22.049999237060547,,817.7864379882812,16.1299991607666,,58.060001373291016,28.579999923706055,350.75,,77.58300018310547
2020-07-31,47.13999938964844,,118.0199966430664,279.6600036621094,58.66999816894531,114.12999725341797,217.88999938964844,18.096900939941406,,,323.70001220703125,53.09000015258789,15.489999771118164,17.299999237060547,21.969999313354492,,819.4692993164062,16.299999237060547,,58.970001220703125,27.81999969482422,347.6400146484375,,79.64099884033203
2020-08-03,47.290000915527344,,116.16999816894531,279.70001220703125,59.13999938964844,114.94999694824219,212.6199951171875,17.991600036621094,,,320.8599853515625,51.84000015258789,15.59000015258789,17.190000534057617,22.030000686645508,,819.4608154296875,16.290000915527344,,58.75,28.049999237060547,345.2099914550781,,80.53700256347656
2020-08-04,47.2599983215332,,118.0,280.70001220703125,59.470001220703125,112.95999908447266,215.97000122070312,17.83449935913086,,,326.25,52.97999954223633,15.579999923706055,17.200000762939453,22.030000686645508,,819.4692993164062,16.229999542236328,,58.16999816894531,28.200000762939453,346.0,,81.27200317382812
2020-08-05,48.5099983215332,,118.02999877929688,280.25,59.72999954223633,115.94999694824219,216.08999633789062,17.895700454711914,,,326.95001220703125,52.86000061035156,15.600000381469727,17.200000762939453,21.989999771118164,,819.4692993164062,16.59000015258789,,58.41999816894531,28.200000762939453,343.1300048828125,,81.37999725341797
2020-08-06,48.900001525878906,,119.0199966430664,282.510009765625,60.45000076293945,116.11000061035156,217.22000122070312,18.212799072265625,,,328.95001220703125,53.47999954223633,15.539999961853027,17.270000457763672,22.0,,819.4608154296875,16.510000228881836,,58.849998474121094,28.719999313354492,349.760009765625,,81.54199981689453
2020-08-07,49.16999816894531,,119.3499984741211,283.989990234375,61.41999816894531,116.72000122070312,218.2100067138672,18.029300689697266,,,327.94000244140625,53.540000915527344,15.699999809265137,17.34000015258789,21.940000534057617,,819.4608154296875,16.760000228881836,,58.560001373291016,28.700000762939453,350.0,,82.7030029296875
2020-08-10,48.400001525878906,,119.97000122070312,287.94000244140625,62.720001220703125,116.69999694824219,220.0500030517578,18.183799743652344,,,330.29998779296875,53.119998931884766,15.770000457763672,17.65999984741211,21.90999984741211,,819.4692993164062,17.049999237060547,,58.93000030517578,28.690000534057617,350.79998779296875,,82.0979995727539
2020-08-11,47.29999923706055,,120.44000244140625,286.5400085449219,62.34000015258789,115.91000366210938,224.0399932861328,18.082000732421875,,,329.0199890136719,53.470001220703125,15.6899995803833,17.6299991607666,21.920000076293945,,819.4692993164062,17.15999984741211,,59.4900016784668,28.110000610351562,349.0899963378906,,81.41000366210938
2020-08-12,45.68000030517578,,120.33000183105469,284.9200134277344,62.16999816894531,115.2300033569336,224.32000732421875,18.090900421142578,,,331.79998779296875,53.220001220703125,16.280000686645508,17.709999084472656,22.0,,819.4692993164062,17.1200008392334,,59.36000061035156,28.5,350.20001220703125,,80.96199798583984
2020-08-13,45.9900016784668,,120.48999786376953,287.9700012207031,62.689998626708984,115.2699966430664,223.16000366210938,18.131900787353516,,,331.2900085449219,54.150001525878906,16.1299991607666,17.8799991607666,21.959999084472656,,819.4608154296875,17.260000228881836,,59.33000183105469,28.709999084472656,348.1000061035156,,82.03900146484375
2020-08-14,46.31999969482422,,119.26000213623047,286.07000732421875,62.2599983215332,115.44999694824219,217.85000610351562,18.047300338745117,,,331.79998779296875,54.34000015258789,15.729999542236328,17.829999923706055,21.969999313354492,,819.4692993164062,17.309999465942383,,59.369998931884766,28.639999389648438,346.8999938964844,,82.08499908447266
2020-08-17,46.150001525878906,,119.87999725341797,285.92999267578125,62.540000915527344,117.0,218.66000366210938,18.247600555419922,,,330.0,53.540000915527344,15.600000381469727,18.360000610351562,21.950000762939453,,819.4608154296875,17.209999084472656,,59.86000061035156,28.510000228881836,349.510009765625,,82.65699768066406
2020-08-18,47.310001373291016,,120.97000122070312,289.6199951171875,63.25,117.37999725341797,223.3699951171875,18.294200897216797,,,335.0,54.439998626708984,15.729999542236328,18.399999618530273,21.959999084472656,,819.4608154296875,17.540000915527344,,59.9900016784668,28.75,347.1400146484375,,83.2699966430664
2020-08-19,46.880001068115234,,121.12999725341797,289.4100036621094,63.959999084472656,118.37000274658203,224.1699981689453,18.234699249267578,,,334.4700012207031,54.02000045776367,16.139999389648438,18.399999618530273,21.8799991607666,,819.4608154296875,17.729999542236328,,59.650001525878906,29.299999237060547,342.7099914550781,,83.8280029296875
2020-08-20,45.68000030517578,,120.41999816894531,288.2699890136719,64.31999969482422,118.19999694824219,221.13999938964844,18.149999618530273,,,336.45001220703125,54.290000915527344,16.049999237060547,18.979999542236328,21.899999618530273,,819.4692993164062,17.6200008392334,,59.43000030517578,28.540000915527344,348.239990234375,,82.802001953125
2020-08-21,45.720001220703125,,121.11000061035156,289.4700012207031,64.93000030517578,119.6500015258789,223.9499969482422,18.08919906616211,,,336.3800048828125,54.540000915527344,16.450000762939453,19.299999237060547,21.799999237060547,,819.4692993164062,17.889999389648438,,60.4900016784668,29.100000381469727,346.0,,84.97699737548828
2020-08-24,45.5,,122.0,289.2300109863281,65.68000030517578,120.58999633789062,229.30999755859375,18.03459930419922,,,331.0,54.65999984741211,16.350000381469727,19.209999084472656,21.559999465942383,,819.4608154296875,18.09000015258789,,60.880001068115234,29.760000228881836,347.5,,85.09300231933594
2020-08-25,44.93000030517578,,121.93000030517578,290.5899963378906,65.30999755859375,120.69000244140625,231.99000549316406,17.997400283813477,,,337.0,54.9900016784668,16.739999771118164,19.049999237060547,21.600000381469727,,819.4692993164062,18.18000030517578,,60.9900016784668,29.850000381469727,347.04998779296875,,84.87799835205078
2020-08-26,44.79999923706055,,122.75,290.6400146484375,66.19000244140625,119.5,235.63999938964844,18.15130043029785,,,337.6300048828125,55.63999938964844,16.610000610351562,19.110000610351562,21.559999465942383,,819.4692993164062,18.190000534057617,,59.68000030517578,29.440000534057617,347.0,,86.31400299072266
2020-08-27,45.04999923706055,,122.91000366210938,291.75,65.87999725341797,120.1500015258789,237.35000610351562,18.125900268554688,,,338.0299987792969,56.0,16.709999084472656,18.989999771118164,21.559999465942383,,819.4692993164062,18.239999771118164,,60.060001373291016,29.8799991607666,346.8999938964844,,87.49299621582031
2020-08-28,45.099998474121094,,124.04000091552734,292.8599853515625,66.68000030517578,119.25,247.24000549316406,18.145200729370117,,,339.0,55.54999923706055,17.479999542236328,19.049999237060547,21.639999389648438,,819.4692993164062,18.06999969482422,,60.4900016784668,29.520000457763672,345.0,,86.03099822998047
2020-08-31,45.34000015258789,,121.02999877929688,281.9700012207031,64.62000274658203,120.5,239.57000732421875,17.95159912109375,,,326.75,54.29999923706055,16.799999237060547,18.56999969482422,21.610000610351562,,820.8385009765625,17.559999465942383,,59.599998474121094,29.239999771118164,344.5299987792969,,87.21900177001953
2020-09-01,45.459999084472656,,122.1500015258789,283.0400085449219,64.41000366210938,122.98999786376953,239.97999572753906,17.836599349975586,,,332.4800109863281,54.11000061035156,16.690000534057617,18.479999542236328,21.850000381469727,,820.8385009765625,17.530000686645508,,59.790000915527344,28.75,344.0,,87.57499694824219
2020-09-02,45.0,,122.75,287.42999267578125,65.4800033569336,121.54000091552734,240.64999389648438,18.099700927734375,,,341.0400085449219,55.20000076293945,16.719999313354492,18.719999313354492,21.889999389648438,,820.8385009765625,17.690000534057617,,59.79999923706055,28.75,344.0,,89.05899810791016
2020-09-03,44.439998626708984,,122.7300033569336,288.7300109863281,66.16000366210938,123.51000213623047,237.1199951171875,18.371400833129883,,,337.44000244140625,55.18000030517578,16.56999969482422,18.520000457763672,21.920000076293945,,820.8385009765625,17.93000030517578,,60.20000076293945,28.209999084472656,345.0,,89.45899963378906
2020-09-04,44.720001220703125,,121.12000274658203,282.510009765625,65.08000183105469,119.5,231.89999389648438,18.096500396728516,,,335.54998779296875,53.95000076293945,16.110000610351562,18.200000762939453,21.920000076293945,,820.8385009765625,17.6299991607666,,59.70000076293945,29.09000015258789,342.9100036621094,,84.86100006103516
2020-09-07,44.75,,121.2699966430664,281.92999267578125,64.81999969482422,120.9000015258789,231.3699951171875,18.198999404907227,,,328.44000244140625,54.400001525878906,16.09000015258789,17.989999771118164,21.899999618530273,,820.8466796875,17.459999084472656,,59.52000045776367,29.0,342.7200012207031,,83.34600067138672
2020-09-08,44.81999969482422,,120.8499984741211,279.5400085449219,64.05999755859375,119.29000091552734,229.00999450683594,18.418500900268555,,,326.30999755859375,54.9900016784668,15.850000381469727,17.700000762939453,21.780000686645508,,820.8466796875,17.389999389648438,,59.68000030517578,28.950000762939453,342.0,,83.47699737548828
2020-09-09,44.939998626708984,,120.33999633789062,279.70001220703125,63.290000915527344,113.8499984741211,224.24000549316406,18.284299850463867,,,323.6000061035156,53.189998626708984,15.329999923706055,17.479999542236328,21.90999984741211,,820.8466796875,17.239999771118164,,59.400001525878906,28.450000762939453,341.989990234375,,82.44200134277344
2020-09-10,45.220001220703125,,121.94000244140625,282.1000061035156,63.97999954223633,115.0,226.36000061035156,18.41900062561035,,,331.8599853515625,54.0,15.630000114440918,17.559999465942383,21.809999465942383,,820.8385009765625,17.700000762939453,,59.5,27.90999984741211,337.67999267578125,,82.19000244140625
2020-09-11,45.16999816894531,,122.12999725341797,284.29998779296875,64.26000213623047,115.05000305175781,226.57000732421875,18.6564998626709,,,334.0,54.59000015258789,15.829999923706055,17.469999313354492,21.81999969482422,,820.8466796875,17.6200008392334,,59.560001373291016,28.0,338.0,,82.22899627685547
2020-09-14,45.029998779296875,,122.12999725341797,284.1300048828125,66.68000030517578,116.5999984741211,222.75,19.534099578857422,,,333.25,55.02000045776367,15.770000457763672,17.5,21.889999389648438,,820.8385009765625,18.59000015258789,,60.13999938964844,28.8700008392334,339.989990234375,,80.98300170898438
2020-09-15,45.560001373291016,,122.9000015258789,287.489990234375,67.22000122070312,117.9800033569336,226.24000549316406,19.65679931640625,,,335.7799987792969,55.25,15.720000267028809,17.510000228881836,21.899999618530273,,820.8466796875,18.290000915527344,,60.119998931884766,28.600000381469727,335.5,,81.33899688720703
2020-09-16,45.380001068115234,,123.70999908447266,288.260009765625,67.2699966430664,118.0,227.25999450683594,19.799800872802734,,,331.55999755859375,54.689998626708984,15.729999542236328,17.3799991607666,21.93000030517578,,820.8385009765625,18.440000534057617,,60.5,28.200000762939453,333.07000732421875,,82.88500213623047
2020-09-17,44.97999954223633,,122.72000122070312,288.010009765625,67.04000091552734,119.66999816894531,224.32000732421875,19.847299575805664,,,330.3900146484375,53.970001220703125,15.520000457763672,17.25,21.889999389648438,,820.8385009765625,18.239999771118164,,61.0,27.90999984741211,333.0,,80.86000061035156
2020-09-18,45.31999969482422,,122.66000366210938,288.7300109863281,66.91000366210938,118.73999786376953,221.3300018310547,19.856800079345703,,,332.6199951171875,54.88999938964844,15.260000228881836,17.420000076293945,21.920000076293945,,820.8466796875,18.459999084472656,,60.650001525878906,28.799999237060547,333.0,,80.20500183105469
2020-09-21,45.0,,119.91999816894531,280.9800109863281,64.52999877929688,116.75,215.07000732421875,19.81999969482422,,,326.2799987792969,53.630001068115234,14.640000343322754,17.0,21.940000534057617,,820.8466796875,18.09000015258789,,59.95000076293945,28.229999542236328,328.1700134277344,,77.93800354003906
2020-09-22,44.2599983215332,,118.91000366210938,275.8999938964844,63.880001068115234,115.23999786376953,213.11000061035156,19.950000762939453,,,320.80999755859375,53.060001373291016,14.420000076293945,16.68000030517578,21.899999618530273,,820.8385009765625,17.729999542236328,,60.0,27.989999771118164,328.95001220703125,,80.31300354003906
2020-09-23,43.97999954223633,,118.94999694824219,275.2099914550781,63.560001373291016,119.08000183105469,213.5800018310547,19.8799991607666,,,316.1000061035156,52.9900016784668,14.1899995803833,16.510000228881836,21.850000381469727,,820.8385009765625,17.510000228881836,,59.27000045776367,28.75,320.2200012207031,,81.26799774169922
2020-09-24,43.36000061035156,,115.76000213623047,271.04998779296875,62.75,116.95999908447266,206.8000030517578,19.049999237060547,,,310.3299865722656,51.95000076293945,13.65999984741211,16.049999237060547,21.829999923706055,,820.8385009765625,17.200000762939453,,58.40999984741211,26.6299991607666,322.0,,78.92900085449219
2020-09-25,43.619998931884766,,117.87000274658203,276.9700012207031,63.58000183105469,118.4000015258789,211.10000610351562,19.700000762939453,,,317.4100036621094,53.439998626708984,14.020000457763672,16.270000457763672,21.90999984741211,,820.8466796875,17.540000915527344,,59.790000915527344,27.25,326.989990234375,,80.05599975585938
2020-09-28,43.310001373291016,,119.75,281.3399963378906,64.98999786376953,116.0,218.14999389648438,19.790000915527344,,,321.6000061035156,52.650001525878906,14.510000228881836,16.84000015258789,21.889999389648438,,820.8385009765625,17.969999313354492,,60.0,26.93000030517578,326.239990234375,,81.74500274658203
2020-09-29,44.150001525878906,,119.81999969482422,281.1099853515625,65.02999877929688,114.72000122070312,215.74000549316406,19.850000381469727,,,321.1499938964844,53.70000076293945,14.1899995803833,16.610000610351562,21.8700008392334,,820.8385009765625,17.719999313354492,,60.20000076293945,26.969999313354492,321.6600036621094,,82.37300109863281
2020-09-30,44.18000030517578,,119.93000030517578,282.17999267578125,65.13999938964844,115.5,215.94000244140625,20.0,,,317.9100036621094,53.65999984741211,14.069999694824219,16.43000030517578,21.90999984741211,,822.5396118164062,17.850000381469727,,60.20000076293945,28.190000534057617,328.5400085449219,,81.91999816894531
2020-10-01,44.099998474121094,,121.61000061035156,283.80999755859375,65.76000213623047,120.0,223.7100067138672,20.200000762939453,,,319.54998779296875,53.529998779296875,14.210000038146973,16.469999313354492,21.899999618530273,,822.5396118164062,17.969999313354492,,60.119998931884766,27.889999389648438,324.07000732421875,,82.76599884033203
2020-10-05,44.18000030517578,,122.37999725341797,284.1600036621094,65.72000122070312,116.29000091552734,224.67999267578125,20.8700008392334,,,323.239990234375,53.9900016784668,14.140000343322754,16.459999084472656,21.940000534057617,,822.5396118164062,17.979999542236328,,61.400001525878906,28.489999771118164,325.0299987792969,,81.49299621582031
2020-10-06,44.61000061035156,,124.02999877929688,285.7099914550781,66.16999816894531,122.0,229.3300018310547,21.010000228881836,,,321.989990234375,53.470001220703125,14.289999961853027,16.43000030517578,21.93000030517578,,822.5396118164062,17.979999542236328,,61.97999954223633,27.670000076293945,322.260009765625,,82.5989990234375
2020-10-07,43.95000076293945,,124.88999938964844,284.6300048828125,65.91000366210938,117.16000366210938,230.33999633789062,21.1200008392334,,,321.5,54.029998779296875,14.119999885559082,16.290000915527344,21.920000076293945,,822.5315551757812,17.920000076293945,,61.65999984741211,27.93000030517578,318.5799865722656,,82.11900329589844
2020-10-08,44.0,,125.91000366210938,286.3500061035156,65.68000030517578,119.93000030517578,232.8699951171875,21.760000228881836,,,320.6700134277344,54.279998779296875,14.210000038146973,16.100000381469727,21.90999984741211,,822.5315551757812,17.8700008392334,,62.36000061035156,28.459999084472656,318.25,,82.85299682617188
2020-10-09,44.400001525878906,,126.98999786376953,286.6499938964844,65.69000244140625,119.94999694824219,239.4199981689453,21.93000030517578,,,323.2200012207031,54.0,14.720000267028809,16.200000762939453,22.06999969482422,,822.5396118164062,17.600000381469727,,62.720001220703125,28.489999771118164,319.8500061035156,,83.49500274658203
2020-10-12,44.790000915527344,,126.95999908447266,284.6700134277344,65.08999633789062,117.56999969482422,238.27000427246094,22.309999465942383,,,322.4200134277344,54.34000015258789,14.550000190734863,16.100000381469727,22.110000610351562,,822.5315551757812,17.549999237060547,,62.560001373291016,29.049999237060547,314.9700012207031,,84.65899658203125
2020-10-13,44.720001220703125,,127.0199966430664,284.5400085449219,65.7699966430664,117.69999694824219,236.50999450683594,23.709999084472656,,,318.3500061035156,54.0,14.510000228881836,16.059999465942383,22.149999618530273,,822.5315551757812,17.610000610351562,,63.2400016784668,28.989999771118164,318.8800048828125,,87.12100219726562
2020-10-14,44.150001525878906,,127.41999816894531,286.2200012207031,64.8499984741211,119.91000366210938,240.16000366210938,22.389999389648438,,,326.0,53.349998474121094,14.1899995803833,15.869999885559082,22.15999984741211,,822.5396118164062,17.610000610351562,,62.41999816894531,28.200000762939453,310.45001220703125,,87.375
2020-10-15,44.29999923706055,,124.80999755859375,282.45001220703125,63.63999938964844,120.5,231.92999267578125,21.68000030517578,,,317.0199890136719,53.400001525878906,14.079999923706055,15.720000267028809,22.149999618530273,,822.5396118164062,17.520000457763672,,62.529998779296875,27.600000381469727,300.17999267578125,,85.14099884033203
2020-10-16,44.4900016784668,,125.62000274658203,284.17999267578125,64.55000305175781,118.1500015258789,236.5,21.639999389648438,,,318.75,53.97999954223633,13.989999771118164,15.84000015258789,22.149999618530273,,822.5396118164062,17.559999465942383,,62.34000015258789,28.579999923706055,307.2200012207031,,85.86299896240234
2020-10-19,44.52000045776367,,126.80999755859375,286.05999755859375,64.98999786376953,117.5,243.89999389648438,21.479999542236328,,,317.8900146484375,54.15999984741211,14.460000038146973,16.1200008392334,22.110000610351562,,822.5396118164062,17.719999313354492,,62.40999984741211,28.020000457763672,314.489990234375,,86.25700378417969
2020-10-20,44.439998626708984,,126.7699966430664,285.17999267578125,64.94999694824219,119.94000244140625,244.11000061035156,21.739999771118164,,,320.29998779296875,54.45000076293945,14.380000114440918,15.989999771118164,22.18000030517578,,822.5315551757812,17.770000457763672,,62.849998474121094,28.790000915527344,313.19000244140625,,84.91899871826172
2020-10-21,44.790000915527344,,126.9800033569336,285.4700012207031,65.30999755859375,120.5,247.27999877929688,21.65999984741211,,,322.29998779296875,53.33000183105469,14.380000114440918,16.200000762939453,22.200000762939453,,822.5315551757812,17.889999389648438,,63.40999984741211,28.709999084472656,311.5,,84.25199890136719
2020-10-22,44.790000915527344,,126.7300033569336,286.05999755859375,65.37999725341797,119.51000213623047,246.10000610351562,21.549999237060547,,,323.8699951171875,54.029998779296875,14.460000038146973,16.469999313354492,22.190000534057617,,822.5315551757812,17.68000030517578,,62.84000015258789,28.649999618530273,309.29998779296875,,84.24299621582031
2020-10-23,44.650001525878906,,127.11000061035156,285.95001220703125,66.37999725341797,119.94999694824219,246.49000549316406,21.6200008392334,,,326.1199951171875,53.9900016784668,14.550000190734863,16.719999313354492,22.229999542236328,,822.5315551757812,18.030000686645508,,62.939998626708984,28.5,317.42999267578125,,84.72000122070312
2020-10-26,44.54999923706055,,125.80999755859375,282.0400085449219,65.33000183105469,118.70999908447266,242.42999267578125,21.43000030517578,,,323.8800048828125,54.40999984741211,14.239999771118164,16.489999771118164,22.239999771118164,,822.5396118164062,17.81999969482422,,62.90999984741211,28.729999542236328,317.07000732421875,,83.87699890136719
2020-10-27,44.52000045776367,,126.80999755859375,287.2699890136719,65.91000366210938,117.11000061035156,248.50999450683594,21.260000228881836,,,326.2699890136719,54.34000015258789,14.260000228881836,16.540000915527344,22.260000228881836,,822.5396118164062,17.959999084472656,,62.54999923706055,28.600000381469727,321.1300048828125,,83.73999786376953
2020-10-28,44.61000061035156,,125.4000015258789,284.75,65.37999725341797,118.76000213623047,243.77000427246094,21.0,,,327.0,54.61000061035156,14.029999732971191,16.399999618530273,22.260000228881836,,822.5396118164062,17.989999771118164,,61.849998474121094,27.510000228881836,324.7200012207031,,83.88099670410156
2020-10-29,44.349998474121094,,124.72000122070312,284.54998779296875,64.9800033569336,118.5199966430664,242.44000244140625,21.1299991607666,,,322.79998779296875,54.38999938964844,13.899999618530273,16.219999313354492,22.229999542236328,,824.0104370117188,17.780000686645508,,61.720001220703125,28.34000015258789,320.05999755859375,,82.31700134277344
2020-10-30,44.31999969482422,,124.56999969482422,284.6600036621094,65.08999633789062,118.5,240.64999389648438,21.15999984741211,,,322.760009765625,53.5,13.899999618530273,16.350000381469727,22.280000686645508,,824.0104370117188,17.81999969482422,,61.91999816894531,27.299999237060547,321.3500061035156,,82.34600067138672
2020-11-02,44.619998931884766,,124.37000274658203,285.6700134277344,65.33999633789062,118.4000015258789,250.1300048828125,20.940000534057617,,,319.6300048828125,53.5,14.260000228881836,16.520000457763672,22.299999237060547,,824.0104370117188,17.760000228881836,,61.72999954223633,27.649999618530273,323.0,,81.73400115966797
2020-11-03,44.79999923706055,,126.01000213623047,287.2699890136719,66.16000366210938,120.48999786376953,257.7200012207031,20.920000076293945,,,321.010009765625,54.79999923706055,14.489999771118164,16.600000381469727,22.200000762939453,,824.0021362304688,17.989999771118164,,62.119998931884766,28.579999923706055,327.010009765625,,82.24500274658203
2020-11-04,44.84000015258789,,127.02999877929688,289.07000732421875,66.58000183105469,121.06999969482422,259.739990234375,21.329999923706055,,,323.0,54.81999969482422,14.5600004196167,16.479999542236328,22.200000762939453,,824.0021362304688,18.010000228881836,,62.529998779296875,27.809999465942383,323.1700134277344,,85.26799774169922
2020-11-05,44.91999816894531,,129.1199951171875,293.6499938964844,67.2699966430664,121.93000030517578,264.0400085449219,21.59000015258789,,,327.9800109863281,55.54999923706055,14.899999618530273,16.850000381469727,22.25,,824.0021362304688,18.3799991607666,,63.130001068115234,28.6200008392334,325.05999755859375,,87.73999786376953
2020-11-06,45.61000061035156,,130.61000061035156,294.69000244140625,68.2300033569336,123.5999984741211,268.8699951171875,21.65999984741211,,,329.1400146484375,54.560001373291016,15.0600004196167,16.950000762939453,22.270000457763672,,824.0021362304688,18.760000228881836,,63.31999969482422,28.200000762939453,334.5,,87.05699920654297
2020-11-09,45.83000183105469,,132.72999572753906,298.94000244140625,68.48999786376953,127.88999938964844,277.3999938964844,22.049999237060547,,,333.95001220703125,54.91999816894531,15.170000076293945,17.200000762939453,22.280000686645508,,824.0104370117188,18.75,,64.44999694824219,29.0,339.8999938964844,,89.86299896240234
2020-11-10,43.97999954223633,,134.72000122070312,296.8900146484375,68.23999786376953,128.0800018310547,288.1400146484375,21.209999084472656,,,348.6400146484375,55.58000183105469,15.800000190734863,17.549999237060547,22.25,,824.0021362304688,18.540000915527344,,64.47000122070312,28.059999465942383,334.3999938964844,,86.55999755859375
2020-11-11,44.20000076293945,,135.8300018310547,300.4100036621094,68.97000122070312,125.19999694824219,290.7099914550781,21.59000015258789,,,343.7799987792969,56.29999923706055,15.649999618530273,17.780000686645508,22.280000686645508,,824.0021362304688,18.739999771118164,,65.55000305175781,28.399999618530273,330.42999267578125,,86.37999725341797
2020-11-12,44.2599983215332,,135.25999450683594,302.3900146484375,68.7699966430664,126.98999786376953,284.7699890136719,21.56999969482422,,,346.4200134277344,56.439998626708984,15.399999618530273,17.6200008392334,22.270000457763672,,824.0021362304688,18.670000076293945,,65.4000015258789,29.399999618530273,338.3399963378906,,87.2030029296875
2020-11-13,44.34000015258789,,135.7899932861328,304.9800109863281,69.79000091552734,128.7899932861328,286.42999267578125,21.540000915527344,,,345.69000244140625,56.599998474121094,15.430000305175781,17.700000762939453,22.229999542236328,,824.0104370117188,18.850000381469727,,65.72000122070312,29.489999771118164,336.1000061035156,,87.87100219726562
2020-11-14,44.709999084472656,,136.39999389648438,308.95001220703125,70.97000122070312,,287.1300048828125,21.670000076293945,,,351.3900146484375,58.72999954223633,15.609999656677246,17.770000457763672,22.329999923706055,,824.0104370117188,19.139999389648438,,,29.25,341.989990234375,,88.40899658203125
2020-11-17,44.5099983215332,,137.38999938964844,309.2300109863281,70.86000061035156,131.0800018310547,293.5799865722656,21.719999313354492,,,350.1000061035156,57.36000061035156,15.829999923706055,17.790000915527344,22.270000457763672,,824.0104370117188,19.229999542236328,,66.16000366210938,29.989999771118164,342.0799865722656,,88.01899719238281
2020-11-18,44.18000030517578,,137.89999389648438,310.1600036621094,72.22000122070312,127.70999908447266,299.7799987792969,21.540000915527344,,,352.54998779296875,57.63999938964844,16.43000030517578,17.75,22.270000457763672,,824.0021362304688,19.549999237060547,,66.23999786376953,29.360000610351562,338.7699890136719,,87.5790023803711
2020-11-19,43.83000183105469,,136.25,309.94000244140625,72.05000305175781,126.66999816894531,290.7900085449219,21.360000610351562,,,352.8800048828125,56.9900016784668,15.989999771118164,17.790000915527344,22.290000915527344,,824.0104370117188,19.65999984741211,,65.37999725341797,29.25,346.510009765625,,86.7490005493164
2020-11-20,43.810001373291016,,137.0,312.7200012207031,72.91000366210938,127.05999755859375,294.6300048828125,21.520000457763672,,,355.3299865722656,56.61000061035156,16.040000915527344,18.040000915527344,22.34000015258789,,824.0104370117188,19.670000076293945,,65.73999786376953,29.729999542236328,348.42999267578125,,87.61100006103516
2020-11-23,43.880001068115234,,137.75999450683594,315.69000244140625,73.55000305175781,128.0500030517578,292.1199951171875,22.139999389648438,,,358.8299865722656,56.65999984741211,16.139999389648438,18.440000534057617,22.34000015258789,,824.0104370117188,19.969999313354492,,66.94999694824219,30.350000381469727,344.4700012207031,,87.22200012207031
2020-11-24,42.779998779296875,,139.3800048828125,316.0799865722656,73.75,130.57000732421875,298.5899963378906,22.190000534057617,,,356.0299987792969,57.849998474121094,16.299999237060547,18.579999923706055,22.350000381469727,,824.0021362304688,20.1299991607666,,67.38999938964844,30.25,344.3599853515625,,87.20600128173828
2020-11-25,42.68000030517578,,137.38999938964844,314.1600036621094,72.69999694824219,129.41000366210938,293.7900085449219,22.030000686645508,,,352.4200134277344,57.689998626708984,16.610000610351562,18.739999771118164,22.360000610351562,,824.0021362304688,19.8700008392334,,67.0199966430664,30.5,349.6199951171875,,87.80699920654297
2020-11-26,42.939998626708984,,138.24000549316406,315.9100036621094,73.20999908447266,132.44000244140625,297.1099853515625,22.020000457763672,,,353.4200134277344,57.59000015258789,16.940000534057617,18.81999969482422,22.3700008392334,,824.0104370117188,19.93000030517578,,67.12999725341797,31.0,349.92999267578125,,88.59300231933594
2020-11-27,42.84000015258789,,138.3800048828125,317.2300109863281,74.30999755859375,132.11000061035156,297.05999755859375,22.0,,,353.4599914550781,57.54999923706055,17.079999923706055,18.790000915527344,22.350000381469727,,825.5691528320312,20.389999389648438,,67.23999786376953,31.0,346.29998779296875,,88.99400329589844
2020-12-01,42.290000915527344,,139.7899932861328,321.7699890136719,76.02999877929688,132.25999450683594,299.42999267578125,22.219999313354492,,,360.1700134277344,58.2400016784668,17.639999389648438,19.030000686645508,22.31999969482422,,825.5609130859375,20.889999389648438,,67.54000091552734,31.0,346.5,,89.5770034790039
2020-12-02,42.83000183105469,,139.9600067138672,324.3500061035156,76.30999755859375,131.41000366210938,296.67999267578125,22.329999923706055,,,361.7900085449219,58.4900016784668,17.440000534057617,19.389999389648438,22.31999969482422,,825.5609130859375,20.940000534057617,,68.55999755859375,31.0,352.67999267578125,,90.6520004272461
2020-12-03,43.06999969482422,,140.1199951171875,326.1400146484375,76.58000183105469,133.66000366210938,296.19000244140625,22.360000610351562,,,364.29998779296875,58.52000045776367,18.360000610351562,19.829999923706055,22.31999969482422,,825.5609130859375,20.850000381469727,,69.0,31.989999771118164,360.04998779296875,,91.01300048828125
2020-12-04,43.060001373291016,,141.27000427246094,327.5400085449219,76.97000122070312,134.94000244140625,301.9200134277344,22.440000534057617,,,368.3299865722656,59.86000061035156,18.729999542236328,19.989999771118164,22.31999969482422,,825.5691528320312,21.110000610351562,,69.1500015258789,31.950000762939453,357.5,,91.16300201416016
2020-12-07,42.7599983215332,,142.2899932861328,330.5899963378906,77.63999938964844,136.13999938964844,303.1300048828125,22.649999618530273,,,373.3900146484375,60.380001068115234,19.040000915527344,20.209999084472656,22.389999389648438,,825.5691528320312,21.540000915527344,,69.98999786376953,32.560001373291016,348.4100036621094,,91.09300231933594
2020-12-08,43.34000015258789,,142.86000061035156,330.7099914550781,77.48999786376953,136.66000366210938,303.45001220703125,22.84000015258789,,,372.4800109863281,61.09000015258789,20.31999969482422,19.950000762939453,22.3700008392334,,825.5691528320312,21.549999237060547,,70.68000030517578,32.310001373291016,347.8500061035156,,91.47599792480469
2020-12-09,43.18000030517578,,144.41000366210938,331.42999267578125,78.2300033569336,135.3000030517578,308.4100036621094,22.899999618530273,,,375.0,60.84000015258789,20.209999084472656,19.979999542236328,22.3799991607666,,825.5609130859375,21.6200008392334,,70.80999755859375,32.0,346.07000732421875,,91.23200225830078
2020-12-10,42.650001525878906,,143.82000732421875,331.5199890136719,77.2300033569336,138.1999969482422,306.7799987792969,22.93000030517578,,,371.04998779296875,62.4900016784668,19.899999618530273,19.979999542236328,22.3799991607666,,825.5691528320312,21.40999984741211,,71.0,32.0,361.5199890136719,,89.1969985961914
2020-12-11,42.709999084472656,,143.92999267578125,332.5899963378906,77.55000305175781,136.75999450683594,307.989990234375,22.809999465942383,,,373.010009765625,63.47999954223633,20.020000457763672,20.489999771118164,22.329999923706055,,825.5691528320312,21.510000228881836,,70.19999694824219,34.20000076293945,355.9700012207031,,89.6989974975586
2020-12-14,42.560001373291016,,144.32000732421875,335.6000061035156,77.88999938964844,138.08999633789062,309.2200012207031,22.850000381469727,,,378.9700012207031,63.93000030517578,20.360000610351562,21.100000381469727,22.3700008392334,,825.5691528320312,21.579999923706055,,71.7300033569336,33.45000076293945,351.489990234375,,89.8949966430664
2020-12-15,42.81999969482422,,144.61000061035156,332.8800048828125,78.5,139.9600067138672,308.42999267578125,22.8799991607666,,,379.0799865722656,66.37000274658203,20.100000381469727,21.149999618530273,22.309999465942383,,825.5691528320312,21.399999618530273,,72.16999816894531,33.720001220703125,345.8500061035156,,90.81300354003906
2020-12-16,43.33000183105469,,145.82000732421875,334.6499938964844,79.4000015258789,142.0,309.010009765625,23.040000915527344,,,381.17999267578125,63.43000030517578,19.790000915527344,21.3700008392334,22.3700008392334,,825.5691528320312,21.75,,72.05000305175781,34.650001525878906,345.260009765625,,91.65399932861328
2020-12-17,43.66999816894531,,146.55999755859375,333.6499938964844,79.33999633789062,145.5,309.989990234375,23.059999465942383,,,381.94000244140625,63.599998474121094,19.399999618530273,21.200000762939453,22.31999969482422,,825.5691528320312,21.899999618530273,,72.1500015258789,34.5,334.20001220703125,,91.875
2020-12-18,43.72999954223633,,146.9600067138672,335.1099853515625,78.9000015258789,139.99000549316406,309.1700134277344,23.469999313354492,,,381.8599853515625,63.61000061035156,19.299999237060547,21.040000915527344,22.350000381469727,,825.5691528320312,21.649999618530273,,73.06999969482422,33.060001373291016,334.5299987792969,,92.37799835205078
2020-12-21,44.15999984741211,,142.5,325.6300048828125,75.54000091552734,146.7100067138672,296.2200012207031,23.010000228881836,,,361.1400146484375,62.81999969482422,18.020000457763672,19.719999313354492,22.360000610351562,,825.5691528320312,20.469999313354492,,70.81999969482422,32.75,328.0199890136719,,91.5770034790039
2020-12-22,43.70000076293945,,143.82000732421875,328.7799987792969,76.29000091552734,138.1199951171875,297.7799987792969,23.829999923706055,,,371.1600036621094,64.37000274658203,18.170000076293945,19.969999313354492,22.3799991607666,,825.5609130859375,20.899999618530273,,71.48999786376953,34.81999969482422,330.75,,91.94599914550781
2020-12-23,43.58000183105469,,145.1199951171875,334.4599914550781,77.41999816894531,142.0,300.04998779296875,24.360000610351562,,,370.2099914550781,62.369998931884766,18.530000686645508,20.059999465942383,22.350000381469727,,825.5609130859375,21.600000381469727,,73.05000305175781,34.709999084472656,329.80999755859375,,92.7040023803711
2020-12-24,43.72999954223633,,146.52000427246094,334.94000244140625,78.0,139.44000244140625,305.2799987792969,24.229999542236328,,,375.19000244140625,62.75,18.799999237060547,20.270000457763672,22.360000610351562,,825.5691528320312,21.6200008392334,,72.7300033569336,33.88999938964844,334.0,,92.01499938964844
2020-12-28,43.849998474121094,,147.77999877929688,338.3599853515625,78.9000015258789,143.97999572753906,310.1000061035156,24.31999969482422,,,380.20001220703125,63.34000015258789,19.149999618530273,20.5,22.389999389648438,,825.5609130859375,21.559999465942383,,73.12000274658203,34.93000030517578,337.239990234375,,92.39399719238281
2020-12-29,43.68000030517578,,148.77000427246094,338.3399963378906,78.6500015258789,144.99000549316406,314.1099853515625,24.469999313354492,,,377.739990234375,63.13999938964844,19.360000610351562,20.31999969482422,22.420000076293945,,825.5691528320312,21.6299991607666,,73.2699966430664,34.599998474121094,335.2099914550781,,93.42400360107422
2020-12-30,43.58000183105469,,149.27000427246094,339.5,78.86000061035156,142.72999572753906,313.94000244140625,24.59000015258789,,,378.54998779296875,63.13999938964844,19.229999542236328,20.350000381469727,22.420000076293945,,825.5691528320312,21.790000915527344,,74.04000091552734,34.040000915527344,339.2799987792969,,92.77999877929688
2020-12-31,43.75,,149.07000732421875,340.2699890136719,79.51000213623047,140.27999877929688,313.5400085449219,24.540000915527344,,,379.94000244140625,63.619998931884766,19.190000534057617,20.360000610351562,22.459999084472656,,827.121826171875,21.899999618530273,,73.12000274658203,33.970001220703125,354.0799865722656,,92.66799926757812
2021-01-01,43.810001373291016,,149.57000732421875,342.19000244140625,80.37000274658203,141.27000427246094,313.6499938964844,24.700000762939453,,,382.70001220703125,64.02999877929688,19.889999389648438,20.440000534057617,22.479999542236328,,827.121826171875,21.950000762939453,,74.0,33.47999954223633,349.6199951171875,,93.11699676513672
2021-01-04,44.52000045776367,,150.7100067138672,346.6199951171875,81.43000030517578,145.99000549316406,314.1199951171875,25.350000381469727,,,384.7699890136719,64.20999908447266,20.100000381469727,20.81999969482422,22.520000457763672,,827.1134033203125,22.479999542236328,,75.0999984741211,34.25,354.4599914550781,,93.25700378417969
2021-01-05,44.970001220703125,,151.3000030517578,351.3800048828125,82.27999877929688,147.25999450683594,318.7300109863281,25.950000762939453,,,388.5799865722656,64.2699966430664,20.100000381469727,20.610000610351562,22.56999969482422,,827.1134033203125,22.489999771118164,,81.02999877929688,34.630001068115234,356.82000732421875,,91.2969970703125
2021-01-06,45.15999984741211,,151.22000122070312,353.2900085449219,82.44999694824219,146.49000549316406,319.6700134277344,25.6299991607666,,,387.0400085449219,64.66999816894531,19.969999313354492,20.920000076293945,22.469999313354492,,827.1134033203125,23.25,,76.06999969482422,34.61000061035156,356.5799865722656,,90.71600341796875
2021-01-07,44.40999984741211,,151.1999969482422,354.7300109863281,83.0199966430664,147.0500030517578,321.0799865722656,25.440000534057617,,,391.3699951171875,65.1500015258789,20.079999923706055,21.09000015258789,22.489999771118164,,827.1134033203125,23.1200008392334,,75.80999755859375,34.060001373291016,349.8299865722656,,90.88400268554688
2021-01-08,43.83000183105469,,152.8800048828125,357.260009765625,84.16000366210938,148.42999267578125,321.82000732421875,26.43000030517578,,,398.05999755859375,65.8499984741211,20.059999465942383,21.479999542236328,22.479999542236328,,827.121826171875,23.1299991607666,,76.94999694824219,34.97999954223633,350.45001220703125,,93.65599822998047
2021-01-11,43.029998779296875,,154.3800048828125,358.6300048828125,84.12000274658203,149.77999877929688,321.3900146484375,27.200000762939453,,,397.2200012207031,66.37000274658203,19.81999969482422,21.6299991607666,22.459999084472656,,827.121826171875,23.200000762939453,,78.05999755859375,35.09000015258789,350.7099914550781,,94.60199737548828
2021-01-12,43.22999954223633,,155.32000732421875,359.8299865722656,84.18000030517578,151.3800048828125,325.239990234375,27.149999618530273,,,402.739990234375,66.19999694824219,20.8700008392334,21.8700008392334,22.450000762939453,,827.1134033203125,23.260000228881836,,78.5,35.060001373291016,350.0,,93.64399719238281
2021-01-13,43.06999969482422,,155.60000610351562,356.6300048828125,84.27999877929688,151.1699981689453,327.8299865722656,27.190000534057617,,,405.2099914550781,66.38999938964844,21.68000030517578,22.010000228881836,22.43000030517578,,827.121826171875,23.170000076293945,,78.63999938964844,35.130001068115234,346.9200134277344,,93.42900085449219
2021-01-14,42.70000076293945,,155.75999450683594,357.54998779296875,83.62999725341797,151.5500030517578,327.25,27.1299991607666,,,407.5,66.62999725341797,21.719999313354492,22.079999923706055,22.40999984741211,,827.121826171875,23.040000915527344,,79.25,34.75,349.8599853515625,,93.4209976196289
2021-01-15,43.029998779296875,,154.11000061035156,353.760009765625,83.30999755859375,149.89999389648438,324.30999755859375,26.799999237060547,,,410.8999938964844,66.73999786376953,21.229999542236328,21.6200008392334,22.459999084472656,,827.121826171875,22.719999313354492,,78.33999633789062,34.790000915527344,347.9800109863281,,92.85600280761719
2021-01-18,42.540000915527344,,152.55999755859375,345.44000244140625,81.76000213623047,147.10000610351562,320.0299987792969,26.600000381469727,,,403.3699951171875,64.9800033569336,20.829999923706055,21.049999237060547,22.440000534057617,,827.121826171875,22.420000076293945,,76.93000030517578,34.61000061035156,352.0,,92.4229965209961
2021-01-19,42.790000915527344,,155.4499969482422,353.0299987792969,83.5,149.6300048828125,326.4200134277344,26.260000228881836,,,405.0899963378906,67.63999938964844,21.280000686645508,21.309999465942383,22.479999542236328,,827.121826171875,22.899999618530273,,78.05000305175781,34.709999084472656,355.0,,93.38999938964844
2021-01-20,42.9900016784668,,156.75,353.67999267578125,84.05999755859375,150.86000061035156,326.9700012207031,26.920000076293945,,,408.5299987792969,66.29000091552734,21.829999923706055,21.290000915527344,22.489999771118164,,827.1134033203125,23.09000015258789,,78.5999984741211,34.72999954223633,358.8399963378906,,94.30599975585938
2021-01-21,43.220001220703125,,156.02000427246094,351.29998779296875,82.7699966430664,150.24000549316406,323.2099914550781,26.670000076293945,,,405.5400085449219,68.41999816894531,21.010000228881836,20.8700008392334,22.639999389648438,,827.1134033203125,23.06999969482422,,78.12000274658203,34.72999954223633,353.6700134277344,,96.08699798583984
2021-01-22,43.040000915527344,,153.91000366210938,349.3999938964844,82.48999786376953,148.92999267578125,314.0799865722656,26.780000686645508,,,401.6400146484375,67.02999877929688,20.43000030517578,20.40999984741211,22.459999084472656,,827.121826171875,22.850000381469727,,77.72000122070312,34.380001068115234,355.2099914550781,,95.97100067138672
2021-01-25,42.790000915527344,,152.4600067138672,345.010009765625,81.58000183105469,147.60000610351562,314.1499938964844,26.280000686645508,,,394.1600036621094,67.44999694824219,20.209999084472656,20.1299991607666,22.420000076293945,,827.1134033203125,22.579999923706055,,77.58999633789062,33.970001220703125,357.6600036621094,,97.03500366210938
2021-01-27,42.560001373291016,,149.47999572753906,341.6199951171875,80.19999694824219,144.9600067138672,304.80999755859375,26.110000610351562,,,390.0400085449219,65.19999694824219,19.920000076293945,19.969999313354492,22.420000076293945,,827.121826171875,22.25,,77.11000061035156,34.11000061035156,359.19000244140625,,97.33699798583984
2021-01-28,42.540000915527344,,147.99000549316406,340.0799865722656,79.7300033569336,143.52999877929688,304.1300048828125,25.540000915527344,,,387.510009765625,65.63999938964844,19.56999969482422,19.829999923706055,22.450000762939453,,827.121826171875,22.34000015258789,,75.87000274658203,33.619998931884766,356.4100036621094,,92.947998046875
2021-01-29,42.650001525878906,,146.10000610351562,332.7900085449219,79.77999877929688,142.00999450683594,307.05999755859375,24.950000762939453,,,382.3999938964844,63.689998626708984,19.920000076293945,19.59000015258789,22.440000534057617,,828.68212890625,22.5,,74.16999816894531,34.2599983215332,350.9100036621094,,93.84600067138672
2021-02-01,42.34000015258789,,152.52000427246094,341.8500061035156,82.0199966430664,147.24000549316406,332.9700012207031,25.030000686645508,,,399.3599853515625,64.79000091552734,21.3700008392334,19.8799991607666,22.489999771118164,,828.68212890625,22.709999084472656,,76.5,34.54999923706055,357.92999267578125,,94.09300231933594
2021-02-02,41.91999816894531,,156.10000610351562,348.989990234375,83.75,150.69000244140625,343.9599914550781,25.68000030517578,,,412.7300109863281,66.44000244140625,22.110000610351562,20.3700008392334,22.170000076293945,,828.68212890625,23.049999237060547,,77.4000015258789,34.279998779296875,364.8999938964844,,96.20500183105469
2021-02-03,41.689998626708984,,157.66000366210938,350.1300048828125,84.75,152.0399932861328,348.510009765625,25.950000762939453,,,417.2900085449219,65.97000122070312,22.670000076293945,20.989999771118164,22.209999084472656,,828.68212890625,23.700000762939453,,77.19999694824219,35.540000915527344,360.0400085449219,,97.58000183105469
2021-02-04,41.33000183105469,,158.69000244140625,354.44000244140625,85.95999908447266,153.9199981689453,354.2099914550781,25.84000015258789,,,420.5199890136719,66.05000305175781,24.06999969482422,21.56999969482422,22.239999771118164,,828.6904907226562,23.690000534057617,,78.80000305175781,35.43000030517578,361.260009765625,,96.75599670410156
2021-02-05,41.130001068115234,,159.0500030517578,353.0199890136719,85.41000366210938,153.0500030517578,357.80999755859375,25.610000610351562,,,417.19000244140625,66.7300033569336,24.920000076293945,21.540000915527344,22.139999389648438,,828.6904907226562,23.530000686645508,,78.94999694824219,35.41999816894531,357.8500061035156,,97.83499908447266
2021-02-08,41.279998779296875,,161.02999877929688,356.79998779296875,86.5999984741211,155.6699981689453,361.2799987792969,26.219999313354492,,,425.3599853515625,67.86000061035156,24.690000534057617,21.739999771118164,22.209999084472656,,828.68212890625,23.65999984741211,,79.62999725341797,35.7599983215332,361.5199890136719,,98.43599700927734
2021-02-09,41.849998474121094,,161.22999572753906,356.19000244140625,86.75,155.99000549316406,362.0199890136719,26.06999969482422,,,426.80999755859375,66.79000091552734,24.559999465942383,21.729999542236328,22.149999618530273,,828.68212890625,23.829999923706055,,79.36000061035156,36.20000076293945,359.2900085449219,,98.43399810791016
2021-02-10,41.7599983215332,,161.4600067138672,357.19000244140625,87.05999755859375,155.92999267578125,360.25,26.06999969482422,,,423.260009765625,66.80999755859375,24.65999984741211,21.639999389648438,22.25,,828.6904907226562,23.850000381469727,,79.45999908447266,35.9900016784668,355.8399963378906,,98.81800079345703
2021-02-11,41.7599983215332,,162.05999755859375,360.3900146484375,87.27999877929688,155.80999755859375,359.6600036621094,26.299999237060547,,,426.9200134277344,67.27999877929688,24.360000610351562,21.59000015258789,22.280000686645508,,828.6904907226562,23.809999465942383,,79.8499984741211,36.91999816894531,352.760009765625,,98.56700134277344
2021-02-12,41.20000076293945,,162.1699981689453,361.95001220703125,87.08999633789062,155.88999938964844,363.7799987792969,26.3799991607666,,,426.3399963378906,67.26000213623047,24.34000015258789,21.260000228881836,22.280000686645508,,828.6904907226562,23.920000076293945,,79.62999725341797,36.779998779296875,357.0,,98.43499755859375
2021-02-15,41.189998626708984,,163.92999267578125,365.32000732421875,87.93000030517578,158.4199981689453,376.70001220703125,26.200000762939453,,,429.1700134277344,66.62000274658203,25.040000915527344,21.25,22.200000762939453,,828.6904907226562,24.06999969482422,,79.05999755859375,36.20000076293945,359.6300048828125,,98.68099975585938
2021-02-16,41.349998474121094,,163.5399932861328,366.4100036621094,88.91000366210938,157.97000122070312,373.5,25.75,,,433.7099914550781,67.44999694824219,25.260000228881836,21.940000534057617,22.209999084472656,,828.68212890625,24.389999389648438,,79.19000244140625,36.70000076293945,361.6600036621094,,99.4739990234375
2021-02-17,40.52000045776367,,162.58999633789062,367.25,88.80000305175781,157.63999938964844,371.57000732421875,25.579999923706055,,,435.1700134277344,65.97000122070312,26.889999389648438,22.209999084472656,22.229999542236328,,828.6904907226562,24.5,,78.69999694824219,36.65999984741211,364.3900146484375,,98.6760025024414
2021-02-18,40.470001220703125,,161.88999938964844,369.5899963378906,89.16000366210938,156.74000549316406,368.3699951171875,25.84000015258789,,,435.9200134277344,66.63999938964844,28.75,23.219999313354492,22.149999618530273,,828.68212890625,24.700000762939453,,78.68000030517578,37.720001220703125,363.9800109863281,,97.77100372314453
2021-02-19,40.099998474121094,,160.4199981689453,364.1300048828125,87.83999633789062,154.42999267578125,360.94000244140625,25.780000686645508,,,431.07000732421875,66.41000366210938,26.950000762939453,22.770000457763672,22.110000610351562,,828.6904907226562,24.700000762939453,,79.58000183105469,37.93000030517578,362.8299865722656,,97.89700317382812
2021-02-22,40.43000030517578,,157.17999267578125,359.57000732421875,87.45999908447266,152.1199951171875,354.5799865722656,25.1200008392334,,,423.9100036621094,64.38999938964844,26.170000076293945,22.40999984741211,22.059999465942383,,828.6904907226562,24.31999969482422,,77.27999877929688,35.81999969482422,360.19000244140625,,96.21600341796875
2021-02-23,40.66999816894531,,157.58999633789062,360.3900146484375,87.66000366210938,152.8699951171875,353.760009765625,25.049999237060547,,,427.4800109863281,64.5,26.190000534057617,22.860000610351562,22.079999923706055,,828.68212890625,24.31999969482422,,78.0199966430664,36.68000030517578,358.2099914550781,,94.12699890136719
2021-02-24,40.619998931884766,,160.14999389648438,363.4100036621094,88.68000030517578,154.89999389648438,366.9200134277344,25.020000457763672,,,432.7799987792969,65.30999755859375,27.18000030517578,23.079999923706055,22.049999237060547,,828.68212890625,24.770000457763672,,78.33000183105469,36.20000076293945,362.6000061035156,,94.41699981689453
2021-02-25,40.33000183105469,,161.8699951171875,368.5899963378906,90.30999755859375,156.2100067138672,368.05999755859375,25.170000076293945,,,440.79998779296875,64.8499984741211,27.170000076293945,24.149999618530273,22.049999237060547,,828.68212890625,24.8799991607666,,79.20999908447266,37.38999938964844,362.2900085449219,,94.68299865722656
2021-02-26,40.25,,156.14999389648438,360.6199951171875,88.30000305175781,151.07000732421875,351.260009765625,24.559999465942383,,,426.5199890136719,64.11000061035156,26.25,23.479999542236328,21.920000076293945,,830.1771850585938,24.579999923706055,,76.87999725341797,36.25,335.95001220703125,,93.68399810791016
2021-03-01,39.959999084472656,,158.00999450683594,361.4100036621094,90.38999938964844,152.17999267578125,354.9599914550781,24.790000915527344,,,434.4700012207031,64.36000061035156,25.969999313354492,24.149999618530273,22.0,,830.1688232421875,25.1299991607666,,78.0,36.59000015258789,352.4100036621094,,95.35199737548828
2021-03-02,39.52000045776367,,159.57000732421875,368.0400085449219,91.80999755859375,154.52000427246094,355.4200134277344,25.6200008392334,,,437.8699951171875,66.22000122070312,25.989999771118164,24.25,22.010000228881836,,830.1688232421875,25.229999542236328,,79.41000366210938,36.4900016784668,351.8500061035156,,95.47899627685547
2021-03-03,39.33000183105469,,162.97999572753906,373.0899963378906,93.0,157.14999389648438,366.1099853515625,26.010000228881836,,,442.3599853515625,65.62000274658203,26.81999969482422,24.3799991607666,21.979999542236328,,830.1688232421875,25.860000610351562,,79.77999877929688,36.9900016784668,352.510009765625,,94.88400268554688
2021-03-04,38.93000030517578,,161.1999969482422,374.7099914550781,93.72000122070312,156.77999877929688,360.6000061035156,25.899999618530273,,,443.9800109863281,65.52999877929688,26.649999618530273,24.170000076293945,22.020000457763672,,830.1771850585938,25.969999313354492,,79.98999786376953,36.959999084472656,351.92999267578125,,91.25399780273438
2021-03-05,38.66999816894531,,159.66000366210938,369.2699890136719,92.01000213623047,154.89999389648438,354.57000732421875,25.579999923706055,,,438.79998779296875,64.72000122070312,25.520000457763672,23.979999542236328,21.940000534057617,,830.1771850585938,25.5,,79.41000366210938,36.45000076293945,352.2799987792969,,89.3030014038086
2021-03-08,38.70000076293945,,160.0399932861328,368.3299865722656,92.44000244140625,155.5399932861328,354.7200012207031,25.6299991607666,,,444.4800109863281,64.63999938964844,26.030000686645508,24.43000030517578,21.940000534057617,,830.1771850585938,25.600000381469727,,79.83999633789062,37.209999084472656,349.2099914550781,,89.94999694824219
2021-03-09,38.849998474121094,,161.47000122070312,365.739990234375,92.37999725341797,156.5500030517578,360.2699890136719,25.989999771118164,,,439.95001220703125,65.1500015258789,25.68000030517578,23.969999313354492,21.8799991607666,,830.1688232421875,25.799999237060547,,79.9800033569336,37.4900016784668,347.510009765625,,90.33300018310547
2021-03-10,38.95000076293945,,162.16000366210938,367.5,92.77999877929688,157.0500030517578,361.3900146484375,26.260000228881836,,,442.3900146484375,65.41000366210938,25.559999465942383,23.809999465942383,21.8799991607666,,830.1771850585938,25.959999084472656,,80.48999786376953,37.400001525878906,346.45001220703125,,92.01100158691406
2021-03-12,38.630001068115234,,160.6300048828125,364.8500061035156,92.5199966430664,155.89999389648438,356.1600036621094,26.219999313354492,,,440.260009765625,65.62000274658203,25.229999542236328,23.860000610351562,21.860000610351562,,830.1771850585938,25.81999969482422,,80.4000015258789,37.93000030517578,346.70001220703125,,92.15399932861328
2021-03-15,39.060001373291016,,159.9600067138672,362.5,91.83000183105469,154.17999267578125,354.07000732421875,26.280000686645508,,,432.8699951171875,65.19999694824219,25.219999313354492,23.940000534057617,21.899999618530273,,830.1771850585938,24.969999313354492,,80.48999786376953,37.689998626708984,352.7699890136719,,92.71800231933594
2021-03-16,39.029998779296875,,159.7899932861328,362.2900085449219,92.13999938964844,154.9199981689453,350.0199890136719,26.68000030517578,,,435.5199890136719,65.66999816894531,24.989999771118164,23.950000762939453,21.899999618530273,,830.1771850585938,25.190000534057617,,80.98999786376953,37.709999084472656,351.8699951171875,,93.41000366210938
2021-03-17,39.13999938964844,,157.8800048828125,357.1499938964844,89.95999908447266,153.08999633789062,344.8500061035156,26.420000076293945,,,426.010009765625,63.790000915527344,24.09000015258789,23.309999465942383,21.90999984741211,,830.1771850585938,25.229999542236328,,80.0199966430664,37.779998779296875,351.7099914550781,,94.08399963378906
2021-03-18,39.16999816894531,,156.1199951171875,353.8699951171875,89.91999816894531,151.2100067138672,339.80999755859375,25.639999389648438,,,421.25,64.3499984741211,23.360000610351562,23.0,21.920000076293945,,830.1771850585938,24.459999084472656,,78.91000366210938,37.72999954223633,353.92999267578125,,93.572998046875
2021-03-19,39.22999954223633,,157.8699951171875,356.1199951171875,89.30999755859375,152.6999969482422,342.5400085449219,25.799999237060547,,,428.489990234375,64.06999969482422,23.860000610351562,23.389999389648438,21.8799991607666,,830.1771850585938,24.489999771118164,,80.12000274658203,37.20000076293945,349.5899963378906,,92.23100280761719
2021-03-22,38.849998474121094,,157.3300018310547,359.75,89.94000244140625,153.11000061035156,337.9100036621094,26.360000610351562,,,429.80999755859375,64.98999786376953,23.639999389648438,23.329999923706055,21.81999969482422,,830.1771850585938,24.520000457763672,,80.62999725341797,36.66999816894531,353.0,,92.33499908447266
2021-03-23,38.91999816894531,,158.35000610351562,363.6700134277344,90.47000122070312,153.64999389648438,343.4599914550781,26.290000915527344,,,431.95001220703125,64.48999786376953,24.219999313354492,23.06999969482422,21.899999618530273,,830.1688232421875,24.920000076293945,,80.73999786376953,36.59000015258789,349.0,,93.38700103759766
2021-03-24,38.880001068115234,,156.08999633789062,359.1199951171875,89.44000244140625,151.27999877929688,335.2900085449219,25.75,,,422.2200012207031,64.12000274658203,23.579999923706055,22.729999542236328,21.969999313354492,,830.1771850585938,24.719999313354492,,79.44000244140625,36.95000076293945,345.9800109863281,,93.52799987792969
2021-03-25,38.88999938964844,,153.86000061035156,351.5,88.94999694824219,149.11000061035156,333.0400085449219,25.81999969482422,,,419.4800109863281,63.68000030517578,22.93000030517578,22.170000076293945,21.979999542236328,,830.1771850585938,24.65999984741211,,78.12000274658203,36.040000915527344,346.3500061035156,,91.93499755859375
2021-03-26,38.790000915527344,,155.2100067138672,355.510009765625,88.58999633789062,150.3699951171875,335.7699890136719,25.829999923706055,,,420.94000244140625,63.959999084472656,23.079999923706055,22.200000762939453,22.200000762939453,,830.1771850585938,24.559999465942383,,78.94000244140625,38.060001373291016,348.3699951171875,,92.05799865722656
2021-03-30,38.380001068115234,,158.4199981689453,357.5799865722656,90.41000366210938,155.97999572753906,339.7300109863281,26.84000015258789,,,429.510009765625,64.68000030517578,23.459999084472656,22.829999923706055,22.0,,830.1688232421875,24.780000686645508,,80.37000274658203,37.2400016784668,345.94000244140625,,93.38500213623047
2021-03-31,38.16999816894531,,157.16000366210938,359.79998779296875,91.9800033569336,156.97999572753906,334.92999267578125,26.170000076293945,,,426.54998779296875,64.52999877929688,23.670000076293945,22.65999984741211,22.15999984741211,,831.9502563476562,25.469999313354492,,80.69999694824219,37.349998474121094,347.2699890136719,,93.427001953125
2021-04-01,39.099998474121094,,158.6999969482422,362.8999938964844,92.5,152.22999572753906,341.5199890136719,26.31999969482422,,,430.30999755859375,65.41999816894531,24.020000457763672,22.889999389648438,22.139999389648438,,831.942138671875,25.329999923706055,,80.18000030517578,37.9900016784668,357.0,,95.00800323486328
2021-04-05,39.33000183105469,,156.9600067138672,359.95001220703125,90.87000274658203,152.0399932861328,328.9700012207031,26.709999084472656,,,423.6300048828125,64.94999694824219,23.229999542236328,22.690000534057617,22.09000015258789,,831.9502563476562,25.350000381469727,,85.94000244140625,36.790000915527344,359.9100036621094,,96.5459976196289
2021-04-06,39.4900016784668,,157.38999938964844,361.7900085449219,91.70999908447266,152.25,326.75,26.799999237060547,,,425.3500061035156,64.19000244140625,23.18000030517578,22.59000015258789,22.1299991607666,,831.9502563476562,25.329999923706055,,82.05000305175781,37.150001525878906,355.1600036621094,,97.6969985961914
2021-04-07,40.11000061035156,,158.82000732421875,365.6000061035156,92.30000305175781,152.0,331.6199951171875,27.110000610351562,,,432.0299987792969,65.44999694824219,23.510000228881836,22.639999389648438,22.229999542236328,47.654300689697266,831.9502563476562,25.6200008392334,,82.22000122070312,36.900001525878906,361.6300048828125,,99.80899810791016
2021-04-08,40.279998779296875,,158.8699951171875,368.3299865722656,92.44999694824219,153.8300018310547,330.0,27.329999923706055,,,433.70001220703125,66.29000091552734,23.389999389648438,22.729999542236328,22.270000457763672,47.690101623535156,831.9502563476562,25.709999084472656,,83.29000091552734,38.08000183105469,365.0,,100.38800048828125
2021-04-09,40.45000076293945,,158.77999877929688,369.6199951171875,93.2300033569336,154.10000610351562,326.7099914550781,27.549999237060547,,,431.1499938964844,65.83000183105469,24.399999618530273,22.5,22.299999237060547,47.691200256347656,831.942138671875,25.799999237060547,,83.48999786376953,36.810001373291016,369.19000244140625,,101.34700012207031
2021-04-12,40.4900016784668,,154.0800018310547,353.6199951171875,93.25,148.74000549316406,309.67999267578125,26.8700008392334,,,414.1099853515625,65.01000213623047,21.84000015258789,21.360000610351562,22.280000686645508,47.71390151977539,831.9502563476562,24.899999618530273,,81.52999877929688,36.900001525878906,363.4599914550781,,102.10099792480469
2021-04-13,40.5099983215332,,155.5,356.4200134277344,90.0,149.89999389648438,319.44000244140625,26.1299991607666,,,417.1499938964844,64.5,22.649999618530273,22.030000686645508,22.299999237060547,,831.9502563476562,24.780000686645508,,80.77999877929688,36.66999816894531,362.1700134277344,,102.9229965209961
2021-04-15,40.720001220703125,,155.92999267578125,357.7300109863281,89.69000244140625,149.89999389648438,323.80999755859375,26.15999984741211,,,418.6099853515625,64.77999877929688,22.329999923706055,22.260000228881836,22.170000076293945,47.64360046386719,831.9502563476562,24.559999465942383,,81.1500015258789,36.779998779296875,363.70001220703125,,102.73200225830078
2021-04-16,40.83000183105469,,156.4199981689453,362.7099914550781,90.55000305175781,152.0,322.3900146484375,26.420000076293945,,,420.19000244140625,65.83999633789062,22.290000915527344,22.579999923706055,22.18000030517578,47.70909881591797,831.942138671875,24.81999969482422,,81.41999816894531,36.33000183105469,369.17999267578125,,102.83499908447266
2021-04-19,41.529998779296875,,154.08999633789062,356.69000244140625,89.18000030517578,149.8800048828125,314.0400085449219,26.479999542236328,,,409.2300109863281,64.13999938964844,21.329999923706055,21.709999084472656,22.329999923706055,47.849700927734375,831.9502563476562,24.510000228881836,,80.27999877929688,37.47999954223633,364.07000732421875,,103.72699737548828
2021-04-20,41.099998474121094,,153.2899932861328,357.82000732421875,89.31999969482422,148.3800048828125,313.0899963378906,26.100000381469727,,,409.45001220703125,64.69999694824219,21.260000228881836,21.739999771118164,22.25,47.82870101928711,831.9502563476562,24.600000381469727,,79.80000305175781,37.599998474121094,372.45001220703125,,103.01699829101562
2021-04-22,41.47999954223633,,154.27000427246094,358.2799987792969,89.63999938964844,149.50999450683594,318.9100036621094,26.059999465942383,,,410.0199890136719,64.05000305175781,21.389999389648438,21.81999969482422,22.299999237060547,47.88819885253906,831.9502563476562,24.549999237060547,,79.52999877929688,37.709999084472656,367.4100036621094,,102.90599822998047
2021-04-23,41.52000045776367,,153.86000061035156,359.1600036621094,89.91000366210938,149.5,318.1000061035156,25.829999923706055,,,408.3999938964844,63.20000076293945,21.459999084472656,22.1299991607666,22.270000457763672,48.01390075683594,831.9502563476562,24.690000534057617,,79.41000366210938,36.52000045776367,372.739990234375,,101.875
2021-04-26,41.22999954223633,,155.1699981689453,360.1400146484375,90.08999633789062,150.0399932861328,323.8999938964844,25.93000030517578,,,413.32000732421875,63.209999084472656,21.889999389648438,22.350000381469727,22.389999389648438,48.12120056152344,831.942138671875,25.280000686645508,,79.43000030517578,36.310001373291016,367.6700134277344,,102.33300018310547
2021-04-27,41.08000183105469,,156.8300018310547,363.239990234375,91.62000274658203,151.36000061035156,328.3500061035156,26.030000686645508,,,417.5,63.439998626708984,22.299999237060547,22.459999084472656,22.34000015258789,48.1327018737793,831.942138671875,25.200000762939453,,80.16999816894531,36.310001373291016,369.4100036621094,,103.23300170898438
2021-04-28,40.63999938964844,,158.89999389648438,364.5899963378906,93.01000213623047,154.47999572753906,338.3900146484375,26.1299991607666,,,421.1000061035156,64.08000183105469,22.920000076293945,22.670000076293945,22.270000457763672,48.097999572753906,831.942138671875,25.489999771118164,,81.18000030517578,36.77000045776367,370.2699890136719,,102.97100067138672
2021-04-29,40.720001220703125,,159.10000610351562,364.2699890136719,93.0199966430664,153.66000366210938,337.7900085449219,26.1299991607666,,,420.6300048828125,64.45999908447266,22.700000762939453,22.729999542236328,22.31999969482422,48.130401611328125,831.9502563476562,25.469999313354492,,81.08999633789062,36.900001525878906,373.9599914550781,,102.6709976196289
2021-04-30,40.59000015258789,,157.0,364.3399963378906,92.08999633789062,152.38999938964844,328.4700012207031,25.950000762939453,,,421.3599853515625,63.25,22.469999313354492,23.1200008392334,22.329999923706055,48.136600494384766,833.5756225585938,25.600000381469727,,80.0,36.52000045776367,366.94000244140625,,102.0770034790039
2021-05-03,40.689998626708984,,156.97000122070312,366.4599914550781,92.4000015258789,152.58999633789062,326.32000732421875,25.969999313354492,,,420.3999938964844,64.0199966430664,22.270000457763672,23.1299991607666,22.309999465942383,48.16640090942383,833.5756225585938,25.540000915527344,,80.76000213623047,37.400001525878906,373.4100036621094,,101.95999908447266
2021-05-04,40.75,,155.5500030517578,365.2799987792969,92.33999633789062,150.60000610351562,324.04998779296875,25.75,,,420.2099914550781,63.29999923706055,23.06999969482422,23.190000534057617,22.350000381469727,48.14080047607422,833.5756225585938,25.639999389648438,,80.18000030517578,36.599998474121094,363.6600036621094,,101.15599822998047
2021-05-05,40.529998779296875,,156.80999755859375,369.739990234375,92.6500015258789,151.5800018310547,329.3900146484375,25.979999542236328,,,419.0199890136719,63.95000076293945,23.329999923706055,23.479999542236328,22.420000076293945,48.21070098876953,833.5756225585938,25.530000686645508,,81.19999694824219,37.38999938964844,373.8999938964844,,99.66000366210938
2021-05-06,40.81999969482422,,157.5399932861328,372.7900085449219,93.9000015258789,153.63999938964844,329.1300048828125,26.440000534057617,,,423.6300048828125,64.08000183105469,23.149999618530273,23.489999771118164,22.459999084472656,48.2588005065918,833.5675048828125,25.690000534057617,,81.05000305175781,37.560001373291016,360.8500061035156,,98.77400207519531
2021-05-07,41.2400016784668,,158.52999877929688,373.80999755859375,93.52999877929688,154.5,329.9800109863281,26.459999084472656,,,425.25,64.0,23.1200008392334,23.790000915527344,22.40999984741211,48.23630142211914,833.5756225585938,25.920000076293945,,81.62999725341797,37.83000183105469,361.1300048828125,,99.18499755859375
2021-05-10,41.459999084472656,,159.69000244140625,378.1499938964844,93.97000122070312,155.1999969482422,332.3800048828125,26.469999313354492,,,431.1400146484375,63.66999816894531,23.469999313354492,24.719999313354492,22.43000030517578,48.24330139160156,833.5756225585938,26.34000015258789,,85.87000274658203,37.38999938964844,359.2300109863281,,99.33100128173828
2021-05-11,41.400001525878906,,158.94000244140625,378.67999267578125,94.91999816894531,155.1999969482422,329.29998779296875,26.31999969482422,,,434.20001220703125,63.849998474121094,23.6200008392334,25.530000686645508,22.489999771118164,48.2239990234375,833.5675048828125,26.25,,83.73999786376953,37.31999969482422,360.2799987792969,,96.69599914550781
2021-05-12,41.38999938964844,,157.69000244140625,380.0299987792969,94.38999938964844,153.8800048828125,325.510009765625,26.139999389648438,,,430.32000732421875,63.7599983215332,24.43000030517578,25.5,22.510000228881836,48.27450180053711,833.5756225585938,26.280000686645508,,81.75,37.04999923706055,354.5899963378906,,96.41200256347656
2021-05-14,41.4900016784668,,157.47000122070312,374.8399963378906,93.13999938964844,152.5,322.989990234375,25.860000610351562,,,428.260009765625,64.06999969482422,23.959999084472656,24.90999984741211,22.43000030517578,48.21009826660156,833.5756225585938,25.670000076293945,,81.87999725341797,36.810001373291016,350.8599853515625,49.880001068115234,96.27300262451172
2021-05-17,41.83000183105469,,159.52000427246094,377.67999267578125,94.08000183105469,155.0,335.3800048828125,25.940000534057617,,,430.2699890136719,64.38999938964844,24.950000762939453,25.100000381469727,22.540000915527344,48.261600494384766,833.5756225585938,25.93000030517578,,82.16000366210938,37.47999954223633,362.8299865722656,47.58000183105469,96.58699798583984
2021-05-18,42.09000015258789,,161.3699951171875,382.760009765625,96.0,157.3300018310547,340.82000732421875,26.239999771118164,,,435.75,64.25,24.549999237060547,25.350000381469727,22.450000762939453,48.245201110839844,833.5675048828125,26.31999969482422,,82.54000091552734,37.75,366.1099853515625,47.36000061035156,96.86199951171875
2021-05-19,41.939998626708984,,160.6699981689453,387.1000061035156,95.7699966430664,157.00999450683594,338.1400146484375,26.229999542236328,,,434.739990234375,64.94000244140625,24.600000381469727,25.459999084472656,22.489999771118164,48.24089813232422,833.5675048828125,26.469999313354492,,83.04000091552734,37.939998626708984,365.3299865722656,46.18000030517578,95.12899780273438
2021-05-20,42.130001068115234,,159.63999938964844,386.2799987792969,95.69999694824219,156.0,334.75,26.219999313354492,,,433.2799987792969,65.62999725341797,24.639999389648438,25.020000457763672,22.420000076293945,48.284000396728516,833.5756225585938,26.610000610351562,,82.19999694824219,37.900001525878906,356.2699890136719,46.41999816894531,95.29000091552734
2021-05-21,42.16999816894531,,162.10000610351562,386.5199890136719,96.43000030517578,157.9600067138672,347.30999755859375,26.290000915527344,,,435.8500061035156,65.30999755859375,25.510000228881836,25.049999237060547,22.459999084472656,48.320701599121094,833.5756225585938,26.68000030517578,,82.94999694824219,37.7400016784668,353.70001220703125,47.31999969482422,97.36199951171875
2021-05-24,42.20000076293945,,162.42999267578125,391.0899963378906,97.2699966430664,159.1300048828125,350.79998779296875,26.3700008392334,,,436.0,65.05999755859375,26.110000610351562,25.239999771118164,22.489999771118164,48.334999084472656,833.5675048828125,26.780000686645508,,82.83000183105469,37.5,352.20001220703125,47.34000015258789,97.15699768066406
2021-05-25,42.119998931884766,,162.52999877929688,389.6600036621094,97.41999816894531,159.66000366210938,348.5899963378906,26.600000381469727,,,438.260009765625,65.11000061035156,25.729999542236328,25.219999313354492,22.549999237060547,48.40010070800781,833.5756225585938,26.8799991607666,,83.62999725341797,37.2599983215332,351.989990234375,48.40999984741211,98.43399810791016
2021-05-26,42.63999938964844,,163.4600067138672,389.5,97.5,158.72999572753906,348.8999938964844,27.190000534057617,,,438.6300048828125,66.37999725341797,25.8700008392334,24.850000381469727,22.559999465942383,,833.5675048828125,27.040000915527344,,84.3499984741211,38.29999923706055,352.1000061035156,48.38999938964844,98.5530014038086
2021-05-27,42.38999938964844,,164.1199951171875,391.5400085449219,97.93000030517578,159.3000030517578,352.5899963378906,27.3700008392334,,,438.8900146484375,65.87000274658203,26.420000076293945,24.790000915527344,22.549999237060547,48.36000061035156,833.5675048828125,27.260000228881836,,84.36000061035156,37.880001068115234,350.3800048828125,48.369998931884766,97.8550033569336
2021-05-28,42.220001220703125,,165.02000427246094,391.67999267578125,97.95999908447266,160.05999755859375,353.6000061035156,27.329999923706055,,,443.1199951171875,66.18000030517578,26.6200008392334,24.719999313354492,22.549999237060547,48.35540008544922,833.583984375,27.540000915527344,,84.0999984741211,38.61000061035156,350.5199890136719,48.459999084472656,98.10299682617188
2021-05-31,42.59000015258789,,166.7899932861328,393.5899963378906,97.95999908447266,162.49000549316406,356.1199951171875,27.389999389648438,,,448.5899963378906,66.33000183105469,26.510000228881836,24.850000381469727,22.479999542236328,48.295799255371094,835.0630493164062,27.139999389648438,,84.58999633789062,38.88999938964844,351.9200134277344,48.47999954223633,98.18599700927734
2021-06-01,42.83000183105469,,166.8800048828125,394.2099914550781,98.12999725341797,161.58999633789062,355.4700012207031,27.450000762939453,,,446.9599914550781,66.7699966430664,26.31999969482422,25.010000228881836,22.399999618530273,48.26750183105469,835.0714111328125,27.1299991607666,,84.61000061035156,38.060001373291016,352.20001220703125,48.720001220703125,98.30599975585938
2021-06-02,42.56999969482422,,167.2899932861328,401.1400146484375,98.91999816894531,163.25999450683594,355.6300048828125,27.290000915527344,,,452.3500061035156,66.26000213623047,27.170000076293945,25.260000228881836,22.43000030517578,48.30189895629883,835.0714111328125,27.329999923706055,,84.0199966430664,38.029998779296875,351.0,48.88999938964844,98.45999908447266
2021-06-03,42.5099983215332,,168.1699981689453,405.6700134277344,99.86000061035156,163.52000427246094,357.9200134277344,27.329999923706055,,,447.6499938964844,66.5,27.239999771118164,25.520000457763672,22.5,48.347599029541016,835.0714111328125,27.739999771118164,,84.58999633789062,38.83000183105469,351.7099914550781,48.95000076293945,98.0459976196289
2021-06-04,42.119998931884766,,168.14999389648438,407.1600036621094,100.86000061035156,163.7100067138672,354.7099914550781,27.3799991607666,,,458.3299865722656,66.58999633789062,27.25,25.899999618530273,22.469999313354492,48.335899353027344,835.0714111328125,27.700000762939453,,85.08999633789062,38.459999084472656,352.82000732421875,48.38999938964844,97.64700317382812
2021-06-07,42.279998779296875,,168.6300048828125,407.82000732421875,101.56999969482422,170.0,356.0199890136719,27.559999465942383,,,466.239990234375,67.30000305175781,27.3700008392334,26.280000686645508,22.510000228881836,48.40439987182617,835.0714111328125,28.360000610351562,,85.41999816894531,39.5,354.3299865722656,48.95000076293945,98.68599700927734
2021-06-08,42.40999984741211,,168.57000732421875,410.1199951171875,102.86000061035156,164.6199951171875,352.1300048828125,28.010000228881836,,,466.70001220703125,67.4000015258789,26.889999389648438,26.190000534057617,22.530000686645508,48.49789810180664,835.0714111328125,28.3700008392334,,86.25,39.540000915527344,356.3500061035156,49.4900016784668,99.3740005493164
2021-06-09,42.5,,167.58999633789062,405.9100036621094,101.9000015258789,163.72000122070312,349.42999267578125,27.84000015258789,,,461.4800109863281,67.12000274658203,26.540000915527344,26.350000381469727,22.600000381469727,48.484100341796875,835.0630493164062,28.56999969482422,,86.2699966430664,39.88999938964844,353.2099914550781,49.279998779296875,99.12300109863281
2021-06-10,42.349998474121094,,168.60000610351562,410.8699951171875,103.76000213623047,165.0,352.6300048828125,28.100000381469727,,,463.80999755859375,68.04000091552734,27.1200008392334,26.399999618530273,22.610000610351562,48.5546989440918,835.0630493164062,28.420000076293945,,86.63999938964844,40.0,355.510009765625,49.09000015258789,98.74700164794922
2021-06-11,42.630001068115234,,169.3300018310547,410.57000732421875,103.72000122070312,165.25999450683594,351.5899963378906,28.639999389648438,,,463.9800109863281,67.63999938964844,27.149999618530273,26.809999465942383,22.610000610351562,48.58340072631836,835.0630493164062,28.420000076293945,,87.05999755859375,40.2599983215332,355.8599853515625,49.5099983215332,100.66400146484375
2021-06-14,42.029998779296875,,169.55999755859375,409.7699890136719,103.58999633789062,165.72000122070312,350.7799987792969,28.700000762939453,,,464.1300048828125,67.86000061035156,27.209999084472656,26.799999237060547,22.610000610351562,48.53200149536133,835.0630493164062,28.440000534057617,,87.37999725341797,41.38999938964844,358.55999755859375,49.72999954223633,101.1520004272461
2021-06-15,42.04999923706055,,170.27000427246094,410.8399963378906,103.94999694824219,166.7899932861328,353.5899963378906,28.81999969482422,,,464.6499938964844,68.66999816894531,27.110000610351562,26.780000686645508,22.59000015258789,48.3400993347168,835.0714111328125,28.690000534057617,,87.55000305175781,40.5,357.2799987792969,50.599998474121094,102.18599700927734
2021-06-16,42.09000015258789,,169.69000244140625,407.4599914550781,103.2300033569336,165.41000366210938,351.30999755859375,28.799999237060547,,,458.6000061035156,68.19999694824219,26.920000076293945,26.600000381469727,22.549999237060547,48.26430130004883,835.0714111328125,28.5,,87.23999786376953,40.349998474121094,355.0899963378906,50.459999084472656,101.56199645996094
2021-06-17,41.349998474121094,,168.7899932861328,402.8500061035156,102.44000244140625,163.94000244140625,347.2300109863281,29.040000915527344,,,456.0400085449219,68.05000305175781,26.489999771118164,26.219999313354492,22.520000457763672,48.287200927734375,835.0714111328125,28.059999465942383,,87.18000030517578,40.560001373291016,352.9599914550781,49.880001068115234,10.086999893188477
2021-06-18,40.959999084472656,,168.6699981689453,401.2200012207031,100.9800033569336,163.6999969482422,347.0799865722656,28.81999969482422,,,449.0799865722656,68.75,26.06999969482422,25.549999237060547,22.579999923706055,48.34560012817383,835.0714111328125,27.700000762939453,,86.6500015258789,39.970001220703125,353.8500061035156,51.61000061035156,10.42300033569336
2021-06-21,40.95000076293945,,169.07000732421875,403.3399963378906,101.79000091552734,164.07000732421875,350.1300048828125,28.770000457763672,,,455.1199951171875,68.68000030517578,27.18000030517578,25.979999542236328,22.5,48.26620101928711,835.0630493164062,27.760000228881836,,86.93000030517578,40.13999938964844,352.6700134277344,51.560001373291016,103.41000366210938
2021-06-22,40.93000030517578,,169.41000366210938,407.2300109863281,102.20999908447266,165.08999633789062,349.0400085449219,28.950000762939453,,,458.44000244140625,69.69000244140625,27.079999923706055,26.1200008392334,22.530000686645508,48.24570083618164,835.0714111328125,27.8799991607666,,87.27999877929688,39.84000015258789,353.9800109863281,51.16999816894531,103.56999969482422
2021-06-23,41.0,,168.67999267578125,402.8599853515625,102.12000274658203,164.55999755859375,347.8399963378906,28.68000030517578,,,456.0899963378906,68.87000274658203,26.889999389648438,26.290000915527344,22.559999465942383,48.20309829711914,835.0714111328125,27.809999465942383,,86.80999755859375,39.90999984741211,351.1600036621094,51.630001068115234,104.12999725341797
2021-06-24,40.900001525878906,,169.67999267578125,401.57000732421875,101.72000122070312,164.86000061035156,350.4200134277344,29.350000381469727,,,451.2699890136719,68.63999938964844,26.709999084472656,26.170000076293945,22.56999969482422,48.25519943237305,835.0714111328125,27.84000015258789,,87.62000274658203,40.59000015258789,353.70001220703125,52.29999923706055,104.97000122070312
2021-06-25,40.95000076293945,,170.39999389648438,403.9599914550781,102.6500015258789,165.42999267578125,354.989990234375,29.6200008392334,,,453.2099914550781,69.75,27.5,26.18000030517578,22.59000015258789,48.180999755859375,835.0630493164062,28.059999465942383,,88.25,40.15999984741211,352.92999267578125,53.4900016784668,105.33999633789062
2021-06-28,40.81999969482422,,169.85000610351562,403.9100036621094,102.98999786376953,165.9499969482422,355.239990234375,29.530000686645508,,,453.3599853515625,68.98999786376953,28.1200008392334,26.420000076293945,22.559999465942383,48.12089920043945,835.0630493164062,28.200000762939453,,88.27999877929688,40.02000045776367,360.5799865722656,53.86000061035156,105.41000366210938
2021-06-29,40.72999954223633,,169.3300018310547,405.1600036621094,102.37999725341797,165.47999572753906,352.7300109863281,29.450000762939453,,,451.7099914550781,69.5999984741211,27.68000030517578,26.209999084472656,22.579999923706055,48.224098205566406,835.0630493164062,28.239999771118164,,87.94999694824219,39.97999954223633,358.5400085449219,54.68000030517578,106.47000122070312
2021-06-30,40.52000045776367,,169.1300048828125,403.4599914550781,102.98999786376953,164.82000732421875,350.2900085449219,29.6200008392334,,,450.94000244140625,68.87999725341797,27.579999923706055,26.100000381469727,22.520000457763672,48.1693000793457,836.8486938476562,28.200000762939453,,87.56999969482422,39.810001373291016,355.989990234375,54.65999984741211,107.19999694824219
2021-07-01,40.90999984741211,,168.9199981689453,403.25,102.9800033569336,164.49000549316406,349.6600036621094,29.469999313354492,,,449.75,68.98999786376953,27.510000228881836,26.25,22.59000015258789,48.20859909057617,836.857177734375,28.1299991607666,,87.93000030517578,40.5,355.32000732421875,54.650001525878906,107.25
2021-07-02,41.150001525878906,,169.33999633789062,403.6300048828125,103.36000061035156,163.66000366210938,350.5299987792969,29.459999084472656,,,450.25,68.61000061035156,27.670000076293945,26.15999984741211,22.530000686645508,48.08570098876953,836.857177734375,28.209999084472656,,87.7699966430664,40.2400016784668,355.239990234375,54.84000015258789,107.79000091552734
2021-07-05,41.20000076293945,,170.1300048828125,405.010009765625,103.3499984741211,164.83999633789062,353.8999938964844,29.40999984741211,,,452.04998779296875,69.55000305175781,27.760000228881836,26.360000610351562,22.540000915527344,48.10490036010742,836.8486938476562,28.450000762939453,,88.41999816894531,40.77000045776367,359.3900146484375,54.65999984741211,108.33000183105469
2021-07-06,41.61000061035156,,170.1699981689453,405.8599853515625,103.3499984741211,165.0,357.42999267578125,29.110000610351562,,,452.0799865722656,69.58999633789062,27.530000686645508,26.190000534057617,22.450000762939453,47.93389892578125,836.857177734375,28.1200008392334,,87.56999969482422,40.2599983215332,358.3399963378906,54.81999969482422,108.12999725341797
2021-07-07,41.720001220703125,,170.4600067138672,406.7200012207031,104.54000091552734,165.49000549316406,359.20001220703125,29.18000030517578,14.489999771118164,,454.510009765625,69.33999633789062,27.6200008392334,26.190000534057617,22.40999984741211,48.0348014831543,836.857177734375,28.559999465942383,,87.29000091552734,40.15999984741211,359.6099853515625,55.2599983215332,108.73999786376953
2021-07-08,41.7400016784668,,169.47000122070312,406.54998779296875,104.08999633789062,164.92999267578125,355.20001220703125,29.15999984741211,14.319999694824219,,451.0,69.44999694824219,27.1299991607666,25.979999542236328,22.40999984741211,48.193199157714844,836.857177734375,28.329999923706055,,87.12000274658203,40.2599983215332,357.5299987792969,53.97999954223633,108.19000244140625
2021-07-09,41.58000183105469,,169.07000732421875,408.0400085449219,104.3499984741211,164.6999969482422,353.5,29.09000015258789,14.420000076293945,,452.30999755859375,69.19000244140625,26.979999542236328,26.030000686645508,22.450000762939453,48.196800231933594,836.857177734375,28.56999969482422,,87.12000274658203,39.70000076293945,355.8599853515625,53.65999984741211,108.55999755859375
2021-07-12,41.5,,169.0399932861328,408.4599914550781,104.55000305175781,163.97999572753906,354.17999267578125,28.940000534057617,14.420000076293945,,450.5299987792969,69.4000015258789,27.049999237060547,26.1200008392334,22.40999984741211,48.154998779296875,836.857177734375,28.940000534057617,,87.04000091552734,40.36000061035156,352.7699890136719,54.380001068115234,109.26000213623047
2021-07-13,41.52000045776367,,170.1699981689453,407.0899963378906,105.04000091552734,164.6300048828125,358.3800048828125,28.8799991607666,14.5,,454.0899963378906,69.0999984741211,27.139999389648438,26.260000228881836,22.40999984741211,48.23929977416992,836.857177734375,29.110000610351562,,86.5999984741211,40.36000061035156,353.9200134277344,54.880001068115234,109.61000061035156
2021-07-14,41.63999938964844,,170.60000610351562,407.010009765625,105.3499984741211,165.27999877929688,358.57000732421875,29.649999618530273,14.539999961853027,,455.1499938964844,69.0999984741211,27.170000076293945,26.389999389648438,22.459999084472656,48.28350067138672,836.8486938476562,29.010000228881836,,87.91999816894531,40.0099983215332,354.0,55.029998779296875,110.06999969482422
2021-07-15,41.97999954223633,,171.27999877929688,408.3999938964844,105.5199966430664,166.6199951171875,361.2900085449219,30.09000015258789,14.529999732971191,,456.6300048828125,68.44000244140625,26.989999771118164,26.100000381469727,22.459999084472656,48.281700134277344,836.8486938476562,29.06999969482422,,88.22000122070312,40.83000183105469,352.8699951171875,55.060001373291016,109.5999984741211
2021-07-16,41.849998474121094,,171.41000366210938,409.760009765625,106.72000122070312,166.85000610351562,360.05999755859375,29.780000686645508,14.680000305175781,,458.7200012207031,69.29000091552734,26.950000762939453,26.1299991607666,22.489999771118164,48.325199127197266,836.857177734375,29.15999984741211,,88.48999786376953,40.459999084472656,352.8399963378906,54.439998626708984,109.0199966430664
2021-07-19,41.619998931884766,,169.77000427246094,408.0299987792969,105.62000274658203,165.0399932861328,353.79998779296875,29.709999084472656,14.720000267028809,,457.7200012207031,68.9800033569336,26.610000610351562,26.1200008392334,22.479999542236328,48.39509963989258,836.857177734375,29.15999984741211,,88.30000305175781,40.90999984741211,354.7699890136719,53.630001068115234,107.94999694824219
2021-07-20,41.689998626708984,,168.5399932861328,405.30999755859375,104.41000366210938,163.6199951171875,347.1300048828125,29.59000015258789,14.539999961853027,,456.489990234375,68.75,26.110000610351562,25.799999237060547,22.479999542236328,48.43080139160156,836.857177734375,28.549999237060547,,87.83999633789062,40.349998474121094,352.760009765625,53.45000076293945,107.70999908447266
2021-07-22,41.29999923706055,,170.36000061035156,409.739990234375,104.52999877929688,165.0500030517578,349.42999267578125,30.09000015258789,14.640000343322754,,461.9200134277344,69.36000061035156,26.209999084472656,26.049999237060547,22.399999618530273,48.3671989440918,836.8486938476562,28.690000534057617,,88.87000274658203,41.0,355.0400085449219,53.91999816894531,109.05000305175781
2021-07-23,41.36000061035156,,170.57000732421875,410.010009765625,105.16999816894531,165.55999755859375,352.30999755859375,30.329999923706055,14.65999984741211,,462.1099853515625,69.79000091552734,26.459999084472656,25.969999313354492,22.469999313354492,48.35459899902344,836.857177734375,28.860000610351562,,88.77999877929688,41.34000015258789,355.29998779296875,54.2599983215332,110.05000305175781
2021-07-26,41.400001525878906,,170.27999877929688,412.1400146484375,105.62000274658203,165.83999633789062,351.5199890136719,30.489999771118164,14.649999618530273,,461.1099853515625,71.05000305175781,26.309999465942383,25.979999542236328,22.440000534057617,48.4010009765625,836.8486938476562,28.969999313354492,,88.52999877929688,41.04999923706055,346.1099853515625,54.380001068115234,110.8499984741211
2021-07-27,41.349998474121094,,169.67999267578125,409.7099914550781,104.9000015258789,164.16000366210938,350.05999755859375,30.420000076293945,14.09000015258789,,456.44000244140625,69.77999877929688,26.420000076293945,25.8799991607666,22.479999542236328,48.378700256347656,836.857177734375,28.81999969482422,,87.98999786376953,40.630001068115234,333.510009765625,53.63999938964844,111.12000274658203
2021-07-28,41.369998931884766,,169.33999633789062,411.1400146484375,105.41000366210938,164.64999389648438,348.260009765625,30.489999771118164,14.029999732971191,,458.1300048828125,68.97000122070312,25.829999923706055,25.81999969482422,22.469999313354492,48.359901428222656,836.8486938476562,29.010000228881836,,88.43000030517578,40.970001220703125,332.0400085449219,53.099998474121094,110.37000274658203
2021-07-29,41.68000030517578,,169.9499969482422,410.7799987792969,105.25,165.88999938964844,349.2099914550781,30.850000381469727,13.979999542236328,,456.07000732421875,68.80000305175781,26.690000534057617,25.790000915527344,22.459999084472656,48.34090042114258,836.8486938476562,28.940000534057617,,89.13999938964844,41.290000915527344,333.3900146484375,53.84000015258789,110.4000015258789
2021-07-30,41.91999816894531,,169.69000244140625,413.4599914550781,106.47000122070312,165.6999969482422,348.2900085449219,31.059999465942383,14.430000305175781,,461.0199890136719,69.5,26.610000610351562,26.020000457763672,22.459999084472656,48.30569839477539,838.1505126953125,29.18000030517578,,89.30999755859375,41.20000076293945,331.9599914550781,53.40999984741211,109.51000213623047
2021-08-02,41.529998779296875,,171.0,416.4800109863281,107.5,166.2899932861328,349.29998779296875,31.329999923706055,14.4399995803833,,464.4100036621094,69.4800033569336,26.790000915527344,26.0,22.459999084472656,48.3484992980957,838.1416625976562,29.700000762939453,,90.08999633789062,41.349998474121094,334.2699890136719,53.7400016784668,110.58000183105469
2021-08-03,41.47999954223633,,173.27000427246094,418.20001220703125,107.41000366210938,168.6699981689453,353.94000244140625,31.6299991607666,14.59000015258789,,469.9100036621094,70.16000366210938,26.329999923706055,26.110000610351562,22.399999618530273,48.357200622558594,838.1505126953125,29.579999923706055,,90.7300033569336,41.79999923706055,331.17999267578125,53.7400016784668,110.05000305175781
2021-08-04,41.529998779296875,,174.6699981689453,415.8599853515625,106.87000274658203,169.3300018310547,362.1600036621094,31.56999969482422,14.609999656677246,,467.1400146484375,69.45999908447266,27.25,26.030000686645508,22.479999542236328,48.393699645996094,838.1505126953125,29.25,,90.77999877929688,41.79999923706055,335.20001220703125,53.52000045776367,110.44999694824219
2021-08-05,41.560001373291016,,175.1300048828125,416.0899963378906,106.83999633789062,170.5500030517578,361.0799865722656,31.81999969482422,14.65999984741211,,469.4599914550781,70.16999816894531,26.610000610351562,25.940000534057617,22.450000762939453,48.40079879760742,838.1416625976562,29.170000076293945,,91.30000305175781,41.65999984741211,334.1499938964844,53.45000076293945,110.52999877929688
2021-08-06,41.29999923706055,,174.85000610351562,417.2300109863281,107.12000274658203,171.10000610351562,361.25,31.90999984741211,14.59000015258789,,469.2099914550781,70.69999694824219,26.65999984741211,26.110000610351562,22.459999084472656,48.30739974975586,838.1416625976562,29.31999969482422,,91.22000122070312,41.79999923706055,334.70001220703125,53.7400016784668,111.23999786376953
2021-08-09,40.36000061035156,,175.41000366210938,415.4800109863281,106.04000091552734,169.4600067138672,362.010009765625,32.0,14.569999694824219,,464.95001220703125,71.43000030517578,26.260000228881836,25.729999542236328,22.43000030517578,48.3849983215332,838.1505126953125,29.030000686645508,,91.44000244140625,41.810001373291016,331.1300048828125,53.540000915527344,110.81999969482422
2021-08-10,40.220001220703125,,175.6300048828125,412.55999755859375,105.20999908447266,169.6999969482422,362.55999755859375,32.25,14.510000228881836,,461.6600036621094,70.54000091552734,25.610000610351562,25.309999465942383,22.3799991607666,48.368499755859375,838.1505126953125,28.760000228881836,,91.2699966430664,41.810001373291016,332.2699890136719,53.47999954223633,111.52999877929688
2021-08-11,40.2599983215332,,175.3699951171875,410.29998779296875,104.08000183105469,169.57000732421875,360.54998779296875,32.04999923706055,14.359999656677246,,464.80999755859375,70.16999816894531,25.719999313354492,25.770000457763672,22.420000076293945,48.38359832763672,838.1416625976562,28.65999984741211,,91.62000274658203,41.540000915527344,333.5,53.33000183105469,110.9000015258789
2021-08-12,40.560001373291016,,176.1699981689453,413.4700012207031,105.02999877929688,170.0800018310547,361.92999267578125,32.720001220703125,14.199999809265137,,467.42999267578125,70.22000122070312,25.989999771118164,26.219999313354492,22.420000076293945,48.395599365234375,838.1505126953125,28.940000534057617,,92.4800033569336,42.0099983215332,330.6300048828125,53.09000015258789,110.31999969482422
2021-08-13,40.5,,177.94000244140625,413.6000061035156,105.86000061035156,172.27999877929688,363.7799987792969,33.31999969482422,14.140000343322754,,471.3599853515625,70.6500015258789,26.030000686645508,26.100000381469727,22.450000762939453,48.407501220703125,838.1505126953125,28.920000076293945,,93.5,42.400001525878906,331.25,53.150001525878906,110.87999725341797
2021-08-16,40.779998779296875,,178.60000610351562,414.3599853515625,105.12000274658203,173.25999450683594,363.1300048828125,33.189998626708984,14.050000190734863,,474.5899963378906,70.69999694824219,25.799999237060547,25.93000030517578,22.450000762939453,,838.1505126953125,28.84000015258789,,93.38999938964844,42.5099983215332,332.05999755859375,52.869998931884766,111.44000244140625
2021-08-17,41.18000030517578,,178.91000366210938,415.8999938964844,105.1500015258789,172.9199981689453,361.3599853515625,34.04999923706055,14.100000381469727,,471.7799987792969,71.0999984741211,25.40999984741211,25.729999542236328,22.40999984741211,48.52080154418945,838.1505126953125,28.81999969482422,,93.70999908447266,43.0,331.1099853515625,52.31999969482422,111.01000213623047
2021-08-18,41.029998779296875,,178.75999450683594,418.32000732421875,105.31999969482422,173.30999755859375,358.57000732421875,34.04999923706055,14.15999984741211,,475.2099914550781,70.55999755859375,25.40999984741211,25.56999969482422,22.479999542236328,48.60340118408203,838.1416625976562,28.979999542236328,,93.95999908447266,43.119998931884766,331.2799987792969,51.33000183105469,109.81999969482422
2021-08-20,40.970001220703125,,177.32000732421875,413.0299987792969,104.0999984741211,171.7899932861328,352.95001220703125,33.939998626708984,13.800000190734863,,465.0199890136719,71.83999633789062,24.56999969482422,24.989999771118164,22.450000762939453,48.55929946899414,838.1505126953125,28.920000076293945,,93.29000091552734,42.790000915527344,320.19000244140625,50.939998626708984,109.75
2021-08-23,41.0099983215332,,178.10000610351562,411.239990234375,103.54000091552734,172.3699951171875,354.04998779296875,34.59000015258789,13.800000190734863,,461.3699951171875,72.70999908447266,24.450000762939453,24.81999969482422,22.5,48.56909942626953,838.1416625976562,28.329999923706055,,93.5199966430664,42.79999923706055,326.7099914550781,51.470001220703125,111.19000244140625
2021-08-24,41.18000030517578,,179.4600067138672,414.510009765625,103.5199966430664,173.75,359.5400085449219,34.290000915527344,13.970000267028809,,468.8299865722656,71.7300033569336,24.790000915527344,25.15999984741211,22.43000030517578,48.565399169921875,838.1416625976562,28.43000030517578,,94.11000061035156,43.099998474121094,326.8399963378906,52.689998626708984,112.4800033569336
2021-08-25,41.040000915527344,,179.47000122070312,414.989990234375,104.19999694824219,173.25,358.54998779296875,34.59000015258789,13.90999984741211,,470.3699951171875,72.05000305175781,24.889999389648438,25.389999389648438,22.40999984741211,48.599700927734375,838.1416625976562,28.59000015258789,,94.41000366210938,43.25,329.010009765625,53.13999938964844,113.0199966430664
2021-08-26,40.79999923706055,,179.52000427246094,417.7300109863281,104.3499984741211,173.1999969482422,359.42999267578125,34.68000030517578,13.819999694824219,,467.1600036621094,71.83999633789062,24.700000762939453,25.170000076293945,22.399999618530273,48.58319854736328,838.1416625976562,28.709999084472656,,94.16999816894531,43.150001525878906,328.0899963378906,53.119998931884766,112.69000244140625
2021-08-27,40.86000061035156,,180.24000549316406,422.0400085449219,105.9800033569336,174.83999633789062,359.9700012207031,34.880001068115234,13.970000267028809,,473.2699890136719,72.87999725341797,24.829999923706055,25.3799991607666,22.469999313354492,48.5974006652832,838.1505126953125,28.93000030517578,,94.7699966430664,43.290000915527344,328.3699951171875,53.029998779296875,112.61000061035156
2021-08-30,41.0099983215332,,182.57000732421875,428.20001220703125,107.72000122070312,176.3800048828125,366.45001220703125,34.65999984741211,14.3100004196167,,479.20001220703125,72.94999694824219,25.350000381469727,25.799999237060547,22.440000534057617,48.6880989074707,838.1416625976562,29.530000686645508,,95.16000366210938,43.75,326.3800048828125,53.040000915527344,112.48999786376953
2021-08-31,40.83000183105469,,184.5500030517578,433.8800048828125,108.70999908447266,178.19000244140625,367.1600036621094,35.040000915527344,14.359999656677246,,486.1700134277344,73.7300033569336,25.479999542236328,25.93000030517578,22.5,48.70069885253906,839.847900390625,29.600000381469727,,95.4800033569336,43.68000030517578,330.3500061035156,53.47999954223633,113.54000091552734
2021-09-01,40.83000183105469,,184.30999755859375,438.1400146484375,109.33999633789062,179.07000732421875,369.4700012207031,34.779998779296875,14.359999656677246,,489.4800109863281,75.12999725341797,25.729999542236328,25.950000762939453,22.479999542236328,48.77510070800781,839.83935546875,29.8700008392334,,95.6500015258789,44.029998779296875,332.6499938964844,53.41999816894531,113.06999969482422
2021-09-02,40.91999816894531,,185.9600067138672,438.75,110.58000183105469,178.69000244140625,371.2900085449219,35.209999084472656,14.550000190734863,,494.760009765625,75.79000091552734,25.6200008392334,26.0,22.549999237060547,48.819698333740234,839.83935546875,29.8700008392334,,96.02999877929688,43.959999084472656,334.0799865722656,54.189998626708984,113.08999633789062
2021-09-03,40.91999816894531,,186.91000366210938,445.5799865722656,110.69000244140625,181.2899932861328,370.95001220703125,35.52000045776367,14.520000457763672,,498.29998779296875,76.01000213623047,25.81999969482422,26.3799991607666,22.600000381469727,48.8484001159668,839.83935546875,29.8700008392334,,96.94999694824219,44.54999923706055,329.57000732421875,54.0099983215332,112.95999908447266
2021-09-06,41.209999084472656,,187.5500030517578,445.3299865722656,111.26000213623047,181.8300018310547,369.42999267578125,36.040000915527344,14.569999694824219,,502.6400146484375,76.45999908447266,25.739999771118164,26.270000457763672,22.760000228881836,48.86800003051758,839.847900390625,29.8700008392334,,97.58999633789062,44.63999938964844,331.760009765625,54.130001068115234,113.4000015258789
2021-09-07,41.060001373291016,,187.1699981689453,443.54998779296875,110.83999633789062,182.1300048828125,367.4800109863281,35.61000061035156,14.470000267028809,,503.45001220703125,76.3499984741211,25.420000076293945,26.09000015258789,22.68000030517578,48.794700622558594,839.847900390625,29.8700008392334,,96.91000366210938,44.5,334.9700012207031,54.31999969482422,113.5
2021-09-08,40.880001068115234,,187.13999938964844,444.7200012207031,110.66999816894531,181.69000244140625,370.239990234375,35.33000183105469,14.40999984741211,,501.8800048828125,76.25,25.579999923706055,26.3799991607666,22.739999771118164,48.82640075683594,839.847900390625,29.8700008392334,,96.5,44.599998474121094,329.6700134277344,55.029998779296875,113.7699966430664
2021-09-09,40.790000915527344,,187.4199981689453,447.57000732421875,111.5,181.80999755859375,368.9599914550781,35.40999984741211,14.390000343322754,,502.05999755859375,76.55999755859375,25.700000762939453,26.600000381469727,22.690000534057617,48.849998474121094,839.847900390625,29.8700008392334,,97.04000091552734,44.630001068115234,330.70001220703125,54.7400016784668,113.33999633789062
2021-09-13,40.720001220703125,,187.11000061035156,449.3900146484375,112.22000122070312,182.3000030517578,367.25,35.77000045776367,14.430000305175781,,502.9100036621094,77.0,25.549999237060547,26.739999771118164,22.75,48.83420181274414,839.847900390625,29.8700008392334,,97.4000015258789,44.90999984741211,330.19000244140625,54.5099983215332,112.25
2021-09-14,40.72999954223633,,187.5399932861328,450.739990234375,113.73999786376953,182.77999877929688,368.4100036621094,35.9900016784668,14.470000267028809,,505.1700134277344,77.37999725341797,25.579999923706055,26.969999313354492,22.610000610351562,48.83169937133789,839.83935546875,29.8700008392334,,98.0,44.83000183105469,329.7300109863281,54.33000183105469,112.3499984741211
2021-09-15,40.959999084472656,,189.00999450683594,451.8299865722656,114.75,183.99000549316406,370.9599914550781,36.63999938964844,14.489999771118164,,511.5299987792969,77.88999938964844,26.31999969482422,27.979999542236328,22.690000534057617,48.902000427246094,839.83935546875,29.8700008392334,,98.73999786376953,45.650001525878906,325.67999267578125,54.09000015258789,112.20999908447266
2021-09-16,40.52000045776367,,190.22000122070312,455.260009765625,115.05000305175781,184.9499969482422,378.9100036621094,36.56999969482422,14.550000190734863,,510.7300109863281,78.4800033569336,27.780000686645508,28.030000686645508,22.739999771118164,48.90129852294922,839.847900390625,29.8700008392334,,99.79000091552734,45.61000061035156,326.8399963378906,54.119998931884766,112.05999755859375
2021-09-17,40.20000076293945,,189.82000732421875,452.75,113.75,184.05999755859375,379.57000732421875,36.369998931884766,14.449999809265137,,512.1599731445312,78.83000183105469,26.979999542236328,27.739999771118164,22.770000457763672,48.8916015625,839.847900390625,29.8700008392334,,99.98999786376953,45.529998779296875,319.54998779296875,54.08000183105469,112.08000183105469
2021-09-20,40.16999816894531,,187.86000061035156,444.260009765625,111.86000061035156,182.82000732421875,374.07000732421875,36.119998931884766,14.199999809265137,,506.70001220703125,78.31999969482422,25.829999923706055,27.450000762939453,22.8700008392334,49.00310134887695,839.847900390625,29.8700008392334,,98.5999984741211,45.02000045776367,309.2900085449219,53.43000030517578,110.26000213623047
2021-09-21,40.22999954223633,,189.66000366210938,448.010009765625,111.80000305175781,181.4600067138672,374.9800109863281,36.65999984741211,14.149999618530273,,510.6099853515625,79.16000366210938,25.850000381469727,27.790000915527344,22.920000076293945,48.97610092163086,839.83935546875,29.8700008392334,,100.08999633789062,45.20000076293945,319.2900085449219,52.790000915527344,109.2300033569336
2021-09-22,40.599998474121094,,189.69000244140625,450.2200012207031,114.0,184.39999389648438,372.75,37.150001525878906,14.4399995803833,,514.6300048828125,78.94000244140625,25.799999237060547,28.0,22.8799991607666,48.970401763916016,839.83935546875,29.8700008392334,,100.12000274658203,46.36000061035156,316.0799865722656,53.06999969482422,109.27999877929688
2021-09-23,40.34000015258789,,192.2899932861328,453.20001220703125,115.33999633789062,185.02000427246094,379.9599914550781,37.529998779296875,14.40999984741211,,519.9500122070312,79.55000305175781,26.219999313354492,28.530000686645508,22.8799991607666,48.986698150634766,839.83935546875,29.8700008392334,,101.3499984741211,46.130001068115234,317.239990234375,53.31999969482422,110.37000274658203
2021-09-24,40.04999923706055,,192.6300048828125,451.3399963378906,114.51000213623047,186.07000732421875,380.5400085449219,37.810001373291016,14.369999885559082,,519.1900024414062,79.2699966430664,25.760000228881836,28.239999771118164,22.739999771118164,48.87580108642578,839.8563842773438,29.8700008392334,,101.66999816894531,45.689998626708984,315.4599914550781,53.34000015258789,110.62999725341797
2021-09-27,40.0099983215332,,192.7899932861328,449.260009765625,114.52999877929688,186.75,383.8299865722656,36.779998779296875,14.239999771118164,,519.9099731445312,79.23999786376953,25.790000915527344,28.450000762939453,22.809999465942383,48.82509994506836,839.83935546875,29.8700008392334,,100.16000366210938,45.540000915527344,315.6700134277344,53.20000076293945,110.94999694824219
2021-09-28,39.939998626708984,,191.44000244140625,447.44000244140625,113.83000183105469,184.75,382.8500061035156,35.959999084472656,14.260000228881836,,521.1500244140625,78.86000061035156,26.25,29.399999618530273,22.829999923706055,48.871498107910156,839.847900390625,29.8700008392334,,98.73999786376953,45.90999984741211,316.7799987792969,53.189998626708984,109.36000061035156
2021-09-29,40.02000045776367,,191.14999389648438,444.739990234375,114.22000122070312,184.41000366210938,381.1000061035156,36.04999923706055,14.449999809265137,,524.3800048828125,78.44000244140625,26.8799991607666,30.709999084472656,22.739999771118164,48.917701721191406,839.8228149414062,29.8700008392334,,99.08999633789062,45.7400016784668,319.0199890136719,52.90999984741211,108.5199966430664
2021-09-30,39.720001220703125,,190.11000061035156,444.2900085449219,114.70999908447266,184.47000122070312,377.4599914550781,35.70000076293945,14.529999732971191,,522.97998046875,77.97000122070312,27.149999618530273,30.520000457763672,22.770000457763672,48.89540100097656,841.182861328125,29.8700008392334,,99.73999786376953,45.619998931884766,316.32000732421875,52.61000061035156,108.44000244140625
2021-10-01,40.209999084472656,,189.22000122070312,443.54998779296875,115.12999725341797,183.24000549316406,375.260009765625,35.43000030517578,14.579999923706055,,519.6199951171875,77.69999694824219,27.290000915527344,30.579999923706055,22.790000915527344,48.865699768066406,841.182861328125,32.0099983215332,,99.12000274658203,45.43000030517578,317.45001220703125,52.20000076293945,107.52999877929688
2021-10-04,40.2400016784668,,191.02999877929688,449.67999267578125,116.83999633789062,184.92999267578125,379.1199951171875,35.779998779296875,14.880000114440918,,526.989990234375,78.37999725341797,27.90999984741211,31.010000228881836,22.770000457763672,48.885398864746094,841.182861328125,32.40999984741211,,99.93000030517578,45.689998626708984,312.1400146484375,52.290000915527344,107.80999755859375
2021-10-05,40.349998474121094,,192.1999969482422,453.5899963378906,117.61000061035156,187.36000061035156,380.5299987792969,36.20000076293945,14.829999923706055,,530.010009765625,78.33000183105469,27.75,31.75,22.719999313354492,48.870601654052734,841.17431640625,32.459999084472656,,100.63999938964844,45.779998779296875,313.010009765625,51.70000076293945,107.05999755859375
2021-10-06,40.45000076293945,,190.19000244140625,449.9700012207031,116.5999984741211,184.7899932861328,377.5799865722656,35.619998931884766,14.539999961853027,,525.6599731445312,77.69999694824219,27.170000076293945,31.489999771118164,22.700000762939453,48.851898193359375,841.182861328125,32.56999969482422,,99.55000305175781,45.79999923706055,311.6300048828125,51.95000076293945,106.58999633789062
2021-10-07,40.54999923706055,,191.82000732421875,454.30999755859375,118.69999694824219,186.72000122070312,380.0400085449219,36.279998779296875,14.550000190734863,,529.0599975585938,78.77999877929688,27.420000076293945,31.219999313354492,22.690000534057617,48.86389923095703,841.17431640625,32.720001220703125,,100.48999786376953,46.08000183105469,315.2300109863281,52.880001068115234,109.3499984741211
2021-10-08,40.540000915527344,,192.5800018310547,453.0799865722656,118.86000061035156,186.99000549316406,380.25,37.029998779296875,14.539999961853027,,532.7000122070312,79.16000366210938,27.860000610351562,31.049999237060547,22.729999542236328,48.8557014465332,841.182861328125,32.959999084472656,,100.94000244140625,46.119998931884766,319.70001220703125,53.38999938964844,109.37000274658203
2021-10-11,40.70000076293945,,193.08999633789062,454.760009765625,119.31999969482422,187.0399932861328,384.82000732421875,35.869998931884766,14.619999885559082,,534.27001953125,79.31999969482422,28.100000381469727,31.969999313354492,22.639999389648438,48.86320114135742,841.182861328125,33.150001525878906,,100.31999969482422,46.13999938964844,321.7699890136719,53.630001068115234,109.37999725341797
2021-10-12,40.84000015258789,,193.66000366210938,457.9599914550781,120.25,187.8000030517578,387.25,35.560001373291016,14.59000015258789,,532.6799926757812,80.05999755859375,28.959999084472656,31.84000015258789,22.6299991607666,48.90679931640625,841.182861328125,33.529998779296875,,100.18000030517578,46.2400016784668,320.510009765625,53.5,109.55999755859375
2021-10-13,40.91999816894531,,195.55999755859375,462.9599914550781,121.9000015258789,189.5800018310547,388.17999267578125,35.869998931884766,14.75,,541.469970703125,80.66000366210938,29.09000015258789,31.84000015258789,22.600000381469727,48.986900329589844,841.17431640625,34.0099983215332,,100.83999633789062,46.290000915527344,322.1700134277344,53.27000045776367,108.54000091552734
2021-10-14,41.52000045776367,,197.11000061035156,466.8599853515625,122.61000061035156,191.94000244140625,395.989990234375,36.34000015258789,14.75,,547.0999755859375,81.68000030517578,29.59000015258789,32.060001373291016,22.649999618530273,48.97909927368164,841.182861328125,34.93000030517578,,102.04000091552734,47.310001373291016,322.6300048828125,53.810001373291016,110.1500015258789
2021-10-18,40.97999954223633,,198.91000366210938,468.1300048828125,123.87000274658203,193.82000732421875,400.3900146484375,36.86000061035156,14.649999618530273,,547.7100219726562,81.41999816894531,30.8700008392334,32.54999923706055,22.6200008392334,48.875999450683594,841.17431640625,34.880001068115234,,103.41999816894531,47.59000015258789,323.2200012207031,54.08000183105469,111.4800033569336
2021-10-19,41.20000076293945,,198.41000366210938,463.2699890136719,121.62999725341797,192.47000122070312,399.0799865722656,37.70000076293945,14.5,,544.989990234375,79.63999938964844,29.649999618530273,31.90999984741211,22.639999389648438,,841.17431640625,34.5,,102.83999633789062,47.439998626708984,324.70001220703125,56.04999923706055,112.5
2021-10-20,41.060001373291016,,197.3000030517578,453.3399963378906,118.7300033569336,190.02000427246094,398.6199951171875,37.40999984741211,14.279999732971191,,539.7000122070312,79.08000183105469,30.100000381469727,31.309999465942383,22.639999389648438,48.890499114990234,841.17431640625,33.40999984741211,,101.23999786376953,46.84000015258789,324.7699890136719,56.70000076293945,113.44000244140625
2021-10-21,41.16999816894531,,196.0800018310547,450.8800048828125,117.94000244140625,188.89999389648438,403.6000061035156,36.619998931884766,14.220000267028809,,535.280029296875,78.20999908447266,30.93000030517578,31.190000534057617,22.6200008392334,48.954898834228516,841.17431640625,33.0,,100.0,46.20000076293945,324.0799865722656,56.310001373291016,113.16999816894531
2021-10-22,41.290000915527344,,195.67999267578125,444.260009765625,117.16000366210938,188.0399932861328,406.1400146484375,36.09000015258789,13.9399995803833,,532.0599975585938,77.25,30.8700008392334,30.65999984741211,22.56999969482422,48.935001373291016,841.182861328125,32.83000183105469,,98.91999816894531,45.75,324.8800048828125,56.720001220703125,113.45999908447266
2021-10-25,41.58000183105469,,195.7100067138672,440.1700134277344,115.5999984741211,188.8300018310547,414.6300048828125,35.5099983215332,14.100000381469727,,528.7999877929688,77.20999908447266,31.149999618530273,30.850000381469727,22.600000381469727,48.97050094604492,841.182861328125,32.150001525878906,,98.38999938964844,45.25,324.0400085449219,56.52000045776367,113.58000183105469
2021-10-26,41.65999984741211,,197.1300048828125,445.4599914550781,116.88999938964844,189.99000549316406,413.7200012207031,35.91999816894531,14.029999732971191,,534.5800170898438,76.37999725341797,31.420000076293945,31.010000228881836,22.68000030517578,48.962501525878906,841.17431640625,33.65999984741211,,98.4000015258789,45.619998931884766,324.3999938964844,57.70000076293945,114.93000030517578
2021-10-27,41.33000183105469,,196.5399932861328,447.7200012207031,117.26000213623047,189.94000244140625,411.6700134277344,36.189998626708984,14.069999694824219,,532.989990234375,76.8499984741211,32.0099983215332,30.719999313354492,22.700000762939453,48.99789810180664,841.182861328125,33.060001373291016,,98.69000244140625,45.72999954223633,324.9200134277344,57.31999969482422,115.0199966430664
2021-10-28,41.56999969482422,,193.67999267578125,441.55999755859375,115.58000183105469,186.39999389648438,398.0,35.75,13.920000076293945,,527.1300048828125,76.33999633789062,30.489999771118164,29.719999313354492,22.649999618530273,48.98249816894531,841.182861328125,32.29999923706055,,97.19000244140625,44.849998474121094,321.8399963378906,56.91999816894531,115.23999786376953
2021-10-29,41.5,,191.16000366210938,440.75,115.69999694824219,185.0399932861328,394.6199951171875,35.2400016784668,14.050000190734863,,521.6500244140625,76.30000305175781,30.850000381469727,29.559999465942383,22.600000381469727,48.93149948120117,843.027099609375,32.0099983215332,,96.01000213623047,44.599998474121094,323.94000244140625,57.279998779296875,115.7300033569336
2021-11-01,41.279998779296875,,193.83999633789062,445.760009765625,116.80000305175781,187.6699981689453,400.9800109863281,35.970001220703125,14.050000190734863,,532.9500122070312,76.9000015258789,31.260000228881836,29.950000762939453,22.6200008392334,48.94860076904297,843.0181274414062,33.0,,98.06999969482422,44.900001525878906,323.5400085449219,57.939998626708984,117.29000091552734
2021-11-02,41.45000076293945,,193.10000610351562,447.04998779296875,118.48999786376953,186.8800048828125,402.5,36.029998779296875,14.069999694824219,,530.6099853515625,77.11000061035156,31.860000610351562,29.959999084472656,22.59000015258789,49.01139831542969,843.0181274414062,32.939998626708984,,97.8499984741211,45.5099983215332,326.9599914550781,59.18000030517578,117.26000213623047
2021-11-03,41.099998474121094,,192.5800018310547,448.25,118.22000122070312,186.8800048828125,395.95001220703125,35.88999938964844,13.890000343322754,,534.510009765625,76.33000183105469,31.790000915527344,29.770000457763672,22.6200008392334,49.022701263427734,843.0352172851562,33.11000061035156,,98.04000091552734,45.20000076293945,323.82000732421875,58.40999984741211,117.56999969482422
2021-11-04,41.36000061035156,,193.58999633789062,452.1199951171875,119.05999755859375,193.02000427246094,397.69000244140625,36.099998474121094,14.050000190734863,,554.530029296875,77.68000030517578,32.279998779296875,29.920000076293945,22.690000534057617,,843.0181274414062,33.72999954223633,,99.63999938964844,46.630001068115234,323.1499938964844,59.90999984741211,120.08999633789062
2021-11-08,41.5,,195.3699951171875,456.8999938964844,120.2699966430664,188.42999267578125,397.4800109863281,36.5,13.880000114440918,,545.760009765625,77.83999633789062,33.0099983215332,30.549999237060547,22.739999771118164,49.15950012207031,843.0181274414062,33.380001068115234,,98.68000030517578,46.189998626708984,317.9599914550781,60.849998474121094,119.70999908447266
2021-11-09,41.66999816894531,,194.8800048828125,459.5299987792969,121.68000030517578,188.19000244140625,396.2099914550781,36.650001525878906,13.930000305175781,,545.969970703125,78.48999786376953,33.13999938964844,30.600000381469727,22.709999084472656,49.17509841918945,843.0181274414062,33.66999816894531,,98.98999786376953,45.95000076293945,321.4800109863281,59.47999954223633,119.41000366210938
2021-11-10,41.790000915527344,,194.66000366210938,460.6499938964844,121.29000091552734,188.9600067138672,392.20001220703125,36.59000015258789,14.0,,549.5,78.4800033569336,32.439998626708984,30.440000534057617,22.760000228881836,49.14889907836914,843.027099609375,33.7400016784668,,98.41999816894531,46.20000076293945,315.8900146484375,58.4900016784668,118.19999694824219
2021-11-11,42.70000076293945,,193.25,458.82000732421875,120.13999938964844,187.77999877929688,388.6099853515625,36.279998779296875,13.789999961853027,,544.2999877929688,78.23999786376953,31.860000610351562,30.200000762939453,22.829999923706055,49.09370040893555,843.027099609375,33.869998931884766,,98.16999816894531,45.40999984741211,318.75,58.599998474121094,118.36000061035156
2021-11-12,42.45000076293945,,195.4600067138672,463.6300048828125,121.12999725341797,190.14999389648438,390.0899963378906,37.04999923706055,13.779999732971191,,551.6799926757812,78.94999694824219,31.700000762939453,30.139999389648438,22.780000686645508,49.12030029296875,843.0181274414062,33.540000915527344,,98.97000122070312,46.08000183105469,319.4700012207031,58.849998474121094,117.80000305175781
2021-11-15,42.650001525878906,,195.52000427246094,465.75,121.1500015258789,190.08999633789062,389.7900085449219,37.2400016784668,13.970000267028809,,553.5800170898438,79.6500015258789,31.3799991607666,30.270000457763672,22.700000762939453,49.17150115966797,843.0181274414062,33.529998779296875,,99.95999908447266,46.529998779296875,322.2900085449219,59.45000076293945,118.87999725341797
2021-11-16,42.79999923706055,,194.47000122070312,464.80999755859375,121.26000213623047,189.13999938964844,385.5899963378906,37.43000030517578,13.899999618530273,,547.0800170898438,79.72000122070312,30.719999313354492,30.079999923706055,22.670000076293945,49.144798278808594,843.027099609375,33.599998474121094,,99.38999938964844,45.91999816894531,321.3399963378906,59.41999816894531,118.62000274658203
2021-11-17,42.540000915527344,,193.52999877929688,464.2699890136719,120.86000061035156,188.27000427246094,383.8299865722656,37.40999984741211,13.699999809265137,,541.75,80.69000244140625,30.729999542236328,30.110000610351562,22.729999542236328,49.20989990234375,843.0352172851562,33.65999984741211,,99.69000244140625,46.470001220703125,320.2900085449219,59.439998626708984,119.41999816894531
2021-11-18,42.61000061035156,,192.13999938964844,457.6700134277344,119.0,186.1999969482422,382.82000732421875,36.86000061035156,13.539999961853027,,537.989990234375,79.61000061035156,30.729999542236328,29.719999313354492,22.790000915527344,49.227298736572266,843.027099609375,33.45000076293945,,98.20999908447266,45.709999084472656,322.29998779296875,59.06999969482422,118.73999786376953
2021-11-22,42.22999954223633,,188.52999877929688,449.1400146484375,115.80999755859375,183.1199951171875,374.57000732421875,36.43000030517578,13.329999923706055,,526.7000122070312,79.23999786376953,29.350000381469727,29.18000030517578,22.729999542236328,49.24150085449219,843.027099609375,33.34000015258789,,96.98999786376953,44.79999923706055,320.9599914550781,59.75,121.29000091552734
2021-11-23,41.34000015258789,,189.39999389648438,455.6700134277344,117.55999755859375,185.4600067138672,374.9200134277344,36.31999969482422,13.550000190734863,,534.8200073242188,78.66000366210938,30.040000915527344,29.940000534057617,22.790000915527344,49.221900939941406,843.0181274414062,32.66999816894531,,97.45999908447266,45.279998779296875,318.8599853515625,58.34000015258789,119.80999755859375
2021-11-24,41.20000076293945,,188.25,453.42999267578125,117.11000061035156,183.50999450683594,376.42999267578125,35.790000915527344,13.5,,532.1900024414062,78.72000122070312,30.15999984741211,30.420000076293945,22.959999084472656,49.221900939941406,843.027099609375,32.68000030517578,,96.4800033569336,45.09000015258789,321.1700134277344,58.02000045776367,119.45999908447266
2021-11-25,41.29999923706055,,189.50999450683594,457.1099853515625,117.76000213623047,184.0,376.6400146484375,36.029998779296875,13.59000015258789,,541.2000122070312,78.08000183105469,29.940000534057617,30.6299991607666,22.770000457763672,49.24720001220703,843.027099609375,32.470001220703125,,97.04000091552734,44.97999954223633,318.9599914550781,58.88999938964844,120.76000213623047
2021-11-26,41.77000045776367,,184.50999450683594,446.010009765625,114.29000091552734,179.41000366210938,363.30999755859375,35.439998626708984,13.930000305175781,,517.8699951171875,76.69000244140625,28.700000762939453,29.5,22.860000610351562,49.31740188598633,843.027099609375,31.989999771118164,,94.61000061035156,44.150001525878906,314.9200134277344,58.16999816894531,119.23999786376953
2021-11-29,41.619998931884766,,184.5500030517578,439.5400085449219,113.12000274658203,179.3699951171875,362.67999267578125,35.61000061035156,13.710000038146973,,517.739990234375,76.08999633789062,28.139999389648438,29.079999923706055,22.809999465942383,49.335899353027344,843.0181274414062,31.420000076293945,,94.63999938964844,43.56999969482422,313.4599914550781,58.0099983215332,119.5199966430664
2021-11-30,41.5099983215332,,183.6999969482422,439.739990234375,114.36000061035156,179.07000732421875,359.6099853515625,35.95000076293945,13.789999961853027,,514.1500244140625,76.75,27.979999542236328,29.389999389648438,22.850000381469727,49.369300842285156,844.7960815429688,31.440000534057617,,94.88999938964844,44.31999969482422,306.2200012207031,58.619998931884766,120.3499984741211
2021-12-01,41.209999084472656,,185.72000122070312,440.95001220703125,114.29000091552734,179.5,366.5299987792969,36.31999969482422,13.5600004196167,,517.0,76.45999908447266,28.729999542236328,29.600000381469727,23.15999984741211,49.304500579833984,844.7960815429688,31.420000076293945,,95.5999984741211,43.97999954223633,308.510009765625,58.59000015258789,120.9000015258789
2021-12-02,40.97999954223633,,187.99000549316406,444.57000732421875,115.91000366210938,181.85000610351562,367.9800109863281,36.84000015258789,13.600000381469727,,523.4500122070312,76.73999786376953,28.969999313354492,30.149999618530273,22.93000030517578,49.31919860839844,844.7960815429688,32.08000183105469,,97.19000244140625,44.29999923706055,310.0299987792969,57.380001068115234,118.16000366210938
2021-12-03,40.91999816894531,,186.0,444.6000061035156,116.31999969482422,181.00999450683594,365.1600036621094,36.7599983215332,13.520000457763672,,519.8900146484375,76.63999938964844,28.809999465942383,29.979999542236328,22.959999084472656,49.29359817504883,844.7960815429688,32.20000076293945,,96.63999938964844,44.849998474121094,311.8999938964844,56.61000061035156,118.38999938964844
2021-12-06,41.29999923706055,,183.00999450683594,436.510009765625,114.70999908447266,178.4199981689453,360.5799865722656,35.72999954223633,13.300000190734863,,509.9800109863281,75.18000030517578,28.309999465942383,29.520000457763672,22.889999389648438,49.33209991455078,844.8048706054688,32.349998474121094,,94.69999694824219,44.029998779296875,306.2099914550781,55.15999984741211,116.56999969482422
2021-12-07,41.220001220703125,,185.7100067138672,442.30999755859375,116.05999755859375,179.9600067138672,369.79998779296875,35.970001220703125,13.300000190734863,,516.47998046875,75.11000061035156,28.989999771118164,29.950000762939453,22.81999969482422,49.292701721191406,844.7960815429688,31.829999923706055,,95.79000091552734,44.5099983215332,311.4200134277344,56.810001373291016,119.27999877929688
2021-12-08,41.470001220703125,,188.47999572753906,447.8500061035156,117.56999969482422,182.57000732421875,376.2300109863281,36.68000030517578,13.460000038146973,,523.6300048828125,76.04000091552734,29.6299991607666,30.079999923706055,22.850000381469727,49.4010009765625,844.7960815429688,32.58000183105469,,97.30999755859375,44.630001068115234,312.32000732421875,57.38999938964844,121.11000061035156
2021-12-09,41.349998474121094,,189.13999938964844,448.0799865722656,117.98999786376953,183.97999572753906,374.1499938964844,36.66999816894531,13.479999542236328,,526.5599975585938,76.58999633789062,29.729999542236328,30.079999923706055,22.860000610351562,49.398399353027344,844.7960815429688,32.59000015258789,,97.69000244140625,44.939998626708984,314.7300109863281,57.720001220703125,121.38999938964844
2021-12-10,41.27000045776367,,189.08999633789062,450.8399963378906,119.16000366210938,183.22000122070312,374.4100036621094,36.630001068115234,13.550000190734863,,526.9500122070312,77.19000244140625,30.520000457763672,29.969999313354492,22.899999618530273,49.3745002746582,844.8048706054688,32.88999938964844,,98.25,44.900001525878906,314.6400146484375,57.61000061035156,120.86000061035156
2021-12-13,41.54999923706055,,187.89999389648438,448.9200134277344,119.29000091552734,182.7899932861328,372.8599853515625,36.83000183105469,13.520000457763672,,524.5700073242188,76.69000244140625,30.1299991607666,29.8700008392334,22.90999984741211,49.3828010559082,844.7960815429688,33.02000045776367,,97.75,45.29999923706055,318.6700134277344,57.77000045776367,121.9800033569336
2021-12-14,41.54999923706055,,187.3300018310547,450.010009765625,118.88999938964844,181.38999938964844,372.1400146484375,36.779998779296875,13.600000381469727,,523.3699951171875,76.30000305175781,29.8700008392334,30.110000610351562,22.920000076293945,49.40909957885742,844.8048706054688,32.959999084472656,,97.66999816894531,45.09000015258789,312.9800109863281,56.209999084472656,120.1500015258789
2021-12-15,41.470001220703125,,186.25,446.30999755859375,118.33000183105469,181.00999450683594,371.17999267578125,36.560001373291016,13.550000190734863,,520.1900024414062,75.9000015258789,29.540000915527344,29.920000076293945,22.93000030517578,49.39250183105469,844.8048706054688,32.790000915527344,,97.19999694824219,45.09000015258789,310.6000061035156,56.16999816894531,119.16000366210938
2021-12-16,41.720001220703125,,186.6199951171875,445.55999755859375,117.4800033569336,181.27999877929688,368.2799987792969,36.86000061035156,13.420000076293945,,518.8400268554688,75.81999969482422,29.209999084472656,29.8700008392334,22.90999984741211,49.399200439453125,844.7960815429688,32.58000183105469,,97.33000183105469,44.869998931884766,313.3800048828125,56.900001525878906,122.0999984741211
2021-12-17,42.13999938964844,,183.77000427246094,434.8299865722656,114.61000061035156,181.1300048828125,358.6700134277344,37.470001220703125,13.279999732971191,,509.1000061035156,74.5,28.170000076293945,29.510000228881836,22.8700008392334,49.36439895629883,844.8048706054688,31.90999984741211,,97.13999938964844,44.5,309.05999755859375,55.16999816894531,118.27999877929688
2021-12-20,41.86000061035156,,179.92999267578125,422.6600036621094,111.19999694824219,173.8000030517578,348.1499938964844,36.75,13.239999771118164,,494.1600036621094,73.05999755859375,26.93000030517578,28.559999465942383,22.860000610351562,49.321800231933594,844.8048706054688,31.479999542236328,,95.0199966430664,43.34000015258789,307.1300048828125,54.130001068115234,116.68000030517578
2021-12-21,41.689998626708984,,181.4499969482422,428.8800048828125,112.54000091552734,176.2899932861328,348.3500061035156,37.4900016784668,13.319999694824219,,501.3299865722656,73.98999786376953,26.829999923706055,28.850000381469727,22.84000015258789,49.26850128173828,844.7960815429688,30.989999771118164,,96.94000244140625,43.95000076293945,304.239990234375,54.25,117.2699966430664
2021-12-22,41.52000045776367,,183.3300018310547,435.4100036621094,113.7300033569336,178.13999938964844,352.8900146484375,37.83000183105469,13.550000190734863,,507.4200134277344,74.45999908447266,27.399999618530273,29.020000457763672,22.709999084472656,49.26169967651367,844.7960815429688,31.209999084472656,,97.33999633789062,44.2599983215332,303.2200012207031,55.43000030517578,118.54000091552734
2021-12-23,41.689998626708984,,184.10000610351562,438.75,115.0999984741211,179.10000610351562,353.9700012207031,38.11000061035156,13.640000343322754,,511.25,74.7300033569336,27.809999465942383,29.639999389648438,22.799999237060547,49.25389862060547,844.7960815429688,31.420000076293945,,98.72000122070312,44.380001068115234,302.45001220703125,55.970001220703125,119.77999877929688
2021-12-24,41.709999084472656,,183.4499969482422,436.3299865722656,114.08999633789062,178.6999969482422,350.07000732421875,38.70000076293945,13.550000190734863,,506.7300109863281,74.73999786376953,27.290000915527344,29.190000534057617,22.850000381469727,49.232601165771484,844.8048706054688,31.40999984741211,,98.63999938964844,44.7400016784668,303.0899963378906,56.25,120.54000091552734
2021-12-27,41.59000015258789,,184.5500030517578,437.54998779296875,114.43000030517578,179.3800048828125,352.44000244140625,38.83000183105469,13.710000038146973,,507.7699890136719,74.4000015258789,27.270000457763672,29.170000076293945,22.850000381469727,49.25960159301758,844.7960815429688,31.56999969482422,,98.94999694824219,44.81999969482422,301.82000732421875,56.27000045776367,120.75
2021-12-28,41.61000061035156,,186.3000030517578,441.05999755859375,115.1500015258789,180.6199951171875,354.3800048828125,39.20000076293945,13.819999694824219,,513.75,75.0999984741211,27.549999237060547,29.520000457763672,22.760000228881836,49.26240158081055,844.7960815429688,31.979999542236328,,100.0199966430664,45.2400016784668,301.20001220703125,56.869998931884766,122.08000183105469
2021-12-29,41.5,,186.1199951171875,440.1300048828125,115.93000030517578,180.97000122070312,353.05999755859375,39.16999816894531,14.079999923706055,,511.739990234375,75.55999755859375,27.709999084472656,29.420000076293945,22.790000915527344,49.29930114746094,844.8048706054688,31.850000381469727,,99.62999725341797,45.279998779296875,297.5899963378906,56.369998931884766,122.41999816894531
2021-12-30,41.220001220703125,,186.13999938964844,437.1600036621094,115.88999938964844,180.3699951171875,354.0400085449219,39.599998474121094,14.149999618530273,,510.92999267578125,75.47000122070312,27.1299991607666,29.770000457763672,22.799999237060547,49.2843017578125,844.8048706054688,31.68000030517578,,99.80000305175781,45.2400016784668,298.9100036621094,55.84000015258789,121.30999755859375
2021-12-31,41.47999954223633,,187.7899932861328,443.82000732421875,117.13999938964844,181.97000122070312,357.510009765625,39.650001525878906,14.229999542236328,,517.760009765625,76.38999938964844,27.610000610351562,29.68000030517578,22.809999465942383,49.32419967651367,846.517333984375,31.8700008392334,,100.94000244140625,45.209999084472656,300.29998779296875,56.2599983215332,120.56999969482422
2022-01-03,41.72999954223633,,190.72000122070312,446.80999755859375,118.58999633789062,183.9600067138672,366.82000732421875,40.0,14.170000076293945,,521.1699829101562,76.72000122070312,28.34000015258789,30.100000381469727,23.329999923706055,49.35129928588867,846.5087890625,32.189998626708984,,101.77999877929688,45.689998626708984,300.75,56.02000045776367,120.2699966430664
2022-01-04,41.459999084472656,,192.4600067138672,448.5299987792969,118.81999969482422,185.49000549316406,370.8500061035156,40.13999938964844,14.020000457763672,,527.8599853515625,76.94999694824219,28.540000915527344,30.780000686645508,22.780000686645508,49.24909973144531,846.5087890625,32.470001220703125,,103.02999877929688,45.900001525878906,300.0799865722656,56.709999084472656,121.47000122070312
2022-01-05,41.560001373291016,,193.33999633789062,447.1600036621094,118.62999725341797,187.32000732421875,379.0899963378906,39.529998779296875,14.050000190734863,,528.6599731445312,77.0199966430664,28.93000030517578,30.809999465942383,22.770000457763672,49.25619888305664,846.5087890625,32.470001220703125,,101.76000213623047,46.150001525878906,298.4100036621094,55.869998931884766,119.54000091552734
2022-01-06,41.2400016784668,,191.9199981689453,446.9100036621094,118.70999908447266,184.8800048828125,378.19000244140625,38.93000030517578,13.989999771118164,,527.1099853515625,77.16999816894531,29.079999923706055,30.809999465942383,22.700000762939453,49.21369934082031,846.5087890625,32.43000030517578,,101.41999816894531,45.77000045776367,296.17999267578125,54.209999084472656,115.80999755859375
2022-01-07,41.09000015258789,,192.4199981689453,450.07000732421875,119.20999908447266,185.83999633789062,380.30999755859375,39.04999923706055,13.869999885559082,,527.1599731445312,77.75,29.290000915527344,31.09000015258789,22.690000534057617,49.18840026855469,846.517333984375,32.68000030517578,,101.36000061035156,46.09000015258789,296.989990234375,54.41999816894531,116.70999908447266
2022-01-10,41.06999969482422,,194.35000610351562,450.82000732421875,119.68000030517578,188.1699981689453,385.7099914550781,39.08000183105469,13.930000305175781,,532.4500122070312,78.4000015258789,30.010000228881836,31.31999969482422,22.530000686645508,49.12879943847656,846.5087890625,32.90999984741211,,102.3499984741211,46.349998474121094,298.9800109863281,54.029998779296875,115.05999755859375
2022-01-11,41.209999084472656,,194.69000244140625,451.75,119.94000244140625,188.4199981689453,386.42999267578125,39.38999938964844,13.930000305175781,,533.9500122070312,78.13999938964844,29.959999084472656,31.31999969482422,22.559999465942383,49.176998138427734,846.517333984375,32.88999938964844,,103.0,46.220001220703125,298.8399963378906,54.02000045776367,114.93000030517578
2022-01-12,41.33000183105469,,196.1999969482422,453.2900085449219,121.0,189.5800018310547,389.69000244140625,39.41999816894531,13.84000015258789,,542.75,78.02999877929688,30.1200008392334,31.719999313354492,22.489999771118164,49.164398193359375,846.517333984375,33.16999816894531,,103.62000274658203,46.349998474121094,302.260009765625,54.630001068115234,115.63999938964844
2022-01-13,41.41999816894531,,197.0,456.3399963378906,121.73999786376953,190.05999755859375,387.2900085449219,39.470001220703125,14.0600004196167,,546.77001953125,78.30000305175781,30.3799991607666,32.0099983215332,22.479999542236328,49.26789855957031,846.5087890625,33.369998931884766,,103.66000366210938,46.619998931884766,302.8900146484375,55.15999984741211,116.2699966430664
2022-01-14,41.529998779296875,,197.36000061035156,457.2799987792969,122.0,190.92999267578125,386.80999755859375,39.689998626708984,14.039999961853027,,548.2899780273438,78.0999984741211,30.329999923706055,32.04999923706055,22.530000686645508,49.278900146484375,846.5087890625,33.56999969482422,,104.31999969482422,47.0,301.82000732421875,53.790000915527344,114.16999816894531
2022-01-17,41.529998779296875,,198.02999877929688,459.07000732421875,122.12000274658203,190.8800048828125,385.29998779296875,39.63999938964844,13.930000305175781,,551.8599853515625,79.16999816894531,30.309999465942383,32.220001220703125,22.479999542236328,49.21080017089844,846.5087890625,33.70000076293945,,105.18000030517578,47.34000015258789,303.3800048828125,53.83000183105469,114.45999908447266
2022-01-18,41.52000045776367,,195.97000122070312,451.5,120.2300033569336,188.5800018310547,384.6700134277344,39.0,13.770000457763672,,542.5599975585938,77.93000030517578,29.940000534057617,31.790000915527344,22.520000457763672,49.202999114990234,846.517333984375,33.2599983215332,,103.11000061035156,47.310001373291016,303.42999267578125,53.689998626708984,113.66999816894531
2022-01-19,41.599998474121094,,194.17999267578125,451.29998779296875,119.75,187.80999755859375,383.17999267578125,38.16999816894531,13.699999809265137,,539.9199829101562,76.70999908447266,30.479999542236328,32.06999969482422,22.489999771118164,49.1952018737793,846.5087890625,32.97999954223633,,102.45999908447266,46.97999954223633,303.1000061035156,53.09000015258789,112.80999755859375
2022-01-20,42.04999923706055,,192.17999267578125,450.95001220703125,119.2699966430664,185.50999450683594,381.4800109863281,37.56999969482422,13.520000457763672,,539.1099853515625,76.41000366210938,30.479999542236328,32.290000915527344,22.59000015258789,49.225399017333984,846.5087890625,33.11000061035156,,101.37999725341797,46.02000045776367,307.239990234375,52.75,112.08000183105469
2022-01-21,41.84000015258789,,190.63999938964844,443.5400085449219,117.30000305175781,183.6300048828125,377.8800048828125,36.709999084472656,13.300000190734863,,531.6599731445312,75.87000274658203,29.559999465942383,31.780000686645508,22.520000457763672,49.2224006652832,846.517333984375,32.630001068115234,,100.38999938964844,45.619998931884766,308.3699951171875,51.88999938964844,108.48999786376953
2022-01-24,42.040000915527344,,185.7899932861328,427.95001220703125,113.44999694824219,179.57000732421875,372.1499938964844,35.72999954223633,13.069999694824219,112.6698989868164,516.0700073242188,73.75,28.940000534057617,31.399999618530273,22.40999984741211,49.2577018737793,846.517333984375,31.110000610351562,,97.79000091552734,44.66999816894531,304.82000732421875,50.45000076293945,107.2699966430664
2022-01-25,42.060001373291016,,187.07000732421875,431.4800109863281,114.06999969482422,180.52999877929688,380.3999938964844,35.599998474121094,13.140000343322754,115.26599884033203,520.9299926757812,74.83000183105469,30.139999389648438,31.979999542236328,22.540000915527344,49.30860137939453,846.5087890625,31.510000228881836,,98.4800033569336,44.5,306.2799987792969,48.38999938964844,106.31999969482422
2022-01-27,41.81999969482422,,185.3300018310547,423.3900146484375,112.77999877929688,179.47999572753906,381.7699890136719,34.439998626708984,12.90999984741211,115.65059661865234,516.0599975585938,73.4800033569336,31.670000076293945,31.850000381469727,22.239999771118164,49.2130012512207,846.517333984375,31.040000915527344,,96.8499984741211,44.5,301.4200134277344,48.34000015258789,105.87999725341797
2022-01-28,41.43000030517578,,185.10000610351562,428.739990234375,114.16000366210938,178.75,379.8500061035156,34.720001220703125,13.0600004196167,114.97319793701172,517.8900146484375,74.16000366210938,31.520000457763672,32.310001373291016,22.350000381469727,49.21030044555664,846.517333984375,31.31999969482422,,97.33999633789062,44.540000915527344,303.489990234375,47.900001525878906,105.23999786376953
2022-01-31,41.25,,187.6300048828125,432.30999755859375,115.4000015258789,181.4499969482422,382.8999938964844,35.70000076293945,13.239999771118164,117.05819702148438,526.5800170898438,75.02999877929688,32.529998779296875,32.709999084472656,22.360000610351562,49.38479995727539,848.5409545898438,31.969999313354492,,98.33999633789062,45.220001220703125,307.1400146484375,49.09000015258789,107.45999908447266
2022-02-01,41.54999923706055,,189.6999969482422,437.2200012207031,117.5999984741211,183.3300018310547,387.4100036621094,36.279998779296875,13.460000038146973,116.19029998779297,529.5599975585938,76.0199966430664,32.38999938964844,32.650001525878906,22.139999389648438,49.209598541259766,848.5323486328125,32.189998626708984,,99.9800033569336,45.91999816894531,307.4800109863281,51.4900016784668,110.16000366210938
2022-02-02,41.5099983215332,,192.1199951171875,444.1099853515625,118.4800033569336,185.41000366210938,395.9200134277344,36.689998626708984,13.680000305175781,116.35150146484375,532.6699829101562,76.5199966430664,33.459999084472656,32.79999923706055,21.549999237060547,49.089298248291016,848.5323486328125,32.63999938964844,,101.30999755859375,46.150001525878906,309.8699951171875,52.93000030517578,112.62999725341797
2022-02-03,41.560001373291016,,190.00999450683594,441.7200012207031,117.26000213623047,184.1699981689453,393.6600036621094,35.95000076293945,13.649999618530273,116.8572998046875,526.4199829101562,76.30000305175781,33.29999923706055,32.459999084472656,21.5,49.0796012878418,848.5409545898438,32.2599983215332,,99.93000030517578,45.90999984741211,306.1199951171875,51.20000076293945,109.56999969482422
2022-02-04,41.599998474121094,60.959598541259766,189.58999633789062,441.5299987792969,116.48999786376953,184.10000610351562,390.8399963378906,35.86000061035156,13.640000343322754,115.63760375976562,524.1099853515625,75.77999877929688,32.599998474121094,32.279998779296875,21.469999313354492,49.09149932861328,848.5409545898438,32.220001220703125,,100.0199966430664,45.68000030517578,311.0799865722656,50.02000045776367,108.69999694824219
2022-02-07,41.630001068115234,61.77000045776367,186.33999633789062,438.6199951171875,115.58999633789062,180.77000427246094,383.05999755859375,35.38999938964844,13.4399995803833,114.13300323486328,519.260009765625,74.77999877929688,33.0099983215332,32.56999969482422,21.809999465942383,,848.5409545898438,32.08000183105469,,98.77999877929688,45.52000045776367,309.6000061035156,50.099998474121094,108.19999694824219
2022-02-08,41.81999969482422,62.279998779296875,186.80999755859375,437.1199951171875,114.54000091552734,180.22999572753906,383.29998779296875,35.400001525878906,13.449999809265137,114.35590362548828,518.3699951171875,74.77999877929688,33.13999938964844,32.220001220703125,22.079999923706055,49.27130126953125,848.5323486328125,31.6299991607666,,98.7300033569336,44.86000061035156,311.3999938964844,49.59000015258789,107.91000366210938
2022-02-09,41.9900016784668,62.77000045776367,189.02999877929688,441.94000244140625,115.7300033569336,182.4499969482422,389.2300109863281,35.81999969482422,13.630000114440918,116.8406982421875,522.739990234375,75.3499984741211,32.86000061035156,32.400001525878906,22.149999618530273,49.30690002441406,848.5323486328125,31.940000534057617,,99.43000030517578,45.06999969482422,310.0,50.43000030517578,109.8499984741211
2022-02-10,42.16999816894531,62.79999923706055,190.11000061035156,443.19000244140625,116.0199966430664,183.49000549316406,393.32000732421875,36.09000015258789,13.65999984741211,116.77970123291016,524.6699829101562,75.91999816894531,32.90999984741211,32.75,22.399999618530273,49.578399658203125,848.5323486328125,32.0,,100.2699966430664,45.630001068115234,312.42999267578125,51.119998931884766,110.80000305175781
2022-02-11,42.189998626708984,62.36000061035156,188.0,437.1499938964844,113.94999694824219,182.22000122070312,388.0,35.22999954223633,13.579999923706055,115.57659912109375,517.2899780273438,74.83999633789062,32.290000915527344,32.5,22.270000457763672,49.67490005493164,848.5409545898438,31.610000610351562,,98.63999938964844,45.09000015258789,313.1099853515625,50.599998474121094,108.76000213623047
2022-02-14,42.959999084472656,64.08999633789062,182.58999633789062,422.7900085449219,,176.6300048828125,372.20001220703125,34.72999954223633,13.319999694824219,111.15039825439453,502.3699951171875,,30.450000762939453,31.770000457763672,,49.74810028076172,848.5409545898438,30.3700008392334,,96.63999938964844,,313.04998779296875,48.9900016784668,106.68000030517578
2022-02-15,42.720001220703125,63.189998626708984,187.58999633789062,430.7300109863281,111.66000366210938,181.22000122070312,384.2799987792969,35.689998626708984,13.359999656677246,115.56900024414062,516.3499755859375,75.16999816894531,31.549999237060547,31.81999969482422,22.3799991607666,49.666500091552734,848.5323486328125,30.829999923706055,,98.70999908447266,44.68000030517578,310.44000244140625,50.08000183105469,108.94000244140625
2022-02-16,42.63999938964844,63.2400016784668,187.13999938964844,431.6600036621094,111.58999633789062,181.5,381.54998779296875,35.58000183105469,13.489999771118164,115.14569854736328,517.5700073242188,75.11000061035156,31.219999313354492,31.950000762939453,22.329999923706055,49.6068000793457,848.5409545898438,31.020000457763672,,98.91999816894531,44.7599983215332,311.4800109863281,50.189998626708984,109.7699966430664
2022-02-17,43.38999938964844,63.869998931884766,186.92999267578125,431.25,111.41000366210938,181.10000610351562,377.92999267578125,35.439998626708984,13.420000076293945,114.98249816894531,516.5700073242188,75.4800033569336,30.84000015258789,32.150001525878906,22.31999969482422,49.637298583984375,848.5409545898438,30.780000686645508,,98.70999908447266,44.29999923706055,312.3699951171875,50.11000061035156,107.95999908447266
2022-02-18,43.18000030517578,63.790000915527344,186.63999938964844,428.05999755859375,110.97000122070312,180.86000061035156,378.8800048828125,35.33000183105469,13.300000190734863,114.26300048828125,513.8800048828125,75.05000305175781,30.84000015258789,31.8700008392334,22.469999313354492,49.67829895019531,848.5409545898438,30.690000534057617,,98.7300033569336,45.04999923706055,311.7200012207031,50.13999938964844,108.30000305175781
2022-02-21,43.099998474121094,63.41999816894531,186.2899932861328,423.05999755859375,109.91000366210938,179.97000122070312,379.510009765625,35.189998626708984,13.119999885559082,113.87210083007812,510.1199951171875,74.5999984741211,30.40999984741211,31.68000030517578,22.399999618530273,49.62990188598633,848.5409545898438,30.020000457763672,,97.91999816894531,44.7400016784668,309.42999267578125,48.43000030517578,103.43000030517578
2022-02-22,43.380001068115234,64.29000091552734,185.27000427246094,421.7200012207031,108.91000366210938,178.8300018310547,377.010009765625,34.91999816894531,13.020000457763672,113.68699645996094,505.9100036621094,73.93000030517578,29.850000381469727,31.700000762939453,22.360000610351562,49.51810073852539,848.5409545898438,30.059999465942383,,97.06999969482422,43.900001525878906,303.9800109863281,48.18000030517578,101.62999725341797
2022-02-23,43.09000015258789,64.08000183105469,185.0500030517578,425.6700134277344,108.58999633789062,178.91000366210938,377.260009765625,34.900001525878906,13.069999694824219,113.4448013305664,505.7699890136719,74.30000305175781,30.190000534057617,31.459999084472656,22.489999771118164,49.53070068359375,848.5409545898438,29.850000381469727,,96.68000030517578,44.02000045776367,307.1000061035156,48.43000030517578,102.56999969482422
2022-02-24,44.619998931884766,66.9800033569336,178.36000061035156,403.29998779296875,103.58999633789062,171.30999755859375,359.5899963378906,33.43000030517578,12.59000015258789,106.40579986572266,487.8699951171875,72.22000122070312,27.93000030517578,30.110000610351562,22.350000381469727,49.452598571777344,848.5323486328125,28.6299991607666,,92.69999694824219,42.70000076293945,303.7200012207031,44.810001373291016,98.36000061035156
2022-02-25,43.619998931884766,64.68000030517578,180.85000610351562,416.95001220703125,107.12000274658203,174.38999938964844,367.6499938964844,34.22999954223633,12.979999542236328,109.23989868164062,491.07000732421875,73.25,29.010000228881836,31.469999313354492,22.43000030517578,49.499298095703125,848.5409545898438,30.049999237060547,,94.83000183105469,44.650001525878906,304.1300048828125,46.779998779296875,103.30999755859375
2022-02-28,43.59000015258789,64.8499984741211,181.83999633789062,420.92999267578125,108.12999725341797,175.14999389648438,364.8900146484375,34.709999084472656,13.050000190734863,108.49639892578125,501.30999755859375,73.12999725341797,29.100000381469727,32.36000061035156,22.3799991607666,49.49959945678711,848.6015014648438,29.860000610351562,,96.0,43.099998474121094,298.9100036621094,47.2599983215332,104.01000213623047
2022-03-02,44.38999938964844,67.08999633789062,180.10000610351562,420.1000061035156,107.97000122070312,174.5399932861328,356.3800048828125,34.599998474121094,12.760000228881836,105.29879760742188,498.19000244140625,72.56999969482422,28.809999465942383,33.16999816894531,22.549999237060547,49.40769958496094,848.5928955078125,30.079999923706055,,95.38999938964844,44.22999954223633,297.3399963378906,47.2599983215332,104.94999694824219
2022-03-03,44.400001525878906,67.4800033569336,178.86000061035156,421.239990234375,107.69999694824219,173.47000122070312,350.75,34.970001220703125,12.729999542236328,102.908203125,496.0199890136719,71.6500015258789,28.579999923706055,33.880001068115234,22.600000381469727,49.38890075683594,848.5928955078125,30.209999084472656,,96.41999816894531,44.16999816894531,296.45001220703125,48.380001068115234,105.79000091552734
2022-03-04,44.650001525878906,67.5199966430664,176.25999450683594,410.2900085449219,105.44000244140625,170.83999633789062,346.739990234375,34.9900016784668,12.670000076293945,99.26809692382812,486.6199951171875,69.75,28.149999618530273,33.13999938964844,22.40999984741211,49.41709899902344,848.6015014648438,29.1200008392334,,95.41999816894531,44.34000015258789,291.5799865722656,47.33000183105469,104.29000091552734
2022-03-07,46.0,70.37000274658203,172.3300018310547,403.9700012207031,103.72000122070312,167.52999877929688,332.4200134277344,34.939998626708984,12.569999694824219,95.11070251464844,489.3599853515625,70.4800033569336,26.899999618530273,34.22999954223633,22.459999084472656,49.27130126953125,848.5928955078125,30.360000610351562,,103.0199966430664,43.209999084472656,289.8399963378906,46.18000030517578,103.05000305175781
2022-03-08,45.93000030517578,70.55999755859375,173.39999389648438,405.75,104.19999694824219,167.72000122070312,334.1600036621094,35.7599983215332,12.880000114440918,95.90470123291016,482.6400146484375,68.44999694824219,27.450000762939453,33.95000076293945,22.270000457763672,49.27009963989258,848.5928955078125,28.889999389648438,,96.55000305175781,44.20000076293945,280.92999267578125,45.189998626708984,103.29000091552734
2022-03-09,45.65999984741211,70.6500015258789,176.97999572753906,412.4100036621094,106.31999969482422,171.6999969482422,341.05999755859375,36.310001373291016,13.15999984741211,98.6240005493164,491.1499938964844,70.08999633789062,28.079999923706055,33.790000915527344,22.389999389648438,49.32270050048828,848.5928955078125,29.329999923706055,,97.3499984741211,43.709999084472656,283.739990234375,45.54999923706055,102.55999755859375
2022-03-10,44.79999923706055,68.5,179.64999389648438,418.4700012207031,107.44999694824219,174.3300018310547,347.0899963378906,36.279998779296875,13.149999618530273,100.4906005859375,497.95001220703125,71.63999938964844,28.700000762939453,33.4900016784668,22.360000610351562,49.45819854736328,848.5928955078125,29.969999313354492,,98.37999725341797,43.880001068115234,282.1700134277344,46.349998474121094,102.80000305175781
2022-03-11,45.279998779296875,69.47000122070312,179.97999572753906,420.6199951171875,108.04000091552734,174.6999969482422,347.75,36.099998474121094,13.449999809265137,100.09329986572266,499.17999267578125,71.62000274658203,28.920000076293945,33.720001220703125,22.43000030517578,49.399200439453125,848.6015014648438,29.889999389648438,,98.66000366210938,44.5099983215332,281.1499938964844,45.68000030517578,102.7300033569336
2022-03-14,44.63999938964844,68.48999786376953,182.61000061035156,421.05999755859375,108.16000366210938,175.77999877929688,354.8399963378906,36.75,13.449999809265137,101.03600311279297,500.4599914550781,72.05000305175781,29.43000030517578,33.45000076293945,22.34000015258789,49.44729995727539,848.6015014648438,29.790000915527344,,98.98999786376953,44.790000915527344,283.05999755859375,44.16999816894531,102.6500015258789
2022-03-15,44.33000183105469,66.95999908447266,180.60000610351562,416.82000732421875,107.33999633789062,174.61000061035156,351.8599853515625,36.0099983215332,13.399999618530273,101.60449981689453,493.989990234375,72.27999877929688,29.15999984741211,32.560001373291016,22.420000076293945,49.54779815673828,848.6015014648438,29.649999618530273,,97.86000061035156,44.38999938964844,280.6400146484375,42.18000030517578,99.43000030517578
2022-03-16,44.22999954223633,67.13999938964844,183.66000366210938,426.20001220703125,109.20999908447266,177.74000549316406,359.489990234375,36.45000076293945,13.420000076293945,103.78900146484375,502.760009765625,73.13999938964844,29.579999923706055,32.9900016784668,22.5,49.60459899902344,848.5928955078125,30.25,,99.63999938964844,44.689998626708984,300.489990234375,44.08000183105469,104.5999984741211
2022-03-17,44.22999954223633,67.55000305175781,186.7100067138672,431.25,110.58999633789062,180.50999450683594,366.07000732421875,36.529998779296875,13.630000114440918,106.04499816894531,514.0399780273438,74.58999633789062,29.84000015258789,33.119998931884766,22.549999237060547,49.67959976196289,848.6015014648438,30.610000610351562,,100.25,45.18000030517578,283.6300048828125,46.5099983215332,106.61000061035156
2022-03-21,44.13999938964844,67.3499984741211,185.3800048828125,427.5899963378906,110.12999725341797,179.33999633789062,362.8800048828125,36.290000915527344,13.640000343322754,104.76920318603516,503.5400085449219,73.8499984741211,29.549999237060547,33.22999954223633,22.530000686645508,49.662200927734375,848.5928955078125,30.469999313354492,,99.44999694824219,45.16999816894531,303.8299865722656,49.45000076293945,107.75
2022-03-22,44.31999969482422,67.47000122070312,187.33999633789062,427.760009765625,110.54000091552734,180.47000122070312,365.95001220703125,36.84000015258789,13.5600004196167,106.01180267333984,508.6400146484375,73.47000122070312,29.559999465942383,33.47999954223633,22.600000381469727,49.559200286865234,848.5928955078125,30.43000030517578,,100.58000183105469,45.2400016784668,303.30999755859375,49.209999084472656,109.25
2022-03-23,44.41999816894531,67.33999633789062,186.33999633789062,428.67999267578125,110.5999984741211,179.85000610351562,363.3800048828125,36.900001525878906,13.6899995803833,104.91809844970703,509.30999755859375,73.06999969482422,29.5,33.5,22.440000534057617,49.57500076293945,848.6015014648438,30.469999313354492,,100.2300033569336,45.29999923706055,305.2900085449219,50.290000915527344,111.73999786376953
2022-03-24,44.58000183105469,67.5199966430664,186.08999633789062,429.79998779296875,111.61000061035156,180.25,358.20001220703125,37.310001373291016,13.770000457763672,104.408203125,512.1099853515625,72.9800033569336,29.3700008392334,33.95000076293945,22.479999542236328,49.55080032348633,848.6015014648438,30.8700008392334,,101.1500015258789,45.349998474121094,307.1300048828125,50.540000915527344,110.55000305175781
2022-03-25,44.790000915527344,68.5999984741211,185.82000732421875,428.7300109863281,111.55999755859375,178.74000549316406,356.8999938964844,36.95000076293945,13.680000305175781,103.84380340576172,511.25,72.56999969482422,29.469999313354492,33.720001220703125,22.559999465942383,49.59429931640625,848.6015014648438,30.899999618530273,,100.62999725341797,45.43000030517578,306.6600036621094,50.52000045776367,112.91000366210938
2022-03-28,44.4900016784668,67.3499984741211,186.32000732421875,428.2799987792969,111.33999633789062,180.13999938964844,359.75,36.91999816894531,13.630000114440918,104.51609802246094,513.3599853515625,73.11000061035156,29.739999771118164,34.0099983215332,22.469999313354492,49.540000915527344,848.6015014648438,30.889999389648438,,100.72000122070312,45.400001525878906,313.17999267578125,50.72999954223633,112.98999786376953
2022-03-29,44.18000030517578,66.38999938964844,187.22000122070312,430.32000732421875,111.94999694824219,181.52000427246094,360.8800048828125,36.939998626708984,13.829999923706055,104.4625015258789,517.5399780273438,73.77999877929688,29.559999465942383,33.619998931884766,22.579999923706055,49.584598541259766,848.6015014648438,30.860000610351562,,100.70999908447266,45.40999984741211,308.3599853515625,51.630001068115234,113.7699966430664
2022-03-30,44.11000061035156,66.6500015258789,188.91000366210938,432.9700012207031,112.83999633789062,180.86000061035156,364.989990234375,37.290000915527344,13.800000190734863,105.76339721679688,521.7999877929688,73.86000061035156,29.84000015258789,33.34000015258789,22.549999237060547,49.699798583984375,848.6015014648438,31.170000076293945,,100.86000061035156,45.58000183105469,309.44000244140625,51.11000061035156,116.01000213623047
2022-03-31,44.119998931884766,66.30000305175781,188.8699951171875,434.1300048828125,113.44000244140625,182.19000244140625,365.510009765625,37.2400016784668,13.680000305175781,105.86229705810547,522.02001953125,73.97000122070312,29.719999313354492,33.4900016784668,22.56999969482422,49.66299819946289,850.5703125,31.280000686645508,,100.27999877929688,45.95000076293945,308.2699890136719,51.45000076293945,116.20999908447266
2022-04-01,44.56999969482422,66.72000122070312,190.47000122070312,438.2699890136719,113.9800033569336,184.07000732421875,372.8500061035156,37.209999084472656,13.670000076293945,107.11080169677734,527.3499755859375,74.55999755859375,30.760000228881836,34.5099983215332,22.5,,850.5703125,31.770000457763672,,101.8499984741211,47.38999938964844,311.6600036621094,50.79999923706055,115.58999633789062
2022-04-04,44.220001220703125,66.54000091552734,195.19000244140625,447.9100036621094,115.76000213623047,188.41000366210938,387.7900085449219,37.310001373291016,13.829999923706055,108.38020324707031,535.5999755859375,75.73999786376953,31.100000381469727,34.90999984741211,22.389999389648438,49.61050033569336,850.5615844726562,32.150001525878906,,102.41000366210938,46.72999954223633,314.6700134277344,50.900001525878906,115.8499984741211
2022-04-05,44.310001373291016,66.1500015258789,194.5500030517578,451.239990234375,117.41999816894531,188.22999572753906,383.1199951171875,37.380001068115234,13.880000114440918,109.7072982788086,538.989990234375,76.44999694824219,31.270000457763672,35.529998779296875,22.440000534057617,49.6239013671875,850.5615844726562,32.90999984741211,,102.7300033569336,46.22999954223633,311.8800048828125,51.91999816894531,115.94000244140625
2022-04-06,44.4900016784668,65.9800033569336,193.0,452.29998779296875,117.87000274658203,186.6300048828125,379.1300048828125,36.720001220703125,13.84000015258789,109.40959930419922,545.0700073242188,76.58999633789062,31.829999923706055,36.13999938964844,22.420000076293945,49.63460159301758,850.5703125,32.779998779296875,,102.91999816894531,46.880001068115234,312.1099853515625,50.93000030517578,114.0
2022-04-07,44.63999938964844,66.04000091552734,191.25999450683594,451.19000244140625,117.12000274658203,185.6699981689453,378.55999755859375,36.31999969482422,13.869999885559082,108.5468978881836,535.02001953125,76.19999694824219,31.790000915527344,36.029998779296875,22.389999389648438,49.6797981262207,850.5615844726562,32.529998779296875,,101.73999786376953,46.880001068115234,311.7300109863281,49.290000915527344,112.91000366210938
2022-04-08,44.65999984741211,66.4800033569336,192.75999450683594,458.29998779296875,118.11000061035156,187.32000732421875,380.489990234375,36.31999969482422,13.819999694824219,109.283203125,543.8400268554688,77.3499984741211,32.0099983215332,36.2599983215332,22.34000015258789,49.28630065917969,850.5703125,32.810001373291016,,102.80000305175781,47.119998931884766,312.57000732421875,49.02000045776367,113.93000030517578
2022-04-11,45.220001220703125,67.3499984741211,191.6699981689453,463.5299987792969,119.16999816894531,186.91000366210938,378.5299987792969,35.79999923706055,13.84000015258789,109.1594009399414,542.8599853515625,77.27999877929688,31.959999084472656,36.43000030517578,22.290000915527344,49.207298278808594,850.5703125,33.04999923706055,,102.16000366210938,47.0099983215332,312.3299865722656,47.380001068115234,112.16000366210938
2022-04-12,45.20000076293945,67.4000015258789,190.4199981689453,456.0400085449219,117.41999816894531,185.0800018310547,379.82000732421875,35.25,13.800000190734863,108.22509765625,534.0599975585938,76.48999786376953,31.549999237060547,36.0099983215332,22.139999389648438,49.13710021972656,850.5703125,32.45000076293945,,100.79000091552734,46.310001373291016,312.4200134277344,46.970001220703125,111.4800033569336
2022-04-13,45.72999954223633,69.0,189.5399932861328,458.6700134277344,117.08000183105469,184.6999969482422,376.9599914550781,35.099998474121094,13.890000343322754,107.3187026977539,533.4099731445312,76.3499984741211,31.610000610351562,36.20000076293945,22.15999984741211,48.94729995727539,850.5703125,32.61000061035156,,101.08000183105469,46.34000015258789,316.30999755859375,46.849998474121094,112.06999969482422
2022-04-18,46.189998626708984,69.62000274658203,186.22999572753906,455.5799865722656,116.18000030517578,181.8000030517578,370.45001220703125,33.630001068115234,13.770000457763672,107.79049682617188,533.8200073242188,76.45999908447266,30.8700008392334,37.150001525878906,22.059999465942383,49.02149963378906,850.5615844726562,32.18000030517578,,99.30000305175781,45.9900016784668,315.55999755859375,44.869998931884766,111.80999755859375
2022-04-19,45.97999954223633,69.5999984741211,183.67999267578125,448.989990234375,114.0999984741211,185.17999267578125,365.57000732421875,32.59000015258789,13.649999618530273,106.48290252685547,530.530029296875,75.55000305175781,30.65999984741211,37.220001220703125,22.110000610351562,49.0625,850.5703125,31.829999923706055,,97.08999633789062,45.75,315.45001220703125,45.77000045776367,111.0199966430664
2022-04-20,45.220001220703125,68.05999755859375,185.86000061035156,450.2200012207031,115.16999816894531,181.35000610351562,365.8299865722656,32.869998931884766,13.770000457763672,108.82009887695312,538.010009765625,76.08000183105469,30.600000381469727,37.13999938964844,22.1200008392334,49.14979934692383,850.5703125,31.8700008392334,,97.94000244140625,45.369998931884766,310.80999755859375,46.38999938964844,111.77999877929688
2022-04-21,45.209999084472656,67.45999908447266,188.10000610351562,455.30999755859375,115.79000091552734,183.7899932861328,370.6400146484375,33.43000030517578,13.890000343322754,111.23989868164062,544.4600219726562,77.01000213623047,30.84000015258789,37.61000061035156,22.190000534057617,49.061100006103516,850.5615844726562,32.31999969482422,,99.3499984741211,45.7599983215332,308.3399963378906,45.2400016784668,110.66000366210938
2022-04-22,45.33000183105469,66.33000183105469,186.08999633789062,453.1499938964844,115.41999816894531,181.72999572753906,363.3599853515625,33.25,13.649999618530273,110.61499786376953,540.3900146484375,76.94999694824219,30.360000610351562,37.11000061035156,22.170000076293945,48.975799560546875,850.5703125,31.950000762939453,,98.18000030517578,45.15999984741211,306.9700012207031,43.20000076293945,109.94000244140625
2022-04-25,44.900001525878906,65.30999755859375,183.86000061035156,443.7799987792969,113.43000030517578,179.27000427246094,363.4100036621094,32.56999969482422,13.40999984741211,109.49479675292969,531.5900268554688,75.9000015258789,29.899999618530273,36.09000015258789,22.100000381469727,49.17499923706055,850.5703125,31.31999969482422,,96.4800033569336,44.4900016784668,305.3999938964844,42.41999816894531,107.70999908447266
2022-04-26,44.63999938964844,65.41999816894531,186.11000061035156,453.7699890136719,115.08000183105469,180.9499969482422,366.29998779296875,32.529998779296875,13.539999961853027,112.55290222167969,539.8900146484375,76.86000061035156,30.579999923706055,36.33000183105469,22.229999542236328,49.180198669433594,850.5615844726562,32.0099983215332,,96.94000244140625,44.81999969482422,310.0,42.72999954223633,108.55000305175781
2022-04-27,44.43000030517578,64.9800033569336,184.77999877929688,448.7200012207031,113.62999725341797,180.02999877929688,363.1099853515625,32.380001068115234,13.399999618530273,111.9218978881836,535.0,76.54000091552734,30.450000762939453,36.040000915527344,22.309999465942383,49.12229919433594,850.5615844726562,31.6299991607666,,96.7300033569336,44.56999969482422,304.5400085449219,41.66999816894531,105.62000274658203
2022-04-28,44.33000183105469,64.25,186.41000366210938,453.57000732421875,114.08999633789062,181.7100067138672,366.760009765625,32.720001220703125,13.5,112.25440216064453,541.22998046875,77.43000030517578,30.520000457763672,36.43000030517578,22.329999923706055,49.02159881591797,850.5703125,31.860000610351562,,97.98999786376953,45.5,306.0,42.09000015258789,107.76000213623047
2022-04-29,44.790000915527344,64.56999969482422,185.42999267578125,449.25,114.19999694824219,182.47000122070312,363.82000732421875,32.45000076293945,13.579999923706055,111.11160278320312,537.0599975585938,77.30999755859375,30.06999969482422,35.61000061035156,22.239999771118164,49.04330062866211,852.42138671875,31.420000076293945,,96.7300033569336,45.93000030517578,305.1199951171875,42.349998474121094,108.31999969482422
2022-05-02,44.15999984741211,62.83000183105469,185.1199951171875,446.3900146484375,,180.25,364.1099853515625,31.969999313354492,13.5,109.70919799804688,533.47998046875,,29.940000534057617,35.599998474121094,,49.069000244140625,852.4127197265625,31.360000610351562,,96.58999633789062,,308.6000061035156,41.61000061035156,108.05000305175781
2022-05-04,43.97999954223633,62.630001068115234,181.0500030517578,434.4599914550781,110.91000366210938,176.4199981689453,355.55999755859375,31.600000381469727,13.199999809265137,106.92960357666016,520.7100219726562,74.7300033569336,29.1299991607666,35.84000015258789,21.809999465942383,48.477500915527344,852.42138671875,30.81999969482422,,95.16999816894531,44.58000183105469,307.8500061035156,42.150001525878906,107.62999725341797
2022-05-05,44.540000915527344,63.349998474121094,181.00999450683594,435.44000244140625,111.13999938964844,176.3300018310547,354.5899963378906,32.25,13.100000381469727,107.37660217285156,519.9600219726562,74.4000015258789,28.93000030517578,35.90999984741211,21.8700008392334,48.238399505615234,852.4127197265625,30.649999618530273,,95.38999938964844,44.650001525878906,308.0400085449219,43.08000183105469,107.94999694824219
2022-05-06,44.54999923706055,62.4900016784668,177.94000244140625,425.8800048828125,109.05999755859375,174.10000610351562,348.5799865722656,31.549999237060547,12.899999618530273,105.49949645996094,515.3499755859375,73.2699966430664,28.729999542236328,36.220001220703125,21.81999969482422,48.08089828491211,852.42138671875,30.25,,95.06999969482422,45.529998779296875,305.95001220703125,41.310001373291016,104.56999969482422
2022-05-09,44.41999816894531,61.97999954223633,176.9499969482422,418.70001220703125,107.62000274658203,171.1699981689453,345.4700012207031,31.579999923706055,12.869999885559082,105.14779663085938,507.8699951171875,72.22000122070312,28.059999465942383,35.880001068115234,21.809999465942383,48.084800720214844,852.42138671875,29.709999084472656,,95.22000122070312,43.900001525878906,304.739990234375,40.849998474121094,103.18000030517578
2022-05-10,44.2599983215332,61.63999938964844,176.16000366210938,408.989990234375,105.5999984741211,171.1699981689453,346.6400146484375,31.200000762939453,12.670000076293945,105.03610229492188,501.2900085449219,72.18000030517578,27.809999465942383,34.66999816894531,21.969999313354492,48.939998626708984,852.42138671875,28.979999542236328,,95.22000122070312,43.45000076293945,304.92999267578125,40.0,103.41000366210938
2022-05-11,44.060001373291016,61.36000061035156,175.33999633789062,408.3900146484375,104.51000213623047,171.1699981689453,348.5,30.8799991607666,12.630000114440918,104.08319854736328,498.69000244140625,71.36000061035156,27.65999984741211,34.4900016784668,21.8700008392334,49.2400016784668,852.4127197265625,28.899999618530273,,95.22000122070312,43.29999923706055,303.1099853515625,40.029998779296875,103.98999786376953
2022-05-12,44.02000045776367,59.9900016784668,171.72000122070312,398.3399963378906,102.25,171.1699981689453,338.19000244140625,30.639999389648438,12.489999771118164,101.94750213623047,488.9599914550781,70.44999694824219,26.329999923706055,33.91999816894531,21.8799991607666,48.9900016784668,852.42138671875,28.40999984741211,,95.22000122070312,43.43000030517578,297.1099853515625,38.470001220703125,101.3499984741211
2022-05-13,43.41999816894531,59.13999938964844,171.39999389648438,395.9700012207031,103.55000305175781,171.1699981689453,335.010009765625,30.420000076293945,12.739999771118164,104.43489837646484,487.3800048828125,71.19000244140625,26.209999084472656,33.810001373291016,21.780000686645508,48.97999954223633,852.42138671875,28.559999465942383,,95.22000122070312,42.310001373291016,300.239990234375,38.66999816894531,103.05999755859375
2022-05-16,43.13999938964844,59.97999954223633,172.1300048828125,401.3800048828125,104.58999633789062,171.1699981689453,338.79998779296875,30.200000762939453,12.680000305175781,106.8053970336914,490.5400085449219,71.54000091552734,26.940000534057617,33.9900016784668,22.25,49.34000015258789,852.42138671875,28.959999084472656,,95.22000122070312,42.38999938964844,299.6199951171875,39.4900016784668,103.97000122070312
2022-05-17,43.540000915527344,61.380001068115234,176.44000244140625,410.4200134277344,107.2300033569336,171.1699981689453,345.6000061035156,30.969999313354492,12.789999961853027,109.43009948730469,502.30999755859375,73.05999755859375,27.459999084472656,35.27000045776367,22.219999313354492,48.790000915527344,852.4127197265625,29.790000915527344,,95.22000122070312,43.66999816894531,298.0899963378906,40.349998474121094,103.97000122070312
2022-05-18,43.38999938964844,61.18000030517578,176.0500030517578,412.5400085449219,106.47000122070312,171.1699981689453,345.1099853515625,30.90999984741211,12.970000267028809,109.41110229492188,499.9200134277344,73.41999816894531,27.110000610351562,34.849998474121094,22.18000030517578,48.779998779296875,852.42138671875,29.68000030517578,,95.22000122070312,43.58000183105469,297.80999755859375,40.060001373291016,104.26000213623047
2022-05-19,43.59000015258789,60.58000183105469,171.6999969482422,401.3500061035156,104.4000015258789,171.1699981689453,336.4200134277344,29.110000610351562,12.6899995803833,106.49079895019531,490.1600036621094,72.12999725341797,26.329999923706055,34.459999084472656,22.18000030517578,48.79999923706055,852.42138671875,28.8799991607666,,95.22000122070312,42.599998474121094,296.9700012207031,38.470001220703125,99.98999786376953
2022-05-20,43.91999816894531,61.900001525878906,175.9199981689453,406.25,106.4000015258789,171.1699981689453,345.2799987792969,29.56999969482422,13.09000015258789,109.46089935302734,500.6600036621094,73.6500015258789,27.020000457763672,34.97999954223633,22.200000762939453,48.939998626708984,852.4127197265625,29.360000610351562,,95.22000122070312,43.27000045776367,299.9599914550781,38.93000030517578,100.95999908447266
2022-05-23,44.25,62.02000045776367,175.52999877929688,403.9599914550781,105.37000274658203,171.1699981689453,345.0,29.860000610351562,12.989999771118164,111.46859741210938,500.92999267578125,74.19999694824219,26.950000762939453,34.20000076293945,22.06999969482422,48.7400016784668,852.4127197265625,29.43000030517578,,95.22000122070312,43.18000030517578,295.0400085449219,39.130001068115234,100.87999725341797
2022-05-24,44.06999969482422,61.36000061035156,175.08999633789062,400.4599914550781,105.37000274658203,171.1699981689453,345.42999267578125,29.309999465942383,12.789999961853027,111.47949981689453,497.1700134277344,73.30999755859375,26.950000762939453,34.0099983215332,22.06999969482422,48.810001373291016,852.42138671875,29.149999618530273,,95.22000122070312,42.4900016784668,299.2799987792969,37.849998474121094,99.72000122070312
2022-05-25,44.119998931884766,61.439998626708984,174.1300048828125,393.8299865722656,102.9000015258789,171.1699981689453,346.6000061035156,28.3799991607666,12.630000114440918,110.43000030517578,493.94000244140625,72.4000015258789,26.56999969482422,33.869998931884766,22.239999771118164,48.91999816894531,852.42138671875,28.56999969482422,,95.22000122070312,41.72999954223633,294.0899963378906,36.79999923706055,98.88999938964844
2022-05-26,43.869998931884766,61.119998931884766,175.57000732421875,398.0,104.05999755859375,171.1699981689453,354.0400085449219,28.729999542236328,12.65999984741211,111.28739929199219,492.3800048828125,72.33000183105469,27.34000015258789,34.20000076293945,22.1200008392334,48.869998931884766,852.4127197265625,28.670000076293945,,95.22000122070312,42.33000183105469,292.1600036621094,37.310001373291016,98.38999938964844
2022-05-27,44.08000183105469,62.209999084472656,177.10000610351562,400.6300048828125,105.37999725341797,171.1699981689453,359.0799865722656,29.3700008392334,12.729999542236328,113.0197982788086,494.25,73.3499984741211,27.559999465942383,33.7400016784668,21.969999313354492,48.849998474121094,852.42138671875,29.079999923706055,,95.22000122070312,42.650001525878906,294.20001220703125,39.529998779296875,99.41000366210938
2022-05-30,43.97999954223633,61.790000915527344,180.42999267578125,410.57000732421875,107.86000061035156,171.1699981689453,361.42999267578125,30.549999237060547,12.760000228881836,115.23400115966797,505.010009765625,74.76000213623047,28.389999389648438,33.95000076293945,22.100000381469727,48.790000915527344,852.4127197265625,29.989999771118164,,95.22000122070312,43.56999969482422,298.5799865722656,40.9900016784668,100.54000091552734
2022-05-31,43.95000076293945,61.33000183105469,179.8699951171875,411.45001220703125,107.97000122070312,171.1699981689453,357.6199951171875,30.6200008392334,12.699999809265137,116.18789672851562,509.17999267578125,74.88999938964844,28.1299991607666,34.9900016784668,22.059999465942383,48.56999969482422,854.78076171875,29.920000076293945,,95.22000122070312,43.72999954223633,304.1499938964844,40.720001220703125,100.80999755859375
2022-06-01,43.52000045776367,60.41999816894531,179.58999633789062,407.6499938964844,108.33999633789062,171.1699981689453,359.510009765625,30.15999984741211,12.529999732971191,115.95030212402344,503.1300048828125,74.58999633789062,28.299999237060547,35.08000183105469,22.049999237060547,48.709999084472656,854.7893676757812,29.899999618530273,,95.22000122070312,43.470001220703125,298.82000732421875,40.630001068115234,100.13999938964844
2022-06-02,43.97999954223633,61.61000061035156,180.67999267578125,409.55999755859375,108.7699966430664,171.1699981689453,359.489990234375,30.739999771118164,12.569999694824219,115.23139953613281,506.7099914550781,74.58999633789062,28.639999389648438,35.290000915527344,22.09000015258789,48.689998626708984,854.78076171875,30.110000610351562,,95.22000122070312,43.790000915527344,298.2200012207031,40.619998931884766,100.4000015258789
2022-06-03,44.150001525878906,62.130001068115234,180.2100067138672,403.9599914550781,107.3499984741211,171.1699981689453,356.010009765625,30.790000915527344,12.5,113.1355972290039,505.3699951171875,73.80999755859375,28.25,34.93000030517578,22.040000915527344,48.619998931884766,854.78076171875,29.790000915527344,,95.22000122070312,43.7400016784668,300.9200134277344,42.11000061035156,101.37000274658203
2022-06-06,44.0,62.18000030517578,180.14999389648438,402.6300048828125,107.12000274658203,171.1699981689453,356.4700012207031,30.760000228881836,12.5,113.34230041503906,502.4200134277344,73.58000183105469,28.1299991607666,35.06999969482422,22.09000015258789,48.560001373291016,854.78076171875,29.549999237060547,,95.22000122070312,43.720001220703125,312.9800109863281,41.189998626708984,100.7300033569336
2022-06-07,43.86000061035156,61.599998474121094,178.55999755859375,399.3800048828125,105.93000030517578,171.1699981689453,353.3900146484375,30.280000686645508,12.369999885559082,113.93199920654297,501.7200012207031,72.80999755859375,28.06999969482422,35.68000030517578,21.969999313354492,48.59000015258789,854.7893676757812,29.31999969482422,,95.22000122070312,43.25,301.5899963378906,40.880001068115234,100.51000213623047
2022-06-08,43.880001068115234,61.709999084472656,178.0800018310547,399.010009765625,105.87000274658203,171.1699981689453,352.6099853515625,30.3799991607666,12.390000343322754,114.13310241699219,497.2699890136719,72.33000183105469,28.280000686645508,35.709999084472656,21.90999984741211,48.790000915527344,854.7893676757812,29.270000457763672,,95.22000122070312,43.11000061035156,311.260009765625,41.689998626708984,99.9000015258789
2022-06-09,43.95000076293945,61.560001373291016,179.39999389648438,401.2900085449219,106.2699966430664,171.1699981689453,353.5799865722656,30.610000610351562,12.5,114.4999008178711,502.8699951171875,72.87000274658203,28.1299991607666,35.84000015258789,21.940000534057617,48.83000183105469,854.7893676757812,29.309999465942383,,95.22000122070312,43.11000061035156,305.6700134277344,41.83000183105469,100.91999816894531
2022-06-10,43.810001373291016,60.56999969482422,176.4600067138672,397.67999267578125,105.66999816894531,171.1699981689453,348.6099853515625,30.059999465942383,12.489999771118164,114.24669647216797,498.510009765625,72.41000366210938,28.09000015258789,35.63999938964844,22.0,48.790000915527344,854.78076171875,29.219999313354492,,95.22000122070312,42.93000030517578,305.1000061035156,41.130001068115234,99.44999694824219
2022-06-13,44.189998626708984,60.689998626708984,171.8699951171875,389.30999755859375,102.87000274658203,171.1699981689453,338.3599853515625,28.81999969482422,12.270000457763672,111.95559692382812,487.0199890136719,71.66999816894531,27.030000686645508,34.38999938964844,21.93000030517578,48.63999938964844,854.7893676757812,28.139999389648438,,95.22000122070312,41.84000015258789,303.5799865722656,39.119998931884766,97.02999877929688
2022-06-14,43.56999969482422,59.77000045776367,171.3000030517578,390.3599853515625,102.51000213623047,171.1699981689453,337.1600036621094,28.829999923706055,12.300000190734863,111.33910369873047,485.45001220703125,71.5999984741211,26.979999542236328,34.709999084472656,21.809999465942383,48.63999938964844,854.78076171875,28.25,,95.22000122070312,41.709999084472656,302.0199890136719,37.77000045776367,95.37000274658203
2022-06-15,43.61000061035156,60.459999084472656,171.10000610351562,391.2300109863281,102.88999938964844,171.1699981689453,336.54998779296875,28.739999771118164,12.369999885559082,112.36689758300781,483.55999755859375,71.69000244140625,27.0,34.18000030517578,21.860000610351562,48.560001373291016,854.78076171875,28.329999923706055,,95.22000122070312,41.68000030517578,303.17999267578125,38.22999954223633,94.75
2022-06-16,43.720001220703125,60.709999084472656,167.55999755859375,383.17999267578125,100.62999725341797,171.1699981689453,329.4100036621094,28.010000228881836,12.140000343322754,109.85980224609375,473.2900085449219,70.9000015258789,26.31999969482422,32.83000183105469,21.579999923706055,48.470001220703125,854.7893676757812,27.75,,95.22000122070312,40.72999954223633,299.0,37.86000061035156,94.31999969482422
2022-06-17,44.08000183105469,61.31999969482422,166.8699951171875,377.239990234375,99.41999816894531,171.1699981689453,330.739990234375,27.600000381469727,11.9399995803833,108.60050201416016,468.70001220703125,69.61000061035156,26.18000030517578,32.65999984741211,21.860000610351562,48.5099983215332,854.78076171875,27.329999923706055,,95.22000122070312,40.130001068115234,300.5299987792969,37.68000030517578,96.56999969482422
2022-06-20,43.81999969482422,60.849998474121094,167.30999755859375,374.260009765625,97.56999969482422,171.1699981689453,329.989990234375,27.809999465942383,11.930000305175781,107.83499908447266,460.4200134277344,70.20999908447266,25.56999969482422,31.440000534057617,21.889999389648438,48.66999816894531,854.78076171875,26.93000030517578,,95.22000122070312,40.08000183105469,302.9700012207031,38.209999084472656,92.16999816894531
2022-06-21,43.779998779296875,60.90999984741211,170.25999450683594,382.739990234375,100.43000030517578,171.1699981689453,335.2300109863281,28.690000534057617,12.140000343322754,110.03379821777344,472.80999755859375,71.38999938964844,26.639999389648438,32.130001068115234,21.899999618530273,48.38999938964844,854.78076171875,27.6200008392334,,95.22000122070312,40.9900016784668,300.8999938964844,38.72999954223633,92.33999633789062
2022-06-22,43.68000030517578,60.290000915527344,168.0800018310547,377.6300048828125,99.11000061035156,171.1699981689453,331.6400146484375,28.3799991607666,12.0,109.10369873046875,465.8500061035156,70.7699966430664,26.639999389648438,31.59000015258789,22.139999389648438,48.4900016784668,854.7893676757812,27.1299991607666,,95.22000122070312,40.45000076293945,299.8999938964844,38.290000915527344,90.63999938964844
2022-06-23,43.7599983215332,60.04999923706055,169.7100067138672,380.6099853515625,100.12999725341797,171.1699981689453,334.7699890136719,28.979999542236328,12.149999618530273,113.8936996459961,467.0,71.91000366210938,26.719999313354492,31.59000015258789,21.84000015258789,48.4900016784668,854.7893676757812,27.6299991607666,,95.22000122070312,40.900001525878906,298.3800048828125,38.5,89.97000122070312
2022-06-24,43.65999984741211,59.33000183105469,171.16000366210938,386.6600036621094,101.66000366210938,171.1699981689453,339.69000244140625,28.639999389648438,12.25,116.14209747314453,470.8299865722656,73.0199966430664,27.280000686645508,31.770000457763672,22.0,48.400001525878906,854.78076171875,27.920000076293945,,95.22000122070312,41.060001373291016,300.0899963378906,39.90999984741211,91.52999877929688
2022-06-27,43.869998931884766,60.58000183105469,172.6199951171875,389.9800109863281,102.68000030517578,171.1699981689453,341.3999938964844,29.219999313354492,12.319999694824219,117.17019653320312,476.5799865722656,73.44000244140625,27.450000762939453,32.41999816894531,22.020000457763672,48.790000915527344,854.78076171875,28.350000381469727,,95.22000122070312,41.7400016784668,308.2099914550781,41.09000015258789,94.44999694824219
2022-06-28,43.79999923706055,60.36000061035156,172.64999389648438,390.44000244140625,102.91999816894531,171.1699981689453,339.8900146484375,29.329999923706055,12.300000190734863,118.63880157470703,478.989990234375,73.5199966430664,27.469999313354492,32.93000030517578,22.100000381469727,48.56999969482422,854.7893676757812,28.399999618530273,,95.22000122070312,41.72999954223633,298.6300048828125,41.5,92.5
2022-06-29,43.7599983215332,59.29999923706055,171.86000061035156,387.3800048828125,102.75,171.1699981689453,336.0899963378906,29.010000228881836,12.270000457763672,118.818603515625,482.239990234375,73.41999816894531,27.219999313354492,33.310001373291016,21.950000762939453,48.619998931884766,854.7893676757812,28.190000534057617,,95.22000122070312,41.70000076293945,297.1000061035156,40.2400016784668,89.83999633789062
2022-06-30,43.7599983215332,58.970001220703125,171.60000610351562,385.510009765625,102.33000183105469,171.1699981689453,337.3399963378906,28.649999618530273,12.25,117.716796875,481.6300048828125,73.6500015258789,27.079999923706055,32.959999084472656,22.1299991607666,48.45000076293945,857.108642578125,28.030000686645508,,95.22000122070312,41.75,295.1000061035156,39.599998474121094,89.91000366210938
2022-07-01,44.36000061035156,57.970001220703125,171.63999938964844,390.17999267578125,102.66000366210938,171.1699981689453,339.30999755859375,28.799999237060547,12.3100004196167,117.82379913330078,471.20001220703125,74.12000274658203,27.18000030517578,31.59000015258789,22.09000015258789,48.66999816894531,857.108642578125,28.25,,95.22000122070312,41.72999954223633,298.5,39.209999084472656,88.44999694824219
2022-07-04,44.68000030517578,58.0099983215332,172.6300048828125,392.6400146484375,102.94999694824219,171.1699981689453,342.739990234375,28.709999084472656,12.3100004196167,117.6229019165039,474.3299865722656,74.83000183105469,27.520000457763672,31.43000030517578,22.1299991607666,48.810001373291016,857.1000366210938,28.270000457763672,,95.22000122070312,42.06999969482422,297.94000244140625,39.58000183105469,90.06999969482422
2022-07-05,44.79999923706055,58.2599983215332,172.0399932861328,393.9800109863281,103.19000244140625,171.1699981689453,341.42999267578125,28.56999969482422,12.3100004196167,117.19889831542969,475.1499938964844,74.91999816894531,27.559999465942383,31.520000457763672,22.100000381469727,48.77000045776367,857.108642578125,28.25,,95.22000122070312,41.91999816894531,298.260009765625,39.689998626708984,89.80999755859375
2022-07-06,44.16999816894531,57.349998474121094,174.1199951171875,399.67999267578125,104.7699966430664,171.1699981689453,347.20001220703125,28.8799991607666,12.40999984741211,120.22679901123047,476.010009765625,76.97000122070312,27.829999923706055,30.90999984741211,22.239999771118164,48.939998626708984,857.1000366210938,28.790000915527344,,95.22000122070312,42.11000061035156,297.3500061035156,40.599998474121094,91.91999816894531
2022-07-07,43.59000015258789,57.27000045776367,175.5399932861328,404.4200134277344,106.37000274658203,171.1699981689453,352.9599914550781,29.079999923706055,12.460000038146973,121.84739685058594,480.30999755859375,77.20999908447266,28.850000381469727,31.5,22.229999542236328,48.90999984741211,857.1000366210938,29.31999969482422,,95.22000122070312,42.75,294.7200012207031,41.04999923706055,92.69999694824219
2022-07-08,43.56999969482422,56.689998626708984,176.27999877929688,405.25,106.4800033569336,171.1699981689453,354.6499938964844,29.139999389648438,12.600000381469727,121.95269775390625,485.42999267578125,77.7699966430664,28.940000534057617,31.8799991607666,22.18000030517578,48.83000183105469,857.108642578125,29.190000534057617,,95.22000122070312,43.08000183105469,297.510009765625,41.56999969482422,94.12999725341797
2022-07-11,43.560001373291016,56.79999923706055,176.22999572753906,410.4599914550781,107.7300033569336,171.1699981689453,358.739990234375,28.299999237060547,12.609999656677246,123.23500061035156,484.70001220703125,78.04000091552734,29.479999542236328,32.040000915527344,22.149999618530273,48.7400016784668,857.1000366210938,29.540000915527344,,95.22000122070312,42.779998779296875,297.6499938964844,41.790000915527344,93.33000183105469
2022-07-12,43.619998931884766,56.18000030517578,175.10000610351562,409.4599914550781,107.1500015258789,171.1699981689453,355.010009765625,27.979999542236328,12.539999961853027,121.78070068359375,482.8500061035156,77.4800033569336,29.459999084472656,32.0099983215332,22.270000457763672,48.81999969482422,857.1000366210938,29.3700008392334,,95.22000122070312,42.2599983215332,293.4200134277344,40.220001220703125,91.47000122070312
2022-07-13,43.439998626708984,56.279998779296875,174.05999755859375,409.9800109863281,107.12000274658203,171.1699981689453,352.3299865722656,27.8700008392334,12.699999809265137,121.69969940185547,479.54998779296875,77.56999969482422,29.469999313354492,32.150001525878906,22.270000457763672,49.0099983215332,857.1000366210938,29.469999313354492,,95.22000122070312,42.130001068115234,292.3699951171875,40.150001525878906,91.93000030517578
2022-07-14,43.29999923706055,56.02000045776367,173.92999267578125,408.3299865722656,107.08999633789062,171.1699981689453,351.0899963378906,27.43000030517578,12.770000457763672,122.18949890136719,479.67999267578125,77.66999816894531,28.889999389648438,32.16999816894531,22.15999984741211,49.0099983215332,857.108642578125,29.420000076293945,,95.22000122070312,42.130001068115234,292.7300109863281,39.70000076293945,91.62000274658203
2022-07-15,43.11000061035156,54.68000030517578,175.02000427246094,411.5,107.6500015258789,171.1699981689453,351.05999755859375,27.399999618530273,12.8100004196167,124.65609741210938,485.20001220703125,78.86000061035156,28.760000228881836,32.20000076293945,22.219999313354492,49.150001525878906,857.1000366210938,29.690000534057617,,95.22000122070312,42.459999084472656,293.2799987792969,39.95000076293945,92.55000305175781
2022-07-18,43.54999923706055,55.90999984741211,177.38999938964844,416.010009765625,109.56999969482422,171.1699981689453,357.54998779296875,28.25,12.779999732971191,125.12449645996094,489.6099853515625,79.45999908447266,29.530000686645508,32.68000030517578,22.15999984741211,49.02000045776367,857.1000366210938,30.18000030517578,,95.22000122070312,42.880001068115234,294.94000244140625,41.02000045776367,94.94999694824219
2022-07-19,43.38999938964844,55.58000183105469,177.8800048828125,419.32000732421875,110.11000061035156,171.1699981689453,360.8399963378906,28.260000228881836,12.760000228881836,126.42780303955078,494.4800109863281,79.66000366210938,30.219999313354492,32.7400016784668,22.110000610351562,49.029998779296875,857.1000366210938,30.270000457763672,,95.22000122070312,42.91999816894531,294.1000061035156,40.63999938964844,93.75
2022-07-20,43.38999938964844,55.61000061035156,179.52999877929688,420.2099914550781,109.87999725341797,171.1699981689453,362.9700012207031,29.049999237060547,12.789999961853027,126.154296875,496.94000244140625,80.13999938964844,30.059999465942383,32.95000076293945,22.100000381469727,49.04999923706055,857.108642578125,30.329999923706055,,95.22000122070312,43.720001220703125,292.95001220703125,41.529998779296875,96.04000091552734
2022-07-21,43.029998779296875,54.38999938964844,180.5399932861328,425.1499938964844,111.55000305175781,171.1699981689453,365.30999755859375,29.31999969482422,12.739999771118164,126.8551025390625,497.6499938964844,80.66000366210938,30.75,33.279998779296875,22.100000381469727,49.11000061035156,857.108642578125,30.770000457763672,,95.22000122070312,44.15999984741211,294.44000244140625,42.029998779296875,97.31999969482422
2022-07-22,43.689998626708984,55.16999816894531,181.88999938964844,424.6300048828125,111.80999755859375,171.1699981689453,370.8999938964844,29.190000534057617,12.670000076293945,127.38569641113281,501.8299865722656,81.13999938964844,30.889999389648438,33.0,22.1200008392334,49.209999084472656,857.108642578125,30.799999237060547,,95.22000122070312,44.20000076293945,293.92999267578125,42.5099983215332,97.9000015258789
2022-07-25,43.599998474121094,54.849998474121094,181.4600067138672,423.760009765625,111.63999938964844,171.1699981689453,370.29998779296875,29.239999771118164,12.579999923706055,125.27320098876953,498.5899963378906,80.86000061035156,30.770000457763672,33.099998474121094,22.190000534057617,49.27000045776367,857.1000366210938,30.8700008392334,,95.22000122070312,44.189998626708984,294.9200134277344,42.459999084472656,96.9800033569336
2022-07-26,43.459999084472656,54.290000915527344,179.91000366210938,418.3500061035156,110.73999786376953,171.1699981689453,367.7799987792969,28.440000534057617,12.4399995803833,123.79789733886719,497.19000244140625,79.95999908447266,30.510000228881836,32.9900016784668,22.190000534057617,49.310001373291016,857.1000366210938,30.43000030517578,,95.22000122070312,43.400001525878906,293.3900146484375,41.81999969482422,95.27999877929688
2022-07-27,43.56999969482422,54.650001525878906,181.60000610351562,420.8999938964844,111.48999786376953,171.1699981689453,372.2200012207031,28.84000015258789,12.699999809265137,124.39820098876953,500.4599914550781,80.33999633789062,31.1299991607666,33.06999969482422,22.25,49.33000183105469,857.1000366210938,30.81999969482422,,95.22000122070312,44.04999923706055,294.5899963378906,41.75,95.9800033569336
2022-07-28,44.02000045776367,56.04999923706055,184.17999267578125,425.8399963378906,112.30000305175781,171.1699981689453,377.0,29.690000534057617,12.710000038146973,124.97059631347656,501.20001220703125,80.80999755859375,31.190000534057617,33.29999923706055,22.299999237060547,49.36000061035156,857.1000366210938,30.93000030517578,,95.22000122070312,44.54999923706055,293.6600036621094,42.2400016784668,97.12000274658203
2022-07-29,44.060001373291016,57.400001525878906,186.5399932861328,432.1000061035156,114.04000091552734,171.1699981689453,378.0400085449219,30.139999389648438,12.84000015258789,126.56919860839844,509.8399963378906,81.95999908447266,30.889999389648438,33.939998626708984,22.309999465942383,49.45000076293945,859.9845581054688,31.3799991607666,,95.22000122070312,45.189998626708984,296.2699890136719,43.189998626708984,99.30000305175781
2022-08-01,44.220001220703125,57.95000076293945,188.6300048828125,437.5199890136719,115.75,171.1699981689453,382.5299987792969,30.260000228881836,12.850000381469727,130.67739868164062,517.9500122070312,82.95999908447266,31.479999542236328,34.68000030517578,22.350000381469727,49.380001068115234,859.9760131835938,32.02000045776367,,95.22000122070312,45.34000015258789,294.0199890136719,43.27000045776367,100.12999725341797
2022-08-02,44.18000030517578,57.4900016784668,188.6199951171875,439.3999938964844,116.13999938964844,171.1699981689453,384.2799987792969,30.059999465942383,12.859999656677246,131.37930297851562,518.9099731445312,83.55999755859375,32.25,34.90999984741211,22.5,49.47999954223633,859.9760131835938,32.02000045776367,,95.22000122070312,45.22999954223633,296.2200012207031,42.939998626708984,98.93000030517578
2022-08-03,44.189998626708984,56.88999938964844,189.11000061035156,437.7200012207031,115.08999633789062,171.1699981689453,383.3999938964844,30.520000457763672,12.760000228881836,130.50050354003906,518.2100219726562,83.5199966430664,32.09000015258789,34.709999084472656,22.530000686645508,49.400001525878906,859.9845581054688,31.799999237060547,,95.22000122070312,45.34000015258789,293.8399963378906,43.220001220703125,99.66999816894531
2022-08-04,44.65999984741211,57.83000183105469,189.1699981689453,440.0299987792969,116.11000061035156,171.1699981689453,380.8399963378906,30.809999465942383,13.09000015258789,130.7637939453125,514.7100219726562,83.94000244140625,31.489999771118164,34.400001525878906,22.520000457763672,49.56999969482422,859.9845581054688,32.0,,95.22000122070312,45.47999954223633,296.9200134277344,43.709999084472656,102.70999908447266
2022-08-05,44.720001220703125,57.369998931884766,189.25,440.19000244140625,116.27999877929688,171.1699981689453,382.739990234375,31.030000686645508,13.050000190734863,129.34410095214844,516.1900024414062,83.91999816894531,31.440000534057617,34.439998626708984,22.56999969482422,49.29999923706055,859.9760131835938,32.22999954223633,,95.22000122070312,45.61000061035156,296.55999755859375,44.16999816894531,102.94999694824219
2022-08-08,44.619998931884766,57.689998626708984,190.7899932861328,442.1499938964844,116.68000030517578,171.1699981689453,386.4599914550781,30.979999542236328,13.029999732971191,130.58230590820312,518.0800170898438,84.19000244140625,31.299999237060547,34.90999984741211,22.420000076293945,49.150001525878906,859.9845581054688,32.9900016784668,,95.22000122070312,45.91999816894531,294.25,44.2400016784668,102.62999725341797
2022-08-10,44.869998931884766,58.36000061035156,191.0399932861328,441.6300048828125,116.56999969482422,171.1699981689453,386.8399963378906,30.709999084472656,13.029999732971191,130.8177032470703,519.8400268554688,83.91999816894531,31.1200008392334,35.0,22.420000076293945,49.279998779296875,859.9845581054688,32.25,,95.22000122070312,45.869998931884766,294.5199890136719,43.290000915527344,101.20999908447266
2022-08-11,44.90999984741211,58.47999954223633,192.33999633789062,444.0899963378906,117.58000183105469,171.1699981689453,393.2200012207031,31.270000457763672,13.140000343322754,130.5413055419922,519.5,83.87999725341797,31.850000381469727,34.900001525878906,22.459999084472656,49.43000030517578,859.9845581054688,32.47999954223633,,95.22000122070312,45.97999954223633,297.45001220703125,44.63999938964844,103.55000305175781
2022-08-12,45.0,58.119998931884766,192.86000061035156,446.9800109863281,118.33000183105469,171.1699981689453,394.8999938964844,30.989999771118164,12.989999771118164,130.60499572753906,522.5599975585938,83.87000274658203,31.969999313354492,35.7400016784668,22.440000534057617,49.45000076293945,859.9845581054688,32.75,,95.22000122070312,46.0,304.2799987792969,44.880001068115234,103.79000091552734
2022-08-16,44.650001525878906,57.66999816894531,194.08999633789062,452.75,119.80999755859375,171.1699981689453,397.05999755859375,31.010000228881836,13.050000190734863,133.87730407714844,528.2000122070312,84.87000274658203,31.84000015258789,35.869998931884766,22.59000015258789,49.41999816894531,859.9845581054688,33.189998626708984,,95.22000122070312,46.310001373291016,287.3299865722656,45.36000061035156,105.23999786376953
2022-08-17,44.599998474121094,57.36000061035156,195.5500030517578,457.5400085449219,120.26000213623047,171.1699981689453,399.07000732421875,31.34000015258789,13.09000015258789,133.31680297851562,529.739990234375,85.51000213623047,32.4900016784668,35.900001525878906,22.540000915527344,49.650001525878906,859.9845581054688,33.349998474121094,,95.22000122070312,46.61000061035156,277.6499938964844,45.220001220703125,104.77999877929688
2022-08-18,44.54999923706055,56.90999984741211,195.7100067138672,460.8399963378906,120.83999633789062,171.1699981689453,401.1000061035156,31.139999389648438,13.029999732971191,132.69070434570312,534.77001953125,86.16000366210938,32.459999084472656,35.900001525878906,22.5,49.529998779296875,859.9845581054688,33.41999816894531,,95.22000122070312,46.56999969482422,275.8299865722656,44.7599983215332,104.19000244140625
2022-08-19,44.41999816894531,55.66999816894531,193.61000061035156,454.6199951171875,119.30999755859375,171.1699981689453,393.79998779296875,31.100000381469727,12.920000076293945,130.82809448242188,532.1500244140625,85.05999755859375,31.610000610351562,35.4900016784668,22.5,49.5,859.9931640625,32.779998779296875,,95.22000122070312,46.470001220703125,274.9800109863281,44.689998626708984,103.45999908447266
2022-08-22,43.9900016784668,54.90999984741211,190.9499969482422,447.2099914550781,117.22000122070312,171.1699981689453,387.3800048828125,30.5,12.729999542236328,128.30360412597656,523.1099853515625,84.16999816894531,30.93000030517578,35.2400016784668,22.530000686645508,49.529998779296875,859.9845581054688,32.290000915527344,,95.22000122070312,45.939998626708984,277.2799987792969,43.65999984741211,102.1500015258789
2022-08-23,44.150001525878906,55.119998931884766,192.19000244140625,450.17999267578125,118.16999816894531,171.1699981689453,391.7200012207031,30.0,12.779999732971191,130.6168975830078,527.4099731445312,84.83000183105469,31.690000534057617,35.77000045776367,22.450000762939453,49.5,859.9760131835938,32.61000061035156,,95.22000122070312,45.97999954223633,271.04998779296875,43.11000061035156,101.30000305175781
2022-08-24,44.33000183105469,55.29999923706055,192.6300048828125,451.489990234375,118.54000091552734,171.1699981689453,394.8699951171875,29.920000076293945,12.770000457763672,130.4918975830078,531.5800170898438,84.81999969482422,31.790000915527344,36.04999923706055,22.510000228881836,49.52000045776367,859.9760131835938,32.810001373291016,,95.22000122070312,45.689998626708984,270.0,43.08000183105469,99.83999633789062
2022-08-25,44.63999938964844,55.83000183105469,191.77999877929688,451.79998779296875,119.29000091552734,171.1699981689453,394.260009765625,29.700000762939453,12.739999771118164,130.13429260253906,529.2100219726562,84.69000244140625,32.68000030517578,36.060001373291016,22.510000228881836,49.459999084472656,859.9845581054688,32.91999816894531,,95.22000122070312,45.63999938964844,270.8800048828125,43.939998626708984,101.45999908447266
2022-08-26,44.29999923706055,55.560001373291016,191.9199981689453,454.7699890136719,119.66000366210938,171.1699981689453,394.8500061035156,29.770000457763672,12.729999542236328,130.64930725097656,533.489990234375,84.75,33.060001373291016,36.709999084472656,22.59000015258789,49.59000015258789,859.9845581054688,33.04999923706055,,95.22000122070312,45.970001220703125,275.67999267578125,44.4900016784668,101.54000091552734
2022-08-29,43.849998474121094,54.369998931884766,189.44000244140625,452.92999267578125,118.76000213623047,171.1699981689453,387.7799987792969,28.670000076293945,12.65999984741211,130.21719360351562,528.2000122070312,85.22000122070312,32.52000045776367,36.52000045776367,22.59000015258789,49.4900016784668,859.9845581054688,32.70000076293945,,95.22000122070312,45.33000183105469,276.6700134277344,43.119998931884766,98.31999969482422
2022-08-30,43.900001525878906,54.36000061035156,193.9199981689453,462.17999267578125,120.93000030517578,171.1699981689453,399.95001220703125,29.40999984741211,12.819999694824219,133.54660034179688,535.239990234375,86.87000274658203,33.290000915527344,37.09000015258789,22.68000030517578,49.61000061035156,863.2194213867188,33.36000061035156,,95.22000122070312,46.15999984741211,274.2200012207031,43.25,99.04000091552734
2022-09-01,43.349998474121094,52.27000045776367,191.82000732421875,461.19000244140625,121.25,171.1699981689453,398.1099853515625,28.920000076293945,12.6899995803833,134.03640747070312,530.6300048828125,86.7699966430664,33.59000015258789,36.75,22.639999389648438,49.619998931884766,863.2279663085938,33.349998474121094,,95.22000122070312,45.779998779296875,272.6400146484375,41.939998626708984,95.33000183105469
2022-09-02,43.369998931884766,52.7400016784668,191.61000061035156,460.75,121.12000274658203,171.1699981689453,398.7699890136719,28.780000686645508,12.609999656677246,133.57760620117188,531.0599975585938,86.63999938964844,33.31999969482422,36.709999084472656,22.639999389648438,49.650001525878906,863.2279663085938,33.40999984741211,,95.22000122070312,45.52000045776367,272.2799987792969,41.90999984741211,96.52999877929688
2022-09-05,43.540000915527344,53.41999816894531,192.97999572753906,461.04998779296875,121.79000091552734,171.1699981689453,402.7900085449219,28.860000610351562,12.6899995803833,133.8314971923828,535.0399780273438,86.69999694824219,33.70000076293945,37.0,22.700000762939453,49.63999938964844,863.2194213867188,33.45000076293945,,95.22000122070312,45.97999954223633,271.92999267578125,41.650001525878906,94.97000122070312
2022-09-06,43.5,53.65999984741211,192.47999572753906,464.5899963378906,122.12999725341797,171.1699981689453,401.25,28.770000457763672,12.710000038146973,133.62139892578125,538.97998046875,86.83999633789062,33.75,37.09000015258789,22.760000228881836,49.63999938964844,863.2194213867188,34.45000076293945,,95.22000122070312,45.93000030517578,270.92999267578125,41.77000045776367,95.9000015258789
2022-09-07,43.40999984741211,53.2599983215332,192.3699951171875,466.010009765625,122.87000274658203,171.1699981689453,399.2799987792969,28.899999618530273,12.800000190734863,132.08489990234375,540.0599975585938,86.5199966430664,33.86000061035156,37.279998779296875,22.809999465942383,49.65999984741211,863.2279663085938,33.939998626708984,,95.22000122070312,45.95000076293945,266.19000244140625,40.86000061035156,94.7699966430664
2022-09-08,43.599998474121094,54.0,194.0,467.07000732421875,123.16999816894531,171.1699981689453,406.4700012207031,29.1200008392334,12.8100004196167,132.87660217285156,545.4400024414062,86.66999816894531,34.68000030517578,37.15999984741211,22.860000610351562,49.7599983215332,863.2194213867188,33.810001373291016,,95.22000122070312,46.130001068115234,263.1400146484375,41.29999923706055,96.26000213623047
2022-09-09,43.65999984741211,54.54999923706055,194.60000610351562,467.17999267578125,123.66000366210938,171.1699981689453,408.82000732421875,29.799999237060547,12.829999923706055,133.5625,544.2899780273438,87.0,34.72999954223633,37.220001220703125,22.829999923706055,49.86000061035156,863.2279663085938,34.040000915527344,,95.22000122070312,46.36000061035156,265.92999267578125,41.650001525878906,97.29000091552734
2022-09-12,43.599998474121094,55.529998779296875,195.63999938964844,472.0299987792969,124.62999725341797,171.1699981689453,410.2200012207031,30.229999542236328,12.869999885559082,133.92739868164062,549.3699951171875,87.41999816894531,35.220001220703125,37.20000076293945,22.81999969482422,49.88999938964844,863.2194213867188,34.369998931884766,,95.22000122070312,46.790000915527344,266.9200134277344,42.529998779296875,97.29000091552734
2022-09-13,43.5,56.7400016784668,196.9499969482422,475.239990234375,124.94999694824219,171.1699981689453,412.9599914550781,30.209999084472656,12.880000114440918,134.00759887695312,553.3300170898438,87.73999786376953,35.18000030517578,37.38999938964844,22.81999969482422,49.939998626708984,863.2279663085938,34.470001220703125,,95.22000122070312,47.02000045776367,265.010009765625,42.83000183105469,99.01000213623047
2022-09-14,43.18000030517578,56.189998626708984,196.27000427246094,476.6700134277344,124.5999984741211,171.1699981689453,419.2900085449219,29.209999084472656,12.819999694824219,133.58529663085938,551.9299926757812,87.68000030517578,35.779998779296875,37.650001525878906,22.860000610351562,49.7599983215332,863.2279663085938,34.4900016784668,,95.22000122070312,46.43000030517578,263.8399963378906,40.79999923706055,96.19000244140625
2022-09-15,43.04999923706055,56.220001220703125,195.69000244140625,480.3800048828125,125.37999725341797,171.1699981689453,417.5299987792969,28.790000915527344,12.649999618530273,134.52310180664062,554.469970703125,87.48999786376953,35.880001068115234,38.0,22.780000686645508,49.560001373291016,863.2279663085938,34.38999938964844,,95.22000122070312,46.31999969482422,264.8999938964844,40.810001373291016,96.9000015258789
2022-09-16,42.2599983215332,54.97999954223633,191.89999389648438,467.1199951171875,122.0,171.1699981689453,412.3299865722656,27.739999771118164,12.5,130.88949584960938,541.6900024414062,86.08000183105469,34.93000030517578,37.65999984741211,22.709999084472656,49.52000045776367,863.2279663085938,33.560001373291016,,95.22000122070312,45.290000915527344,272.1300048828125,40.13999938964844,94.1500015258789
2022-09-19,42.34000015258789,55.90999984741211,192.75,468.1600036621094,122.0,171.1699981689453,413.3500061035156,27.81999969482422,12.489999771118164,132.09100341796875,542.1500244140625,86.55999755859375,35.689998626708984,37.40999984741211,22.719999313354492,49.540000915527344,863.2279663085938,33.63999938964844,,95.22000122070312,45.349998474121094,258.7200012207031,40.02000045776367,93.33000183105469
2022-09-20,42.4900016784668,55.97999954223633,194.44000244140625,472.489990234375,123.7300033569336,171.1699981689453,419.07000732421875,28.040000915527344,12.890000343322754,134.27760314941406,548.2899780273438,87.5,35.849998474121094,37.529998779296875,22.68000030517578,49.45000076293945,863.2194213867188,33.93000030517578,,95.22000122070312,45.599998474121094,260.9800109863281,40.58000183105469,94.08999633789062
2022-09-21,42.70000076293945,56.38999938964844,193.5,466.2699890136719,122.94000244140625,171.1699981689453,416.5199890136719,27.850000381469727,12.710000038146973,133.5937042236328,535.97998046875,87.54000091552734,35.65999984741211,37.040000915527344,22.729999542236328,49.54999923706055,863.2279663085938,33.599998474121094,,95.22000122070312,45.380001068115234,258.4800109863281,40.68000030517578,93.55999755859375
2022-09-22,42.9900016784668,57.13999938964844,192.9199981689453,468.1700134277344,123.36000061035156,171.1699981689453,411.6700134277344,27.790000915527344,12.729999542236328,134.5720977783203,535.6900024414062,88.43000030517578,35.279998779296875,36.66999816894531,22.6200008392334,49.34000015258789,863.2194213867188,33.75,,95.22000122070312,45.5099983215332,257.1000061035156,40.0099983215332,93.12000274658203
2022-09-23,42.81999969482422,56.540000915527344,189.63999938964844,459.95001220703125,121.26000213623047,171.1699981689453,401.5899963378906,27.59000015258789,12.760000228881836,132.28469848632812,523.6500244140625,87.43000030517578,33.939998626708984,35.650001525878906,22.510000228881836,49.20000076293945,863.2279663085938,33.18000030517578,,95.22000122070312,44.9900016784668,257.57000732421875,39.5,91.37999725341797
2022-09-26,42.63999938964844,55.2599983215332,186.2100067138672,447.5199890136719,117.37999725341797,171.1699981689453,391.5400085449219,27.739999771118164,12.600000381469727,127.260498046875,510.1300048828125,85.6500015258789,32.70000076293945,34.54999923706055,22.59000015258789,49.22999954223633,863.2279663085938,31.940000534057617,,95.22000122070312,44.20000076293945,256.8999938964844,39.15999984741211,90.98999786376953
2022-09-27,42.41999816894531,55.040000915527344,186.0500030517578,448.5400085449219,117.01000213623047,171.1699981689453,388.7200012207031,27.989999771118164,12.739999771118164,126.61039733886719,513.4000244140625,85.4800033569336,32.56999969482422,34.619998931884766,22.559999465942383,49.279998779296875,863.2194213867188,32.119998931884766,,95.22000122070312,44.630001068115234,255.1699981689453,40.099998474121094,91.91999816894531
2022-09-28,42.29999923706055,54.02000045776367,184.47000122070312,445.5,116.73999786376953,171.1699981689453,383.1700134277344,28.059999465942383,12.789999961853027,126.68599700927734,508.05999755859375,85.69999694824219,31.90999984741211,34.43000030517578,22.6200008392334,49.2400016784668,863.2279663085938,32.04999923706055,,95.22000122070312,44.22999954223633,252.19000244140625,38.869998931884766,90.81999969482422
2022-09-29,42.900001525878906,55.43000030517578,184.07000732421875,444.5299987792969,117.37000274658203,171.1699981689453,382.0199890136719,27.850000381469727,13.020000457763672,126.27300262451172,508.70001220703125,85.13999938964844,32.33000183105469,34.65999984741211,22.6299991607666,49.41999816894531,863.2279663085938,32.04999923706055,,95.22000122070312,44.18000030517578,252.36000061035156,39.84000015258789,92.66999816894531
2022-09-30,43.15999984741211,56.119998931884766,186.8300018310547,447.75,119.0199966430664,171.1699981689453,391.04998779296875,27.940000534057617,13.09000015258789,128.30419921875,518.97998046875,86.19999694824219,33.16999816894531,34.95000076293945,22.600000381469727,49.380001068115234,866.3329467773438,32.540000915527344,,95.22000122070312,44.810001373291016,250.50999450683594,39.130001068115234,91.05999755859375
2022-10-03,43.13999938964844,56.880001068115234,184.25,438.5400085449219,117.25,171.1699981689453,385.8800048828125,27.709999084472656,13.279999732971191,125.7041015625,516.5900268554688,84.33000183105469,32.31999969482422,35.04999923706055,22.559999465942383,49.34000015258789,866.3329467773438,32.06999969482422,,95.22000122070312,44.06999969482422,253.5399932861328,39.27000045776367,90.68000030517578
2022-10-04,44.04999923706055,60.220001220703125,188.2899932861328,448.8299865722656,120.43000030517578,171.1699981689453,395.5199890136719,28.40999984741211,13.359999656677246,128.21339416503906,523.6799926757812,85.73999786376953,33.310001373291016,35.779998779296875,22.670000076293945,49.43000030517578,866.3329467773438,32.849998474121094,,95.22000122070312,45.0,253.4199981689453,39.72999954223633,92.37999725341797
2022-10-06,44.279998779296875,59.83000183105469,188.94000244140625,452.2699890136719,121.33999633789062,171.1699981689453,397.32000732421875,28.850000381469727,13.329999923706055,129.15789794921875,524.4600219726562,85.76000213623047,33.56999969482422,36.029998779296875,22.540000915527344,49.380001068115234,866.3416137695312,33.52000045776367,,95.22000122070312,45.599998474121094,256.7300109863281,39.869998931884766,93.75
2022-10-07,44.4900016784668,60.4900016784668,189.19000244140625,451.55999755859375,121.69999694824219,171.1699981689453,396.3500061035156,28.739999771118164,13.289999961853027,128.92979431152344,526.6900024414062,85.7699966430664,33.70000076293945,36.25,22.450000762939453,49.220001220703125,866.3329467773438,33.279998779296875,,95.22000122070312,45.540000915527344,254.8300018310547,40.189998626708984,93.68000030517578
2022-10-10,43.72999954223633,58.25,188.75,447.1600036621094,120.33999633789062,171.1699981689453,395.5799865722656,28.979999542236328,13.180000305175781,128.23980712890625,522.4199829101562,84.7300033569336,33.16999816894531,36.130001068115234,22.530000686645508,49.130001068115234,866.3243408203125,33.02000045776367,,95.22000122070312,45.52000045776367,249.50999450683594,38.349998474121094,90.48999786376953
2022-10-11,43.41999816894531,57.220001220703125,185.8699951171875,441.8999938964844,118.75,171.1699981689453,392.0,28.479999542236328,12.960000038146973,126.16829681396484,515.5,83.56999969482422,32.63999938964844,35.70000076293945,22.479999542236328,49.15999984741211,866.3329467773438,32.470001220703125,,95.22000122070312,44.65999984741211,246.6199951171875,38.0,89.76000213623047
2022-10-12,43.59000015258789,57.150001525878906,187.2100067138672,443.05999755859375,119.27999877929688,171.1699981689453,395.8699951171875,28.6200008392334,12.979999542236328,127.2771987915039,517.8499755859375,83.94999694824219,33.06999969482422,36.400001525878906,22.5,49.209999084472656,866.3243408203125,32.5,,95.22000122070312,44.689998626708984,242.22000122070312,37.290000915527344,88.55000305175781
2022-10-13,43.689998626708984,56.880001068115234,186.22999572753906,438.7699890136719,118.56999969482422,171.1699981689453,391.6099853515625,28.459999084472656,13.010000228881836,126.91799926757812,514.5700073242188,83.5,32.599998474121094,36.18000030517578,22.479999542236328,49.29999923706055,866.3243408203125,32.290000915527344,,95.22000122070312,44.970001220703125,238.16000366210938,37.15999984741211,88.69999694824219
2022-10-14,43.2599983215332,55.81999969482422,188.02000427246094,437.1400146484375,118.52999877929688,171.1699981689453,397.8599853515625,28.93000030517578,13.079999923706055,126.0647964477539,514.1799926757812,83.37000274658203,32.790000915527344,35.9900016784668,22.5,49.220001220703125,866.3243408203125,32.40999984741211,,95.22000122070312,45.2400016784668,239.88999938964844,37.59000015258789,89.62000274658203
2022-10-17,43.2400016784668,55.52000045776367,188.8300018310547,439.6600036621094,118.69000244140625,171.1699981689453,403.6499938964844,28.959999084472656,13.109999656677246,126.91300201416016,515.0399780273438,83.51000213623047,33.77000045776367,36.22999954223633,22.5,49.41999816894531,866.3243408203125,32.290000915527344,,95.22000122070312,45.279998779296875,240.11000061035156,36.91999816894531,88.7699966430664
2022-10-18,43.119998931884766,55.86000061035156,190.63999938964844,444.4200134277344,119.91000366210938,171.1699981689453,407.2099914550781,29.260000228881836,13.109999656677246,128.62869262695312,523.6099853515625,84.63999938964844,35.150001525878906,36.619998931884766,22.510000228881836,49.369998931884766,866.3243408203125,32.779998779296875,,95.22000122070312,45.68000030517578,244.32000732421875,38.45000076293945,91.47000122070312
2022-10-19,43.189998626708984,55.709999084472656,190.8300018310547,443.7200012207031,119.98999786376953,171.1699981689453,408.010009765625,29.059999465942383,13.109999656677246,128.5106964111328,523.9600219726562,84.69000244140625,35.0099983215332,36.369998931884766,22.530000686645508,49.33000183105469,866.3243408203125,32.70000076293945,,95.22000122070312,45.529998779296875,240.16000366210938,38.18000030517578,91.5
2022-10-20,43.040000915527344,55.810001373291016,191.44000244140625,448.1400146484375,119.61000061035156,171.1699981689453,405.9599914550781,29.399999618530273,13.1899995803833,128.59609985351562,527.219970703125,84.81999969482422,35.619998931884766,36.95000076293945,22.540000915527344,49.310001373291016,866.3329467773438,32.630001068115234,,95.22000122070312,45.869998931884766,240.16000366210938,38.06999969482422,90.66000366210938
2022-10-21,42.72999954223633,55.349998474121094,191.52000427246094,442.3999938964844,119.01000213623047,171.1699981689453,412.1199951171875,29.31999969482422,13.109999656677246,128.2528076171875,525.219970703125,84.97000122070312,36.290000915527344,36.72999954223633,22.489999771118164,49.290000915527344,866.3243408203125,32.4900016784668,,95.22000122070312,45.959999084472656,239.49000549316406,37.70000076293945,89.80999755859375
2022-10-24,43.47999954223633,56.93000030517578,193.1699981689453,445.19000244140625,120.69000244140625,171.1699981689453,416.70001220703125,29.6299991607666,13.430000305175781,,534.3699951171875,86.08000183105469,37.18000030517578,37.0,22.450000762939453,49.38999938964844,866.3243408203125,32.790000915527344,,95.22000122070312,46.290000915527344,235.3300018310547,38.33000183105469,91.8499984741211
2022-10-25,43.16999816894531,56.52000045776367,192.49000549316406,443.6499938964844,119.76000213623047,171.1699981689453,415.3900146484375,29.719999313354492,13.210000038146973,130.8441925048828,529.0,84.86000061035156,38.0,37.08000183105469,22.5,49.4900016784668,866.3243408203125,32.810001373291016,,95.22000122070312,46.150001525878906,224.6999969482422,38.18000030517578,91.87999725341797
2022-10-27,43.459999084472656,57.369998931884766,193.4499969482422,447.7799987792969,120.5199966430664,171.1699981689453,416.94000244140625,29.65999984741211,13.359999656677246,131.11129760742188,532.6199951171875,85.55999755859375,38.2599983215332,37.599998474121094,22.6299991607666,49.560001373291016,866.3243408203125,32.90999984741211,,95.22000122070312,46.29999923706055,222.63999938964844,37.970001220703125,91.51000213623047
2022-10-28,43.279998779296875,57.209999084472656,193.9600067138672,446.94000244140625,119.77999877929688,171.1699981689453,414.17999267578125,29.459999084472656,13.199999809265137,133.2449951171875,539.7899780273438,85.73999786376953,38.11000061035156,37.900001525878906,22.670000076293945,49.560001373291016,866.3329467773438,32.900001525878906,,95.22000122070312,46.56999969482422,218.25,36.38999938964844,90.4000015258789
2022-10-31,43.22999954223633,57.11000061035156,196.27000427246094,449.4700012207031,120.62999725341797,171.1699981689453,417.25,29.809999465942383,13.3100004196167,135.16720581054688,545.1099853515625,86.7699966430664,38.27000045776367,38.0,22.610000610351562,49.52000045776367,870.2660522460938,33.279998779296875,,95.22000122070312,46.93000030517578,213.13999938964844,36.93000030517578,92.5199966430664
2022-11-01,43.310001373291016,58.41999816894531,197.97999572753906,454.7699890136719,122.23999786376953,171.1699981689453,417.3999938964844,30.360000610351562,13.600000381469727,135.5222930908203,548.510009765625,87.08000183105469,38.189998626708984,38.779998779296875,22.56999969482422,49.54999923706055,870.2660522460938,33.630001068115234,,95.22000122070312,47.45000076293945,223.57000732421875,37.04999923706055,93.58999633789062
2022-11-02,43.5,58.369998931884766,197.41000366210938,453.4200134277344,122.26000213623047,171.1699981689453,415.8599853515625,30.229999542236328,13.649999618530273,134.5261993408203,546.8800048828125,86.51000213623047,37.84000015258789,38.65999984741211,22.579999923706055,49.619998931884766,870.2747192382812,33.40999984741211,,95.22000122070312,47.209999084472656,230.08999633789062,36.619998931884766,92.68000030517578
2022-11-03,43.0,56.97999954223633,197.38999938964844,453.5,122.08000183105469,171.1699981689453,417.3800048828125,29.959999084472656,13.65999984741211,133.96499633789062,545.9500122070312,86.58999633789062,38.75,38.61000061035156,22.600000381469727,49.40999984741211,870.2747192382812,33.66999816894531,,95.22000122070312,47.209999084472656,226.44000244140625,35.61000061035156,89.45999908447266
2022-11-04,43.290000915527344,58.31999969482422,197.77000427246094,454.3800048828125,124.66000366210938,171.1699981689453,417.0,29.81999969482422,13.579999923706055,134.05520629882812,550.3400268554688,86.55000305175781,39.119998931884766,38.47999954223633,22.440000534057617,49.560001373291016,870.2747192382812,33.58000183105469,,95.22000122070312,47.290000915527344,232.97000122070312,34.869998931884766,88.16000366210938
2022-11-07,43.7400016784668,59.970001220703125,198.6199951171875,458.42999267578125,123.3499984741211,171.1699981689453,421.1600036621094,29.8799991607666,13.380000114440918,135.79029846191406,552.7100219726562,86.68000030517578,40.9900016784668,38.86000061035156,22.510000228881836,49.43000030517578,870.2747192382812,33.779998779296875,,95.22000122070312,47.52000045776367,237.80999755859375,35.06999969482422,88.68000030517578
2022-11-09,43.970001220703125,60.72999954223633,198.32000732421875,457.5899963378906,122.2300033569336,171.1699981689453,422.2900085449219,29.809999465942383,13.1899995803833,134.7550048828125,548.25,86.26000213623047,42.470001220703125,38.47999954223633,22.579999923706055,49.58000183105469,870.2747192382812,33.58000183105469,,95.22000122070312,47.369998931884766,230.5399932861328,35.0,89.0
2022-11-10,44.18000030517578,60.560001373291016,196.86000061035156,453.010009765625,121.52999877929688,171.1699981689453,420.57000732421875,29.719999313354492,13.130000114440918,132.1248016357422,543.780029296875,85.69000244140625,42.0099983215332,38.13999938964844,22.639999389648438,49.72999954223633,870.2747192382812,33.189998626708984,,95.22000122070312,46.939998626708984,227.8800048828125,34.22999954223633,87.5199966430664
2022-11-11,44.7599983215332,61.58000183105469,200.22000122070312,457.4599914550781,121.45999908447266,171.1699981689453,425.92999267578125,30.770000457763672,13.15999984741211,131.72219848632812,549.1199951171875,85.68000030517578,41.79999923706055,38.220001220703125,22.739999771118164,49.9900016784668,870.2747192382812,33.209999084472656,,95.22000122070312,47.709999084472656,240.5399932861328,36.70000076293945,91.91999816894531
2022-11-14,44.81999969482422,61.150001525878906,200.1699981689453,459.70001220703125,121.54000091552734,171.1699981689453,425.6499938964844,31.040000915527344,13.15999984741211,132.02769470214844,549.7899780273438,85.31999969482422,41.529998779296875,38.029998779296875,22.799999237060547,49.900001525878906,870.2747192382812,33.209999084472656,,95.22000122070312,47.65999984741211,244.3699951171875,37.040000915527344,92.5999984741211
2022-11-15,45.150001525878906,61.779998779296875,200.91000366210938,460.6099853515625,121.48999786376953,171.1699981689453,428.510009765625,31.040000915527344,13.199999809265137,132.87600708007812,552.7100219726562,85.48999786376953,41.7599983215332,38.38999938964844,22.850000381469727,50.060001373291016,870.2747192382812,33.22999954223633,,95.22000122070312,47.83000183105469,254.50999450683594,37.599998474121094,93.13999938964844
2022-11-16,45.349998474121094,61.560001373291016,200.8699951171875,457.07000732421875,120.44999694824219,171.1699981689453,429.8699951171875,31.190000534057617,13.130000114440918,132.375,550.7999877929688,85.3499984741211,41.650001525878906,38.470001220703125,22.860000610351562,50.06999969482422,870.2747192382812,33.11000061035156,,95.22000122070312,47.869998931884766,258.6600036621094,38.529998779296875,93.91999816894531
2022-11-17,45.16999816894531,60.58000183105469,200.1999969482422,453.6099853515625,120.08999633789062,171.1699981689453,429.54998779296875,30.920000076293945,13.09000015258789,130.572998046875,550.5499877929688,84.62000274658203,41.9900016784668,38.5,22.889999389648438,50.060001373291016,870.2660522460938,32.95000076293945,,95.22000122070312,47.7400016784668,263.9100036621094,38.34000015258789,92.97000122070312
2022-11-18,45.2599983215332,60.81999969482422,199.9199981689453,451.32000732421875,119.63999938964844,171.1699981689453,429.45001220703125,30.8700008392334,12.949999809265137,129.0334930419922,549.52001953125,84.22000122070312,42.65999984741211,38.09000015258789,22.850000381469727,50.060001373291016,870.2747192382812,32.77000045776367,,95.22000122070312,47.5099983215332,255.38999938964844,38.380001068115234,93.58000183105469
2022-11-21,44.79999923706055,59.93000030517578,198.5500030517578,448.5799865722656,119.73999786376953,171.1699981689453,428.04998779296875,30.450000762939453,12.9399995803833,128.2440948486328,545.6799926757812,83.87999725341797,43.33000183105469,37.97999954223633,22.799999237060547,50.08000183105469,870.2747192382812,32.66999816894531,,95.22000122070312,47.2599983215332,254.17999267578125,37.77000045776367,93.02999877929688
2022-11-22,44.900001525878906,60.810001373291016,199.22999572753906,449.3900146484375,119.7300033569336,171.1699981689453,428.95001220703125,30.59000015258789,12.970000267028809,128.74180603027344,548.9600219726562,83.97000122070312,44.040000915527344,38.22999954223633,22.809999465942383,50.150001525878906,870.2747192382812,32.91999816894531,,95.22000122070312,47.43000030517578,248.38999938964844,36.959999084472656,92.23999786376953
2022-11-23,44.77000045776367,60.77000045776367,199.50999450683594,450.5299987792969,120.22000122070312,171.1699981689453,431.80999755859375,30.56999969482422,13.010000228881836,129.0366973876953,548.8699951171875,84.1500015258789,44.5099983215332,38.15999984741211,22.81999969482422,49.970001220703125,870.2747192382812,33.099998474121094,,95.22000122070312,47.349998474121094,251.5,37.290000915527344,93.31999969482422
2022-11-24,45.040000915527344,61.459999084472656,201.72000122070312,452.3299865722656,120.69999694824219,171.1699981689453,435.1600036621094,31.350000381469727,13.020000457763672,129.7584991455078,552.75,84.56999969482422,44.83000183105469,38.599998474121094,22.860000610351562,50.16999816894531,870.2747192382812,33.15999984741211,,95.22000122070312,48.130001068115234,250.3300018310547,38.400001525878906,94.20999908447266
2022-11-25,44.97999954223633,61.09000015258789,202.35000610351562,453.6000061035156,122.11000061035156,171.1699981689453,435.1600036621094,31.6200008392334,13.079999923706055,130.89210510253906,558.7000122070312,84.4000015258789,44.86000061035156,38.7599983215332,22.8700008392334,50.150001525878906,870.2747192382812,33.439998626708984,,95.22000122070312,48.27000045776367,249.55999755859375,38.5,94.05000305175781
2022-11-28,45.119998931884766,61.439998626708984,203.0399932861328,454.5899963378906,122.38999938964844,171.1699981689453,435.30999755859375,31.59000015258789,13.109999656677246,131.68040466308594,563.52001953125,84.6500015258789,44.959999084472656,38.7599983215332,22.889999389648438,50.20000076293945,870.2747192382812,33.65999984741211,,95.22000122070312,48.290000915527344,247.38999938964844,37.810001373291016,93.31999969482422
2022-11-29,45.099998474121094,61.209999084472656,203.42999267578125,456.8900146484375,122.08000183105469,171.1699981689453,435.8999938964844,31.610000610351562,13.1899995803833,131.389892578125,562.469970703125,85.44999694824219,45.0099983215332,38.630001068115234,22.8799991607666,50.209999084472656,870.2747192382812,33.54999923706055,,95.22000122070312,48.70000076293945,256.6700134277344,37.81999969482422,93.2699966430664
2022-11-30,45.099998474121094,61.31999969482422,204.6999969482422,461.2699890136719,123.41999816894531,171.1699981689453,436.92999267578125,31.6299991607666,13.260000228881836,133.6508026123047,567.739990234375,86.2699966430664,44.43000030517578,38.810001373291016,22.90999984741211,50.209999084472656,873.7113037109375,33.869998931884766,,95.22000122070312,49.029998779296875,259.82000732421875,37.849998474121094,92.68000030517578
2022-12-01,45.369998931884766,62.529998779296875,205.5399932861328,463.17999267578125,124.47000122070312,171.1699981689453,436.70001220703125,32.380001068115234,13.25,133.24530029296875,570.1599731445312,86.27999877929688,45.18000030517578,38.63999938964844,23.040000915527344,50.29999923706055,873.7113037109375,34.18000030517578,,95.22000122070312,49.2599983215332,262.3900146484375,39.529998779296875,94.98999786376953
2022-12-02,45.880001068115234,63.7599983215332,204.80999755859375,463.989990234375,125.23999786376953,171.1699981689453,435.6099853515625,32.369998931884766,13.199999809265137,131.77780151367188,569.5399780273438,85.62000274658203,45.54999923706055,38.66999816894531,23.1200008392334,50.349998474121094,873.7113037109375,34.5,,95.22000122070312,49.06999969482422,263.260009765625,39.880001068115234,95.16000366210938
2022-12-05,46.09000015258789,65.11000061035156,204.44000244140625,463.739990234375,125.66999816894531,171.1699981689453,437.8999938964844,32.22999954223633,13.1899995803833,131.38470458984375,567.1199951171875,85.5199966430664,46.09000015258789,39.27000045776367,23.030000686645508,50.41999816894531,873.7025756835938,34.630001068115234,,95.22000122070312,49.279998779296875,274.92999267578125,40.380001068115234,95.25
2022-12-06,45.81999969482422,64.12000274658203,204.13999938964844,463.6300048828125,124.58000183105469,171.1699981689453,436.7699890136719,31.739999771118164,13.100000381469727,131.04449462890625,566.9199829101562,85.51000213623047,46.849998474121094,39.20000076293945,23.040000915527344,50.400001525878906,873.7113037109375,34.470001220703125,,95.22000122070312,48.88999938964844,278.1099853515625,40.15999984741211,95.02999877929688
2022-12-07,45.84000015258789,63.83000183105469,202.8699951171875,464.54998779296875,124.27999877929688,171.1699981689453,435.3399963378906,31.459999084472656,13.010000228881836,130.0034942626953,566.0399780273438,85.6500015258789,46.83000183105469,38.84000015258789,23.020000457763672,50.36000061035156,873.7025756835938,34.27000045776367,,95.22000122070312,48.970001220703125,271.2300109863281,39.52000045776367,93.66999816894531
2022-12-08,46.060001373291016,64.55999755859375,203.6199951171875,466.4700012207031,124.58999633789062,171.1699981689453,440.5,31.399999618530273,12.869999885559082,130.38209533691406,567.0800170898438,85.55000305175781,48.66999816894531,38.70000076293945,23.030000686645508,50.25,873.7025756835938,34.31999969482422,,95.22000122070312,49.13999938964844,275.8699951171875,39.61000061035156,93.80000305175781
2022-12-09,46.11000061035156,65.27999877929688,202.47999572753906,463.8699951171875,124.30999755859375,171.1699981689453,440.9800109863281,30.440000534057617,12.899999618530273,129.9904022216797,564.7000122070312,85.45999908447266,47.77000045776367,38.43000030517578,23.010000228881836,50.310001373291016,873.7113037109375,34.2599983215332,,95.22000122070312,48.63999938964844,279.6199951171875,39.40999984741211,93.9800033569336
2022-12-12,46.189998626708984,66.11000061035156,202.61000061035156,463.8800048828125,124.95999908447266,171.1699981689453,441.7699890136719,30.270000457763672,12.890000343322754,130.03829956054688,566.780029296875,85.62000274658203,48.20000076293945,38.59000015258789,23.049999237060547,50.31999969482422,873.7025756835938,34.380001068115234,,95.22000122070312,48.52000045776367,280.7799987792969,39.72999954223633,93.94000244140625
2022-12-13,46.15999984741211,66.08999633789062,203.77000427246094,463.2300109863281,125.36000061035156,171.1699981689453,444.7099914550781,30.59000015258789,12.920000076293945,130.60989379882812,566.7100219726562,85.68000030517578,50.09000015258789,38.689998626708984,23.09000015258789,50.310001373291016,873.7113037109375,34.66999816894531,,95.22000122070312,48.970001220703125,281.67999267578125,39.849998474121094,94.9800033569336
2022-12-14,46.540000915527344,66.68000030517578,204.35000610351562,465.0899963378906,125.94000244140625,171.1699981689453,444.8399963378906,30.860000610351562,12.979999542236328,131.34609985351562,569.0999755859375,85.6500015258789,50.349998474121094,39.15999984741211,23.1299991607666,50.40999984741211,873.7113037109375,34.880001068115234,,95.22000122070312,49.04999923706055,285.1400146484375,40.41999816894531,95.88999938964844
2022-12-15,46.029998779296875,65.56999969482422,201.5800018310547,460.4599914550781,124.94999694824219,171.1699981689453,439.69000244140625,30.34000015258789,12.9399995803833,130.4261932373047,564.6199951171875,85.0,49.47999954223633,38.869998931884766,23.020000457763672,50.38999938964844,873.7025756835938,34.47999954223633,,95.22000122070312,48.630001068115234,282.9200134277344,39.47999954223633,94.61000061035156
2022-12-16,46.099998474121094,64.91000366210938,200.16000366210938,454.1700134277344,123.33999633789062,171.1699981689453,436.8500061035156,29.90999984741211,12.779999732971191,129.0364990234375,559.7000122070312,83.93000030517578,47.91999816894531,38.36000061035156,23.079999923706055,50.34000015258789,873.7113037109375,33.939998626708984,,95.22000122070312,48.18000030517578,282.95001220703125,38.2400016784668,92.83000183105469
2022-12-19,46.41999816894531,66.12000274658203,201.6699981689453,458.9800109863281,123.83999633789062,171.1699981689453,439.1400146484375,29.780000686645508,12.789999961853027,131.0883026123047,566.1799926757812,84.91999816894531,48.119998931884766,38.68000030517578,22.959999084472656,50.38999938964844,873.7113037109375,34.02000045776367,,95.22000122070312,48.4900016784668,278.1400146484375,38.349998474121094,92.80999755859375
2022-12-20,46.75,67.01000213623047,201.2100067138672,458.8900146484375,123.61000061035156,171.1699981689453,440.0199890136719,29.809999465942383,12.720000267028809,130.08470153808594,563.1599731445312,84.48999786376953,47.65999984741211,38.459999084472656,23.09000015258789,50.439998626708984,873.7025756835938,33.869998931884766,,95.22000122070312,48.380001068115234,270.1000061035156,37.689998626708984,91.0
2022-12-21,46.86000061035156,67.38999938964844,199.39999389648438,451.5199890136719,121.70999908447266,171.1699981689453,432.05999755859375,29.90999984741211,13.0600004196167,128.22860717773438,555.4500122070312,83.80000305175781,46.470001220703125,37.939998626708984,23.110000610351562,50.31999969482422,873.7113037109375,33.56999969482422,,95.22000122070312,47.75,268.3599853515625,37.77000045776367,91.31999969482422
2022-12-22,46.869998931884766,66.91999816894531,198.5500030517578,448.0799865722656,120.69000244140625,171.1699981689453,430.3599853515625,29.969999313354492,12.989999771118164,126.80719757080078,551.7100219726562,83.0999984741211,45.790000915527344,37.54999923706055,23.06999969482422,50.34000015258789,873.7113037109375,33.2400016784668,,95.22000122070312,47.7400016784668,282.0899963378906,38.08000183105469,91.37999725341797
2022-12-23,46.689998626708984,66.76000213623047,195.14999389648438,431.8599853515625,116.37999725341797,171.1699981689453,421.3800048828125,29.43000030517578,12.899999618530273,123.59200286865234,537.780029296875,81.54000091552734,43.25,36.75,23.049999237060547,50.220001220703125,873.7025756835938,32.029998779296875,,95.22000122070312,46.7400016784668,275.17999267578125,37.099998474121094,89.83000183105469
2022-12-26,46.689998626708984,66.72000122070312,197.22999572753906,441.42999267578125,118.55999755859375,171.1699981689453,430.8800048828125,29.559999465942383,12.8100004196167,125.40160369873047,544.9600219726562,82.4800033569336,46.439998626708984,37.380001068115234,23.06999969482422,50.25,873.7113037109375,32.90999984741211,,95.22000122070312,47.150001525878906,277.3699951171875,37.7400016784668,90.25
2022-12-27,46.869998931884766,67.97000122070312,198.0,445.010009765625,120.25,171.1699981689453,433.17999267578125,29.850000381469727,12.779999732971191,126.4834976196289,550.4099731445312,82.7699966430664,46.720001220703125,37.689998626708984,23.020000457763672,50.27000045776367,873.7113037109375,33.13999938964844,,95.22000122070312,47.130001068115234,282.7799987792969,37.81999969482422,90.1500015258789
2022-12-28,46.54999923706055,66.95999908447266,197.99000549316406,447.05999755859375,120.43000030517578,171.1699981689453,432.69000244140625,29.729999542236328,12.760000228881836,127.31759643554688,549.280029296875,83.04000091552734,46.880001068115234,37.790000915527344,22.969999313354492,50.27000045776367,873.7113037109375,33.220001220703125,,95.22000122070312,47.59000015258789,284.739990234375,37.0,89.08000183105469
2022-12-29,46.61000061035156,66.95999908447266,198.77999877929688,447.3500061035156,121.02999877929688,171.1699981689453,436.92999267578125,29.84000015258789,12.720000267028809,127.60690307617188,549.6099853515625,83.08999633789062,47.2400016784668,37.86000061035156,23.06999969482422,50.2599983215332,873.7113037109375,33.18000030517578,,95.22000122070312,47.5099983215332,284.95001220703125,36.880001068115234,87.9000015258789
2022-12-30,46.790000915527344,67.2300033569336,198.0399932861328,447.2300109863281,121.44000244140625,171.1699981689453,435.4800109863281,29.829999923706055,12.729999542236328,127.3750991821289,548.239990234375,82.62999725341797,47.810001373291016,38.060001373291016,23.049999237060547,50.2599983215332,877.61572265625,33.439998626708984,,95.22000122070312,47.630001068115234,286.2200012207031,37.79999923706055,88.95999908447266
2023-01-02,47.16999816894531,67.66999816894531,199.33999633789062,445.6499938964844,121.91000366210938,171.1699981689453,437.17999267578125,29.8700008392334,12.680000305175781,127.93789672851562,552.5399780273438,82.37000274658203,48.2400016784668,38.47999954223633,23.049999237060547,50.2400016784668,877.61572265625,33.77000045776367,,95.22000122070312,47.83000183105469,289.9599914550781,38.43000030517578,89.73999786376953
2023-01-03,47.630001068115234,68.66999816894531,199.67999267578125,448.5799865722656,122.69999694824219,171.1699981689453,439.2300109863281,30.18000030517578,12.75,127.4030990600586,551.3599853515625,82.52999877929688,48.47999954223633,38.369998931884766,23.06999969482422,50.33000183105469,877.61572265625,33.79999923706055,,95.22000122070312,47.79999923706055,292.8999938964844,38.040000915527344,90.25
2023-01-04,48.06999969482422,68.7300033569336,197.6699981689453,443.3699951171875,121.38999938964844,171.1699981689453,435.32000732421875,29.889999389648438,12.75,126.36710357666016,546.4600219726562,81.83999633789062,47.689998626708984,37.650001525878906,23.059999465942383,50.29999923706055,877.61572265625,33.40999984741211,,95.22000122070312,47.45000076293945,301.7200012207031,37.369998931884766,89.01000213623047
2023-01-05,47.779998779296875,66.91999816894531,197.07000732421875,445.94000244140625,121.68000030517578,171.1699981689453,431.6300048828125,29.729999542236328,12.850000381469727,127.82350158691406,547.3300170898438,82.44000244140625,47.790000915527344,37.81999969482422,23.06999969482422,50.34000015258789,877.61572265625,33.470001220703125,,95.22000122070312,47.7599983215332,307.3299865722656,36.7400016784668,88.68000030517578
2023-01-06,47.5,66.87999725341797,195.72000122070312,442.45001220703125,121.18000030517578,171.1699981689453,427.4100036621094,29.18000030517578,12.779999732971191,127.53179931640625,547.0499877929688,82.02999877929688,47.439998626708984,37.59000015258789,23.010000228881836,50.290000915527344,877.61572265625,33.40999984741211,,95.22000122070312,47.349998474121094,301.25,36.45000076293945,87.58000183105469
2023-01-09,48.11000061035156,67.94999694824219,198.27999877929688,446.67999267578125,122.01000213623047,171.1699981689453,430.82000732421875,29.8700008392334,12.859999656677246,129.09410095214844,552.2100219726562,82.76000213623047,47.88999938964844,37.7599983215332,23.040000915527344,50.400001525878906,877.6069946289062,33.5,,95.22000122070312,48.16999816894531,302.82000732421875,36.83000183105469,89.5199966430664
2023-01-10,47.959999084472656,67.08000183105469,196.1300048828125,445.1199951171875,121.19999694824219,171.1699981689453,426.0899963378906,29.6200008392334,12.859999656677246,129.45700073242188,549.0,82.23999786376953,46.52000045776367,37.810001373291016,23.100000381469727,50.47999954223633,877.6069946289062,33.34000015258789,,95.22000122070312,47.79999923706055,305.70001220703125,36.84000015258789,89.5
2023-01-11,48.02000045776367,67.54000091552734,196.1300048828125,442.79998779296875,121.19000244140625,171.1699981689453,428.0,29.81999969482422,12.800000190734863,128.79100036621094,544.3599853515625,81.30999755859375,46.83000183105469,37.560001373291016,23.1200008392334,50.52000045776367,877.6069946289062,33.36000061035156,,95.22000122070312,47.93000030517578,305.8399963378906,37.220001220703125,89.9000015258789
2023-01-12,47.95000076293945,67.1500015258789,195.61000061035156,443.760009765625,120.93000030517578,171.1699981689453,426.29998779296875,29.8799991607666,12.770000457763672,128.95489501953125,543.6400146484375,81.33000183105469,46.66999816894531,37.59000015258789,23.18000030517578,50.56999969482422,877.61572265625,33.310001373291016,,95.22000122070312,47.97999954223633,307.3299865722656,37.790000915527344,90.91000366210938
2023-01-13,48.22999954223633,67.18000030517578,196.61000061035156,445.739990234375,120.87999725341797,171.1699981689453,429.239990234375,30.100000381469727,12.760000228881836,129.58920288085938,543.5999755859375,81.54000091552734,47.43000030517578,37.849998474121094,23.139999389648438,50.59000015258789,877.61572265625,33.279998779296875,,95.22000122070312,48.34000015258789,313.7900085449219,38.15999984741211,90.7699966430664
2023-01-16,48.70000076293945,68.26000213623047,196.05999755859375,446.0899963378906,120.63999938964844,171.1699981689453,427.6700134277344,30.489999771118164,12.75,128.7445068359375,541.6300048828125,81.1500015258789,48.189998626708984,37.86000061035156,23.100000381469727,50.560001373291016,877.61572265625,33.20000076293945,,95.22000122070312,48.34000015258789,309.69000244140625,38.43000030517578,91.83000183105469
2023-01-17,48.5,68.05000305175781,197.47000122070312,446.29998779296875,120.19999694824219,171.1699981689453,428.0400085449219,30.6200008392334,12.760000228881836,129.47999572753906,547.8900146484375,81.5199966430664,47.22999954223633,38.11000061035156,23.170000076293945,50.540000915527344,877.61572265625,33.09000015258789,,95.22000122070312,48.880001068115234,307.1400146484375,38.5,92.19999694824219
2023-01-18,48.459999084472656,68.19999694824219,198.64999389648438,445.489990234375,120.62000274658203,171.1699981689453,430.010009765625,30.770000457763672,12.8100004196167,129.43670654296875,550.780029296875,81.95999908447266,46.7400016784668,38.4900016784668,23.18000030517578,50.58000183105469,877.6069946289062,33.349998474121094,,95.22000122070312,49.279998779296875,307.5,38.91999816894531,92.51000213623047
2023-01-19,48.5,66.73999786376953,198.42999267578125,443.7699890136719,120.93000030517578,171.1699981689453,428.6700134277344,30.809999465942383,12.800000190734863,128.88560485839844,551.3099975585938,81.38999938964844,46.869998931884766,38.81999969482422,23.18000030517578,50.689998626708984,877.61572265625,33.2400016784668,,95.22000122070312,49.209999084472656,308.6499938964844,38.41999816894531,90.95999908447266
2023-01-20,48.7599983215332,67.58999633789062,197.4499969482422,442.8399963378906,120.05999755859375,171.1699981689453,430.5899963378906,30.700000762939453,12.739999771118164,128.16659545898438,547.3800048828125,80.61000061035156,46.970001220703125,39.099998474121094,23.149999618530273,50.630001068115234,877.6069946289062,33.150001525878906,,95.22000122070312,48.90999984741211,314.1000061035156,38.34000015258789,90.31999969482422
2023-01-23,48.77000045776367,67.5199966430664,198.44000244140625,443.8399963378906,120.30000305175781,171.1699981689453,433.57000732421875,31.260000228881836,12.8100004196167,129.2259063720703,545.0800170898438,81.1500015258789,47.11000061035156,39.130001068115234,23.15999984741211,50.70000076293945,877.6069946289062,33.04999923706055,,95.22000122070312,49.439998626708984,314.0299987792969,39.58000183105469,92.0999984741211
2023-01-24,48.90999984741211,67.30999755859375,198.4199981689453,442.94000244140625,119.87000274658203,171.1699981689453,432.6600036621094,31.489999771118164,12.720000267028809,130.8759002685547,541.3900146484375,81.38999938964844,46.45000076293945,38.88999938964844,23.110000610351562,50.70000076293945,877.6069946289062,33.040000915527344,,95.22000122070312,49.130001068115234,323.8900146484375,40.70000076293945,93.94999694824219
2023-01-25,48.7599983215332,67.25,196.0399932861328,431.9200134277344,118.51000213623047,171.1699981689453,422.4100036621094,31.219999313354492,12.579999923706055,130.83810424804688,534.4400024414062,80.91000366210938,44.880001068115234,38.70000076293945,23.1299991607666,50.79999923706055,877.6069946289062,32.54999923706055,,95.22000122070312,48.959999084472656,322.0899963378906,40.68000030517578,92.80000305175781
2023-01-27,48.779998779296875,67.47000122070312,193.0,415.260009765625,118.04000091552734,171.1699981689453,409.3399963378906,30.979999542236328,12.600000381469727,132.17269897460938,528.4400024414062,80.25,42.380001068115234,38.369998931884766,23.06999969482422,50.720001220703125,877.61572265625,32.20000076293945,,95.22000122070312,48.540000915527344,319.8800048828125,41.81999969482422,94.66999816894531
2023-01-30,48.77000045776367,67.44999694824219,193.25,410.1000061035156,117.13999938964844,171.1699981689453,409.3800048828125,31.350000381469727,12.600000381469727,132.0406036376953,524.5900268554688,80.56999969482422,42.59000015258789,37.65999984741211,23.010000228881836,50.619998931884766,877.61572265625,32.040000915527344,,95.22000122070312,48.470001220703125,308.6300048828125,42.84000015258789,95.25
2023-01-31,48.66999816894531,66.9800033569336,193.44000244140625,414.67999267578125,118.44999694824219,171.1699981689453,412.3800048828125,31.0,12.479999542236328,134.52999877929688,528.510009765625,80.23999786376953,44.290000915527344,38.2599983215332,23.030000686645508,50.619998931884766,881.3129272460938,32.4900016784668,,95.22000122070312,48.72999954223633,310.1199951171875,41.86000061035156,94.87000274658203
2023-02-01,49.40999984741211,68.70999908447266,193.1300048828125,408.4200134277344,117.69999694824219,171.1699981689453,410.4200134277344,31.229999542236328,12.460000038146973,133.34950256347656,523.7899780273438,80.13999938964844,42.04999923706055,37.63999938964844,23.18000030517578,50.75,881.3217163085938,32.36000061035156,,95.22000122070312,49.47999954223633,317.8299865722656,42.61000061035156,95.66999816894531
2023-02-02,50.470001220703125,70.5999984741211,192.91000366210938,407.07000732421875,117.79000091552734,171.1699981689453,412.3299865722656,31.829999923706055,12.40999984741211,133.43809509277344,521.0,80.69000244140625,41.83000183105469,37.2599983215332,23.18000030517578,50.810001373291016,881.3217163085938,32.2400016784668,,95.22000122070312,49.27000045776367,315.25,45.220001220703125,99.33000183105469
2023-02-03,49.41999816894531,68.87999725341797,195.1199951171875,405.2699890136719,117.66000366210938,171.1699981689453,419.1400146484375,31.829999923706055,12.289999961853027,135.09719848632812,523.72998046875,81.05999755859375,43.15999984741211,37.540000915527344,23.25,50.900001525878906,881.3217163085938,32.209999084472656,,95.22000122070312,49.4900016784668,314.1700134277344,46.959999084472656,99.69000244140625
2023-02-06,49.040000915527344,66.91999816894531,194.47999572753906,409.5799865722656,118.66000366210938,171.1699981689453,418.30999755859375,31.6299991607666,12.329999923706055,134.92300415039062,526.469970703125,80.80999755859375,43.220001220703125,37.650001525878906,23.229999542236328,50.88999938964844,881.3217163085938,32.459999084472656,,95.22000122070312,49.459999084472656,305.3500061035156,46.599998474121094,100.22000122070312
2023-02-07,49.06999969482422,66.80999755859375,194.0399932861328,409.1000061035156,118.5,171.1699981689453,419.3699951171875,31.540000915527344,12.3100004196167,133.56930541992188,525.9600219726562,80.63999938964844,43.20000076293945,37.779998779296875,23.25,50.90999984741211,881.3217163085938,32.459999084472656,,95.22000122070312,49.130001068115234,310.94000244140625,46.72999954223633,100.79000091552734
2023-02-08,49.20000076293945,66.83999633789062,195.5399932861328,412.8500061035156,119.7300033569336,171.1699981689453,419.760009765625,32.119998931884766,12.510000228881836,133.88450622558594,527.719970703125,80.48999786376953,43.22999954223633,37.779998779296875,23.229999542236328,50.79999923706055,881.3217163085938,32.75,,95.22000122070312,49.290000915527344,307.8900146484375,47.529998779296875,102.05000305175781
2023-02-09,49.11000061035156,66.73999786376953,195.88999938964844,409.1300048828125,119.80000305175781,171.1699981689453,420.2300109863281,32.290000915527344,12.4399995803833,133.1822052001953,527.3699951171875,80.43000030517578,43.220001220703125,37.939998626708984,23.229999542236328,50.7599983215332,881.3217163085938,32.84000015258789,,95.22000122070312,49.380001068115234,310.1600036621094,47.220001220703125,101.7300033569336
2023-02-10,48.65999984741211,66.04000091552734,195.49000549316406,410.2300109863281,120.01000213623047,171.1699981689453,420.05999755859375,32.209999084472656,12.470000267028809,133.6571044921875,528.1799926757812,80.19000244140625,43.45000076293945,37.88999938964844,23.200000762939453,50.720001220703125,881.3217163085938,32.91999816894531,,95.22000122070312,49.16999816894531,308.0899963378906,46.47999954223633,99.58999633789062
2023-02-13,48.66999816894531,65.62000274658203,194.60000610351562,403.4700012207031,118.52999877929688,171.1699981689453,417.3399963378906,31.610000610351562,12.430000305175781,132.8406982421875,527.8400268554688,80.1500015258789,42.369998931884766,38.16999816894531,23.15999984741211,50.68000030517578,881.3217163085938,32.5099983215332,,95.22000122070312,49.25,309.2699890136719,45.63999938964844,99.36000061035156
2023-02-14,48.790000915527344,65.55999755859375,195.97999572753906,404.1700134277344,118.2300033569336,171.1699981689453,420.6000061035156,31.850000381469727,12.399999618530273,132.3574981689453,527.8499755859375,80.58000183105469,42.7400016784668,38.130001068115234,23.18000030517578,50.650001525878906,881.3129272460938,32.310001373291016,,95.22000122070312,49.63999938964844,306.739990234375,46.599998474121094,100.41999816894531
2023-02-15,48.15999984741211,64.80000305175781,197.0800018310547,405.3800048828125,118.31999969482422,171.1699981689453,421.69000244140625,32.20000076293945,12.369999885559082,133.6591033935547,532.260009765625,80.18000030517578,42.939998626708984,38.029998779296875,23.209999084472656,50.61000061035156,881.3129272460938,32.5099983215332,,95.22000122070312,49.68000030517578,301.6199951171875,47.27000045776367,100.62999725341797
2023-02-16,48.18000030517578,64.9800033569336,197.35000610351562,409.9100036621094,119.18000030517578,171.1699981689453,421.2799987792969,32.7599983215332,12.449999809265137,133.3643035888672,534.0399780273438,80.80000305175781,42.900001525878906,38.869998931884766,23.239999771118164,50.7400016784668,881.3129272460938,32.779998779296875,,95.22000122070312,49.9900016784668,310.19000244140625,47.75,101.62999725341797
2023-02-17,47.95000076293945,64.11000061035156,196.3000030517578,406.92999267578125,118.1500015258789,171.1699981689453,416.30999755859375,32.41999816894531,12.319999694824219,132.70530700683594,536.280029296875,80.73999786376953,42.16999816894531,38.9900016784668,23.190000534057617,50.709999084472656,881.3217163085938,32.5,,95.22000122070312,49.959999084472656,297.010009765625,45.93000030517578,99.75
2023-02-20,48.380001068115234,65.33000183105469,195.58999633789062,406.0899963378906,118.73999786376953,171.1699981689453,412.8399963378906,32.58000183105469,12.220000267028809,133.07940673828125,536.1400146484375,80.12000274658203,41.790000915527344,38.77000045776367,23.209999084472656,50.75,881.3129272460938,32.599998474121094,,95.22000122070312,49.88999938964844,297.5199890136719,45.459999084472656,100.0199966430664
2023-02-21,48.2599983215332,65.12000274658203,195.25999450683594,405.69000244140625,118.30000305175781,171.1699981689453,411.8999938964844,32.33000183105469,12.170000076293945,132.79049682617188,535.8200073242188,79.98999786376953,41.04999923706055,39.029998779296875,23.200000762939453,50.720001220703125,881.3217163085938,32.470001220703125,,95.22000122070312,49.619998931884766,296.57000732421875,45.459999084472656,99.75
2023-02-22,48.15999984741211,65.22000122070312,192.50999450683594,399.82000732421875,117.41000366210938,171.1699981689453,405.8999938964844,31.8700008392334,12.149999618530273,131.22610473632812,525.760009765625,79.62000274658203,40.279998779296875,38.619998931884766,23.170000076293945,50.65999984741211,881.3217163085938,32.0099983215332,,95.22000122070312,49.25,291.8699951171875,44.290000915527344,97.95999908447266
2023-02-23,47.86000061035156,64.52999877929688,192.00999450683594,397.8900146484375,116.97000122070312,171.1699981689453,405.80999755859375,31.829999923706055,12.130000114440918,131.15199279785156,524.7100219726562,79.05000305175781,40.459999084472656,38.63999938964844,23.229999542236328,50.72999954223633,881.3129272460938,31.959999084472656,,95.22000122070312,49.27000045776367,293.3900146484375,45.0,98.41999816894531
2023-02-24,47.779998779296875,63.900001525878906,191.4600067138672,397.4200134277344,116.63999938964844,171.1699981689453,404.67999267578125,31.760000228881836,12.15999984741211,130.01109313964844,525.7999877929688,78.66000366210938,40.099998474121094,39.04999923706055,23.239999771118164,50.66999816894531,881.3217163085938,31.979999542236328,,95.22000122070312,49.11000061035156,291.1300048828125,44.900001525878906,98.51000213623047
2023-02-27,47.439998626708984,62.90999984741211,190.55999755859375,393.9599914550781,115.86000061035156,171.1699981689453,408.3599853515625,31.149999618530273,12.0600004196167,128.05670166015625,523.3699951171875,78.08999633789062,40.38999938964844,39.43000030517578,23.200000762939453,50.689998626708984,881.3217163085938,31.600000381469727,,95.22000122070312,48.54999923706055,290.0400085449219,44.58000183105469,98.0199966430664
2023-02-28,47.40999984741211,62.47999954223633,189.6999969482422,394.4700012207031,116.58999633789062,171.1699981689453,408.05999755859375,30.940000534057617,11.920000076293945,128.62510681152344,521.5900268554688,77.98999786376953,40.5,39.16999816894531,23.18000030517578,50.650001525878906,885.1547241210938,31.790000915527344,,95.22000122070312,48.34000015258789,285.30999755859375,44.7400016784668,97.76000213623047
2023-03-01,47.77000045776367,63.7599983215332,191.27999877929688,398.9700012207031,118.3499984741211,171.1699981689453,412.3699951171875,31.43000030517578,11.930000305175781,129.80819702148438,523.97998046875,78.48999786376953,41.720001220703125,39.5,23.18000030517578,50.70000076293945,885.16357421875,32.38999938964844,,95.22000122070312,48.709999084472656,293.30999755859375,45.38999938964844,98.18000030517578
2023-03-02,47.810001373291016,63.209999084472656,189.92999267578125,398.8800048828125,117.73999786376953,171.1699981689453,409.5299987792969,31.040000915527344,11.920000076293945,128.69439697265625,525.1599731445312,77.97000122070312,41.75,39.58000183105469,23.149999618530273,50.709999084472656,885.16357421875,32.369998931884766,,95.22000122070312,48.630001068115234,294.3299865722656,44.68000030517578,97.47000122070312
2023-03-03,47.81999969482422,63.540000915527344,192.50999450683594,402.79998779296875,118.55999755859375,171.1699981689453,416.9599914550781,31.139999389648438,11.9399995803833,129.17970275878906,532.8800048828125,78.55000305175781,43.86000061035156,39.709999084472656,23.15999984741211,50.65999984741211,885.16357421875,32.43000030517578,,95.22000122070312,48.95000076293945,298.44000244140625,44.36000061035156,97.2300033569336
2023-03-06,47.83000183105469,63.720001220703125,193.6300048828125,406.5199890136719,119.43000030517578,171.1699981689453,417.8399963378906,31.420000076293945,11.970000267028809,130.41140747070312,537.6599731445312,79.0,43.869998931884766,40.5,23.18000030517578,50.79999923706055,885.16357421875,32.880001068115234,,95.22000122070312,49.36000061035156,294.4700012207031,45.54999923706055,98.87000274658203
2023-03-08,47.119998931884766,61.29999923706055,193.9499969482422,406.70001220703125,119.52999877929688,171.1699981689453,419.9100036621094,31.25,11.90999984741211,131.51780700683594,539.2899780273438,78.9800033569336,44.11000061035156,40.65999984741211,23.139999389648438,50.709999084472656,885.1547241210938,32.86000061035156,,95.22000122070312,49.59000015258789,286.0799865722656,44.619998931884766,98.11000061035156
2023-03-09,47.06999969482422,60.939998626708984,192.63999938964844,404.1499938964844,119.29000091552734,171.1699981689453,417.1300048828125,31.040000915527344,11.859999656677246,129.1165008544922,537.1199951171875,78.69000244140625,43.630001068115234,40.439998626708984,23.1200008392334,50.720001220703125,885.16357421875,32.90999984741211,,95.22000122070312,49.34000015258789,287.5400085449219,44.619998931884766,97.77999877929688
2023-03-10,47.43000030517578,61.2599983215332,190.75,403.8299865722656,118.31999969482422,171.1699981689453,410.0,30.860000610351562,11.84000015258789,128.71640014648438,534.7000122070312,78.7699966430664,42.779998779296875,40.540000915527344,23.200000762939453,50.849998474121094,885.16357421875,32.650001525878906,,95.22000122070312,49.11000061035156,285.0299987792969,43.619998931884766,96.94000244140625
2023-03-13,48.81999969482422,63.099998474121094,188.1199951171875,399.3399963378906,116.2300033569336,171.1699981689453,401.2099914550781,30.530000686645508,11.75,125.83660125732422,527.1699829101562,77.79000091552734,41.540000915527344,40.06999969482422,23.25,51.029998779296875,885.16357421875,31.989999771118164,,95.22000122070312,48.75,281.8699951171875,43.310001373291016,95.5999984741211
2023-03-14,49.130001068115234,64.91000366210938,186.91000366210938,394.82000732421875,115.83000183105469,171.1699981689453,399.739990234375,30.040000915527344,11.739999771118164,124.72339630126953,524.7999877929688,77.36000061035156,40.7400016784668,39.77000045776367,23.290000915527344,50.97999954223633,885.1547241210938,31.829999923706055,,95.22000122070312,48.25,278.0899963378906,43.7599983215332,96.61000061035156
2023-03-15,48.93000030517578,65.4000015258789,186.10000610351562,396.510009765625,115.7699966430664,171.1699981689453,395.80999755859375,29.950000762939453,11.75,124.08290100097656,525.22998046875,77.12000274658203,40.2400016784668,39.90999984741211,23.280000686645508,51.040000915527344,885.1547241210938,31.860000610351562,,95.22000122070312,48.150001525878906,280.2799987792969,45.0099983215332,98.31999969482422
2023-03-16,49.70000076293945,66.23999786376953,186.22999572753906,398.04998779296875,114.62999725341797,171.1699981689453,396.3699951171875,29.770000457763672,11.890000343322754,124.31300354003906,525.4500122070312,78.0199966430664,40.459999084472656,40.029998779296875,23.280000686645508,51.040000915527344,885.16357421875,31.889999389648438,,95.22000122070312,48.4900016784668,277.7900085449219,45.88999938964844,99.56999969482422
2023-03-17,49.75,65.88999938964844,187.4199981689453,401.010009765625,116.0999984741211,171.1699981689453,399.760009765625,29.979999542236328,11.84000015258789,123.71800231933594,529.239990234375,77.91999816894531,40.81999969482422,40.099998474121094,23.399999618530273,51.06999969482422,885.1547241210938,31.770000457763672,,95.22000122070312,48.65999984741211,278.6099853515625,47.15999984741211,100.69000244140625
2023-03-20,50.90999984741211,67.58999633789062,186.1999969482422,398.0899963378906,114.97000122070312,171.1699981689453,397.4599914550781,29.530000686645508,11.8100004196167,122.56559753417969,525.6199951171875,78.0999984741211,40.09000015258789,39.70000076293945,23.43000030517578,51.15999984741211,885.16357421875,31.510000228881836,,95.22000122070312,48.459999084472656,272.95001220703125,46.68000030517578,100.5199966430664
2023-03-21,50.47999954223633,67.36000061035156,187.4600067138672,399.5,115.72000122070312,171.1699981689453,402.95001220703125,29.34000015258789,11.789999961853027,122.66850280761719,529.8699951171875,77.79000091552734,40.72999954223633,39.45000076293945,23.3799991607666,51.150001525878906,885.1547241210938,31.719999313354492,,95.22000122070312,48.29999923706055,276.0899963378906,47.25,100.76000213623047
2023-03-22,50.040000915527344,67.43000030517578,187.8800048828125,402.8599853515625,116.08000183105469,171.1699981689453,403.9599914550781,29.450000762939453,11.880000114440918,123.26619720458984,531.2100219726562,78.0,41.11000061035156,39.209999084472656,23.389999389648438,51.18000030517578,885.16357421875,31.760000228881836,,95.22000122070312,48.2599983215332,280.6199951171875,47.91999816894531,101.05000305175781
2023-03-23,50.36000061035156,68.26000213623047,186.91000366210938,400.29998779296875,115.55999755859375,171.1699981689453,400.2200012207031,29.170000076293945,11.890000343322754,123.30919647216797,528.6099853515625,77.95999908447266,40.31999969482422,39.189998626708984,23.3700008392334,51.2400016784668,885.16357421875,31.700000762939453,,95.22000122070312,48.25,282.8999938964844,47.79999923706055,101.43000030517578
2023-03-24,50.900001525878906,68.9800033569336,185.67999267578125,398.2799987792969,114.25,171.1699981689453,397.7300109863281,29.15999984741211,11.899999618530273,122.37870025634766,522.6300048828125,77.81999969482422,39.47999954223633,38.72999954223633,23.549999237060547,51.25,885.16357421875,31.309999465942383,,95.22000122070312,47.869998931884766,283.7099914550781,48.43000030517578,101.38999938964844
2023-03-27,50.400001525878906,68.41999816894531,186.17999267578125,395.8299865722656,113.8499984741211,171.1699981689453,398.45001220703125,29.170000076293945,12.050000190734863,121.58779907226562,522.3200073242188,77.6500015258789,39.54999923706055,38.58000183105469,23.459999084472656,51.31999969482422,885.1547241210938,31.200000762939453,,95.22000122070312,47.79999923706055,280.8399963378906,48.5,102.3499984741211
2023-03-28,50.40999984741211,68.30999755859375,185.7100067138672,392.1199951171875,113.0,171.1699981689453,400.0199890136719,28.90999984741211,12.010000228881836,120.40779876708984,516.9199829101562,77.11000061035156,39.459999084472656,38.470001220703125,23.450000762939453,51.369998931884766,885.16357421875,31.209999084472656,,95.22000122070312,47.63999938964844,280.30999755859375,47.779998779296875,101.27999877929688
2023-03-29,50.689998626708984,69.19999694824219,187.08999633789062,394.6199951171875,115.12000274658203,171.1699981689453,404.010009765625,29.219999313354492,12.069999694824219,122.45159912109375,519.7999877929688,77.27999877929688,40.75,39.130001068115234,23.520000457763672,51.470001220703125,885.1547241210938,31.850000381469727,,95.22000122070312,47.790000915527344,288.260009765625,48.45000076293945,102.98999786376953
2023-03-31,51.06999969482422,70.66999816894531,189.86000061035156,400.42999267578125,116.08999633789062,171.1699981689453,410.54998779296875,29.84000015258789,12.15999984741211,123.68489837646484,529.72998046875,78.25,41.08000183105469,39.560001373291016,23.510000228881836,51.439998626708984,889.3946533203125,31.950000762939453,,95.22000122070312,48.560001373291016,289.7300109863281,49.5,104.38999938964844
2023-04-03,50.79999923706055,70.38999938964844,190.55999755859375,400.9200134277344,116.05999755859375,171.1699981689453,412.3699951171875,29.81999969482422,12.199999809265137,125.52020263671875,530.1300048828125,78.47000122070312,41.4900016784668,40.029998779296875,23.459999084472656,51.38999938964844,889.3858642578125,31.889999389648438,,95.22000122070312,48.56999969482422,289.1099853515625,50.47999954223633,104.68000030517578
2023-04-05,51.86000061035156,72.94999694824219,192.19000244140625,402.9100036621094,116.73999786376953,171.1699981689453,414.0899963378906,30.139999389648438,12.300000190734863,124.83039855957031,532.969970703125,78.97000122070312,41.22999954223633,40.119998931884766,23.479999542236328,51.38999938964844,889.3858642578125,32.040000915527344,,95.22000122070312,49.06999969482422,292.3299865722656,50.060001373291016,103.91000366210938
2023-04-06,51.810001373291016,73.22000122070312,192.94000244140625,404.8500061035156,117.19999694824219,171.1699981689453,414.80999755859375,30.010000228881836,12.430000305175781,125.95719909667969,535.9000244140625,79.06999969482422,41.40999984741211,39.95000076293945,23.59000015258789,51.54999923706055,889.3858642578125,32.06999969482422,,95.22000122070312,48.95000076293945,290.07000732421875,48.77000045776367,102.81999969482422
2023-04-10,51.380001068115234,73.23999786376953,192.63999938964844,406.1199951171875,117.62999725341797,171.1699981689453,413.1300048828125,30.200000762939453,12.449999809265137,127.44229888916016,539.9299926757812,79.22000122070312,41.06999969482422,40.58000183105469,23.649999618530273,51.689998626708984,889.376953125,32.290000915527344,,95.22000122070312,49.099998474121094,291.6000061035156,49.09000015258789,103.6500015258789
2023-04-11,51.54999923706055,73.56999969482422,193.75999450683594,406.8900146484375,118.13999938964844,171.1699981689453,418.1300048828125,29.90999984741211,12.449999809265137,128.70559692382812,542.5900268554688,79.6500015258789,41.7400016784668,40.900001525878906,23.6200008392334,51.689998626708984,889.376953125,32.459999084472656,,95.22000122070312,49.27000045776367,292.1099853515625,49.40999984741211,104.13999938964844
2023-04-12,51.720001220703125,73.8499984741211,194.63999938964844,408.4800109863281,118.70999908447266,171.1699981689453,420.42999267578125,30.15999984741211,12.720000267028809,129.9174041748047,541.510009765625,79.88999938964844,41.52000045776367,40.880001068115234,23.649999618530273,51.689998626708984,889.3858642578125,32.599998474121094,,95.22000122070312,49.58000183105469,290.8999938964844,49.2599983215332,103.37999725341797
2023-04-13,51.939998626708984,74.86000061035156,194.77000427246094,407.4800109863281,119.37999725341797,171.1699981689453,425.3999938964844,29.59000015258789,12.619999885559082,130.4864044189453,539.7999877929688,80.0199966430664,42.02000045776367,40.84000015258789,23.690000534057617,51.72999954223633,889.3858642578125,32.61000061035156,,95.22000122070312,49.150001525878906,289.239990234375,48.709999084472656,102.62999725341797
2023-04-17,51.70000076293945,74.62000274658203,193.91000366210938,409.6099853515625,119.79000091552734,171.1699981689453,427.04998779296875,28.18000030517578,12.539999961853027,131.26539611816406,540.0999755859375,80.2699966430664,43.5099983215332,41.279998779296875,23.68000030517578,51.65999984741211,889.376953125,32.7599983215332,,95.22000122070312,48.720001220703125,292.1499938964844,49.0099983215332,103.80000305175781
2023-04-18,51.52000045776367,73.68000030517578,193.24000549316406,411.3599853515625,120.38999938964844,171.1699981689453,426.9100036621094,28.34000015258789,12.770000457763672,131.35519409179688,538.4199829101562,80.45999908447266,43.65999984741211,41.16999816894531,23.700000762939453,51.720001220703125,889.3858642578125,33.029998779296875,,95.22000122070312,48.630001068115234,289.94000244140625,49.2599983215332,104.80000305175781
2023-04-19,51.119998931884766,73.0,192.86000061035156,407.5799865722656,120.18000030517578,171.1699981689453,425.8599853515625,27.850000381469727,12.760000228881836,131.32879638671875,536.2999877929688,80.1500015258789,43.349998474121094,40.7599983215332,23.719999313354492,51.720001220703125,889.3858642578125,33.0099983215332,,95.22000122070312,48.470001220703125,288.0,48.70000076293945,103.75
2023-04-20,51.63999938964844,74.56999969482422,192.99000549316406,407.2099914550781,120.23999786376953,171.1699981689453,427.05999755859375,27.790000915527344,12.640000343322754,131.6291046142578,537.5900268554688,80.11000061035156,43.27000045776367,40.939998626708984,23.75,51.7599983215332,889.376953125,33.0,,95.22000122070312,48.45000076293945,286.0199890136719,48.47999954223633,103.61000061035156
2023-04-21,51.290000915527344,73.94000244140625,192.85000610351562,406.2900085449219,119.55000305175781,171.1699981689453,425.6400146484375,27.969999313354492,12.6899995803833,130.27980041503906,536.5900268554688,80.2300033569336,42.91999816894531,40.970001220703125,23.770000457763672,51.880001068115234,889.3858642578125,32.900001525878906,,95.22000122070312,48.68000030517578,284.8800048828125,48.349998474121094,103.52999877929688
2023-04-24,51.2599983215332,73.66999816894531,193.9499969482422,408.510009765625,120.04000091552734,171.1699981689453,431.0899963378906,28.15999984741211,12.59000015258789,130.22329711914062,538.6699829101562,80.4000015258789,44.0099983215332,41.06999969482422,23.809999465942383,51.900001525878906,889.3858642578125,33.11000061035156,,95.22000122070312,48.720001220703125,283.3500061035156,48.38999938964844,103.66999816894531
2023-04-25,51.31999969482422,73.7300033569336,194.1300048828125,410.42999267578125,119.7699966430664,171.1699981689453,431.19000244140625,28.1200008392334,12.569999694824219,130.3350067138672,541.9600219726562,80.66999816894531,44.59000015258789,41.029998779296875,23.850000381469727,51.90999984741211,889.376953125,33.04999923706055,,95.22000122070312,48.900001525878906,278.45001220703125,47.7599983215332,103.31999969482422
2023-04-26,51.47999954223633,73.51000213623047,194.6199951171875,411.30999755859375,119.7699966430664,171.1699981689453,432.6499938964844,28.229999542236328,12.609999656677246,131.02279663085938,543.7000122070312,80.9000015258789,44.810001373291016,41.29999923706055,23.8700008392334,51.90999984741211,889.3858642578125,33.150001525878906,,95.22000122070312,49.130001068115234,279.3599853515625,47.900001525878906,103.11000061035156
2023-04-27,51.470001220703125,73.44999694824219,195.92999267578125,413.0799865722656,120.63999938964844,171.1699981689453,434.4200134277344,28.489999771118164,12.649999618530273,132.0216064453125,546.75,81.19999694824219,44.619998931884766,41.290000915527344,23.889999389648438,51.93000030517578,889.376953125,33.369998931884766,,95.22000122070312,49.16999816894531,282.8699951171875,47.939998626708984,103.0199966430664
2023-04-28,51.25,73.08000183105469,197.2899932861328,418.3900146484375,121.81999969482422,171.1699981689453,436.6000061035156,28.860000610351562,12.739999771118164,133.20640563964844,554.6300048828125,82.08999633789062,46.040000915527344,41.470001220703125,23.829999923706055,51.90999984741211,893.384033203125,33.59000015258789,,95.22000122070312,49.63999938964844,285.44000244140625,49.13999938964844,103.97000122070312
2023-05-02,51.310001373291016,72.98999786376953,198.38999938964844,420.1000061035156,123.02999877929688,171.1699981689453,437.8500061035156,29.239999771118164,12.720000267028809,134.14979553222656,557.9099731445312,82.22000122070312,46.33000183105469,42.20000076293945,23.850000381469727,51.90999984741211,893.3748168945312,34.060001373291016,,95.22000122070312,50.11000061035156,284.489990234375,49.459999084472656,105.11000061035156
2023-05-03,52.060001373291016,74.41000366210938,197.67999267578125,421.0799865722656,122.97000122070312,171.1699981689453,437.7200012207031,28.959999084472656,12.710000038146973,134.106201171875,556.8900146484375,82.2300033569336,45.79999923706055,42.369998931884766,24.049999237060547,52.02000045776367,893.384033203125,34.0,,95.22000122070312,49.959999084472656,278.3500061035156,49.040000915527344,104.22000122070312
2023-05-04,52.5099983215332,75.1500015258789,199.44000244140625,423.8399963378906,123.72000122070312,171.1699981689453,441.17999267578125,29.079999923706055,12.779999732971191,134.24740600585938,558.8599853515625,82.56999969482422,46.34000015258789,42.349998474121094,24.040000915527344,52.040000915527344,893.384033203125,34.29999923706055,,95.22000122070312,50.099998474121094,281.6499938964844,48.72999954223633,103.52999877929688
2023-05-05,52.5,75.93000030517578,197.83999633789062,423.55999755859375,123.02999877929688,171.1699981689453,432.1400146484375,28.920000076293945,12.75,134.78529357910156,560.4299926757812,82.94999694824219,46.0,42.18000030517578,24.040000915527344,52.02000045776367,893.384033203125,34.2599983215332,,95.22000122070312,50.189998626708984,281.92999267578125,49.130001068115234,103.66000366210938
2023-05-08,52.16999816894531,75.25,199.7100067138672,427.05999755859375,124.48999786376953,171.1699981689453,437.5400085449219,29.1200008392334,12.800000190734863,137.18890380859375,565.0999755859375,83.58000183105469,45.5099983215332,42.68000030517578,24.040000915527344,52.099998474121094,893.384033203125,34.5,,95.22000122070312,50.33000183105469,283.25,49.75,104.73999786376953
2023-05-09,52.369998931884766,75.2300033569336,199.6999969482422,426.5400085449219,124.08999633789062,171.1699981689453,436.2900085449219,29.309999465942383,12.84000015258789,137.83619689941406,565.3499755859375,83.58999633789062,44.33000183105469,42.619998931884766,24.020000457763672,52.060001373291016,893.384033203125,34.34000015258789,,95.22000122070312,50.40999984741211,281.67999267578125,50.61000061035156,104.91000366210938
2023-05-10,52.43000030517578,75.41999816894531,200.0,428.2699890136719,124.5999984741211,171.1699981689453,437.2200012207031,29.329999923706055,12.84000015258789,138.86790466308594,567.25,83.63999938964844,43.7599983215332,42.95000076293945,24.020000457763672,52.04999923706055,893.3748168945312,34.459999084472656,,95.22000122070312,50.459999084472656,279.57000732421875,50.54999923706055,104.7699966430664
2023-05-11,52.369998931884766,73.88999938964844,200.35000610351562,431.6600036621094,124.95999908447266,171.1699981689453,439.3900146484375,29.360000610351562,12.720000267028809,139.4008026123047,565.1900024414062,84.18000030517578,43.90999984741211,43.06999969482422,24.010000228881836,52.08000183105469,893.384033203125,34.619998931884766,,95.22000122070312,50.470001220703125,280.6300048828125,51.7400016784668,106.4000015258789
2023-05-12,51.90999984741211,71.08999633789062,200.25999450683594,431.1099853515625,124.55000305175781,171.1699981689453,442.5899963378906,29.290000915527344,12.619999885559082,140.47860717773438,561.0,84.72000122070312,44.0099983215332,42.56999969482422,24.040000915527344,52.09000015258789,893.384033203125,34.36000061035156,,95.22000122070312,50.34000015258789,279.7200012207031,52.43000030517578,106.77999877929688
2023-05-15,52.279998779296875,71.83000183105469,201.33999633789062,433.04998779296875,124.88999938964844,171.1699981689453,445.19000244140625,29.399999618530273,12.630000114440918,141.45860290527344,563.010009765625,85.23999786376953,44.40999984741211,42.630001068115234,24.079999923706055,52.220001220703125,893.3748168945312,34.560001373291016,,95.22000122070312,50.54999923706055,280.010009765625,51.97999954223633,106.48999786376953
2023-05-16,52.04999923706055,71.25,200.50999450683594,433.5400085449219,125.44000244140625,171.1699981689453,444.9700012207031,29.479999542236328,12.609999656677246,140.14419555664062,561.0,84.81999969482422,44.720001220703125,42.91999816894531,24.100000381469727,52.2599983215332,893.384033203125,34.689998626708984,,95.22000122070312,50.77000045776367,280.0,52.13999938964844,106.62999725341797
2023-05-17,51.619998931884766,70.94999694824219,199.75999450683594,431.1700134277344,125.3499984741211,171.1699981689453,442.8599853515625,29.200000762939453,12.539999961853027,140.26690673828125,559.6199951171875,84.45999908447266,44.56999969482422,42.91999816894531,24.209999084472656,52.310001373291016,893.384033203125,34.59000015258789,,95.22000122070312,50.5099983215332,278.6499938964844,52.79999923706055,107.05000305175781
2023-05-18,51.59000015258789,70.66999816894531,199.0500030517578,427.17999267578125,,171.1699981689453,443.7900085449219,29.139999389648438,,139.0325927734375,555.3499755859375,,43.86000061035156,42.52000045776367,,52.31999969482422,893.3748168945312,34.47999954223633,,95.22000122070312,,278.1700134277344,53.880001068115234,108.77999877929688
2023-05-19,51.439998626708984,71.20999908447266,199.82000732421875,428.760009765625,124.66999816894531,171.1699981689453,445.57000732421875,29.530000686645508,12.279999732971191,139.99940490722656,555.0599975585938,83.91999816894531,43.880001068115234,43.060001373291016,24.18000030517578,52.349998474121094,893.384033203125,34.380001068115234,,95.22000122070312,50.209999084472656,276.25,55.56999969482422,111.27999877929688
2023-05-22,51.97999954223633,71.68000030517578,200.74000549316406,433.1600036621094,125.11000061035156,171.1699981689453,445.2699890136719,30.270000457763672,12.399999618530273,140.26820373535156,560.530029296875,84.44999694824219,44.08000183105469,42.45000076293945,24.170000076293945,52.41999816894531,893.3748168945312,34.68000030517578,,95.22000122070312,50.75,278.9800109863281,55.27000045776367,110.7699966430664
2023-05-23,51.43000030517578,69.91999816894531,201.02000427246094,434.260009765625,125.7699966430664,171.1699981689453,445.3699951171875,30.15999984741211,12.449999809265137,141.1959991455078,558.2000122070312,84.55999755859375,44.310001373291016,42.369998931884766,24.149999618530273,52.36000061035156,893.3748168945312,34.869998931884766,,95.22000122070312,50.7400016784668,279.0400085449219,55.709999084472656,111.08999633789062
2023-05-24,51.75,70.41999816894531,200.24000549316406,433.5,125.98999786376953,171.1699981689453,443.2900085449219,30.1200008392334,12.569999694824219,141.2666015625,557.1500244140625,84.79000091552734,44.11000061035156,42.540000915527344,24.15999984741211,52.38999938964844,893.384033203125,34.90999984741211,,95.22000122070312,50.650001525878906,276.9700012207031,54.88999938964844,109.6500015258789
2023-05-25,51.45000076293945,69.72000122070312,200.6999969482422,435.8699951171875,126.63999938964844,171.1699981689453,442.9100036621094,30.200000762939453,12.59000015258789,141.66799926757812,559.6699829101562,85.25,43.869998931884766,42.540000915527344,24.15999984741211,52.369998931884766,893.384033203125,35.04999923706055,,95.22000122070312,50.88999938964844,273.9599914550781,56.09000015258789,111.29000091552734
2023-05-26,51.33000183105469,69.75,202.85000610351562,440.6300048828125,127.33999633789062,171.1699981689453,446.1499938964844,30.579999923706055,12.739999771118164,142.6865997314453,565.72998046875,85.80000305175781,44.369998931884766,42.4900016784668,24.170000076293945,52.40999984741211,893.384033203125,35.369998931884766,,95.22000122070312,51.34000015258789,272.82000732421875,56.439998626708984,111.66999816894531
2023-05-29,51.18000030517578,70.19999694824219,204.13999938964844,443.1099853515625,,171.1699981689453,449.92999267578125,30.540000915527344,,143.5854034423828,567.8699951171875,,44.59000015258789,42.40999984741211,,52.36000061035156,893.3748168945312,35.65999984741211,,95.22000122070312,,271.3399963378906,58.29999923706055,115.0999984741211
2023-05-30,51.13999938964844,69.95999908447266,204.36000061035156,443.3800048828125,128.30999755859375,171.1699981689453,450.80999755859375,30.600000381469727,12.739999771118164,143.16259765625,567.6599731445312,86.80000305175781,44.599998474121094,42.459999084472656,24.170000076293945,52.369998931884766,893.384033203125,35.7599983215332,,95.22000122070312,51.7599983215332,269.9700012207031,59.4900016784668,115.9000015258789
2023-05-31,51.130001068115234,70.18000030517578,203.66000366210938,444.2300109863281,129.0,171.1699981689453,448.75,30.610000610351562,12.829999923706055,143.375,566.7000122070312,87.04000091552734,44.75,41.9900016784668,24.209999084472656,52.45000076293945,898.1329956054688,35.70000076293945,,95.22000122070312,51.599998474121094,264.9100036621094,59.06999969482422,114.83000183105469
2023-06-01,50.9900016784668,70.30000305175781,202.99000549316406,446.3500061035156,129.14999389648438,171.1699981689453,445.7699890136719,30.719999313354492,12.970000267028809,143.9597930908203,563.8099975585938,87.33999633789062,45.029998779296875,41.720001220703125,24.200000762939453,52.47999954223633,898.1329956054688,35.970001220703125,,95.22000122070312,51.650001525878906,268.6099853515625,58.56999969482422,114.0
2023-06-02,51.31999969482422,71.4800033569336,203.83999633789062,447.989990234375,129.8800048828125,171.1699981689453,447.6400146484375,30.739999771118164,13.029999732971191,145.28579711914062,566.8200073242188,88.11000061035156,45.459999084472656,41.790000915527344,24.219999313354492,52.560001373291016,898.1329956054688,36.08000183105469,,95.22000122070312,51.86000061035156,274.4700012207031,59.81999969482422,115.62000274658203
2023-06-05,50.720001220703125,70.62999725341797,204.27999877929688,449.0799865722656,130.1699981689453,171.1699981689453,449.239990234375,30.6299991607666,13.069999694824219,147.11639404296875,568.5,88.30999755859375,45.310001373291016,41.959999084472656,24.209999084472656,52.5,898.123779296875,36.11000061035156,,95.22000122070312,51.84000015258789,277.6000061035156,60.04999923706055,116.22000122070312
2023-06-06,51.06999969482422,70.7300033569336,204.0399932861328,451.1099853515625,130.08999633789062,171.1699981689453,449.8500061035156,30.079999923706055,13.1899995803833,148.72279357910156,570.7999877929688,88.16999816894531,45.18000030517578,42.029998779296875,24.219999313354492,52.5099983215332,898.1329956054688,36.02000045776367,,95.22000122070312,51.709999084472656,272.3500061035156,60.68000030517578,116.43000030517578
2023-06-07,50.9900016784668,70.70999908447266,205.33999633789062,455.0299987792969,131.8300018310547,171.1699981689453,450.3399963378906,30.290000915527344,13.210000038146973,149.62950134277344,577.52001953125,89.05000305175781,45.47999954223633,42.349998474121094,24.239999771118164,52.529998779296875,898.123779296875,36.400001525878906,,95.22000122070312,52.2599983215332,274.7200012207031,61.0,116.26000213623047
2023-06-08,50.70000076293945,71.05999755859375,204.50999450683594,452.3399963378906,131.07000732421875,171.1699981689453,447.8800048828125,29.959999084472656,13.0600004196167,148.3426055908203,578.0999755859375,88.45999908447266,45.400001525878906,42.650001525878906,24.200000762939453,52.459999084472656,898.1329956054688,36.209999084472656,,95.22000122070312,52.08000183105469,274.3699951171875,60.119998931884766,114.63999938964844
2023-06-09,50.959999084472656,72.66000366210938,204.02999877929688,452.0799865722656,131.02999877929688,171.1699981689453,447.75,29.739999771118164,13.0,147.67649841308594,574.719970703125,88.01000213623047,44.95000076293945,42.81999969482422,24.209999084472656,52.41999816894531,898.123779296875,36.310001373291016,,95.22000122070312,51.650001525878906,275.25,60.650001525878906,115.61000061035156
2023-06-12,50.93000030517578,72.3499984741211,204.4600067138672,453.6199951171875,131.7100067138672,171.1699981689453,447.5299987792969,30.110000610351562,12.989999771118164,148.15640258789062,579.280029296875,88.33000183105469,45.060001373291016,42.95000076293945,24.209999084472656,52.4900016784668,898.1329956054688,36.470001220703125,,95.22000122070312,52.220001220703125,274.7099914550781,61.380001068115234,116.86000061035156
2023-06-13,50.88999938964844,72.2699966430664,205.4499969482422,457.5899963378906,133.3000030517578,171.1699981689453,448.6099853515625,30.209999084472656,13.140000343322754,147.99879455566406,581.8800048828125,89.13999938964844,45.20000076293945,43.13999938964844,24.25,52.529998779296875,898.1329956054688,36.779998779296875,,95.22000122070312,52.560001373291016,274.7300109863281,62.33000183105469,118.7300033569336
2023-06-14,50.560001373291016,71.4800033569336,205.85000610351562,459.04998779296875,133.72999572753906,171.1699981689453,447.8900146484375,30.15999984741211,13.119999885559082,148.24440002441406,586.6199951171875,89.31999969482422,45.130001068115234,43.41999816894531,24.229999542236328,52.5099983215332,898.1329956054688,36.9900016784668,,95.22000122070312,52.810001373291016,273.9800109863281,62.68000030517578,119.01000213623047
2023-06-15,50.15999984741211,70.12000274658203,205.30999755859375,458.8900146484375,133.8699951171875,171.1699981689453,442.2200012207031,30.09000015258789,13.3100004196167,148.49729919433594,586.27001953125,89.70999908447266,44.36000061035156,43.380001068115234,24.219999313354492,52.47999954223633,898.1329956054688,37.08000183105469,,95.22000122070312,52.7599983215332,284.30999755859375,63.61000061035156,118.91000366210938
2023-06-16,50.65999984741211,71.48999786376953,206.69000244140625,463.5400085449219,134.85000610351562,171.1699981689453,446.9100036621094,30.030000686645508,13.380000114440918,149.10830688476562,589.9600219726562,90.19000244140625,44.88999938964844,43.59000015258789,24.209999084472656,52.5099983215332,898.1329956054688,37.27000045776367,,95.22000122070312,52.849998474121094,284.5400085449219,64.55000305175781,120.80999755859375
2023-06-19,50.529998779296875,71.73999786376953,205.8699951171875,463.2799987792969,134.91000366210938,171.1699981689453,444.04998779296875,30.1200008392334,13.40999984741211,148.17959594726562,587.75,89.97000122070312,45.31999969482422,43.41999816894531,24.229999542236328,52.54999923706055,898.1329956054688,37.380001068115234,,95.22000122070312,52.959999084472656,280.92999267578125,63.599998474121094,120.18000030517578
2023-06-20,50.4900016784668,71.44999694824219,206.5,465.3999938964844,135.55999755859375,171.1699981689453,444.79998779296875,30.329999923706055,13.390000343322754,149.277099609375,588.219970703125,89.91000366210938,45.41999816894531,43.75,24.200000762939453,52.5099983215332,898.123779296875,37.52000045776367,,95.22000122070312,53.16999816894531,280.8399963378906,63.41999816894531,119.69000244140625
2023-06-21,50.09000015258789,69.36000061035156,206.8699951171875,464.3800048828125,136.5800018310547,171.1699981689453,445.5400085449219,30.389999389648438,13.399999618530273,149.19619750976562,590.8300170898438,89.54000091552734,45.59000015258789,44.040000915527344,24.18000030517578,52.5,898.1329956054688,37.779998779296875,,95.22000122070312,53.279998779296875,277.54998779296875,63.08000183105469,119.91999816894531
2023-06-22,49.86000061035156,68.08999633789062,206.24000549316406,458.3299865722656,135.13999938964844,171.1699981689453,444.45001220703125,30.25,13.319999694824219,148.43240356445312,588.6699829101562,89.16000366210938,44.970001220703125,43.65999984741211,24.190000534057617,52.47999954223633,898.1329956054688,37.41999816894531,,95.22000122070312,52.900001525878906,278.6199951171875,61.439998626708984,118.37999725341797
2023-06-23,49.75,67.41000366210938,204.97999572753906,453.1099853515625,133.82000732421875,171.1699981689453,443.4700012207031,29.989999771118164,13.329999923706055,146.89950561523438,582.52001953125,88.77999877929688,44.5,43.290000915527344,24.190000534057617,52.470001220703125,898.1329956054688,36.9900016784668,,95.22000122070312,52.439998626708984,272.0799865722656,62.119998931884766,118.75
2023-06-26,49.9900016784668,68.4800033569336,205.1699981689453,455.07000732421875,134.3699951171875,171.1699981689453,443.4599914550781,29.950000762939453,13.510000228881836,148.5894012451172,582.4400024414062,89.6500015258789,44.369998931884766,43.209999084472656,24.18000030517578,52.5099983215332,898.123779296875,37.16999816894531,,95.22000122070312,53.18000030517578,273.7900085449219,61.58000183105469,118.43000030517578
2023-06-27,49.79999923706055,68.80000305175781,206.4600067138672,456.4700012207031,135.1199951171875,171.1699981689453,448.3599853515625,30.1299991607666,13.550000190734863,148.70989990234375,584.239990234375,89.51000213623047,44.779998779296875,43.16999816894531,24.200000762939453,52.529998779296875,898.1329956054688,37.47999954223633,,95.22000122070312,52.689998626708984,273.8999938964844,61.56999969482422,117.5199966430664
2023-06-28,49.54999923706055,68.37999725341797,208.17999267578125,459.760009765625,136.02000427246094,197.24000549316406,450.80999755859375,30.219999313354492,13.770000457763672,149.82069396972656,589.1400146484375,90.1500015258789,44.81999969482422,43.529998779296875,24.219999313354492,52.54999923706055,898.1329956054688,37.599998474121094,,95.22000122070312,53.060001373291016,273.8599853515625,61.849998474121094,118.38999938964844
2023-06-30,49.310001373291016,67.56999969482422,210.61000061035156,464.260009765625,136.67999267578125,197.24000549316406,454.4800109863281,30.940000534057617,13.920000076293945,152.92140197753906,594.6699829101562,90.87999725341797,45.689998626708984,44.220001220703125,24.25,52.47999954223633,902.4368286132812,38.0,,95.22000122070312,53.58000183105469,272.9599914550781,61.95000076293945,119.45999908447266
2023-07-03,49.560001373291016,68.5,212.3000030517578,464.7300109863281,,197.24000549316406,459.7300109863281,30.809999465942383,,152.50860595703125,597.6199951171875,,47.29999923706055,44.18000030517578,,52.45000076293945,902.4368286132812,38.11000061035156,,95.22000122070312,,277.489990234375,62.869998931884766,120.9000015258789
2023-07-04,49.880001068115234,69.0199966430664,213.05999755859375,463.8500061035156,,197.24000549316406,462.2300109863281,31.1299991607666,,151.785400390625,594.2999877929688,,48.29999923706055,44.150001525878906,,52.439998626708984,902.4459838867188,37.91999816894531,,95.22000122070312,,278.3599853515625,63.83000183105469,120.87999725341797
2023-07-05,49.97999954223633,68.91999816894531,212.9199981689453,467.8800048828125,,197.24000549316406,459.989990234375,31.260000228881836,,154.26759338378906,598.5499877929688,,48.75,44.310001373291016,,52.43000030517578,902.4368286132812,38.22999954223633,,95.22000122070312,,275.8599853515625,63.83000183105469,120.48999786376953
2023-07-06,49.900001525878906,69.73999786376953,213.9600067138672,470.510009765625,,197.24000549316406,461.6400146484375,31.299999237060547,,155.9951934814453,606.1400146484375,,49.06999969482422,45.279998779296875,,52.38999938964844,902.464111328125,38.58000183105469,,95.22000122070312,,273.6099853515625,63.54999923706055,121.19000244140625
2023-07-07,50.02000045776367,68.94000244140625,212.72000122070312,466.42999267578125,137.9499969482422,197.24000549316406,457.8800048828125,31.020000457763672,13.949999809265137,156.55859375,602.0800170898438,92.02999877929688,49.56999969482422,44.83000183105469,24.1299991607666,52.40999984741211,902.4368286132812,38.34000015258789,,95.22000122070312,54.68000030517578,272.5799865722656,63.18000030517578,120.94000244140625
2023-07-10,50.029998779296875,69.6500015258789,212.63999938964844,463.8299865722656,137.3300018310547,197.24000549316406,456.6099853515625,30.670000076293945,13.899999618530273,155.59390258789062,601.0700073242188,91.48999786376953,49.2400016784668,44.43000030517578,24.079999923706055,52.36000061035156,902.4279174804688,38.189998626708984,,95.22000122070312,54.369998931884766,273.9599914550781,62.900001525878906,120.62000274658203
2023-07-11,50.15999984741211,70.0,213.4499969482422,466.989990234375,,197.24000549316406,456.07000732421875,30.809999465942383,,157.7550048828125,609.0499877929688,,49.2400016784668,44.91999816894531,,52.4900016784668,902.4279174804688,38.529998779296875,,95.22000122070312,,276.5899963378906,62.939998626708984,120.86000061035156
2023-07-12,50.099998474121094,69.88999938964844,213.25,468.5199890136719,,197.24000549316406,454.8999938964844,30.610000610351562,,157.72799682617188,609.8400268554688,,49.619998931884766,44.97999954223633,,52.4900016784668,902.4279174804688,38.70000076293945,,95.22000122070312,,276.42999267578125,62.72999954223633,121.19000244140625
2023-07-13,50.52000045776367,72.1500015258789,213.69000244140625,466.17999267578125,,197.24000549316406,454.9800109863281,31.079999923706055,,156.76930236816406,604.9000244140625,,48.540000915527344,44.400001525878906,,52.56999969482422,902.4368286132812,38.560001373291016,,95.22000122070312,,277.2799987792969,63.70000076293945,122.5999984741211
2023-07-14,50.59000015258789,73.61000061035156,214.8300018310547,469.3500061035156,139.25,197.24000549316406,456.2300109863281,32.41999816894531,14.109999656677246,157.6988983154297,604.27001953125,92.44000244140625,48.75,44.470001220703125,24.25,52.56999969482422,902.4279174804688,38.72999954223633,,95.22000122070312,55.47999954223633,279.54998779296875,65.19000244140625,124.19000244140625
2023-07-17,50.4900016784668,73.80999755859375,216.52999877929688,470.5799865722656,140.0399932861328,197.24000549316406,462.17999267578125,32.58000183105469,14.220000267028809,157.2001953125,607.1400146484375,92.54000091552734,49.83000183105469,44.31999969482422,24.219999313354492,52.59000015258789,902.4279174804688,38.849998474121094,,95.22000122070312,55.47999954223633,279.45001220703125,65.33999633789062,124.08000183105469
2023-07-18,50.65999984741211,74.05000305175781,217.02000427246094,468.8800048828125,,197.24000549316406,461.4599914550781,32.91999816894531,,157.06900024414062,607.7999877929688,,49.470001220703125,44.2400016784668,,52.68000030517578,902.4368286132812,38.93000030517578,,95.22000122070312,,278.6400146484375,65.6500015258789,124.73999786376953
2023-07-19,51.02000045776367,74.41999816894531,217.97000122070312,471.05999755859375,140.49000549316406,197.24000549316406,464.0199890136719,32.90999984741211,14.270000457763672,157.06089782714844,611.3499755859375,92.51000213623047,50.189998626708984,44.68000030517578,24.270000457763672,52.70000076293945,902.4368286132812,39.060001373291016,,95.22000122070312,55.84000015258789,280.3299865722656,67.5999984741211,126.4000015258789
2023-07-20,51.08000183105469,74.76000213623047,219.50999450683594,470.1199951171875,140.72000122070312,197.24000549316406,469.1499938964844,32.7599983215332,14.460000038146973,157.7095947265625,614.22998046875,93.05000305175781,50.66999816894531,44.77000045776367,24.260000228881836,52.63999938964844,902.4368286132812,39.18000030517578,,95.22000122070312,55.959999084472656,280.0400085449219,67.47000122070312,125.08000183105469
2023-07-21,50.650001525878906,73.44999694824219,217.47999572753906,467.510009765625,140.5500030517578,197.24000549316406,468.69000244140625,31.43000030517578,14.470000267028809,157.84280395507812,613.7899780273438,92.54000091552734,50.75,44.81999969482422,24.25,52.619998931884766,902.4368286132812,39.09000015258789,,95.22000122070312,55.099998474121094,280.1000061035156,64.52999877929688,123.31999969482422
2023-07-24,50.650001525878906,73.2300033569336,216.72999572753906,467.70001220703125,140.75999450683594,197.24000549316406,467.5299987792969,31.40999984741211,14.529999732971191,158.1136016845703,614.72998046875,92.02999877929688,50.880001068115234,45.34000015258789,24.260000228881836,52.68000030517578,902.4368286132812,39.150001525878906,,95.22000122070312,54.970001220703125,275.7300109863281,63.939998626708984,122.73999786376953
2023-07-25,50.58000183105469,73.16999816894531,216.63999938964844,469.6300048828125,,197.24000549316406,466.80999755859375,31.31999969482422,,159.6020965576172,616.1300048828125,,50.130001068115234,45.83000183105469,,52.61000061035156,902.4279174804688,39.130001068115234,,95.22000122070312,,280.0799865722656,64.06999969482422,123.23999786376953
2023-07-26,50.84000015258789,73.58000183105469,217.72000122070312,471.5199890136719,141.99000549316406,197.24000549316406,468.6000061035156,31.3700008392334,14.680000305175781,159.58059692382812,624.989990234375,92.13999938964844,50.849998474121094,45.81999969482422,24.260000228881836,52.650001525878906,902.4368286132812,39.38999938964844,,95.22000122070312,55.400001525878906,279.2300109863281,64.44999694824219,124.29000091552734
2023-07-27,50.93000030517578,74.1500015258789,216.6300048828125,472.8299865722656,,197.24000549316406,465.70001220703125,31.309999465942383,,157.75340270996094,622.6300048828125,,51.130001068115234,45.81999969482422,,52.61000061035156,902.4279174804688,39.529998779296875,,95.22000122070312,,281.1499938964844,64.98999786376953,125.23999786376953
2023-07-28,50.66999816894531,72.4000015258789,216.33999633789062,477.8299865722656,142.88999938964844,197.24000549316406,463.0299987792969,31.049999237060547,15.199999809265137,157.485595703125,627.2899780273438,92.18000030517578,51.18000030517578,46.54999923706055,24.190000534057617,52.56999969482422,902.4368286132812,39.68000030517578,,95.22000122070312,55.41999816894531,283.0,64.87999725341797,125.58999633789062
2023-07-31,50.65999984741211,72.68000030517578,217.5800018310547,480.260009765625,,197.24000549316406,464.5199890136719,31.469999313354492,,159.1945037841797,631.030029296875,,51.380001068115234,47.709999084472656,,52.540000915527344,906.5451049804688,39.97999954223633,,95.22000122070312,,288.239990234375,65.70999908447266,126.04000091552734
2023-08-01,50.689998626708984,73.37000274658203,217.22999572753906,479.2699890136719,,197.24000549316406,463.5400085449219,31.780000686645508,,158.99879455566406,630.3400268554688,,51.060001373291016,47.95000076293945,,52.59000015258789,906.5541381835938,40.16999816894531,,95.22000122070312,,285.75,65.83000183105469,126.05999755859375
2023-08-02,50.68000030517578,72.97000122070312,215.10000610351562,473.5299987792969,,197.24000549316406,458.1199951171875,31.579999923706055,,156.3831024169922,622.2100219726562,,49.869998931884766,46.88999938964844,,52.59000015258789,906.5541381835938,39.63999938964844,,95.22000122070312,,282.0799865722656,65.44000244140625,124.43000030517578
2023-08-03,50.540000915527344,71.13999938964844,213.55999755859375,470.3800048828125,143.0800018310547,197.24000549316406,453.760009765625,31.489999771118164,15.319999694824219,156.14309692382812,620.9299926757812,90.62999725341797,49.540000915527344,46.529998779296875,24.15999984741211,52.560001373291016,906.5541381835938,39.560001373291016,,95.22000122070312,55.189998626708984,282.1300048828125,63.84000015258789,123.48999786376953
2023-08-04,50.5,71.13999938964844,215.0399932861328,475.1400146484375,144.27999877929688,197.24000549316406,456.8800048828125,31.959999084472656,15.489999771118164,155.62399291992188,625.0399780273438,90.79000091552734,49.220001220703125,46.81999969482422,24.190000534057617,52.5099983215332,906.5631713867188,39.95000076293945,,95.22000122070312,55.439998626708984,283.3999938964844,64.95999908447266,124.19999694824219
2023-08-07,50.4900016784668,71.04000091552734,215.9499969482422,475.82000732421875,144.82000732421875,197.24000549316406,455.9100036621094,32.29999923706055,15.729999542236328,156.25120544433594,625.1799926757812,91.16000366210938,49.0,46.790000915527344,24.219999313354492,52.599998474121094,906.5451049804688,40.27000045776367,,95.22000122070312,55.560001373291016,282.9200134277344,65.01000213623047,123.30000305175781
2023-08-08,50.560001373291016,70.31999969482422,215.7899932861328,476.1199951171875,145.1300048828125,197.24000549316406,457.3299865722656,32.36000061035156,15.829999923706055,155.77609252929688,623.3099975585938,91.05999755859375,50.400001525878906,46.79999923706055,24.209999084472656,52.63999938964844,906.5541381835938,40.2599983215332,,95.22000122070312,55.56999969482422,281.3500061035156,64.87999725341797,123.01000213623047
2023-08-09,50.369998931884766,69.41000366210938,216.49000549316406,477.20001220703125,145.6199951171875,197.24000549316406,457.45001220703125,32.47999954223633,15.9399995803833,157.2100067138672,624.75,91.30999755859375,50.38999938964844,47.189998626708984,24.229999542236328,52.65999984741211,906.5451049804688,40.5,,95.22000122070312,55.7599983215332,280.69000244140625,64.62999725341797,123.04000091552734
2023-08-10,50.22999954223633,69.4800033569336,215.3300018310547,474.6400146484375,145.6699981689453,197.24000549316406,454.3999938964844,32.38999938964844,15.800000190734863,156.79249572753906,625.1300048828125,90.73999786376953,50.060001373291016,47.15999984741211,24.260000228881836,52.63999938964844,906.5541381835938,39.72999954223633,,95.22000122070312,55.599998474121094,280.239990234375,63.83000183105469,122.55000305175781
2023-08-11,50.130001068115234,69.25,214.39999389648438,473.6000061035156,145.3699951171875,197.24000549316406,451.4100036621094,32.41999816894531,15.609999656677246,156.1602020263672,624.030029296875,90.51000213623047,50.61000061035156,47.380001068115234,24.239999771118164,52.65999984741211,906.5541381835938,40.310001373291016,,95.22000122070312,55.4900016784668,278.5400085449219,63.189998626708984,122.30999755859375
2023-08-14,50.09000015258789,69.31999969482422,214.50999450683594,467.6600036621094,144.67999267578125,197.24000549316406,449.69000244140625,32.54999923706055,15.5600004196167,155.7570037841797,622.4400024414062,90.16999816894531,50.310001373291016,47.27000045776367,24.209999084472656,52.650001525878906,906.5541381835938,40.22999954223633,,95.22000122070312,55.45000076293945,278.510009765625,62.720001220703125,121.05000305175781
2023-08-16,50.11000061035156,69.68000030517578,214.57000732421875,467.6199951171875,145.27999877929688,197.24000549316406,447.6600036621094,32.75,15.65999984741211,156.73660278320312,624.8300170898438,90.52999877929688,50.349998474121094,47.709999084472656,24.209999084472656,52.650001525878906,906.5451049804688,40.220001220703125,,95.22000122070312,55.52000045776367,273.6600036621094,63.18000030517578,121.06999969482422
2023-08-17,49.81999969482422,69.16999816894531,213.6999969482422,466.45001220703125,145.58999633789062,197.24000549316406,446.9800109863281,32.619998931884766,15.59000015258789,156.4770050048828,621.5599975585938,90.33999633789062,51.11000061035156,47.459999084472656,24.18000030517578,52.59000015258789,906.5541381835938,40.33000183105469,,95.22000122070312,55.279998779296875,273.239990234375,61.86000061035156,120.23999786376953
2023-08-18,49.75,69.62999725341797,213.0,464.30999755859375,145.1199951171875,197.24000549316406,446.489990234375,32.220001220703125,15.510000228881836,156.398193359375,621.6799926757812,90.33999633789062,51.189998626708984,47.02000045776367,24.219999313354492,52.619998931884766,906.5631713867188,40.279998779296875,,95.22000122070312,55.06999969482422,268.95001220703125,60.31999969482422,118.79000091552734
2023-08-21,49.68000030517578,69.7300033569336,213.5,466.1600036621094,146.25999450683594,197.24000549316406,448.0400085449219,32.459999084472656,15.5600004196167,156.75929260253906,624.510009765625,90.69000244140625,50.849998474121094,47.529998779296875,24.239999771118164,52.68000030517578,906.5451049804688,40.630001068115234,,95.22000122070312,55.5,264.3900146484375,60.790000915527344,119.91000366210938
2023-08-22,49.900001525878906,70.94999694824219,213.42999267578125,470.3699951171875,147.5800018310547,197.24000549316406,448.0799865722656,32.4900016784668,15.5600004196167,157.57150268554688,626.2899780273438,91.18000030517578,50.66999816894531,48.09000015258789,24.239999771118164,52.66999816894531,906.5541381835938,40.959999084472656,,95.22000122070312,55.68000030517578,262.6400146484375,61.869998931884766,121.0199966430664
2023-08-23,49.810001373291016,71.62000274658203,214.3699951171875,471.0899963378906,148.57000732421875,197.24000549316406,452.9100036621094,32.5,15.529999732971191,157.47149658203125,626.4299926757812,91.22000122070312,51.5099983215332,48.2400016784668,24.25,52.77000045776367,906.5541381835938,41.27000045776367,,95.22000122070312,55.86000061035156,266.0400085449219,61.720001220703125,120.58999633789062
2023-08-24,50.029998779296875,72.54000091552734,213.77000427246094,470.8500061035156,148.5800018310547,197.24000549316406,453.3800048828125,32.650001525878906,15.430000305175781,157.0771942138672,624.1099853515625,91.29000091552734,51.150001525878906,47.95000076293945,24.280000686645508,52.77000045776367,906.5541381835938,41.22999954223633,,95.22000122070312,55.790000915527344,269.8800048828125,63.2599983215332,122.56999969482422
2023-08-25,49.939998626708984,72.55000305175781,212.75999450683594,467.05999755859375,148.08999633789062,197.24000549316406,450.6300048828125,32.40999984741211,15.260000228881836,156.1072998046875,617.5499877929688,90.83000183105469,50.43000030517578,47.560001373291016,24.280000686645508,52.779998779296875,906.5541381835938,41.02000045776367,,95.22000122070312,55.31999969482422,269.760009765625,61.7400016784668,120.18000030517578
2023-08-28,49.79999923706055,72.4800033569336,212.8699951171875,470.3599853515625,148.5800018310547,197.24000549316406,453.1499938964844,32.29999923706055,15.40999984741211,157.23550415039062,621.0800170898438,90.77999877929688,50.779998779296875,48.0,24.309999465942383,52.849998474121094,906.5541381835938,41.119998931884766,,95.22000122070312,55.369998931884766,265.95001220703125,61.91999816894531,120.91000366210938
2023-08-29,49.97999954223633,72.69000244140625,213.16000366210938,473.29998779296875,149.11000061035156,197.24000549316406,453.3399963378906,32.38999938964844,15.359999656677246,158.28399658203125,621.4600219726562,90.73999786376953,50.58000183105469,48.16999816894531,24.309999465942383,52.84000015258789,906.5541381835938,41.36000061035156,,95.22000122070312,55.5099983215332,268.04998779296875,62.33000183105469,121.44999694824219
2023-08-30,50.34000015258789,73.4800033569336,213.5399932861328,474.8999938964844,150.22000122070312,197.24000549316406,450.82000732421875,32.72999954223633,15.380000114440918,159.28829956054688,620.780029296875,91.4000015258789,50.33000183105469,48.119998931884766,24.31999969482422,52.810001373291016,906.5451049804688,41.61000061035156,,95.22000122070312,55.7599983215332,267.57000732421875,63.18000030517578,123.20999908447266
2023-08-31,50.349998474121094,73.29000091552734,212.77000427246094,471.7799987792969,150.17999267578125,197.24000549316406,449.20001220703125,32.720001220703125,15.329999923706055,159.20770263671875,617.9299926757812,91.05999755859375,49.779998779296875,47.90999984741211,24.34000015258789,52.869998931884766,910.486328125,41.599998474121094,,95.22000122070312,55.400001525878906,268.5400085449219,63.79999923706055,123.83000183105469
2023-09-01,50.369998931884766,73.55000305175781,214.27000427246094,476.0199890136719,151.19000244140625,197.24000549316406,452.79998779296875,33.06999969482422,15.25,161.8199005126953,623.7000122070312,91.58000183105469,50.47999954223633,49.40999984741211,24.3799991607666,52.849998474121094,910.4956665039062,41.9900016784668,,95.22000122070312,56.099998474121094,268.6099853515625,64.23999786376953,124.5999984741211
2023-09-04,50.439998626708984,72.43000030517578,215.58999633789062,480.1499938964844,152.6999969482422,197.24000549316406,454.25,33.81999969482422,15.279999732971191,161.97239685058594,630.0499877929688,91.55999755859375,51.58000183105469,50.560001373291016,24.309999465942383,52.88999938964844,910.486328125,42.5,,95.22000122070312,56.95000076293945,270.6600036621094,64.4000015258789,124.75
2023-09-05,50.349998474121094,71.2300033569336,215.83999633789062,480.9800109863281,154.7100067138672,197.24000549316406,454.6700134277344,33.970001220703125,15.470000267028809,161.96299743652344,631.969970703125,91.9800033569336,52.040000915527344,50.7400016784668,24.329999923706055,52.86000061035156,910.486328125,42.900001525878906,,95.22000122070312,57.290000915527344,271.7099914550781,64.63999938964844,124.52999877929688
2023-09-06,50.310001373291016,71.12000274658203,216.22000122070312,483.489990234375,154.52000427246094,197.24000549316406,453.54998779296875,33.95000076293945,15.600000381469727,161.7447052001953,634.9099731445312,92.44000244140625,51.56999969482422,50.61000061035156,24.299999237060547,52.849998474121094,910.486328125,42.93000030517578,,95.22000122070312,57.33000183105469,271.6600036621094,64.69999694824219,124.43000030517578
2023-09-07,50.16999816894531,70.4000015258789,217.2899932861328,486.1700134277344,155.3300018310547,197.24000549316406,457.3599853515625,34.04999923706055,15.550000190734863,162.49899291992188,638.7100219726562,92.54000091552734,52.13999938964844,51.529998779296875,24.3799991607666,52.939998626708984,910.486328125,43.150001525878906,,95.22000122070312,57.5099983215332,270.79998779296875,64.20999908447266,123.5999984741211
2023-09-08,50.209999084472656,70.16999816894531,218.41000366210938,490.0799865722656,157.5399932861328,197.24000549316406,460.2699890136719,34.06999969482422,15.479999542236328,163.5825958251953,647.9600219726562,92.73999786376953,52.40999984741211,52.45000076293945,24.3700008392334,52.900001525878906,910.486328125,43.650001525878906,,95.22000122070312,58.029998779296875,268.3599853515625,64.3499984741211,122.9000015258789
2023-09-11,50.15999984741211,70.61000061035156,220.3800048828125,494.2200012207031,158.6699981689453,197.24000549316406,464.1099853515625,34.279998779296875,15.529999732971191,166.33580017089844,652.1900024414062,93.5999984741211,54.0099983215332,52.84000015258789,24.290000915527344,52.79999923706055,910.486328125,44.029998779296875,,95.22000122070312,58.61000061035156,269.3599853515625,64.25,123.83000183105469
2023-09-12,50.02000045776367,70.29000091552734,220.19000244140625,483.6600036621094,153.88999938964844,197.24000549316406,463.8599853515625,34.68000030517578,15.5600004196167,163.24609375,645.4299926757812,93.13999938964844,52.68000030517578,50.869998931884766,24.280000686645508,52.970001220703125,910.486328125,42.75,,95.22000122070312,57.959999084472656,269.0199890136719,64.5199966430664,124.12999725341797
2023-09-13,49.880001068115234,70.05000305175781,221.42999267578125,485.32000732421875,154.47999572753906,197.24000549316406,467.510009765625,34.599998474121094,15.699999809265137,162.4947967529297,649.280029296875,93.25,54.83000183105469,51.58000183105469,24.360000610351562,52.959999084472656,910.477294921875,42.83000183105469,,95.22000122070312,58.15999984741211,268.3500061035156,64.0,123.30000305175781
2023-09-14,49.880001068115234,69.26000213623047,221.52999877929688,488.510009765625,155.74000549316406,197.24000549316406,468.57000732421875,34.720001220703125,15.729999542236328,164.25390625,652.0999755859375,93.54000091552734,55.90999984741211,52.13999938964844,24.440000534057617,53.13999938964844,910.477294921875,43.220001220703125,,95.22000122070312,58.43000030517578,269.3299865722656,64.37999725341797,123.87999725341797
2023-09-15,50.119998931884766,70.7300033569336,222.57000732421875,489.0299987792969,155.5399932861328,197.24000549316406,470.739990234375,35.06999969482422,15.8100004196167,166.84739685058594,651.97998046875,93.81999969482422,56.11000061035156,51.90999984741211,24.43000030517578,53.08000183105469,910.477294921875,43.43000030517578,,95.22000122070312,58.470001220703125,271.45001220703125,64.61000061035156,124.66000366210938
2023-09-18,50.439998626708984,71.08000183105469,221.9199981689453,488.94000244140625,155.1199951171875,197.24000549316406,468.5899963378906,34.81999969482422,15.760000228881836,168.24319458007812,652.27001953125,94.27999877929688,58.08000183105469,52.709999084472656,24.399999618530273,53.029998779296875,910.486328125,43.25,,95.22000122070312,58.81999969482422,269.8999938964844,64.19000244140625,123.51000213623047
2023-09-20,50.380001068115234,71.08000183105469,219.60000610351562,484.8599853515625,154.5500030517578,197.24000549316406,462.67999267578125,34.599998474121094,15.6899995803833,167.38909912109375,646.47998046875,93.73999786376953,57.380001068115234,53.119998931884766,24.40999984741211,53.04999923706055,910.477294921875,43.18000030517578,,95.22000122070312,58.56999969482422,268.5400085449219,63.75,123.47000122070312
2023-09-21,50.27000045776367,70.93000030517578,217.6300048828125,480.489990234375,153.6300048828125,197.24000549316406,454.7799987792969,34.52000045776367,15.550000190734863,164.5592041015625,643.3900146484375,93.0199966430664,56.040000915527344,52.25,24.420000076293945,53.02000045776367,910.486328125,42.81999969482422,,95.22000122070312,58.08000183105469,263.69000244140625,62.4900016784668,121.75
2023-09-22,50.220001220703125,71.83000183105469,216.80999755859375,480.2099914550781,153.52999877929688,197.24000549316406,455.45001220703125,34.59000015258789,15.3100004196167,164.90220642089844,640.6900024414062,93.38999938964844,57.95000076293945,52.2400016784668,24.479999542236328,53.099998474121094,910.486328125,42.810001373291016,,95.22000122070312,58.2599983215332,266.8399963378906,61.18000030517578,120.37000274658203
2023-09-25,50.220001220703125,71.70999908447266,216.8000030517578,478.6300048828125,154.24000549316406,197.24000549316406,456.1300048828125,34.310001373291016,15.260000228881836,164.7696990966797,641.3900146484375,93.36000061035156,57.9900016784668,52.29999923706055,24.440000534057617,53.08000183105469,910.477294921875,42.91999816894531,,95.22000122070312,58.16999816894531,265.7799987792969,60.95000076293945,120.06999969482422
2023-09-26,50.02000045776367,70.52999877929688,216.57000732421875,479.5,153.75,197.24000549316406,454.8599853515625,34.13999938964844,15.229999542236328,165.34339904785156,642.5800170898438,93.37000274658203,57.720001220703125,52.470001220703125,24.440000534057617,53.06999969482422,910.486328125,43.0,,95.22000122070312,57.97999954223633,263.3299865722656,61.209999084472656,120.05999755859375
2023-09-27,49.70000076293945,69.97000122070312,217.55999755859375,479.8999938964844,155.2100067138672,197.24000549316406,455.19000244140625,34.290000915527344,15.399999618530273,165.3946990966797,646.6500244140625,93.68000030517578,58.119998931884766,52.65999984741211,24.440000534057617,53.130001068115234,910.477294921875,43.2400016784668,,95.22000122070312,58.400001525878906,263.4200134277344,60.72999954223633,119.75
2023-09-28,49.369998931884766,69.55000305175781,215.77000427246094,474.80999755859375,153.74000549316406,197.24000549316406,451.7699890136719,33.540000915527344,15.25,163.45599365234375,643.3300170898438,92.55000305175781,57.52000045776367,52.52000045776367,24.350000381469727,53.02000045776367,910.477294921875,42.779998779296875,,95.22000122070312,57.47999954223633,263.1700134277344,60.97999954223633,119.18000030517578
2023-09-29,49.290000915527344,70.55999755859375,216.75,478.92999267578125,155.41000366210938,197.24000549316406,454.4200134277344,33.4900016784668,15.65999984741211,164.389404296875,647.6799926757812,92.83999633789062,58.459999084472656,53.58000183105469,24.3799991607666,53.040000915527344,914.5535888671875,43.27000045776367,,95.22000122070312,58.869998931884766,266.0400085449219,61.439998626708984,120.56999969482422
2023-10-03,48.83000183105469,67.7300033569336,215.57000732421875,478.2799987792969,154.9499969482422,197.24000549316406,452.07000732421875,33.349998474121094,15.529999732971191,162.42050170898438,648.1300048828125,92.5999984741211,59.79999923706055,52.880001068115234,24.360000610351562,53.060001373291016,914.5354614257812,43.33000183105469,,95.22000122070312,57.900001525878906,264.760009765625,61.7400016784668,119.94000244140625
2023-10-04,48.36000061035156,67.05999755859375,214.39999389648438,472.989990234375,152.97000122070312,197.24000549316406,448.3399963378906,33.459999084472656,15.3100004196167,160.3101043701172,643.3800048828125,92.05999755859375,58.16999816894531,52.2400016784668,24.31999969482422,53.0099983215332,914.5354614257812,42.779998779296875,,95.22000122070312,57.439998626708984,257.3900146484375,60.790000915527344,118.45999908447266
2023-10-05,48.25,67.38999938964844,215.52999877929688,473.19000244140625,153.49000549316406,197.24000549316406,450.8699951171875,33.7599983215332,15.260000228881836,161.6634063720703,645.5399780273438,92.66000366210938,57.900001525878906,52.150001525878906,24.360000610351562,53.060001373291016,914.5354614257812,42.560001373291016,,95.22000122070312,57.65999984741211,261.7900085449219,61.4900016784668,119.87999725341797
2023-10-06,48.380001068115234,68.25,216.6199951171875,475.8900146484375,154.17999267578125,197.24000549316406,452.6700134277344,34.0099983215332,15.390000343322754,162.41859436035156,647.0700073242188,92.9800033569336,58.09000015258789,52.290000915527344,24.239999771118164,52.97999954223633,914.5354614257812,42.97999954223633,,95.22000122070312,58.189998626708984,264.0,61.959999084472656,119.55999755859375
2023-10-09,48.880001068115234,69.30999755859375,215.47999572753906,470.57000732421875,151.75,197.24000549316406,448.4800109863281,33.880001068115234,15.329999923706055,160.81570434570312,641.1199951171875,92.43000030517578,56.13999938964844,51.79999923706055,24.15999984741211,52.83000183105469,914.5261840820312,42.43000030517578,,95.22000122070312,57.70000076293945,264.2699890136719,62.31999969482422,119.5
2023-10-10,48.93000030517578,69.44999694824219,217.1300048828125,476.5,153.9199981689453,197.24000549316406,453.0299987792969,34.18000030517578,15.359999656677246,162.80149841308594,646.9600219726562,93.12999725341797,57.279998779296875,52.84000015258789,24.149999618530273,52.849998474121094,914.5261840820312,42.79999923706055,,95.22000122070312,58.36000061035156,264.45001220703125,63.189998626708984,121.93000030517578
2023-10-11,49.16999816894531,69.5199966430664,218.75999450683594,477.9800109863281,154.4600067138672,197.24000549316406,454.42999267578125,34.209999084472656,15.40999984741211,164.29229736328125,652.030029296875,93.8499984741211,57.0,52.91999816894531,24.219999313354492,52.939998626708984,914.5354614257812,43.189998626708984,,95.22000122070312,58.54999923706055,261.6700134277344,63.310001373291016,122.33999633789062
2023-10-12,49.38999938964844,68.9000015258789,218.60000610351562,479.3699951171875,155.27999877929688,197.24000549316406,455.2300109863281,33.66999816894531,15.40999984741211,165.5684051513672,654.4299926757812,93.97000122070312,56.869998931884766,53.439998626708984,24.260000228881836,52.97999954223633,914.5354614257812,43.16999816894531,,95.22000122070312,58.380001068115234,264.4800109863281,63.970001220703125,123.58999633789062
2023-10-13,49.4900016784668,68.69000244140625,218.07000732421875,479.6099853515625,155.2100067138672,197.24000549316406,452.260009765625,33.459999084472656,15.449999809265137,167.02040100097656,655.3599853515625,94.12000274658203,56.130001068115234,53.5099983215332,24.25,52.97999954223633,914.5354614257812,42.959999084472656,,95.22000122070312,58.369998931884766,263.7799987792969,62.79999923706055,122.18000030517578
2023-10-16,50.25,69.72000122070312,217.89999389648438,480.9200134277344,155.42999267578125,197.24000549316406,451.54998779296875,33.38999938964844,15.399999618530273,167.7720947265625,654.6799926757812,94.11000061035156,56.4900016784668,53.91999816894531,24.229999542236328,53.040000915527344,914.5354614257812,43.220001220703125,,95.22000122070312,58.619998931884766,263.8500061035156,62.369998931884766,121.68000030517578
2023-10-17,50.310001373291016,69.80000305175781,218.5500030517578,482.6700134277344,155.63999938964844,197.24000549316406,452.5,33.43000030517578,15.430000305175781,167.80540466308594,657.4099731445312,94.20999908447266,56.75,54.58000183105469,24.25,53.04999923706055,914.5354614257812,43.40999984741211,,95.22000122070312,58.86000061035156,263.8399963378906,63.29999923706055,122.12000274658203
2023-10-18,50.779998779296875,70.8499984741211,217.1999969482422,478.6499938964844,154.97999572753906,197.24000549316406,448.17999267578125,33.22999954223633,15.579999923706055,167.93319702148438,651.9000244140625,93.88999938964844,55.95000076293945,54.130001068115234,24.239999771118164,53.0,914.5354614257812,43.0099983215332,,95.22000122070312,58.52000045776367,264.19000244140625,62.470001220703125,121.62999725341797
2023-10-19,50.90999984741211,70.27999877929688,216.6699981689453,477.1600036621094,154.80999755859375,197.24000549316406,446.75,33.220001220703125,15.520000457763672,168.76980590820312,650.280029296875,94.18000030517578,55.810001373291016,54.040000915527344,24.190000534057617,52.959999084472656,914.5261840820312,42.97999954223633,,95.22000122070312,58.380001068115234,260.2900085449219,61.54999923706055,120.6500015258789
2023-10-20,51.59000015258789,70.76000213623047,215.3000030517578,473.44000244140625,153.42999267578125,197.24000549316406,446.3500061035156,33.119998931884766,15.3100004196167,167.55020141601562,645.3200073242188,93.4800033569336,54.970001220703125,53.650001525878906,24.190000534057617,53.029998779296875,914.5354614257812,42.4900016784668,,95.22000122070312,58.0,257.45001220703125,61.25,119.43000030517578
2023-10-23,51.540000915527344,70.91999816894531,213.1699981689453,464.55999755859375,149.24000549316406,197.24000549316406,440.8299865722656,32.4900016784668,15.130000114440918,165.3159942626953,635.030029296875,92.38999938964844,52.7599983215332,52.58000183105469,24.170000076293945,52.9900016784668,914.5261840820312,41.43000030517578,,95.22000122070312,57.06999969482422,256.010009765625,60.630001068115234,117.30000305175781
2023-10-25,51.40999984741211,70.01000213623047,211.47999572753906,460.4599914550781,148.22999572753906,197.24000549316406,437.4100036621094,32.279998779296875,15.039999961853027,164.6309051513672,628.8300170898438,92.02999877929688,52.9900016784668,52.310001373291016,24.219999313354492,53.099998474121094,914.5261840820312,41.599998474121094,,95.22000122070312,56.709999084472656,258.6000061035156,61.279998779296875,118.86000061035156
2023-10-26,51.83000183105469,70.58999633789062,208.74000549316406,457.2900085449219,146.08999633789062,197.24000549316406,432.2300109863281,32.040000915527344,14.899999618530273,162.01930236816406,621.77001953125,90.72000122070312,52.63999938964844,51.91999816894531,24.219999313354492,53.06999969482422,914.5261840820312,40.86000061035156,,95.22000122070312,56.2400016784668,258.6199951171875,59.900001525878906,116.61000061035156
2023-10-27,51.63999938964844,70.16999816894531,210.57000732421875,465.760009765625,148.77000427246094,197.24000549316406,436.7300109863281,32.349998474121094,14.970000267028809,164.21009826660156,626.8200073242188,91.58000183105469,54.68000030517578,52.970001220703125,24.239999771118164,53.150001525878906,914.5354614257812,41.27000045776367,,95.22000122070312,56.959999084472656,260.489990234375,59.220001220703125,116.48999786376953
2023-10-30,52.02000045776367,70.8499984741211,211.52000427246094,466.6600036621094,148.91000366210938,197.24000549316406,439.0799865722656,32.36000061035156,15.020000457763672,162.72979736328125,634.8900146484375,91.5199966430664,54.65999984741211,53.040000915527344,24.239999771118164,53.119998931884766,914.5261840820312,41.349998474121094,,95.22000122070312,56.9900016784668,257.6400146484375,59.95000076293945,116.33000183105469
2023-10-31,52.060001373291016,71.04000091552734,210.97999572753906,467.7200012207031,149.13999938964844,197.24000549316406,437.510009765625,32.27000045776367,14.920000076293945,161.648193359375,632.9099731445312,91.63999938964844,54.83000183105469,53.13999938964844,24.270000457763672,53.15999984741211,918.6605224609375,41.38999938964844,,95.22000122070312,56.9900016784668,256.5400085449219,60.41999816894531,116.48999786376953
2023-11-01,51.7599983215332,69.70999908447266,209.99000549316406,465.239990234375,149.02000427246094,197.24000549316406,436.45001220703125,32.099998474121094,14.979999542236328,160.8302001953125,630.4000244140625,91.0999984741211,54.90999984741211,52.709999084472656,24.280000686645508,53.150001525878906,918.6605224609375,41.4900016784668,,95.22000122070312,56.66999816894531,256.7900085449219,60.59000015258789,116.95999908447266
2023-11-02,51.849998474121094,70.68000030517578,211.63999938964844,471.4800109863281,150.88999938964844,197.24000549316406,439.19000244140625,32.380001068115234,15.09000015258789,161.9752960205078,636.77001953125,92.04000091552734,55.84000015258789,53.04999923706055,24.31999969482422,53.20000076293945,918.6511840820312,41.779998779296875,,95.22000122070312,57.41999816894531,257.8999938964844,61.779998779296875,120.0
2023-11-03,51.79999923706055,69.81999969482422,212.69000244140625,475.79998779296875,151.75999450683594,197.24000549316406,442.1000061035156,32.59000015258789,15.109999656677246,162.95579528808594,640.5900268554688,92.76000213623047,56.040000915527344,53.630001068115234,24.350000381469727,53.29999923706055,918.6605224609375,42.08000183105469,,95.22000122070312,57.7400016784668,259.54998779296875,62.16999816894531,120.7300033569336
2023-11-06,51.75,70.7699966430664,214.55999755859375,479.70001220703125,153.27000427246094,197.24000549316406,444.79998779296875,32.709999084472656,15.300000190734863,164.2451934814453,647.5800170898438,93.11000061035156,55.59000015258789,54.349998474121094,24.360000610351562,53.349998474121094,918.6511840820312,42.369998931884766,,95.22000122070312,58.130001068115234,267.20001220703125,63.18000030517578,122.81999969482422
2023-11-07,51.36000061035156,70.04000091552734,214.49000549316406,483.70001220703125,153.72000122070312,197.24000549316406,445.80999755859375,32.7599983215332,15.529999732971191,163.95010375976562,649.8400268554688,93.37000274658203,55.68000030517578,54.40999984741211,24.3799991607666,53.380001068115234,918.6605224609375,42.54999923706055,,95.22000122070312,58.400001525878906,266.67999267578125,62.939998626708984,122.61000061035156
2023-11-08,51.400001525878906,69.37000274658203,214.8300018310547,486.1199951171875,155.0,197.24000549316406,445.3399963378906,32.650001525878906,15.729999542236328,164.73089599609375,653.4500122070312,93.95999908447266,55.70000076293945,54.810001373291016,24.440000534057617,53.41999816894531,918.6511840820312,42.959999084472656,,95.22000122070312,58.59000015258789,265.95001220703125,63.9900016784668,123.58999633789062
2023-11-09,50.939998626708984,69.22000122070312,214.3000030517578,484.1600036621094,155.24000549316406,197.24000549316406,445.5899963378906,32.5099983215332,15.710000038146973,166.0937042236328,652.0599975585938,94.05000305175781,55.77000045776367,54.849998474121094,24.469999313354492,53.439998626708984,918.6605224609375,43.09000015258789,,95.22000122070312,58.36000061035156,263.0199890136719,64.33000183105469,123.76000213623047
2023-11-10,51.310001373291016,69.69000244140625,214.24000549316406,485.3900146484375,155.24000549316406,197.24000549316406,446.1099853515625,32.43000030517578,15.75,165.3972930908203,653.75,93.88999938964844,55.810001373291016,55.290000915527344,24.420000076293945,53.40999984741211,918.6605224609375,43.27000045776367,,95.22000122070312,58.54999923706055,260.2799987792969,64.01000213623047,122.8499984741211
2023-11-13,50.93000030517578,68.62999725341797,214.5500030517578,488.5299987792969,156.52000427246094,197.24000549316406,446.8399963378906,32.400001525878906,15.729999542236328,166.1916046142578,655.0900268554688,94.04000091552734,57.38999938964844,56.650001525878906,24.43000030517578,53.40999984741211,918.6605224609375,43.54999923706055,,95.22000122070312,59.04999923706055,258.4200134277344,65.05000305175781,124.9800033569336
2023-11-15,51.459999084472656,70.86000061035156,216.97000122070312,493.239990234375,157.74000549316406,197.24000549316406,450.4800109863281,33.18000030517578,15.739999771118164,169.06219482421875,664.0900268554688,94.9000015258789,57.68000030517578,56.93000030517578,24.540000915527344,53.540000915527344,918.6511840820312,43.95000076293945,,95.22000122070312,59.900001525878906,264.8900146484375,66.94000244140625,127.8499984741211
2023-11-16,51.38999938964844,71.41999816894531,218.16000366210938,494.8599853515625,158.9499969482422,197.24000549316406,450.20001220703125,34.040000915527344,15.899999618530273,170.48500061035156,665.260009765625,95.33999633789062,57.5,57.18000030517578,24.540000915527344,53.58000183105469,918.6511840820312,44.43000030517578,,95.22000122070312,60.52000045776367,265.239990234375,66.9800033569336,127.62000274658203
2023-11-17,51.86000061035156,72.2699966430664,218.02000427246094,498.20001220703125,159.52999877929688,197.24000549316406,444.9200134277344,33.970001220703125,16.059999465942383,171.66659545898438,668.6400146484375,96.05999755859375,56.29999923706055,57.08000183105469,24.600000381469727,53.619998931884766,918.6511840820312,44.54999923706055,,95.22000122070312,60.68000030517578,262.42999267578125,67.19000244140625,128.0500030517578
2023-11-20,51.65999984741211,71.58000183105469,217.35000610351562,496.95001220703125,159.72999572753906,197.24000549316406,444.6199951171875,34.18000030517578,16.040000915527344,170.3634033203125,665.9299926757812,95.95999908447266,56.22999954223633,56.9900016784668,24.559999465942383,53.61000061035156,918.6605224609375,44.560001373291016,,95.22000122070312,60.5099983215332,263.20001220703125,67.41999816894531,128.2899932861328
2023-11-21,51.880001068115234,71.58000183105469,218.38999938964844,497.0899963378906,159.4199981689453,197.24000549316406,445.6499938964844,34.119998931884766,16.219999313354492,171.20249938964844,669.02001953125,96.12000274658203,56.099998474121094,57.029998779296875,24.5,53.54999923706055,918.6511840820312,44.619998931884766,,95.22000122070312,60.470001220703125,263.4100036621094,68.3499984741211,130.08999633789062
2023-11-22,52.16999816894531,72.18000030517578,218.52999877929688,495.0400085449219,159.8000030517578,197.24000549316406,443.55999755859375,34.369998931884766,16.31999969482422,172.33839416503906,670.8099975585938,96.38999938964844,55.54999923706055,57.119998931884766,24.510000228881836,53.52000045776367,918.6511840820312,44.689998626708984,,95.22000122070312,60.84000015258789,262.8599853515625,68.68000030517578,129.3000030517578
2023-11-23,52.02000045776367,71.9000015258789,218.55999755859375,496.5199890136719,160.08999633789062,197.24000549316406,444.2300109863281,34.189998626708984,16.100000381469727,172.95950317382812,671.2100219726562,96.5999984741211,55.45000076293945,57.040000915527344,24.540000915527344,53.560001373291016,918.6605224609375,44.68000030517578,,95.22000122070312,60.959999084472656,263.2200012207031,69.1500015258789,129.91000366210938
2023-11-24,52.150001525878906,71.87000274658203,218.47999572753906,495.8800048828125,160.52000427246094,197.24000549316406,445.70001220703125,33.90999984741211,16.209999084472656,173.02769470214844,669.5999755859375,96.38999938964844,55.34000015258789,57.41999816894531,24.540000915527344,53.54999923706055,918.6605224609375,44.72999954223633,,95.22000122070312,60.72999954223633,263.1600036621094,69.19000244140625,129.80999755859375
2023-11-28,52.29999923706055,73.41000366210938,219.55999755859375,500.0799865722656,161.33999633789062,197.24000549316406,447.0199890136719,33.959999084472656,16.139999389648438,174.6710968017578,675.7999877929688,96.83999633789062,56.0,57.689998626708984,24.549999237060547,53.58000183105469,918.6511840820312,44.959999084472656,,95.22000122070312,61.130001068115234,263.8900146484375,68.76000213623047,129.32000732421875
2023-11-29,53.04999923706055,74.08000183105469,221.66000366210938,504.75,162.3800048828125,197.24000549316406,453.8299865722656,34.40999984741211,16.219999313354492,177.50660705566406,677.8599853515625,97.58999633789062,56.54999923706055,57.810001373291016,24.559999465942383,53.61000061035156,918.6605224609375,45.349998474121094,,95.22000122070312,61.7599983215332,259.3800048828125,68.9000015258789,130.1699981689453
2023-11-30,53.150001525878906,74.61000061035156,222.1300048828125,510.260009765625,164.24000549316406,197.24000549316406,453.82000732421875,34.400001525878906,16.479999542236328,178.2095947265625,682.8900146484375,98.54000091552734,56.029998779296875,58.31999969482422,24.559999465942383,53.58000183105469,922.1909790039062,45.70000076293945,,95.22000122070312,61.97999954223633,256.69000244140625,68.91000366210938,129.85000610351562
2023-12-01,53.290000915527344,75.20999908447266,223.75,515.5599975585938,165.0800018310547,197.24000549316406,456.5,34.41999816894531,16.520000457763672,177.57159423828125,689.760009765625,99.08999633789062,57.060001373291016,59.06999969482422,24.530000686645508,53.54999923706055,922.1909790039062,46.209999084472656,,95.22000122070312,62.84000015258789,258.82000732421875,68.63999938964844,129.61000061035156
2023-12-04,53.720001220703125,75.1500015258789,228.17999267578125,525.719970703125,167.25,197.24000549316406,473.6000061035156,34.4900016784668,16.489999771118164,179.57940673828125,707.739990234375,100.26000213623047,59.209999084472656,60.709999084472656,24.530000686645508,53.630001068115234,922.1817626953125,47.150001525878906,,95.22000122070312,63.709999084472656,252.24000549316406,68.26000213623047,129.72999572753906
2023-12-05,52.939998626708984,73.63999938964844,230.05999755859375,531.75,167.66000366210938,197.24000549316406,478.760009765625,34.27000045776367,16.459999084472656,180.64169311523438,717.0599975585938,100.7300033569336,60.16999816894531,61.68000030517578,24.540000915527344,53.650001525878906,922.1817626953125,47.279998779296875,,95.22000122070312,64.19000244140625,246.00999450683594,67.37000274658203,128.7899932861328
2023-12-06,52.83000183105469,73.04000091552734,230.94000244140625,537.3800048828125,167.77000427246094,197.24000549316406,476.95001220703125,34.95000076293945,16.40999984741211,180.6029052734375,719.7899780273438,101.5199966430664,60.45000076293945,61.689998626708984,24.600000381469727,53.70000076293945,922.1909790039062,47.15999984741211,,95.22000122070312,64.62999725341797,248.92999267578125,68.23999786376953,129.61000061035156
2023-12-07,53.029998779296875,72.81999969482422,230.8300018310547,541.4500122070312,169.0800018310547,197.24000549316406,477.3699951171875,34.84000015258789,16.559999465942383,181.40260314941406,723.0,101.2699966430664,60.75,62.38999938964844,24.6200008392334,53.720001220703125,922.1909790039062,47.459999084472656,,95.22000122070312,64.56999969482422,244.42999267578125,67.47000122070312,128.77000427246094
2023-12-08,52.939998626708984,72.44000244140625,231.36000061035156,537.8900146484375,168.47000122070312,197.24000549316406,481.4800109863281,35.27000045776367,16.43000030517578,180.4049072265625,720.6099853515625,100.80000305175781,60.869998931884766,62.0,24.6299991607666,53.79999923706055,922.1909790039062,47.380001068115234,,95.22000122070312,64.58000183105469,247.35000610351562,68.51000213623047,130.0
2023-12-11,52.02000045776367,70.3499984741211,231.7899932861328,543.8400268554688,169.30999755859375,197.24000549316406,482.69000244140625,35.400001525878906,16.299999237060547,181.24639892578125,724.6799926757812,100.80000305175781,61.689998626708984,62.66999816894531,24.579999923706055,53.7400016784668,922.1817626953125,47.65999984741211,,95.22000122070312,64.86000061035156,242.0800018310547,69.01000213623047,130.3300018310547
2023-12-12,51.849998474121094,70.26000213623047,230.9600067138672,540.4600219726562,168.80999755859375,197.24000549316406,480.07000732421875,35.33000183105469,16.209999084472656,179.9691925048828,720.6900024414062,100.31999969482422,61.650001525878906,62.040000915527344,24.59000015258789,53.75,922.1817626953125,47.52000045776367,,95.22000122070312,64.66000366210938,245.6999969482422,69.05000305175781,131.83999633789062
2023-12-13,51.83000183105469,69.69000244140625,231.14999389648438,543.969970703125,170.30999755859375,197.24000549316406,480.6400146484375,34.9900016784668,16.399999618530273,181.9095001220703,727.3099975585938,101.08000183105469,62.060001373291016,62.779998779296875,24.6200008392334,53.77000045776367,922.1817626953125,47.779998779296875,,95.22000122070312,65.04000091552734,243.3699951171875,69.72000122070312,132.6300048828125
2023-12-14,52.79999923706055,72.56999969482422,233.99000549316406,550.72998046875,172.8800048828125,197.24000549316406,486.7099914550781,36.09000015258789,16.389999389648438,183.19850158691406,734.77001953125,101.91000366210938,62.43000030517578,62.9900016784668,24.719999313354492,53.959999084472656,922.1909790039062,48.56999969482422,,95.22000122070312,65.88999938964844,244.9600067138672,71.16999816894531,134.77000427246094
2023-12-15,52.810001373291016,72.81999969482422,236.6199951171875,551.6599731445312,173.44000244140625,197.24000549316406,489.8800048828125,37.88999938964844,16.3700008392334,183.12789916992188,741.219970703125,101.83000183105469,64.13999938964844,64.26000213623047,24.809999465942383,54.150001525878906,922.1909790039062,48.97999954223633,,95.22000122070312,67.08000183105469,249.10000610351562,71.1500015258789,134.44000244140625
2023-12-18,52.4900016784668,72.51000213623047,236.57000732421875,556.219970703125,173.33999633789062,197.24000549316406,488.1499938964844,37.86000061035156,16.719999313354492,183.42930603027344,747.2000122070312,101.73999786376953,63.779998779296875,64.33000183105469,24.809999465942383,54.099998474121094,922.1909790039062,48.72999954223633,,95.22000122070312,67.18000030517578,249.6999969482422,71.44999694824219,134.92999267578125
2023-12-19,52.59000015258789,72.37999725341797,236.6999969482422,556.719970703125,172.66000366210938,197.24000549316406,488.5899963378906,37.38999938964844,16.65999984741211,182.05369567871094,744.9099731445312,102.04000091552734,64.01000213623047,64.94000244140625,24.809999465942383,54.11000061035156,922.1909790039062,48.54999923706055,,95.22000122070312,67.27999877929688,248.58999633789062,72.16999816894531,135.2899932861328
2023-12-20,52.83000183105469,72.66000366210938,233.25,541.7100219726562,167.86000061035156,197.24000549316406,483.2699890136719,36.709999084472656,16.360000610351562,177.90249633789062,727.6799926757812,100.66999816894531,61.58000183105469,63.540000915527344,24.809999465942383,54.150001525878906,922.1909790039062,47.15999984741211,,95.22000122070312,65.72000122070312,246.97999572753906,72.04000091552734,135.22999572753906
2023-12-21,52.86000061035156,73.13999938964844,234.60000610351562,547.739990234375,169.86000061035156,197.24000549316406,488.2099914550781,36.88999938964844,16.489999771118164,178.04710388183594,735.9500122070312,100.94999694824219,62.470001220703125,64.58999633789062,24.81999969482422,54.150001525878906,922.1909790039062,47.72999954223633,,95.22000122070312,66.11000061035156,247.22000122070312,72.18000030517578,134.9199981689453
2023-12-22,53.189998626708984,73.4800033569336,235.5,552.4500122070312,170.9199981689453,197.24000549316406,483.6000061035156,37.70000076293945,16.670000076293945,180.49070739746094,740.1199951171875,101.94999694824219,62.060001373291016,64.94999694824219,24.780000686645508,54.16999816894531,922.1909790039062,48.02000045776367,,95.22000122070312,66.80999755859375,245.25,72.5,135.2899932861328
2023-12-26,53.459999084472656,73.30999755859375,236.92999267578125,557.5900268554688,172.13999938964844,197.24000549316406,486.0,37.54999923706055,16.809999465942383,182.25929260253906,746.6400146484375,102.58999633789062,61.9900016784668,66.2699966430664,24.809999465942383,54.20000076293945,922.1817626953125,48.18000030517578,,95.22000122070312,67.36000061035156,246.77999877929688,72.63999938964844,136.11000061035156
2023-12-27,53.630001068115234,73.05999755859375,238.91000366210938,560.25,172.72999572753906,197.24000549316406,491.4100036621094,37.72999954223633,16.920000076293945,185.00990295410156,750.9500122070312,103.66999816894531,63.08000183105469,65.98999786376953,24.81999969482422,54.209999084472656,922.1909790039062,48.56999969482422,,95.22000122070312,67.58999633789062,249.4600067138672,73.08999633789062,136.91000366210938
2023-12-28,53.84000015258789,73.38999938964844,240.16000366210938,562.75,173.52999877929688,197.24000549316406,493.5799865722656,37.720001220703125,17.110000610351562,186.87069702148438,759.3400268554688,104.56999969482422,63.869998931884766,67.29000091552734,24.790000915527344,54.22999954223633,922.1909790039062,48.91999816894531,,95.22000122070312,68.1500015258789,251.27000427246094,73.29000091552734,137.14999389648438
2023-12-29,53.65999984741211,72.18000030517578,239.64999389648438,567.3599853515625,175.02999877929688,197.24000549316406,492.42999267578125,37.36000061035156,17.09000015258789,188.99630737304688,758.6300048828125,104.91999816894531,63.45000076293945,66.87999725341797,24.860000610351562,54.31999969482422,925.5731201171875,49.22999954223633,,95.22000122070312,68.19000244140625,252.4499969482422,73.01000213623047,136.6300048828125
2024-01-01,53.7400016784668,72.4800033569336,240.35000610351562,568.1300048828125,175.52999877929688,197.24000549316406,491.6499938964844,37.68000030517578,17.139999389648438,188.75100708007812,757.4099731445312,104.87999725341797,64.0199966430664,67.16999816894531,24.84000015258789,54.2400016784668,925.5731201171875,49.5,,95.22000122070312,68.58000183105469,252.30999755859375,73.0199966430664,137.0399932861328
2024-01-02,54.0099983215332,73.01000213623047,239.2100067138672,566.6799926757812,175.50999450683594,197.24000549316406,487.1400146484375,37.33000183105469,17.549999237060547,186.16419982910156,755.6900024414062,104.58999633789062,63.720001220703125,67.25,24.809999465942383,54.25,925.5731201171875,49.220001220703125,,95.22000122070312,68.23999786376953,251.35000610351562,72.55999755859375,136.17999267578125
2024-01-03,53.529998779296875,71.58999633789062,237.74000549316406,571.7100219726562,175.63999938964844,197.24000549316406,486.1700134277344,36.43000030517578,17.65999984741211,185.94180297851562,755.489990234375,104.7699966430664,64.45999908447266,67.05999755859375,24.809999465942383,54.290000915527344,925.5731201171875,49.779998779296875,,95.22000122070312,67.88999938964844,247.25999450683594,71.0,134.97000122070312
2024-01-04,53.290000915527344,70.69000244140625,239.3000030517578,576.9299926757812,178.85000610351562,197.24000549316406,491.239990234375,36.40999984741211,17.68000030517578,186.03469848632812,764.9099731445312,105.23999786376953,65.08000183105469,68.30999755859375,24.809999465942383,54.33000183105469,925.5731201171875,50.29999923706055,,95.22000122070312,68.31999969482422,247.2100067138672,70.22000122070312,134.14999389648438
2024-01-05,53.13999938964844,70.52999877929688,239.74000549316406,576.3300170898438,179.52000427246094,197.24000549316406,490.6499938964844,36.849998474121094,17.639999389648438,186.8470001220703,768.1500244140625,105.36000061035156,64.80000305175781,68.55000305175781,24.799999237060547,54.2599983215332,925.5731201171875,50.5099983215332,,95.22000122070312,68.56999969482422,247.24000549316406,70.93000030517578,132.4600067138672
2024-01-08,52.849998474121094,70.41999816894531,237.67999267578125,571.5499877929688,178.02000427246094,197.24000549316406,483.9100036621094,36.5099983215332,17.469999313354492,186.26800537109375,763.6799926757812,104.31999969482422,63.27000045776367,68.37000274658203,24.81999969482422,54.29999923706055,925.5636596679688,50.02000045776367,,95.22000122070312,68.02999877929688,240.77000427246094,69.77999877929688,132.47000122070312
2024-01-09,53.02000045776367,70.87000274658203,237.77999877929688,573.9400024414062,178.22999572753906,197.24000549316406,481.6199951171875,36.63999938964844,17.6200008392334,187.9871063232422,769.989990234375,104.73999786376953,63.06999969482422,68.5999984741211,24.8700008392334,54.36000061035156,925.5636596679688,50.06999969482422,,95.22000122070312,68.19999694824219,242.97000122070312,70.94000244140625,134.69000244140625
2024-01-10,52.91999816894531,70.48999786376953,238.75999450683594,574.760009765625,178.14999389648438,197.24000549316406,483.4700012207031,36.7599983215332,17.649999618530273,188.3845977783203,772.8699951171875,104.72000122070312,62.93000030517578,68.2300033569336,24.860000610351562,54.36000061035156,925.5636596679688,50.09000015258789,,95.22000122070312,67.97000122070312,239.36000061035156,71.02999877929688,135.50999450683594
2024-01-11,52.84000015258789,70.43000030517578,238.8699951171875,580.4500122070312,179.17999267578125,197.24000549316406,483.3999938964844,36.720001220703125,17.639999389648438,190.3717041015625,777.02001953125,105.0,63.29999923706055,68.11000061035156,24.899999618530273,54.41999816894531,925.5731201171875,50.38999938964844,,95.22000122070312,68.2300033569336,242.52000427246094,72.01000213623047,136.22999572753906
2024-01-12,52.9900016784668,70.25,241.72999572753906,581.1199951171875,179.75,197.24000549316406,486.2099914550781,38.540000915527344,17.610000610351562,189.96580505371094,782.9600219726562,105.41000366210938,64.94000244140625,68.38999938964844,24.969999313354492,54.47999954223633,925.5731201171875,50.619998931884766,,95.22000122070312,69.3499984741211,242.9499969482422,71.76000213623047,135.74000549316406
2024-01-15,53.25,70.25,244.07000732421875,582.47998046875,181.1300048828125,197.24000549316406,490.489990234375,38.540000915527344,17.809999465942383,190.4705047607422,792.6699829101562,105.91999816894531,65.68000030517578,69.83000183105469,24.979999542236328,54.47999954223633,925.5731201171875,50.619998931884766,,95.22000122070312,70.30000305175781,239.42999267578125,71.76000213623047,135.74000549316406
2024-01-16,53.04999923706055,70.69999694824219,243.24000549316406,581.8099975585938,180.39999389648438,197.24000549316406,489.6700134277344,38.81999969482422,17.610000610351562,189.93679809570312,788.8900146484375,105.76000213623047,65.8499984741211,69.5,24.979999542236328,54.52000045776367,925.5731201171875,50.81999969482422,,95.22000122070312,70.20999908447266,235.49000549316406,71.83999633789062,135.72000122070312
2024-01-17,52.66999816894531,70.06999969482422,238.3800048828125,576.1599731445312,178.47000122070312,197.24000549316406,470.5400085449219,38.97999954223633,17.440000534057617,187.2427978515625,782.260009765625,105.11000061035156,64.73999786376953,69.19999694824219,24.959999084472656,54.4900016784668,925.5731201171875,50.7400016784668,,95.22000122070312,69.88999938964844,229.41000366210938,71.12000274658203,135.3300018310547
2024-01-18,52.4900016784668,69.8499984741211,237.50999450683594,573.5700073242188,,197.24000549316406,466.5899963378906,38.7599983215332,,187.73910522460938,781.5399780273438,,65.13999938964844,68.62000274658203,,54.5099983215332,925.5636596679688,50.279998779296875,,95.22000122070312,,227.44000244140625,71.38999938964844,135.72999572753906
2024-01-19,52.84000015258789,70.16000366210938,239.14999389648438,581.6199951171875,180.86000061035156,197.24000549316406,466.1400146484375,39.209999084472656,17.649999618530273,189.7501983642578,795.0999755859375,105.94999694824219,65.97000122070312,70.08000183105469,24.950000762939453,54.540000915527344,925.5731201171875,50.83000183105469,,95.22000122070312,70.7300033569336,226.33999633789062,72.52999877929688,137.5800018310547
2024-01-23,52.86000061035156,69.43000030517578,234.8699951171875,566.9400024414062,176.5,197.24000549316406,459.54998779296875,38.650001525878906,17.770000457763672,186.36219787597656,780.8599853515625,104.1500015258789,64.4800033569336,68.79000091552734,24.959999084472656,54.540000915527344,925.5636596679688,49.959999084472656,,95.22000122070312,69.0199966430664,227.14999389648438,73.9000015258789,139.89999389648438
2024-01-24,52.90999984741211,70.12999725341797,237.2899932861328,576.219970703125,179.41000366210938,197.24000549316406,460.20001220703125,39.27000045776367,18.049999237060547,188.72149658203125,793.1599731445312,105.2300033569336,65.69999694824219,70.54000091552734,24.989999771118164,54.59000015258789,925.5731201171875,50.58000183105469,,95.22000122070312,70.37000274658203,240.02000427246094,75.04000091552734,141.57000732421875
2024-01-25,52.720001220703125,70.12000274658203,236.14999389648438,579.0900268554688,178.49000549316406,197.24000549316406,457.510009765625,38.68000030517578,17.790000915527344,188.93519592285156,791.6699829101562,105.0,65.94999694824219,71.41000366210938,25.010000228881836,54.56999969482422,925.5731201171875,50.54999923706055,,95.22000122070312,70.19000244140625,237.72999572753906,75.86000061035156,141.88999938964844
2024-01-29,52.970001220703125,70.43000030517578,240.0500030517578,585.0399780273438,181.10000610351562,197.24000549316406,464.260009765625,38.689998626708984,17.90999984741211,192.09970092773438,821.2999877929688,105.48999786376953,67.29000091552734,74.31999969482422,25.0,54.599998474121094,925.5636596679688,51.06999969482422,,95.22000122070312,71.2300033569336,240.97999572753906,75.91000366210938,141.64999389648438
2024-01-30,53.130001068115234,70.77999877929688,238.1300048828125,583.0999755859375,180.6199951171875,197.24000549316406,462.94000244140625,38.61000061035156,17.760000228881836,191.60189819335938,813.0900268554688,104.48999786376953,68.08000183105469,73.70999908447266,25.020000457763672,54.63999938964844,925.5731201171875,50.599998474121094,,95.22000122070312,70.93000030517578,233.61000061035156,76.69000244140625,142.47999572753906
2024-01-31,53.349998474121094,70.58999633789062,240.25999450683594,587.7000122070312,183.0399932861328,197.24000549316406,468.760009765625,38.779998779296875,18.229999542236328,195.13870239257812,815.0399780273438,105.51000213623047,69.5999984741211,74.37999725341797,25.049999237060547,54.689998626708984,929.5767822265625,51.630001068115234,,95.22000122070312,71.58000183105469,230.32000732421875,75.77999877929688,140.47000122070312
2024-02-01,53.459999084472656,69.9800033569336,240.02999877929688,589.9199829101562,182.1199951171875,197.24000549316406,470.2799987792969,38.689998626708984,18.1200008392334,196.16799926757812,811.2899780273438,105.7699966430664,71.81999969482422,74.76000213623047,25.18000030517578,54.77000045776367,929.5862426757812,51.470001220703125,,95.22000122070312,71.72000122070312,230.82000732421875,74.66000366210938,139.6300048828125
2024-02-02,53.58000183105469,70.79000091552734,241.3000030517578,594.9199829101562,183.22999572753906,197.24000549316406,469.239990234375,39.47999954223633,18.270000457763672,196.69859313964844,823.280029296875,106.69000244140625,73.54000091552734,77.58000183105469,25.260000228881836,54.81999969482422,929.5862426757812,51.68000030517578,,95.22000122070312,72.76000213623047,230.91000366210938,77.5199966430664,141.80999755859375
2024-02-05,52.97999954223633,69.22000122070312,240.24000549316406,592.280029296875,183.36000061035156,197.24000549316406,466.3699951171875,39.349998474121094,18.59000015258789,199.0904998779297,819.97998046875,105.06999969482422,73.05999755859375,79.19000244140625,25.18000030517578,54.77000045776367,929.5862426757812,51.630001068115234,,95.22000122070312,73.36000061035156,230.27000427246094,78.58000183105469,141.80999755859375
2024-02-06,52.939998626708984,69.0,242.00999450683594,600.3699951171875,185.3800048828125,197.24000549316406,466.1199951171875,40.5,18.770000457763672,202.01649475097656,827.02001953125,105.62000274658203,72.62999725341797,79.54000091552734,25.18000030517578,54.779998779296875,929.5767822265625,52.13999938964844,,95.22000122070312,74.4000015258789,240.49000549316406,79.01000213623047,141.8300018310547
2024-02-07,53.209999084472656,68.8499984741211,242.35000610351562,610.1699829101562,186.5800018310547,197.24000549316406,467.2300109863281,40.09000015258789,18.81999969482422,202.014404296875,828.5999755859375,106.70999908447266,74.98999786376953,79.12000274658203,25.200000762939453,54.77000045776367,929.5767822265625,52.38999938964844,,95.22000122070312,74.19999694824219,237.52999877929688,78.79000091552734,141.36000061035156
2024-02-08,53.04999923706055,68.9000015258789,240.27999877929688,611.3099975585938,186.1999969482422,197.24000549316406,459.6000061035156,40.15999984741211,18.799999237060547,199.43409729003906,831.510009765625,106.3499984741211,76.41999816894531,80.19999694824219,25.209999084472656,54.7599983215332,929.5862426757812,52.619998931884766,,95.22000122070312,74.44999694824219,238.49000549316406,80.08999633789062,142.77999877929688
2024-02-09,53.04999923706055,69.54000091552734,240.77999877929688,610.6400146484375,184.6999969482422,197.24000549316406,465.25,40.0,18.920000076293945,198.68760681152344,825.72998046875,106.29000091552734,76.94999694824219,78.72000122070312,25.190000534057617,54.72999954223633,929.5862426757812,52.150001525878906,,95.22000122070312,73.72000122070312,241.30999755859375,80.66999816894531,143.42999267578125
2024-02-12,52.790000915527344,69.87000274658203,239.32000732421875,599.6400146484375,180.24000549316406,197.24000549316406,458.0899963378906,40.189998626708984,18.989999771118164,197.09860229492188,818.4099731445312,105.66999816894531,73.54000091552734,74.98999786376953,25.18000030517578,54.72999954223633,929.5862426757812,50.939998626708984,,95.22000122070312,72.20999908447266,242.02000427246094,81.30000305175781,144.67999267578125
2024-02-13,52.810001373291016,70.0199966430664,240.58999633789062,603.469970703125,180.47999572753906,197.24000549316406,464.0799865722656,40.439998626708984,19.079999923706055,197.2386932373047,820.239990234375,105.7699966430664,74.44000244140625,76.23999786376953,25.190000534057617,54.70000076293945,929.5862426757812,51.040000915527344,,95.22000122070312,72.77999877929688,241.1199951171875,80.80999755859375,143.3000030517578
2024-02-14,52.099998474121094,67.91999816894531,241.5500030517578,611.9600219726562,181.9499969482422,197.24000549316406,467.1000061035156,40.02000045776367,18.920000076293945,200.10780334472656,827.510009765625,106.43000030517578,76.7699966430664,78.37999725341797,25.149999618530273,54.66999816894531,929.5862426757812,51.5099983215332,,95.22000122070312,73.43000030517578,236.9499969482422,79.8499984741211,142.64999389648438
2024-02-15,52.16999816894531,69.12999725341797,242.72000122070312,617.8499755859375,183.63999938964844,197.24000549316406,471.1300048828125,40.20000076293945,18.90999984741211,202.80169677734375,836.9099731445312,106.87000274658203,79.4800033569336,81.26000213623047,25.219999313354492,54.689998626708984,929.5862426757812,51.9900016784668,,95.22000122070312,74.16999816894531,237.57000732421875,81.26000213623047,143.74000549316406
2024-02-16,52.349998474121094,69.91000366210938,243.99000549316406,622.7100219726562,185.05999755859375,197.24000549316406,472.7799987792969,40.70000076293945,19.209999084472656,207.2812957763672,838.1199951171875,107.68000030517578,79.25,81.08000183105469,25.239999771118164,54.79999923706055,929.5862426757812,52.36000061035156,,95.22000122070312,74.48999786376953,242.35000610351562,82.5199966430664,144.33999633789062
2024-02-19,52.63999938964844,70.01000213623047,245.0399932861328,624.1599731445312,185.8800048828125,197.24000549316406,473.7300109863281,40.58000183105469,19.389999389648438,207.86810302734375,842.1900024414062,108.61000061035156,78.87000274658203,81.05999755859375,25.239999771118164,54.77000045776367,929.5862426757812,52.47999954223633,,95.22000122070312,74.4800033569336,242.19000244140625,82.4000015258789,145.16000366210938
2024-02-20,52.560001373291016,69.80000305175781,245.3699951171875,624.9000244140625,186.1999969482422,197.24000549316406,479.32000732421875,40.2599983215332,19.31999969482422,206.57530212402344,847.3900146484375,108.37000274658203,78.8499984741211,81.69999694824219,25.239999771118164,54.779998779296875,929.5862426757812,52.47999954223633,,95.22000122070312,74.30999755859375,239.33999633789062,81.33000183105469,142.47000122070312
2024-02-21,52.63999938964844,69.66999816894531,243.8699951171875,621.1900024414062,184.16000366210938,197.24000549316406,478.5,39.66999816894531,19.260000228881836,205.54359436035156,839.5,108.41000366210938,79.05000305175781,79.91000366210938,25.309999465942383,54.88999938964844,929.5862426757812,51.939998626708984,,95.22000122070312,73.31999969482422,244.58999633789062,80.19000244140625,141.83999633789062
2024-02-22,52.720001220703125,69.66000366210938,245.7899932861328,627.9199829101562,185.42999267578125,197.24000549316406,478.3500061035156,40.34000015258789,19.280000686645508,208.908203125,845.2000122070312,109.30999755859375,79.30999755859375,81.16000366210938,25.290000915527344,54.88999938964844,929.5767822265625,52.310001373291016,,95.22000122070312,74.11000061035156,249.4600067138672,81.77999877929688,144.00999450683594
2024-02-23,52.439998626708984,68.7699966430664,245.69000244140625,629.5399780273438,185.72000122070312,197.24000549316406,477.5299987792969,40.29999923706055,19.3799991607666,209.32839965820312,848.510009765625,109.41000366210938,78.55000305175781,81.31999969482422,25.309999465942383,54.84000015258789,929.5862426757812,52.56999969482422,,95.22000122070312,74.1500015258789,251.5500030517578,83.2699966430664,144.99000549316406
2024-02-26,52.709999084472656,68.86000061035156,244.8699951171875,630.1300048828125,185.75,197.24000549316406,473.92999267578125,39.88999938964844,19.290000915527344,209.53829956054688,848.6099853515625,108.73999786376953,78.1500015258789,81.22000122070312,25.31999969482422,54.900001525878906,929.5862426757812,52.41999816894531,,95.22000122070312,73.86000061035156,251.25,83.43000030517578,144.75
2024-02-27,52.790000915527344,68.68000030517578,245.5,629.2899780273438,185.83999633789062,197.24000549316406,474.4200134277344,40.08000183105469,19.360000610351562,211.01780700683594,850.3699951171875,109.19000244140625,77.8499984741211,81.27999877929688,25.309999465942383,54.91999816894531,929.5862426757812,52.310001373291016,,95.22000122070312,73.94999694824219,252.72000122070312,83.5,145.19000244140625
2024-02-28,52.599998474121094,68.01000213623047,243.07000732421875,621.3099975585938,182.47999572753906,197.24000549316406,469.07000732421875,39.970001220703125,19.25,206.80059814453125,834.9600219726562,108.0199966430664,75.93000030517578,80.08999633789062,25.309999465942383,54.91999816894531,929.5862426757812,51.61000061035156,,95.22000122070312,73.04000091552734,250.89999389648438,83.45999908447266,144.2100067138672
2024-02-29,52.779998779296875,68.29000091552734,243.25,627.760009765625,182.5,197.24000549316406,471.0,39.970001220703125,19.309999465942383,207.20509338378906,839.2899780273438,107.80000305175781,76.94000244140625,80.1500015258789,25.309999465942383,54.939998626708984,933.0130615234375,51.54999923706055,,95.22000122070312,73.25,252.08999633789062,83.36000061035156,143.85000610351562
2024-03-01,52.900001525878906,68.83999633789062,246.85000610351562,632.469970703125,184.30999755859375,197.24000549316406,481.20001220703125,39.810001373291016,19.15999984741211,211.86329650878906,852.989990234375,108.75,78.44000244140625,81.58000183105469,25.31999969482422,54.95000076293945,933.0036010742188,52.189998626708984,,95.22000122070312,74.1500015258789,249.47000122070312,83.44999694824219,145.75
2024-03-04,53.88999938964844,69.6500015258789,247.8300018310547,637.010009765625,185.6999969482422,197.24000549316406,483.2900085449219,39.599998474121094,19.299999237060547,211.53860473632812,865.3800048828125,108.69000244140625,79.23999786376953,83.66999816894531,25.350000381469727,54.9900016784668,933.0036010742188,52.5099983215332,,95.22000122070312,74.73999786376953,249.5,84.69999694824219,147.6300048828125
2024-03-05,54.619998931884766,71.05999755859375,247.33999633789062,638.5399780273438,185.19000244140625,197.24000549316406,484.6300048828125,38.9900016784668,19.34000015258789,214.38670349121094,866.27001953125,108.19000244140625,81.18000030517578,84.5999984741211,25.350000381469727,55.0,933.0130615234375,52.380001068115234,,95.22000122070312,74.55000305175781,245.72000122070312,84.41999816894531,146.42999267578125
2024-03-06,54.720001220703125,70.66000366210938,248.6199951171875,636.719970703125,184.0500030517578,197.24000549316406,488.3399963378906,39.209999084472656,19.450000762939453,214.99600219726562,869.0800170898438,109.41999816894531,81.08000183105469,83.97000122070312,25.3700008392334,55.029998779296875,933.0130615234375,51.9900016784668,,95.22000122070312,74.63999938964844,249.27000427246094,84.5999984741211,145.32000732421875
2024-03-07,55.439998626708984,71.2699966430664,248.6699981689453,642.8800048828125,185.0,197.24000549316406,486.82000732421875,39.349998474121094,19.5,214.44259643554688,865.5499877929688,109.73999786376953,81.41999816894531,83.93000030517578,25.420000076293945,55.08000183105469,933.0130615234375,52.20000076293945,,95.22000122070312,75.2300033569336,247.6999969482422,84.9000015258789,146.2100067138672
2024-03-11,56.0099983215332,71.7699966430664,247.4499969482422,642.489990234375,183.7100067138672,197.24000549316406,482.70001220703125,39.220001220703125,19.56999969482422,213.16380310058594,857.75,109.77999877929688,80.2300033569336,82.7300033569336,25.459999084472656,55.150001525878906,933.0130615234375,52.13999938964844,,95.22000122070312,74.44999694824219,249.75999450683594,85.56999969482422,146.32000732421875
2024-03-12,55.939998626708984,71.94999694824219,247.4199981689453,630.3699951171875,181.5,197.24000549316406,482.07000732421875,39.369998931884766,19.290000915527344,212.4597930908203,853.3699951171875,109.18000030517578,78.05999755859375,81.27999877929688,25.440000534057617,55.099998474121094,933.0036010742188,51.34000015258789,,95.22000122070312,73.88999938964844,253.75,85.18000030517578,145.91000366210938
2024-03-13,55.470001220703125,71.26000213623047,243.7100067138672,609.5900268554688,174.85000610351562,197.24000549316406,477.8399963378906,39.0099983215332,18.950000762939453,206.43930053710938,820.260009765625,107.97000122070312,74.54000091552734,76.01000213623047,25.420000076293945,55.119998931884766,933.0036010742188,49.380001068115234,,95.22000122070312,71.63999938964844,250.52999877929688,83.66999816894531,145.8000030517578
2024-03-14,55.84000015258789,72.55000305175781,245.38999938964844,623.1699829101562,177.33999633789062,197.24000549316406,476.70001220703125,39.849998474121094,19.15999984741211,208.22349548339844,836.6400146484375,109.97000122070312,75.3499984741211,77.45999908447266,25.43000030517578,55.06999969482422,933.0130615234375,49.97999954223633,,95.22000122070312,72.86000061035156,252.16000366210938,84.05000305175781,145.85000610351562
2024-03-15,55.72999954223633,72.7300033569336,243.8000030517578,617.9600219726562,177.19000244140625,197.24000549316406,474.010009765625,39.68000030517578,19.020000457763672,204.9573974609375,829.8900146484375,108.48999786376953,75.06999969482422,76.30999755859375,25.43000030517578,55.060001373291016,933.0130615234375,49.869998931884766,,95.22000122070312,72.1500015258789,253.6999969482422,82.58000183105469,145.07000732421875
2024-03-18,55.5,72.66000366210938,243.97999572753906,621.8099975585938,176.75,197.24000549316406,474.04998779296875,39.119998931884766,19.149999618530273,207.5345001220703,832.3200073242188,108.6500015258789,75.30000305175781,76.54000091552734,25.389999389648438,55.06999969482422,933.0036010742188,49.68000030517578,,95.22000122070312,71.93000030517578,254.1699981689453,82.91999816894531,144.83999633789062
2024-03-19,55.61000061035156,72.43000030517578,241.60000610351562,610.3499755859375,174.6199951171875,197.24000549316406,472.07000732421875,38.02000045776367,18.739999771118164,206.63720703125,821.9199829101562,107.47000122070312,73.83000183105469,75.56999969482422,25.3700008392334,55.08000183105469,933.0130615234375,49.0099983215332,,95.22000122070312,70.5199966430664,248.69000244140625,82.48999786376953,145.0
2024-03-20,55.720001220703125,72.48999786376953,241.5800018310547,612.7999877929688,174.0800018310547,197.24000549316406,471.510009765625,37.93000030517578,18.65999984741211,207.16639709472656,827.3499755859375,107.75,74.08999633789062,76.16000366210938,25.34000015258789,55.06999969482422,933.0036010742188,49.060001373291016,,95.22000122070312,70.63999938964844,248.75,83.66000366210938,145.25999450683594
2024-03-21,56.70000076293945,73.77999877929688,243.99000549316406,625.72998046875,177.9199981689453,197.24000549316406,475.25,38.20000076293945,18.8700008392334,210.1446990966797,839.280029296875,108.45999908447266,75.66000366210938,78.38999938964844,25.40999984741211,55.099998474121094,933.0130615234375,50.150001525878906,,95.22000122070312,72.11000061035156,248.16000366210938,84.91999816894531,148.27000427246094
2024-03-22,55.9900016784668,72.47000122070312,244.74000549316406,628.469970703125,179.5399932861328,197.24000549316406,477.010009765625,37.40999984741211,19.100000381469727,213.65989685058594,843.760009765625,109.4000015258789,76.16000366210938,78.77999877929688,25.479999542236328,55.099998474121094,933.0130615234375,50.630001068115234,,95.22000122070312,72.12999725341797,244.14999389648438,84.4800033569336,149.0399932861328
2024-03-26,56.29999923706055,72.83000183105469,243.7899932861328,634.4500122070312,181.42999267578125,197.24000549316406,475.05999755859375,37.11000061035156,19.1200008392334,213.5915069580078,847.5,109.63999938964844,76.37000274658203,78.88999938964844,25.399999618530273,55.06999969482422,933.0036010742188,50.95000076293945,,95.22000122070312,72.13999938964844,242.41000366210938,85.73999786376953,149.7100067138672
2024-03-27,56.220001220703125,72.33999633789062,244.9600067138672,637.1500244140625,181.8800048828125,197.24000549316406,477.1300048828125,36.88999938964844,19.110000610351562,214.6376953125,856.3300170898438,109.88999938964844,75.7699966430664,78.80000305175781,25.450000762939453,55.13999938964844,933.0036010742188,50.84000015258789,,95.22000122070312,71.76000213623047,242.5399932861328,86.20999908447266,149.49000549316406
2024-03-28,56.61000061035156,72.41999816894531,246.9600067138672,643.8099975585938,182.05999755859375,197.24000549316406,480.3900146484375,37.04999923706055,19.270000457763672,217.39419555664062,864.02001953125,111.16000366210938,77.54000091552734,79.91000366210938,25.540000915527344,55.290000915527344,936.6410522460938,51.209999084472656,,95.22000122070312,70.69999694824219,246.11000061035156,87.55999755859375,149.3800048828125
2024-04-01,58.31999969482422,74.02999877929688,248.19000244140625,655.780029296875,185.11000061035156,197.24000549316406,485.1000061035156,37.18000030517578,19.510000228881836,217.0469970703125,872.9099731445312,111.51000213623047,78.70999908447266,81.37000274658203,25.56999969482422,55.189998626708984,936.6410522460938,52.130001068115234,,95.22000122070312,73.44000244140625,248.97000122070312,88.2699966430664,150.10000610351562
2024-04-02,58.63999938964844,75.04000091552734,248.64999389648438,662.719970703125,187.3300018310547,197.24000549316406,484.3299865722656,36.93000030517578,19.5,219.36839294433594,874.1199951171875,111.7300033569336,79.20999908447266,82.48999786376953,25.459999084472656,55.099998474121094,936.6410522460938,52.66999816894531,,95.22000122070312,73.68000030517578,253.67999267578125,87.98999786376953,148.27000427246094
2024-04-03,58.77000045776367,76.16999816894531,248.58999633789062,664.77001953125,188.39999389648438,197.24000549316406,485.05999755859375,37.15999984741211,19.489999771118164,218.7700958251953,875.6500244140625,111.4800033569336,80.91000366210938,83.2699966430664,25.479999542236328,55.119998931884766,936.6410522460938,52.900001525878906,,95.22000122070312,74.0199966430664,254.2100067138672,89.58999633789062,147.52999877929688
2024-04-04,59.18000030517578,78.02999877929688,249.22999572753906,661.6599731445312,188.6199951171875,197.24000549316406,489.3999938964844,37.59000015258789,19.440000534057617,219.7469024658203,870.72998046875,111.7699966430664,80.45999908447266,82.9000015258789,25.450000762939453,55.27000045776367,936.6410522460938,53.0099983215332,,95.22000122070312,74.08999633789062,255.80999755859375,91.94999694824219,148.75
2024-04-05,59.029998779296875,77.87000274658203,249.0500030517578,666.0800170898438,189.82000732421875,197.24000549316406,493.3299865722656,37.41999816894531,19.510000228881836,219.22959899902344,868.010009765625,111.69999694824219,81.06999969482422,83.43000030517578,25.469999313354492,55.279998779296875,936.6410522460938,53.38999938964844,,95.22000122070312,74.2300033569336,256.4800109863281,95.5199966430664,147.30999755859375
2024-04-08,60.209999084472656,80.52999877929688,250.75,670.3400268554688,190.0399932861328,197.24000549316406,494.1000061035156,37.209999084472656,19.559999465942383,223.96299743652344,874.6300048828125,112.54000091552734,80.37000274658203,83.91000366210938,25.399999618530273,55.09000015258789,936.6315307617188,53.41999816894531,,95.22000122070312,74.2300033569336,255.94000244140625,97.12000274658203,148.30999755859375
2024-04-09,60.54999923706055,81.01000213623047,250.74000549316406,668.489990234375,189.08999633789062,197.24000549316406,496.55999755859375,37.18000030517578,19.510000228881836,223.2642059326172,874.7999877929688,112.45999908447266,79.69000244140625,83.80000305175781,25.3799991607666,55.119998931884766,936.6315307617188,53.189998626708984,,95.22000122070312,74.19999694824219,259.0899963378906,99.58000183105469,147.8000030517578
2024-04-10,60.619998931884766,80.91999816894531,251.57000732421875,674.469970703125,190.60000610351562,197.24000549316406,498.32000732421875,37.400001525878906,19.459999084472656,223.11920166015625,879.52001953125,113.01000213623047,80.6500015258789,84.75,25.450000762939453,55.20000076293945,936.6410522460938,53.70000076293945,,95.22000122070312,74.83999633789062,261.7799987792969,99.0999984741211,148.52000427246094
2024-04-12,61.90999984741211,82.86000061035156,249.55999755859375,670.6599731445312,190.3699951171875,197.24000549316406,494.94000244140625,37.18000030517578,19.139999389648438,221.76170349121094,873.6099853515625,112.44000244140625,79.8499984741211,84.05999755859375,25.420000076293945,55.16999816894531,936.6410522460938,53.459999084472656,,95.22000122070312,74.38999938964844,261.0,98.91000366210938,149.41000366210938
2024-04-15,61.22999954223633,81.45999908447266,246.8699951171875,660.530029296875,187.60000610351562,197.24000549316406,486.7099914550781,36.56999969482422,18.940000534057617,220.02670288085938,865.1099853515625,111.26000213623047,78.31999969482422,84.12999725341797,25.389999389648438,55.29999923706055,936.6315307617188,52.61000061035156,,95.22000122070312,73.56999969482422,258.1400146484375,97.7699966430664,148.07000732421875
2024-04-16,61.88999938964844,81.83000183105469,245.52000427246094,660.9299926757812,187.55999755859375,197.24000549316406,484.4700012207031,35.63999938964844,18.940000534057617,220.25579833984375,922.9299926757812,111.2300033569336,77.2300033569336,84.55000305175781,25.389999389648438,55.27000045776367,936.6410522460938,52.58000183105469,,95.22000122070312,73.12999725341797,255.58999633789062,95.13999938964844,145.75
2024-04-18,61.959999084472656,81.79000091552734,243.94000244140625,659.719970703125,186.5399932861328,197.24000549316406,480.0799865722656,35.560001373291016,18.850000381469727,218.40699768066406,863.5900268554688,110.70999908447266,77.12000274658203,83.27999877929688,25.389999389648438,55.27000045776367,936.6410522460938,52.31999969482422,,95.22000122070312,72.68000030517578,256.6099853515625,96.16999816894531,143.97000122070312
2024-04-19,62.2400016784668,81.55000305175781,245.52999877929688,659.4299926757812,186.0800018310547,197.24000549316406,484.7900085449219,35.41999816894531,18.75,219.30760192871094,862.6400146484375,111.69999694824219,76.81999969482422,83.26000213623047,25.350000381469727,55.16999816894531,936.6410522460938,51.810001373291016,,95.22000122070312,72.52999877929688,253.10000610351562,97.11000061035156,141.6300048828125
2024-04-22,61.7400016784668,80.27999877929688,247.30999755859375,667.3900146484375,187.3000030517578,197.24000549316406,488.8999938964844,35.59000015258789,19.0,221.36099243164062,870.9000244140625,112.5,79.19999694824219,83.47000122070312,25.350000381469727,55.119998931884766,936.6315307617188,52.439998626708984,,95.22000122070312,73.26000213623047,255.25,95.88999938964844,141.66000366210938
2024-04-23,60.25,78.56999969482422,247.82000732421875,668.97998046875,188.82000732421875,197.24000549316406,488.2300109863281,35.7599983215332,18.760000228881836,222.38980102539062,875.7999877929688,113.0999984741211,79.30000305175781,84.0,25.3799991607666,55.209999084472656,936.6315307617188,53.54999923706055,,95.22000122070312,73.36000061035156,258.0299987792969,92.29000091552734,141.25
2024-04-24,60.72999954223633,79.11000061035156,247.94000244140625,673.8599853515625,190.50999450683594,197.24000549316406,490.1700134277344,35.4900016784668,18.899999618530273,222.21270751953125,876.3099975585938,113.18000030517578,79.12000274658203,84.94999694824219,25.399999618530273,55.22999954223633,936.6315307617188,53.36000061035156,,95.22000122070312,73.83000183105469,263.3299865722656,92.88999938964844,143.3000030517578
2024-04-25,60.86000061035156,79.33999633789062,249.27000427246094,677.5599975585938,191.19000244140625,197.24000549316406,493.2300109863281,35.58000183105469,19.15999984741211,225.0198974609375,882.7899780273438,113.55999755859375,81.87000274658203,85.83999633789062,25.3799991607666,55.220001220703125,936.6315307617188,53.619998931884766,,95.22000122070312,74.52999877929688,263.3800048828125,94.83000183105469,142.14999389648438
2024-04-26,61.33000183105469,79.77999877929688,248.44000244140625,682.9199829101562,192.61000061035156,197.24000549316406,490.70001220703125,35.68000030517578,19.280000686645508,224.3845977783203,881.6099853515625,113.44999694824219,81.97000122070312,86.30999755859375,25.40999984741211,55.209999084472656,936.6315307617188,53.88999938964844,,95.22000122070312,74.72000122070312,267.1400146484375,95.41000366210938,144.8300018310547
2024-04-29,61.29999923706055,79.43000030517578,250.58999633789062,684.8400268554688,192.72999572753906,197.24000549316406,502.7799987792969,35.630001068115234,19.3799991607666,224.04849243164062,886.75,113.66999816894531,83.66999816894531,86.47000122070312,25.399999618530273,55.27000045776367,936.6410522460938,54.13999938964844,,95.22000122070312,74.88999938964844,264.80999755859375,94.26000213623047,144.89999389648438
2024-04-30,60.880001068115234,78.55999755859375,250.05999755859375,690.3300170898438,194.2100067138672,197.24000549316406,502.3800048828125,35.25,19.270000457763672,228.11239624023438,888.489990234375,114.29000091552734,84.33999633789062,86.91999816894531,25.3799991607666,55.2599983215332,940.2560424804688,54.31999969482422,,95.22000122070312,74.98999786376953,267.54998779296875,96.06999969482422,144.72000122070312
2024-05-02,60.849998474121094,78.43000030517578,250.83999633789062,700.5700073242188,194.77999877929688,197.24000549316406,501.30999755859375,35.22999954223633,19.399999618530273,230.67979431152344,891.8699951171875,114.94999694824219,84.16000366210938,88.12999725341797,25.420000076293945,55.369998931884766,940.2467041015625,54.470001220703125,,95.22000122070312,75.7699966430664,275.8500061035156,96.8499984741211,143.22999572753906
2024-05-03,60.47999954223633,78.66000366210938,248.75,700.3300170898438,193.33999633789062,197.24000549316406,498.739990234375,34.939998626708984,19.420000076293945,228.73109436035156,882.489990234375,114.19000244140625,83.44999694824219,88.66999816894531,25.469999313354492,55.43000030517578,940.2560424804688,54.400001525878906,,95.22000122070312,75.70999908447266,288.0400085449219,95.26000213623047,144.13999938964844
2024-05-06,60.720001220703125,79.77999877929688,248.3699951171875,691.280029296875,193.17999267578125,197.24000549316406,497.67999267578125,35.22999954223633,19.5,228.5778045654297,876.1500244140625,114.06999969482422,80.44000244140625,87.27999877929688,25.540000915527344,55.529998779296875,940.2560424804688,54.099998474121094,,95.22000122070312,75.43000030517578,280.4700012207031,96.80000305175781,145.67999267578125
2024-05-07,60.68000030517578,80.05999755859375,247.11000061035156,680.5700073242188,189.64999389648438,197.24000549316406,492.2900085449219,35.52000045776367,19.170000076293945,224.39540100097656,862.2999877929688,114.05999755859375,78.5999984741211,84.98999786376953,25.559999465942383,55.59000015258789,940.2560424804688,53.20000076293945,,95.22000122070312,74.68000030517578,283.4599914550781,96.06999969482422,146.47999572753906
2024-05-08,60.5,79.77999877929688,247.24000549316406,688.25,190.69000244140625,197.24000549316406,489.9200134277344,35.40999984741211,19.139999389648438,227.8867950439453,872.3200073242188,114.37000274658203,79.12000274658203,86.29000091552734,25.540000915527344,55.54999923706055,940.2560424804688,53.459999084472656,,95.22000122070312,75.01000213623047,287.8500061035156,97.30999755859375,146.6199951171875
2024-05-09,60.41999816894531,80.55000305175781,243.49000549316406,675.3200073242188,187.7100067138672,197.24000549316406,484.7900085449219,35.22999954223633,18.780000686645508,229.6558074951172,855.1099853515625,113.5199966430664,78.6500015258789,83.76000213623047,25.540000915527344,55.540000915527344,940.2560424804688,53.04999923706055,,95.22000122070312,73.91999816894531,295.94000244140625,96.41000366210938,146.0500030517578
2024-05-10,61.91999816894531,83.01000213623047,244.97000122070312,681.4199829101562,189.22000122070312,197.24000549316406,485.8399963378906,34.88999938964844,18.770000457763672,231.81939697265625,859.02001953125,114.44999694824219,78.5199966430664,85.06999969482422,25.610000610351562,55.650001525878906,940.2560424804688,52.810001373291016,,95.22000122070312,74.30000305175781,316.9100036621094,95.2699966430664,147.50999450683594
2024-05-13,61.150001525878906,81.97000122070312,245.16000366210938,685.4500122070312,190.02999877929688,197.24000549316406,489.1000061035156,35.11000061035156,19.260000228881836,227.92039489746094,860.6400146484375,114.04000091552734,77.54000091552734,84.5199966430664,25.610000610351562,55.650001525878906,940.2467041015625,53.029998779296875,,95.22000122070312,74.20999908447266,329.1700134277344,94.7300033569336,147.10000610351562
2024-05-14,61.189998626708984,82.56999969482422,246.61000061035156,695.239990234375,191.85000610351562,197.24000549316406,489.80999755859375,35.11000061035156,19.18000030517578,232.0959014892578,868.3900146484375,114.7300033569336,78.27999877929688,86.01000213623047,25.610000610351562,55.619998931884766,940.2467041015625,53.58000183105469,,95.22000122070312,74.52999877929688,311.0,94.98999786376953,146.30999755859375
2024-05-15,61.709999084472656,83.08999633789062,246.4199981689453,698.969970703125,193.67999267578125,197.24000549316406,488.07000732421875,35.189998626708984,19.239999771118164,230.92970275878906,876.0900268554688,114.55999755859375,79.12000274658203,87.44999694824219,25.649999618530273,55.619998931884766,940.2467041015625,54.09000015258789,,95.22000122070312,75.06999969482422,307.510009765625,95.18000030517578,148.2100067138672
2024-05-16,62.0,84.33999633789062,248.17999267578125,704.0800170898438,194.94000244140625,197.24000549316406,490.4599914550781,35.720001220703125,19.290000915527344,232.21519470214844,884.3400268554688,115.36000061035156,78.6500015258789,87.72000122070312,25.68000030517578,55.7400016784668,940.2560424804688,54.459999084472656,,95.22000122070312,75.54000091552734,314.9100036621094,95.25,150.3300018310547
2024-05-17,61.959999084472656,84.80000305175781,248.72999572753906,714.260009765625,196.6199951171875,197.24000549316406,491.5799865722656,35.560001373291016,19.260000228881836,236.25559997558594,888.75,116.37000274658203,78.9000015258789,88.69999694824219,25.700000762939453,55.79999923706055,940.2560424804688,54.939998626708984,,95.22000122070312,75.56999969482422,312.8299865722656,95.51000213623047,149.49000549316406
2024-05-21,62.630001068115234,91.02999877929688,249.74000549316406,726.4500122070312,198.50999450683594,197.24000549316406,491.8399963378906,35.5099983215332,19.479999542236328,236.9405059814453,896.25,116.66999816894531,80.33000183105469,92.66999816894531,25.709999084472656,55.790000915527344,940.2560424804688,55.52000045776367,,95.22000122070312,76.55999755859375,310.82000732421875,95.58000183105469,150.69000244140625
2024-05-22,62.68000030517578,90.80999755859375,250.36000061035156,728.2000122070312,199.80999755859375,197.24000549316406,489.6700134277344,35.689998626708984,19.6299991607666,236.6387939453125,900.7100219726562,117.05000305175781,80.75,93.56999969482422,25.690000534057617,55.93000030517578,940.2560424804688,55.65999984741211,,95.22000122070312,77.0,319.2699890136719,95.43000030517578,150.97000122070312
2024-05-23,61.619998931884766,88.05999755859375,254.2899932861328,732.1400146484375,200.17999267578125,197.24000549316406,498.7099914550781,36.130001068115234,19.489999771118164,241.960205078125,912.47998046875,118.23999786376953,81.91000366210938,93.51000213623047,25.75,56.02000045776367,940.2560424804688,55.810001373291016,,95.22000122070312,77.44000244140625,315.42999267578125,96.05000305175781,151.97999572753906
2024-05-24,60.88999938964844,88.01000213623047,254.97999572753906,735.8599853515625,200.8800048828125,197.24000549316406,501.32000732421875,35.97999954223633,19.420000076293945,242.38600158691406,915.77001953125,118.1500015258789,82.05999755859375,94.26000213623047,25.850000381469727,55.970001220703125,940.2467041015625,55.849998474121094,,95.22000122070312,77.58000183105469,309.6300048828125,95.93000030517578,150.69000244140625
2024-05-27,61.0,88.97000122070312,254.72000122070312,736.1900024414062,201.30999755859375,197.24000549316406,503.7099914550781,36.15999984741211,19.440000534057617,242.23629760742188,915.0800170898438,117.73999786376953,82.9800033569336,93.3499984741211,25.829999923706055,56.040000915527344,940.2560424804688,56.20000076293945,,95.22000122070312,77.6500015258789,319.4800109863281,95.66000366210938,151.3800048828125
2024-05-28,61.119998931884766,91.19999694824219,254.1999969482422,730.0499877929688,200.02000427246094,197.24000549316406,503.3800048828125,36.0099983215332,19.510000228881836,241.5966033935547,907.8900146484375,117.27999877929688,82.05000305175781,91.80999755859375,25.84000015258789,56.0,940.2560424804688,55.810001373291016,,95.22000122070312,77.23999786376953,320.54998779296875,96.05000305175781,151.6999969482422
2024-05-29,61.20000076293945,92.45999908447266,252.3699951171875,725.0800170898438,199.36000061035156,197.24000549316406,497.6499938964844,35.709999084472656,19.649999618530273,241.02490234375,902.8400268554688,116.93000030517578,81.70999908447266,91.91000366210938,25.780000686645508,55.880001068115234,940.2560424804688,55.58000183105469,,95.22000122070312,76.81999969482422,314.9200134277344,95.91000366210938,151.3000030517578
2024-05-30,60.7400016784668,90.8499984741211,250.35000610351562,719.5399780273438,197.64999389648438,197.24000549316406,499.0,35.0099983215332,19.309999465942383,238.1157989501953,895.5399780273438,116.0199966430664,81.13999938964844,90.55999755859375,25.770000457763672,55.91999816894531,940.2560424804688,54.900001525878906,,95.22000122070312,75.88999938964844,307.0199890136719,94.7699966430664,150.88999938964844
2024-05-31,61.290000915527344,90.5999984741211,251.14999389648438,719.9199829101562,198.74000549316406,197.24000549316406,502.5,34.70000076293945,19.110000610351562,237.5937957763672,898.780029296875,115.55000305175781,82.23999786376953,91.7300033569336,25.84000015258789,55.939998626708984,943.575439453125,55.599998474121094,,95.22000122070312,75.9000015258789,307.260009765625,95.12000274658203,150.42999267578125
2024-06-03,60.59000015258789,88.12000274658203,258.1400146484375,750.2000122070312,206.83999633789062,197.24000549316406,522.6099853515625,34.91999816894531,19.280000686645508,243.3990020751953,949.1099853515625,116.93000030517578,89.70999908447266,98.66999816894531,25.889999389648438,55.95000076293945,943.575439453125,56.93000030517578,,95.22000122070312,78.58999633789062,309.6400146484375,94.61000061035156,150.61000061035156
2024-06-04,60.560001373291016,87.30999755859375,250.47999572753906,740.260009765625,207.35000610351562,197.24000549316406,503.1400146484375,34.7599983215332,19.15999984741211,235.2978057861328,921.9600219726562,118.47000122070312,78.79000091552734,86.94999694824219,25.690000534057617,55.70000076293945,943.575439453125,56.18000030517578,,95.22000122070312,77.98999786376953,305.94000244140625,92.77999877929688,148.77999877929688
2024-06-05,60.68000030517578,86.7699966430664,251.3000030517578,712.3499755859375,196.47999572753906,197.24000549316406,502.2699890136719,35.29999923706055,19.610000610351562,246.34649658203125,871.0999755859375,119.7300033569336,77.94999694824219,85.33000183105469,25.760000228881836,55.790000915527344,943.575439453125,54.66999816894531,,95.22000122070312,75.33999633789062,303.3500061035156,93.55000305175781,150.19000244140625
2024-06-06,61.45000076293945,88.83999633789062,252.97999572753906,726.6699829101562,200.69000244140625,197.24000549316406,503.70001220703125,36.29999923706055,19.559999465942383,247.4886016845703,884.6900024414062,119.91000366210938,79.98999786376953,87.69999694824219,25.809999465942383,56.060001373291016,943.575439453125,55.939998626708984,,95.22000122070312,76.9000015258789,308.19000244140625,94.2300033569336,154.24000549316406
2024-06-07,61.09000015258789,89.37999725341797,258.4200134277344,736.5599975585938,203.25,197.24000549316406,509.1499938964844,37.47999954223633,19.93000030517578,253.8065948486328,903.3099975585938,122.0199966430664,80.97000122070312,89.72000122070312,25.850000381469727,56.11000061035156,943.575439453125,56.75,,95.22000122070312,78.27999877929688,310.0899963378906,95.13999938964844,154.8000030517578
2024-06-10,60.130001068115234,87.33999633789062,257.94000244140625,742.9000244140625,204.72000122070312,197.24000549316406,508.80999755859375,36.939998626708984,20.079999923706055,253.82699584960938,910.4000244140625,122.12999725341797,81.63999938964844,90.41999816894531,25.809999465942383,56.09000015258789,943.575439453125,56.849998474121094,,95.22000122070312,78.19000244140625,309.5899963378906,95.38999938964844,154.3699951171875
2024-06-11,60.41999816894531,86.20999908447266,258.79998779296875,742.219970703125,206.32000732421875,197.24000549316406,508.3999938964844,36.91999816894531,20.049999237060547,256.2257080078125,915.5999755859375,122.30999755859375,81.69999694824219,91.66999816894531,25.790000915527344,55.939998626708984,943.5659790039062,57.29999923706055,,95.22000122070312,78.52999877929688,308.0799865722656,95.25,154.5399932861328
2024-06-12,60.59000015258789,86.81999969482422,259.3900146484375,747.510009765625,208.6699981689453,197.24000549316406,510.6600036621094,36.959999084472656,20.059999465942383,256.0906066894531,924.0900268554688,122.25,82.72000122070312,93.30000305175781,25.84000015258789,56.0,943.5659790039062,57.91999816894531,,95.22000122070312,78.9800033569336,307.19000244140625,94.95999908447266,156.1300048828125
2024-06-13,60.59000015258789,86.58000183105469,260.29998779296875,753.8200073242188,209.9199981689453,197.24000549316406,510.510009765625,37.279998779296875,20.1299991607666,257.8721923828125,928.3699951171875,122.55999755859375,82.5,93.41000366210938,25.8700008392334,56.16999816894531,943.575439453125,58.369998931884766,,95.22000122070312,79.37000274658203,309.1300048828125,95.01000213623047,158.92999267578125
2024-06-14,60.599998474121094,86.11000061035156,260.6499938964844,764.4000244140625,212.22999572753906,197.24000549316406,512.1400146484375,37.02000045776367,20.200000762939453,261.400390625,932.7100219726562,123.47000122070312,83.01000213623047,93.95999908447266,25.93000030517578,56.2599983215332,943.575439453125,58.970001220703125,,95.22000122070312,79.5199966430664,307.7099914550781,95.22000122070312,159.24000549316406
2024-06-18,60.33000183105469,86.26000213623047,261.55999755859375,768.8900146484375,213.4499969482422,197.24000549316406,516.4500122070312,37.130001068115234,20.15999984741211,261.3276062011719,934.3499755859375,124.01000213623047,83.18000030517578,95.18000030517578,25.90999984741211,56.20000076293945,943.5659790039062,59.33000183105469,,95.22000122070312,79.72000122070312,305.239990234375,95.33999633789062,162.02000427246094
2024-06-19,60.709999084472656,86.91999816894531,261.3800048828125,762.0999755859375,211.52000427246094,197.24000549316406,526.1599731445312,37.310001373291016,19.989999771118164,257.9444885253906,920.4600219726562,122.51000213623047,83.26000213623047,93.83999633789062,25.93000030517578,56.31999969482422,943.575439453125,58.7599983215332,,95.22000122070312,79.11000061035156,306.1199951171875,94.7300033569336,162.33999633789062
2024-06-20,61.029998779296875,88.5,261.7200012207031,762.8699951171875,213.32000732421875,197.24000549316406,530.3400268554688,37.2599983215332,19.889999389648438,256.78759765625,924.4299926757812,122.25,83.16000366210938,93.62999725341797,25.93000030517578,56.220001220703125,943.575439453125,59.31999969482422,,95.22000122070312,79.08999633789062,310.19000244140625,95.19000244140625,163.22000122070312
2024-06-21,61.529998779296875,88.69999694824219,260.8699951171875,757.5800170898438,212.9499969482422,197.24000549316406,528.6900024414062,37.58000183105469,19.8799991607666,255.00779724121094,922.6599731445312,121.61000061035156,82.5199966430664,93.18000030517578,25.940000534057617,56.27000045776367,943.575439453125,59.33000183105469,,95.22000122070312,78.97000122070312,308.3800048828125,94.69000244140625,161.66000366210938
2024-06-24,60.619998931884766,86.98999786376953,261.6600036621094,761.9400024414062,213.35000610351562,197.24000549316406,529.1599731445312,37.47999954223633,19.860000610351562,257.20941162109375,923.3099975585938,122.62999725341797,81.87000274658203,93.54000091552734,25.969999313354492,56.29999923706055,943.575439453125,59.41999816894531,,95.22000122070312,79.08000183105469,305.69000244140625,94.38999938964844,161.36000061035156
2024-06-25,60.75,86.80999755859375,263.5899963378906,759.760009765625,213.0800018310547,197.24000549316406,538.0800170898438,37.88999938964844,19.850000381469727,256.6051025390625,922.77001953125,122.26000213623047,82.0199966430664,92.91000366210938,25.959999084472656,56.220001220703125,943.575439453125,59.220001220703125,,95.22000122070312,79.05000305175781,305.8399963378906,93.94999694824219,160.27000427246094
2024-06-26,60.459999084472656,85.2699966430664,265.010009765625,759.0999755859375,212.50999450683594,197.24000549316406,540.4099731445312,37.83000183105469,19.8700008392334,254.26040649414062,930.47998046875,122.22000122070312,82.01000213623047,92.91000366210938,25.93000030517578,56.2599983215332,943.5659790039062,59.060001373291016,,95.22000122070312,79.0,304.30999755859375,92.76000213623047,162.08999633789062
2024-06-27,60.31999969482422,85.05999755859375,266.95001220703125,759.0900268554688,212.69000244140625,197.24000549316406,540.1099853515625,38.540000915527344,19.84000015258789,256.00469970703125,939.0,122.69000244140625,81.37000274658203,93.6500015258789,25.940000534057617,56.189998626708984,943.575439453125,59.25,,95.22000122070312,79.44000244140625,300.3599853515625,93.47000122070312,162.22000122070312
2024-06-28,60.630001068115234,85.9000015258789,267.4800109863281,761.0399780273438,213.58999633789062,197.24000549316406,537.2000122070312,38.599998474121094,20.079999923706055,256.0968017578125,945.5900268554688,122.80999755859375,82.05000305175781,94.36000061035156,25.959999084472656,56.25,946.9014892578125,59.58000183105469,,95.22000122070312,79.86000061035156,303.29998779296875,94.37999725341797,162.80999755859375
2024-07-01,60.54999923706055,85.58000183105469,268.29998779296875,767.8699951171875,216.0399932861328,197.24000549316406,539.280029296875,39.310001373291016,20.079999923706055,257.3434143066406,944.3099975585938,123.2300033569336,81.66999816894531,93.94000244140625,25.940000534057617,56.290000915527344,946.9014892578125,60.150001525878906,,95.22000122070312,80.30999755859375,305.07000732421875,94.62999725341797,161.94000244140625
2024-07-02,60.720001220703125,85.94999694824219,269.0299987792969,767.7899780273438,215.1199951171875,197.24000549316406,535.6799926757812,39.77000045776367,20.1200008392334,255.3824005126953,942.4600219726562,122.94000244140625,80.87000274658203,94.2300033569336,25.969999313354492,56.349998474121094,946.910888671875,59.77000045776367,,95.22000122070312,80.54000091552734,305.489990234375,95.2699966430664,162.61000061035156
2024-07-03,61.06999969482422,87.44000244140625,270.2300109863281,772.8599853515625,216.2100067138672,197.24000549316406,542.8300170898438,39.779998779296875,20.260000228881836,255.908203125,946.030029296875,123.19000244140625,80.81999969482422,95.58000183105469,25.969999313354492,56.349998474121094,946.910888671875,60.130001068115234,,95.22000122070312,80.86000061035156,304.9200134277344,97.08000183105469,163.9600067138672
2024-07-04,61.290000915527344,87.88999938964844,270.5299987792969,776.9199829101562,217.83999633789062,197.24000549316406,543.3800048828125,40.22999954223633,20.520000457763672,257.77130126953125,945.7899780273438,123.1500015258789,80.93000030517578,96.5,25.979999542236328,56.459999084472656,946.910888671875,60.540000915527344,,95.22000122070312,81.16999816894531,305.3399963378906,98.0999984741211,165.25999450683594
2024-07-05,61.47999954223633,88.68000030517578,270.5299987792969,783.1699829101562,219.58999633789062,197.24000549316406,539.5999755859375,40.2400016784668,20.84000015258789,258.6167907714844,955.010009765625,123.88999938964844,81.88999938964844,98.29000091552734,26.020000457763672,56.47999954223633,946.910888671875,61.06999969482422,,95.22000122070312,81.76000213623047,300.0,98.72000122070312,165.97000122070312
2024-07-08,61.56999969482422,89.44000244140625,270.0400085449219,783.9199829101562,219.07000732421875,197.24000549316406,537.7000122070312,40.22999954223633,20.68000030517578,257.2130126953125,958.7100219726562,124.30000305175781,81.05000305175781,99.58000183105469,26.010000228881836,56.45000076293945,946.9014892578125,60.91999816894531,,95.22000122070312,82.55000305175781,299.0799865722656,99.52999877929688,167.52999877929688
2024-07-09,61.380001068115234,89.86000061035156,271.3800048828125,787.0700073242188,219.5800018310547,197.24000549316406,538.9199829101562,40.16999816894531,20.979999542236328,262.927490234375,958.52001953125,125.31999969482422,81.88999938964844,99.86000061035156,26.010000228881836,56.47999954223633,946.9014892578125,61.06999969482422,,95.22000122070312,82.56999969482422,300.1700134277344,100.0999984741211,168.55999755859375
2024-07-10,61.540000915527344,89.69999694824219,270.9200134277344,787.260009765625,218.50999450683594,197.24000549316406,535.5,39.75,21.06999969482422,257.6398010253906,957.3200073242188,125.0199966430664,80.66000366210938,100.02999877929688,26.040000915527344,56.5099983215332,946.910888671875,60.86000061035156,,95.22000122070312,82.16000366210938,298.8699951171875,100.45999908447266,168.5800018310547
2024-07-11,61.68000030517578,90.02999877929688,270.75,789.2100219726562,218.86000061035156,197.24000549316406,536.1500244140625,39.810001373291016,20.969999313354492,257.1763916015625,944.469970703125,124.8499984741211,80.87999725341797,101.27999877929688,26.049999237060547,56.540000915527344,946.9014892578125,61.09000015258789,,95.22000122070312,82.41999816894531,298.1000061035156,101.66000366210938,169.88999938964844
2024-07-12,61.88999938964844,89.61000061035156,271.94000244140625,786.1699829101562,218.9499969482422,197.24000549316406,535.510009765625,41.61000061035156,20.940000534057617,256.03961181640625,960.1900024414062,125.13999938964844,80.48999786376953,101.33999633789062,26.079999923706055,56.5,946.910888671875,61.150001525878906,,95.22000122070312,83.66999816894531,299.010009765625,100.04000091552734,166.67999267578125
2024-07-15,61.91999816894531,89.4000015258789,273.0899963378906,792.2899780273438,219.67999267578125,197.24000549316406,538.030029296875,41.61000061035156,21.200000762939453,258.8197937011719,964.1300048828125,125.88999938964844,82.68000030517578,102.91999816894531,26.059999465942383,56.529998779296875,946.9014892578125,61.65999984741211,,95.22000122070312,84.47000122070312,299.9800109863281,101.0999984741211,168.92999267578125
2024-07-16,62.439998626708984,89.77999877929688,273.54998779296875,788.239990234375,220.13999938964844,197.24000549316406,537.3800048828125,41.790000915527344,21.170000076293945,259.4591064453125,966.510009765625,126.44000244140625,82.47000122070312,102.75,26.110000610351562,56.61000061035156,946.910888671875,61.72999954223633,,95.22000122070312,84.69000244140625,299.9200134277344,100.58999633789062,167.9499969482422
2024-07-18,62.90999984741211,89.43000030517578,275.510009765625,779.489990234375,218.5,197.24000549316406,538.47998046875,42.66999816894531,21.110000610351562,260.408203125,963.7000122070312,126.70999908447266,82.7300033569336,101.4800033569336,26.110000610351562,56.689998626708984,946.910888671875,61.06999969482422,,95.22000122070312,84.98999786376953,299.79998779296875,99.44999694824219,166.52000427246094
2024-07-19,62.40999984741211,86.91000366210938,273.2900085449219,761.4099731445312,214.05999755859375,197.24000549316406,534.9099731445312,42.61000061035156,20.81999969482422,254.21170043945312,945.0399780273438,125.73999786376953,81.4800033569336,98.41000366210938,26.139999389648438,56.72999954223633,946.910888671875,59.959999084472656,,95.22000122070312,84.62999725341797,292.54998779296875,96.9800033569336,161.9600067138672
2024-07-22,62.08000183105469,86.30000305175781,272.45001220703125,770.1799926757812,215.5500030517578,197.24000549316406,535.030029296875,42.41999816894531,21.030000686645508,257.1438903808594,945.8800048828125,126.33000183105469,81.45999908447266,99.58999633789062,26.110000610351562,56.66999816894531,946.9014892578125,60.59000015258789,,95.22000122070312,84.33000183105469,293.8800048828125,98.12999725341797,161.75999450683594
2024-07-23,60.15999984741211,83.51000213623047,272.6400146484375,764.4500122070312,215.47999572753906,197.24000549316406,530.0999755859375,42.90999984741211,21.15999984741211,257.8620910644531,940.6900024414062,127.43000030517578,80.55000305175781,98.30000305175781,26.100000381469727,56.70000076293945,946.9014892578125,60.310001373291016,,95.22000122070312,84.31999969482422,291.8999938964844,97.38999938964844,162.49000549316406
2024-07-24,59.599998474121094,82.91000366210938,271.8900146484375,766.0399780273438,217.25999450683594,197.24000549316406,526.3800048828125,42.849998474121094,21.280000686645508,257.7312927246094,943.239990234375,127.22000122070312,80.2699966430664,99.58000183105469,26.1200008392334,56.77000045776367,946.910888671875,60.90999984741211,,95.22000122070312,84.58999633789062,290.0,98.29000091552734,160.9199981689453
2024-07-25,59.369998931884766,79.87000274658203,271.9200134277344,768.530029296875,216.72999572753906,197.24000549316406,521.8200073242188,42.7599983215332,21.469999313354492,260.9700012207031,949.780029296875,127.19999694824219,79.8499984741211,100.66999816894531,26.15999984741211,56.79999923706055,946.9014892578125,60.7400016784668,,95.22000122070312,84.80999755859375,288.2200012207031,96.94999694824219,156.67999267578125
2024-07-26,59.9900016784668,79.80000305175781,276.05999755859375,782.52001953125,220.64999389648438,197.24000549316406,525.2999877929688,43.75,21.969999313354492,267.29669189453125,966.260009765625,129.3300018310547,80.87999725341797,101.8499984741211,26.25,57.099998474121094,946.9014892578125,61.77000045776367,,95.22000122070312,86.16999816894531,289.8900146484375,98.25,156.92999267578125
2024-07-29,58.779998779296875,80.36000061035156,276.67999267578125,790.1300048828125,222.35000610351562,197.24000549316406,526.9199829101562,43.709999084472656,22.09000015258789,269.07720947265625,971.9500122070312,129.57000732421875,82.91000366210938,102.69999694824219,26.25,57.060001373291016,946.9014892578125,62.38999938964844,,95.22000122070312,86.7699966430664,287.67999267578125,99.37999725341797,157.47999572753906
2024-07-30,58.349998474121094,80.0,277.1000061035156,789.22998046875,223.49000549316406,197.24000549316406,528.3200073242188,43.619998931884766,21.969999313354492,270.6429138183594,974.489990234375,129.25,82.88999938964844,104.20999908447266,26.239999771118164,57.02000045776367,946.9014892578125,62.709999084472656,,95.22000122070312,86.87000274658203,289.1499938964844,98.36000061035156,156.5399932861328
2024-07-31,58.68000030517578,81.83999633789062,277.75,794.510009765625,224.77000427246094,197.24000549316406,528.9400024414062,43.68000030517578,22.18000030517578,271.7002868652344,983.3099975585938,130.11000061035156,82.5199966430664,104.44999694824219,26.229999542236328,57.06999969482422,950.1828002929688,63.119998931884766,,95.22000122070312,87.29000091552734,290.1700134277344,98.2300033569336,156.3000030517578
2024-08-01,59.09000015258789,82.33999633789062,278.3299865722656,791.5,223.17999267578125,197.24000549316406,528.75,43.599998474121094,22.190000534057617,269.802001953125,984.6199951171875,130.17999267578125,81.7699966430664,106.16999816894531,26.260000228881836,57.16999816894531,950.1922607421875,62.599998474121094,,95.22000122070312,87.22000122070312,292.3500061035156,97.52999877929688,158.82000732421875
2024-08-02,59.66999816894531,82.04000091552734,275.69000244140625,782.8699951171875,221.19000244140625,197.24000549316406,527.1099853515625,42.59000015258789,22.34000015258789,262.3081970214844,971.5399780273438,128.42999267578125,80.4000015258789,104.51000213623047,26.31999969482422,57.34000015258789,950.1922607421875,62.220001220703125,,95.22000122070312,85.80000305175781,289.1700134277344,96.04000091552734,153.7899932861328
2024-08-05,58.7400016784668,78.94000244140625,269.4800109863281,767.489990234375,217.25999450683594,197.24000549316406,514.8200073242188,41.29999923706055,22.25,252.07440185546875,947.3099975585938,127.6500015258789,77.75,100.1500015258789,26.479999542236328,57.41999816894531,950.1828002929688,60.189998626708984,,95.22000122070312,83.41000366210938,275.4800109863281,92.54000091552734,145.0399932861328
2024-08-06,58.619998931884766,77.29000091552734,267.6099853515625,749.8200073242188,211.97999572753906,197.24000549316406,510.6400146484375,41.220001220703125,21.979999542236328,250.1811981201172,937.1699829101562,126.48999786376953,76.0999984741211,99.2300033569336,26.3700008392334,57.33000183105469,950.1922607421875,59.4900016784668,,95.22000122070312,82.76000213623047,274.0299987792969,91.16000366210938,146.8699951171875
2024-08-07,58.20000076293945,78.56999969482422,271.1000061035156,769.9400024414062,216.05999755859375,197.24000549316406,514.260009765625,41.880001068115234,22.479999542236328,254.5679931640625,954.5700073242188,128.4600067138672,77.18000030517578,103.33000183105469,26.399999618530273,57.29999923706055,950.1922607421875,60.849998474121094,,95.22000122070312,84.61000061035156,274.32000732421875,91.45999908447266,149.3699951171875
2024-08-08,58.09000015258789,77.3499984741211,269.3299865722656,767.0,216.08999633789062,197.24000549316406,513.969970703125,41.209999084472656,22.59000015258789,254.3583984375,942.1500244140625,127.91999816894531,76.66000366210938,101.48999786376953,26.40999984741211,57.349998474121094,950.1922607421875,60.79999923706055,,95.22000122070312,83.72000122070312,270.1099853515625,92.36000061035156,147.60000610351562
2024-08-09,58.65999984741211,78.69999694824219,271.5899963378906,775.0399780273438,217.6199951171875,197.24000549316406,516.989990234375,41.83000183105469,22.639999389648438,258.71630859375,947.1300048828125,129.58999633789062,77.94000244140625,103.22000122070312,26.399999618530273,57.29999923706055,950.1828002929688,61.150001525878906,,95.22000122070312,84.66999816894531,274.8900146484375,94.38999938964844,152.10000610351562
2024-08-12,59.02000045776367,79.83999633789062,271.44000244140625,772.4500122070312,217.7899932861328,197.24000549316406,518.9099731445312,41.810001373291016,22.639999389648438,258.0242919921875,945.469970703125,128.97999572753906,77.08999633789062,102.9000015258789,26.40999984741211,57.38999938964844,950.1828002929688,61.31999969482422,,95.22000122070312,84.5,274.2099914550781,92.51000213623047,151.77999877929688
2024-08-13,59.400001525878906,79.30999755859375,269.5199890136719,764.1699829101562,216.27999877929688,197.24000549316406,512.4099731445312,41.75,22.610000610351562,256.0223083496094,938.9500122070312,128.3000030517578,75.91000366210938,101.7699966430664,26.389999389648438,57.33000183105469,950.1922607421875,60.880001068115234,,95.22000122070312,83.80000305175781,274.510009765625,92.83000183105469,152.33999633789062
2024-08-14,59.61000061035156,79.62000274658203,269.3399963378906,765.1699829101562,215.08999633789062,197.24000549316406,511.3299865722656,42.459999084472656,22.440000534057617,256.18560791015625,935.719970703125,128.47000122070312,75.62999725341797,100.44000244140625,26.459999084472656,57.459999084472656,950.1922607421875,60.5099983215332,,95.22000122070312,83.87000274658203,273.8900146484375,93.91999816894531,154.83999633789062
2024-08-16,59.470001220703125,80.01000213623047,273.80999755859375,776.4600219726562,217.52000427246094,197.24000549316406,518.1799926757812,43.720001220703125,22.610000610351562,261.2992858886719,949.4299926757812,130.7100067138672,76.19999694824219,101.83999633789062,26.459999084472656,57.439998626708984,950.1922607421875,61.709999084472656,,95.22000122070312,85.44999694824219,276.9800109863281,95.31999969482422,159.39999389648438
2024-08-19,60.34000015258789,82.0,274.42999267578125,781.4099731445312,219.60000610351562,197.24000549316406,517.0399780273438,44.06999969482422,22.729999542236328,258.9754943847656,952.6300048828125,130.44000244140625,77.23999786376953,102.83000183105469,26.479999542236328,57.5,950.1828002929688,62.09000015258789,,95.22000122070312,86.19000244140625,279.4800109863281,94.44999694824219,158.6999969482422
2024-08-20,60.66999816894531,83.37000274658203,275.8299865722656,788.8900146484375,220.97999572753906,197.24000549316406,521.6599731445312,44.4900016784668,22.790000915527344,260.3132019042969,954.47998046875,130.5500030517578,78.33999633789062,102.69999694824219,26.489999771118164,57.540000915527344,950.1828002929688,62.290000915527344,,95.22000122070312,86.62000274658203,280.0799865722656,95.61000061035156,161.1300048828125
2024-08-21,60.380001068115234,82.94999694824219,276.1199951171875,791.3699951171875,222.35000610351562,197.24000549316406,520.6099853515625,44.4900016784668,23.040000915527344,261.19158935546875,957.72998046875,131.41000366210938,78.27999877929688,102.73999786376953,26.520000457763672,57.5099983215332,950.1828002929688,62.560001373291016,,95.22000122070312,86.9000015258789,279.54998779296875,95.41999816894531,160.6999969482422
2024-08-22,60.45000076293945,82.9000015258789,276.4800109863281,796.8300170898438,223.8000030517578,197.24000549316406,522.8400268554688,44.439998626708984,23.030000686645508,260.9551086425781,959.9299926757812,132.30999755859375,78.56999969482422,102.19000244140625,26.549999237060547,57.529998779296875,950.1922607421875,63.16999816894531,,95.22000122070312,87.87999725341797,281.8599853515625,95.95999908447266,161.3800048828125
2024-08-23,60.25,82.4800033569336,276.6000061035156,794.52001953125,222.77000427246094,197.24000549316406,522.469970703125,44.029998779296875,23.030000686645508,263.868896484375,962.3099975585938,132.5,78.11000061035156,102.37000274658203,26.540000915527344,57.56999969482422,950.1922607421875,62.790000915527344,,95.22000122070312,87.13999938964844,285.0299987792969,95.86000061035156,159.75
2024-08-26,60.83000183105469,84.12999725341797,278.8399963378906,798.219970703125,223.72999572753906,197.24000549316406,524.489990234375,44.540000915527344,23.020000457763672,264.7857971191406,966.1699829101562,133.02999877929688,77.95999908447266,103.62999725341797,26.690000534057617,57.4900016784668,950.1922607421875,63.130001068115234,,95.22000122070312,87.36000061035156,288.0400085449219,94.48999786376953,160.9199981689453
2024-08-27,60.54999923706055,83.98999786376953,278.70001220703125,798.8800048828125,,197.24000549316406,525.9199829101562,44.529998779296875,,264.4844055175781,965.1500244140625,,77.98999786376953,103.26000213623047,,57.540000915527344,950.1922607421875,63.38999938964844,,95.22000122070312,,290.1499938964844,94.4000015258789,160.02000427246094
2024-08-28,60.54999923706055,83.29000091552734,278.94000244140625,800.6099853515625,224.1699981689453,197.24000549316406,524.8400268554688,45.40999984741211,23.489999771118164,264.1531982421875,965.8599853515625,132.6999969482422,77.51000213623047,102.9800033569336,26.530000686645508,57.5,950.1922607421875,63.380001068115234,,95.22000122070312,87.69000244140625,286.69000244140625,94.44999694824219,160.57000732421875
2024-08-29,60.56999969482422,83.27999877929688,280.1000061035156,799.030029296875,223.60000610351562,197.24000549316406,524.7899780273438,45.5,23.3700008392334,265.5743103027344,970.1599731445312,132.77000427246094,77.66000366210938,102.75,26.530000686645508,57.790000915527344,950.1922607421875,63.11000061035156,,95.22000122070312,87.91000366210938,283.7200012207031,93.9800033569336,158.72999572753906
2024-08-30,60.65999984741211,83.06999969482422,281.0799865722656,801.7999877929688,224.75999450683594,197.24000549316406,526.72998046875,45.66999816894531,23.739999771118164,267.119384765625,974.3400268554688,133.91000366210938,77.7300033569336,103.38999938964844,26.549999237060547,57.54999923706055,953.2959594726562,63.4900016784668,,95.22000122070312,88.2699966430664,289.2300109863281,94.7699966430664,159.94000244140625
2024-09-02,60.25,80.88999938964844,281.45001220703125,802.489990234375,224.32000732421875,197.24000549316406,527.4099731445312,45.97999954223633,23.5,266.0819091796875,970.6599731445312,133.75,78.26000213623047,102.70999908447266,26.489999771118164,57.38999938964844,953.2959594726562,63.369998931884766,,95.22000122070312,88.63999938964844,287.0299987792969,94.0999984741211,159.9600067138672
2024-09-03,60.36000061035156,80.5199966430664,281.7200012207031,803.5800170898438,225.0800018310547,197.24000549316406,529.760009765625,45.77000045776367,23.510000228881836,265.7060852050781,971.2899780273438,133.4600067138672,77.81999969482422,102.29000091552734,26.5,57.459999084472656,953.2959594726562,63.5099983215332,,95.22000122070312,88.48999786376953,285.5899963378906,94.31999969482422,159.11000061035156
2024-09-04,59.83000183105469,79.38999938964844,281.2799987792969,805.530029296875,225.08999633789062,197.24000549316406,528.8599853515625,45.439998626708984,23.670000076293945,264.68170166015625,968.010009765625,133.7100067138672,76.7699966430664,100.87999725341797,26.540000915527344,57.540000915527344,953.2959594726562,63.43000030517578,,95.22000122070312,87.94999694824219,283.9100036621094,92.70999908447266,155.82000732421875
2024-09-05,60.54999923706055,81.08000183105469,280.42999267578125,803.2000122070312,225.9199981689453,197.24000549316406,529.0599975585938,45.63999938964844,23.649999618530273,263.6716003417969,963.6799926757812,133.77999877929688,77.0,99.87000274658203,26.549999237060547,57.59000015258789,953.2863159179688,63.65999984741211,,95.22000122070312,88.08000183105469,286.3699951171875,93.4000015258789,156.1300048828125
2024-09-06,60.65999984741211,81.31999969482422,277.82000732421875,795.7899780273438,223.22000122070312,197.24000549316406,520.530029296875,45.189998626708984,23.540000915527344,260.5309143066406,950.47998046875,133.2100067138672,74.33999633789062,97.98999786376953,26.59000015258789,57.560001373291016,953.2959594726562,62.81999969482422,,95.22000122070312,86.70999908447266,286.1199951171875,93.08999633789062,154.6699981689453
2024-09-09,60.15999984741211,79.7699966430664,277.67999267578125,796.0700073242188,222.47000122070312,197.24000549316406,524.47998046875,44.81999969482422,23.510000228881836,260.2008972167969,949.3400268554688,133.99000549316406,74.0999984741211,96.97000122070312,26.56999969482422,57.54999923706055,953.2863159179688,62.4900016784668,,95.22000122070312,86.45999908447266,281.57000732421875,93.7699966430664,153.72000122070312
2024-09-10,60.36000061035156,80.33999633789062,279.20001220703125,798.0999755859375,224.88999938964844,197.24000549316406,526.6599731445312,45.63999938964844,23.75,260.8236999511719,955.5599975585938,135.1300048828125,74.04000091552734,97.41000366210938,26.579999923706055,57.59000015258789,953.2959594726562,63.279998779296875,,95.22000122070312,86.87000274658203,281.9700012207031,93.22000122070312,153.4199981689453
2024-09-11,60.709999084472656,81.29000091552734,277.5400085449219,793.8099975585938,224.47000122070312,197.24000549316406,523.0599975585938,45.4900016784668,23.709999084472656,257.60089111328125,947.4000244140625,135.77000427246094,72.80000305175781,96.51000213623047,26.610000610351562,57.66999816894531,953.2959594726562,63.13999938964844,,95.22000122070312,86.30000305175781,283.1199951171875,93.19999694824219,154.39999389648438
2024-09-12,60.61000061035156,81.2300033569336,282.7099914550781,803.5599975585938,226.1699981689453,197.24000549316406,530.8499755859375,46.08000183105469,23.8700008392334,263.0985107421875,967.3800048828125,138.13999938964844,74.02999877929688,98.26000213623047,26.6299991607666,57.70000076293945,953.2863159179688,63.93000030517578,,95.22000122070312,87.73999786376953,283.55999755859375,93.80000305175781,157.4600067138672
2024-09-13,61.63999938964844,84.12000274658203,283.19000244140625,804.2899780273438,227.52999877929688,197.24000549316406,532.3400268554688,46.310001373291016,23.920000076293945,263.5155944824219,962.9199829101562,137.63999938964844,74.7300033569336,97.87999725341797,26.75,57.81999969482422,953.2959594726562,64.30000305175781,,95.22000122070312,87.9000015258789,282.95001220703125,94.31999969482422,158.47999572753906
2024-09-16,62.04999923706055,86.23999786376953,283.2699890136719,804.2899780273438,229.0800018310547,197.24000549316406,534.739990234375,46.290000915527344,23.940000534057617,263.6011047363281,964.0599975585938,137.55999755859375,74.94000244140625,98.55999755859375,26.770000457763672,57.79999923706055,953.2863159179688,64.52999877929688,,95.22000122070312,87.77999877929688,282.8800048828125,94.44000244140625,158.89999389648438
2024-09-17,61.77000045776367,85.37999725341797,283.8900146484375,803.1400146484375,228.8300018310547,197.24000549316406,535.3200073242188,46.349998474121094,23.8799991607666,264.2803039550781,969.9099731445312,138.05999755859375,74.48999786376953,98.44999694824219,26.829999923706055,57.84000015258789,953.2959594726562,64.41999816894531,,95.22000122070312,87.76000213623047,282.6700134277344,93.08999633789062,158.75999450683594
2024-09-18,61.68000030517578,84.95999908447266,283.3599853515625,800.1500244140625,227.22000122070312,197.24000549316406,540.739990234375,45.06999969482422,23.540000915527344,263.34100341796875,964.0999755859375,137.77999877929688,74.26000213623047,97.56999969482422,26.8700008392334,57.849998474121094,953.2959594726562,64.0199966430664,,95.22000122070312,86.91000366210938,281.3399963378906,93.41999816894531,157.47999572753906
2024-09-19,62.189998626708984,86.61000061035156,283.9200134277344,794.8099975585938,226.19000244140625,197.24000549316406,544.2100219726562,44.810001373291016,23.389999389648438,264.39208984375,963.9600219726562,138.83999633789062,73.80999755859375,96.9800033569336,26.8700008392334,57.869998931884766,953.2959594726562,63.91999816894531,,95.22000122070312,86.44000244140625,283.8399963378906,93.19000244140625,160.49000549316406
2024-09-20,62.43000030517578,86.4800033569336,287.1000061035156,804.5800170898438,228.27000427246094,197.24000549316406,550.6799926757812,45.08000183105469,23.43000030517578,269.3554992675781,976.22998046875,141.2100067138672,73.77999877929688,98.16999816894531,26.8799991607666,57.83000183105469,953.2959594726562,64.55000305175781,,95.22000122070312,87.19000244140625,286.20001220703125,94.12999725341797,160.44000244140625
2024-09-23,62.810001373291016,85.3499984741211,289.3399963378906,816.3800048828125,230.22999572753906,197.24000549316406,556.5700073242188,44.939998626708984,23.549999237060547,273.5408935546875,987.75,143.44000244140625,76.41000366210938,99.54000091552734,26.84000015258789,57.91999816894531,953.2959594726562,65.01000213623047,,95.22000122070312,87.9000015258789,284.5899963378906,93.94999694824219,160.9199981689453
2024-09-24,62.9900016784668,86.12999725341797,289.29998779296875,817.280029296875,230.8800048828125,197.24000549316406,554.3900146484375,45.290000915527344,23.670000076293945,274.71240234375,990.8699951171875,143.02999877929688,75.91999816894531,100.69000244140625,26.84000015258789,58.54999923706055,953.2863159179688,65.13999938964844,,95.22000122070312,88.29000091552734,297.9800109863281,94.06999969482422,161.6300048828125
2024-09-25,63.65999984741211,88.11000061035156,290.0899963378906,814.8499755859375,230.16000366210938,197.24000549316406,554.6300048828125,44.849998474121094,23.729999542236328,274.3836975097656,1001.0399780273438,142.4600067138672,75.12999725341797,101.55999755859375,26.860000610351562,58.04999923706055,953.2959594726562,64.83000183105469,,95.22000122070312,88.18000030517578,308.75,94.30000305175781,161.38999938964844
2024-09-26,63.77000045776367,88.98999786376953,291.54998779296875,819.9400024414062,230.25999450683594,197.24000549316406,557.4500122070312,45.08000183105469,23.719999313354492,280.58209228515625,997.6699829101562,143.97000122070312,75.87999725341797,101.30999755859375,26.93000030517578,58.130001068115234,953.2863159179688,64.80000305175781,,95.22000122070312,88.72000122070312,318.4700012207031,95.12000274658203,164.72000122070312
2024-09-27,63.47999954223633,88.33999633789062,291.9700012207031,825.8599853515625,229.39999389648438,197.24000549316406,553.22998046875,45.34000015258789,23.899999618530273,281.73980712890625,1000.5499877929688,143.74000549316406,76.16000366210938,101.79000091552734,26.920000076293945,58.220001220703125,953.2863159179688,64.7699966430664,,95.22000122070312,89.04000091552734,336.25,94.94999694824219,164.35000610351562
2024-09-30,63.54999923706055,88.04000091552734,288.3800048828125,821.5999755859375,228.77999877929688,197.24000549316406,544.780029296875,44.93000030517578,23.760000228881836,275.784912109375,992.8400268554688,141.80999755859375,75.3499984741211,101.3499984741211,26.889999389648438,58.18000030517578,956.7520141601562,64.4800033569336,,95.22000122070312,88.7699966430664,367.1199951171875,94.87999725341797,163.0800018310547
2024-10-01,63.59000015258789,87.66999816894531,288.2699890136719,821.8300170898438,230.25,197.24000549316406,544.3599853515625,45.290000915527344,23.790000915527344,276.3564147949219,989.989990234375,141.50999450683594,75.38999938964844,100.94000244140625,26.920000076293945,58.04999923706055,956.761474609375,64.62999725341797,,95.22000122070312,88.95999908447266,380.7699890136719,94.77999877929688,164.47000122070312
2024-10-03,63.689998626708984,88.44999694824219,282.69000244140625,807.6300048828125,226.38999938964844,197.24000549316406,534.5499877929688,45.099998474121094,23.579999923706055,268.3861999511719,968.7899780273438,139.0399932861328,74.66999816894531,99.58999633789062,26.920000076293945,57.9900016784668,956.761474609375,63.77000045776367,,95.22000122070312,88.0,389.0799865722656,93.55999755859375,162.1999969482422
2024-10-04,63.9900016784668,89.86000061035156,280.1499938964844,803.2000122070312,225.42999267578125,197.24000549316406,529.8800048828125,45.279998779296875,23.649999618530273,264.5533142089844,962.7000122070312,136.52000427246094,75.26000213623047,99.0199966430664,26.8700008392334,57.83000183105469,956.761474609375,63.2599983215332,,95.22000122070312,88.01000213623047,390.5199890136719,94.05999755859375,162.39999389648438
2024-10-07,63.810001373291016,89.43000030517578,278.010009765625,784.969970703125,219.85000610351562,197.24000549316406,521.5999755859375,45.09000015258789,23.469999313354492,263.3362121582031,944.6500244140625,135.3000030517578,72.83000183105469,95.94000244140625,26.770000457763672,57.880001068115234,956.7520141601562,61.52000045776367,,95.22000122070312,86.94000244140625,409.5799865722656,94.05999755859375,162.32000732421875
2024-10-08,63.45000076293945,87.66000366210938,279.3999938964844,796.030029296875,222.91000366210938,197.24000549316406,524.969970703125,45.22999954223633,23.799999237060547,267.7091979980469,948.8699951171875,137.4600067138672,73.30999755859375,97.18000030517578,26.809999465942383,58.040000915527344,956.7520141601562,62.790000915527344,,95.22000122070312,86.77999877929688,375.989990234375,94.33999633789062,162.58999633789062
2024-10-09,63.02000045776367,86.33000183105469,278.7200012207031,804.7000122070312,225.52999877929688,197.24000549316406,524.6400146484375,45.4900016784668,24.299999237060547,269.8918151855469,949.25,137.6199951171875,73.7300033569336,97.27999877929688,26.8799991607666,58.099998474121094,956.7520141601562,63.290000915527344,,95.22000122070312,86.73999786376953,367.8699951171875,95.48999786376953,164.05999755859375
2024-10-10,63.0099983215332,86.25,279.29998779296875,803.2999877929688,225.10000610351562,197.24000549316406,529.1900024414062,45.060001373291016,23.809999465942383,270.68798828125,948.5900268554688,137.19000244140625,73.70999908447266,98.0,26.860000610351562,58.130001068115234,956.7520141601562,63.18000030517578,,95.22000122070312,86.45999908447266,369.9100036621094,95.66000366210938,165.1999969482422
2024-10-11,63.540000915527344,87.70999908447266,278.7200012207031,804.1500244140625,225.47999572753906,197.24000549316406,526.4600219726562,45.16999816894531,24.010000228881836,269.7493896484375,947.489990234375,137.19000244140625,73.66000366210938,97.91999816894531,26.889999389648438,58.189998626708984,956.7520141601562,63.61000061035156,,95.22000122070312,86.66000366210938,381.7799987792969,97.05000305175781,164.92999267578125
2024-10-14,63.97999954223633,88.38999938964844,280.760009765625,807.010009765625,226.89999389648438,197.24000549316406,531.760009765625,45.77000045776367,24.18000030517578,270.0194091796875,952.4400024414062,137.39999389648438,73.87999725341797,97.87000274658203,26.889999389648438,58.08000183105469,956.761474609375,63.689998626708984,,95.22000122070312,87.12999725341797,359.510009765625,97.19999694824219,165.82000732421875
2024-10-15,63.86000061035156,87.62999725341797,279.8299865722656,809.4500122070312,226.69000244140625,197.24000549316406,532.7000122070312,45.72999954223633,24.030000686645508,267.76519775390625,952.3499755859375,137.5399932861328,73.8499984741211,97.51000213623047,26.8700008392334,58.15999984741211,956.7520141601562,63.79999923706055,,95.22000122070312,87.02999877929688,327.2200012207031,97.16999816894531,166.4600067138672
2024-10-16,64.44000244140625,89.26000213623047,278.5,807.8099975585938,226.91000366210938,197.24000549316406,531.6500244140625,45.22999954223633,23.950000762939453,264.3620910644531,953.9099731445312,136.6300048828125,73.66000366210938,96.87000274658203,26.8700008392334,58.20000076293945,956.7520141601562,63.709999084472656,,95.22000122070312,86.66000366210938,319.6700134277344,96.5,165.14999389648438
2024-10-17,64.44000244140625,88.58999633789062,276.69000244140625,789.9099731445312,223.4199981689453,197.24000549316406,526.9000244140625,45.619998931884766,23.739999771118164,254.9958953857422,946.1699829101562,133.3800048828125,73.33000183105469,96.05000305175781,26.850000381469727,58.18000030517578,956.7520141601562,62.63999938964844,,95.22000122070312,85.83000183105469,319.6499938964844,96.16000366210938,165.75
2024-10-18,65.18000030517578,89.80999755859375,277.5299987792969,792.989990234375,223.8800048828125,197.24000549316406,534.3099975585938,45.0,23.809999465942383,256.58221435546875,948.27001953125,132.91000366210938,74.16999816894531,96.69000244140625,26.829999923706055,58.08000183105469,956.761474609375,62.88999938964844,,95.22000122070312,85.7699966430664,330.7799987792969,96.13999938964844,165.44000244140625
2024-10-21,65.79000091552734,94.63999938964844,276.4700012207031,781.989990234375,220.52000427246094,197.24000549316406,532.5499877929688,44.4900016784668,23.540000915527344,257.64898681640625,943.969970703125,132.69000244140625,73.44000244140625,95.58000183105469,26.780000686645508,58.119998931884766,956.761474609375,61.970001220703125,,95.22000122070312,84.86000061035156,326.5,95.9800033569336,165.2899932861328
2024-10-22,65.7300033569336,94.87999725341797,273.55999755859375,759.5499877929688,215.07000732421875,197.24000549316406,526.7100219726562,44.060001373291016,23.229999542236328,251.2781982421875,925.280029296875,130.5399932861328,70.55000305175781,92.93000030517578,26.780000686645508,58.11000061035156,956.7520141601562,60.900001525878906,,95.22000122070312,83.2300033569336,324.8299865722656,95.23999786376953,165.0500030517578
2024-10-23,66.16000366210938,96.11000061035156,273.0899963378906,757.3099975585938,215.69000244140625,197.24000549316406,526.1099853515625,45.11000061035156,22.8799991607666,249.4833984375,916.7100219726562,130.30999755859375,70.87000274658203,92.25,26.799999237060547,58.0,956.7520141601562,60.5,,95.22000122070312,83.19999694824219,332.760009765625,97.66000366210938,165.85000610351562
2024-10-24,65.75,95.12000274658203,272.1199951171875,753.6699829101562,215.41000366210938,197.24000549316406,528.6199951171875,45.029998779296875,22.979999542236328,248.1925048828125,915.5999755859375,128.7899932861328,71.51000213623047,92.8499984741211,26.81999969482422,58.099998474121094,956.761474609375,60.34000015258789,,95.22000122070312,83.01000213623047,327.7699890136719,97.1500015258789,165.2899932861328
2024-10-25,65.44999694824219,92.6500015258789,270.4800109863281,744.489990234375,211.75,197.24000549316406,522.1400146484375,44.88999938964844,22.969999313354492,242.8325958251953,907.989990234375,127.79000091552734,70.0999984741211,90.76000213623047,26.799999237060547,58.189998626708984,956.761474609375,59.060001373291016,,95.22000122070312,82.12000274658203,328.1300048828125,97.16999816894531,165.86000061035156
2024-10-28,65.77999877929688,93.62999725341797,271.9700012207031,747.72998046875,212.97999572753906,197.24000549316406,526.4500122070312,45.11000061035156,23.329999923706055,244.51280212402344,906.3699951171875,128.00999450683594,72.55000305175781,90.16999816894531,26.799999237060547,58.119998931884766,956.7520141601562,59.599998474121094,,95.22000122070312,83.01000213623047,327.9599914550781,98.06999969482422,167.4199981689453
2024-10-29,66.30000305175781,95.33999633789062,273.5899963378906,752.77001953125,214.55999755859375,197.24000549316406,536.280029296875,45.06999969482422,23.079999923706055,240.6790008544922,906.72998046875,127.58999633789062,75.12000274658203,91.77999877929688,26.780000686645508,58.029998779296875,956.761474609375,60.060001373291016,,95.22000122070312,83.58000183105469,329.30999755859375,97.79000091552734,166.91000366210938
2024-10-30,67.0199966430664,95.66999816894531,272.1600036621094,749.9099731445312,,197.24000549316406,532.6400146484375,44.81999969482422,,240.73280334472656,910.6300048828125,,74.91999816894531,91.9000015258789,,58.060001373291016,956.7520141601562,60.400001525878906,,95.22000122070312,,329.70001220703125,99.04000091552734,168.67999267578125
2024-10-31,66.91999816894531,94.2699966430664,270.6400146484375,746.5900268554688,215.0,197.24000549316406,529.6400146484375,43.54999923706055,23.170000076293945,239.92770385742188,912.9600219726562,126.91999816894531,74.86000061035156,92.18000030517578,26.829999923706055,58.08000183105469,960.4661254882812,60.099998474121094,,95.22000122070312,82.61000061035156,330.5199890136719,98.20999908447266,166.27000427246094
2024-11-01,66.91999816894531,94.2699966430664,270.6400146484375,746.5900268554688,218.00999450683594,197.24000549316406,529.6400146484375,43.54999923706055,23.360000610351562,,912.9600219726562,128.47000122070312,74.86000061035156,92.18000030517578,26.84000015258789,58.08000183105469,960.4661254882812,60.099998474121094,,95.22000122070312,83.33000183105469,330.5199890136719,98.20999908447266,166.27000427246094
2024-11-04,66.0199966430664,92.25,268.4700012207031,741.010009765625,213.6999969482422,265.5,526.0700073242188,43.439998626708984,23.1200008392334,240.52000427246094,899.1500244140625,126.08999633789062,75.20999908447266,91.33000183105469,26.850000381469727,58.189998626708984,960.4661254882812,59.83000183105469,,95.22000122070312,82.08999633789062,352.1600036621094,97.05000305175781,164.02000427246094
2024-11-05,65.94000244140625,91.70999908447266,270.7900085449219,744.9600219726562,,265.5,534.9000244140625,43.470001220703125,,243.23699951171875,899.47998046875,,76.54000091552734,92.02999877929688,,58.16999816894531,960.45654296875,59.93000030517578,,95.22000122070312,,368.989990234375,97.0,164.4199981689453
2024-11-06,65.58999633789062,90.70999908447266,273.9100036621094,762.02001953125,218.9499969482422,265.5,537.8699951171875,45.130001068115234,23.31999969482422,246.27769470214844,917.4000244140625,127.87999725341797,77.7300033569336,93.9000015258789,26.8700008392334,58.209999084472656,960.45654296875,61.310001373291016,,95.22000122070312,84.1500015258789,348.29998779296875,101.26000213623047,171.5800018310547
2024-11-07,64.33000183105469,87.98999786376953,270.70001220703125,753.9000244140625,217.7899932861328,265.5,533.1199951171875,44.900001525878906,23.0,242.95640563964844,906.8800048828125,126.38999938964844,77.55000305175781,93.16999816894531,26.889999389648438,58.2599983215332,960.4661254882812,61.060001373291016,,95.22000122070312,83.7699966430664,361.5899963378906,103.01000213623047,172.1199951171875
2024-11-08,65.0,89.12999725341797,270.0299987792969,744.969970703125,214.8800048828125,265.5,529.4500122070312,45.130001068115234,22.920000076293945,242.88180541992188,902.9400024414062,126.43000030517578,76.36000061035156,91.95999908447266,26.940000534057617,58.209999084472656,960.4661254882812,60.2400016784668,,95.22000122070312,83.38999938964844,366.6700134277344,104.9000015258789,175.0
2024-11-11,64.48999786376953,88.4800033569336,269.9599914550781,747.4099731445312,213.60000610351562,265.5,532.0,45.849998474121094,22.809999465942383,242.1024932861328,897.530029296875,125.61000061035156,76.41999816894531,91.81999969482422,26.920000076293945,58.2599983215332,960.45654296875,59.779998779296875,,95.22000122070312,83.56999969482422,359.3800048828125,112.33999633789062,175.42999267578125
2024-11-12,62.84000015258789,85.86000061035156,267.17999267578125,730.8499755859375,211.47999572753906,265.5,526.030029296875,45.81999969482422,22.6299991607666,237.4044952392578,886.4600219726562,123.88999938964844,75.05000305175781,90.08999633789062,26.899999618530273,58.27000045776367,960.4661254882812,59.130001068115234,,95.22000122070312,82.41000366210938,343.7699890136719,113.87000274658203,174.86000061035156
2024-11-13,63.25,87.61000061035156,263.6400146484375,717.1599731445312,206.6999969482422,265.5,515.0499877929688,45.459999084472656,22.280000686645508,232.26429748535156,877.4199829101562,122.7300033569336,72.7300033569336,88.44000244140625,26.8799991607666,58.13999938964844,960.45654296875,57.650001525878906,,95.22000122070312,81.19000244140625,347.5400085449219,108.77999877929688,173.61000061035156
2024-11-14,61.790000915527344,84.66000366210938,263.57000732421875,720.3900146484375,207.0800018310547,265.5,516.1300048828125,45.5,22.229999542236328,233.7866973876953,875.52001953125,122.77999877929688,72.44999694824219,88.16000366210938,26.84000015258789,58.31999969482422,960.4661254882812,57.939998626708984,,95.22000122070312,80.86000061035156,338.30999755859375,111.23999786376953,174.85000610351562
2024-11-18,62.900001525878906,86.91999816894531,262.4700012207031,719.719970703125,206.61000061035156,265.5,516.8800048828125,44.459999084472656,21.940000534057617,235.09979248046875,870.2999877929688,122.7699966430664,72.69000244140625,87.58999633789062,26.8700008392334,58.31999969482422,960.4661254882812,57.939998626708984,,95.22000122070312,80.41999816894531,329.95001220703125,110.25,169.08999633789062
2024-11-19,63.720001220703125,88.81999969482422,263.07000732421875,723.5700073242188,208.49000549316406,265.5,519.1500244140625,44.79999923706055,22.239999771118164,238.37950134277344,869.22998046875,123.56999969482422,72.58999633789062,88.43000030517578,26.93000030517578,58.33000183105469,960.4661254882812,58.45000076293945,,95.22000122070312,80.55999755859375,334.1499938964844,108.43000030517578,169.2899932861328
2024-11-21,64.56999969482422,88.0999984741211,261.2900085449219,713.25,207.72999572753906,265.5,516.4099731445312,45.029998779296875,22.200000762939453,236.19810485839844,860.3800048828125,122.12999725341797,70.44000244140625,87.83999633789062,26.899999618530273,58.310001373291016,960.4661254882812,58.380001068115234,,95.22000122070312,80.13999938964844,324.5199890136719,110.06999969482422,170.5800018310547
2024-11-22,65.33000183105469,88.44000244140625,266.8599853515625,726.3300170898438,210.58999633789062,265.5,524.9199829101562,46.45000076293945,22.43000030517578,240.35870361328125,882.260009765625,124.91000366210938,72.62000274658203,89.76000213623047,26.860000610351562,58.34000015258789,960.45654296875,58.970001220703125,,95.22000122070312,82.12000274658203,322.1700134277344,110.30999755859375,172.41000366210938
2024-11-25,64.37999725341797,86.87000274658203,270.7300109863281,740.8400268554688,213.2899932861328,265.5,534.969970703125,46.970001220703125,22.6200008392334,242.01080322265625,902.52001953125,125.91999816894531,75.5199966430664,92.08999633789062,26.899999618530273,58.36000061035156,960.45654296875,60.040000915527344,,95.22000122070312,83.44000244140625,319.8599853515625,109.91000366210938,173.47999572753906
2024-11-26,63.38999938964844,86.01000213623047,270.5400085449219,742.52001953125,213.35000610351562,265.5,535.0700073242188,47.459999084472656,22.40999984741211,238.91470336914062,898.5399780273438,125.93000030517578,75.37000274658203,91.33000183105469,26.90999984741211,58.40999984741211,960.4661254882812,59.97999954223633,,95.22000122070312,83.47000122070312,323.3500061035156,108.80000305175781,172.2100067138672
2024-11-27,63.959999084472656,86.58999633789062,271.5400085449219,749.3099975585938,214.4199981689453,265.5,536.280029296875,47.400001525878906,22.290000915527344,239.9770050048828,900.5599975585938,126.7699966430664,75.41999816894531,92.25,26.93000030517578,58.400001525878906,960.4661254882812,60.25,,95.22000122070312,83.94000244140625,332.45001220703125,109.97000122070312,175.22999572753906
2024-11-28,64.04000091552734,85.1500015258789,267.67999267578125,750.1599731445312,214.1999969482422,265.5,532.969970703125,46.27000045776367,22.190000534057617,236.07350158691406,890.4500122070312,125.38999938964844,76.19999694824219,91.52999877929688,26.979999542236328,58.470001220703125,960.4661254882812,60.279998779296875,,95.22000122070312,82.72000122070312,329.3599853515625,110.36000061035156,175.4199981689453
2024-11-29,64.29000091552734,86.91999816894531,269.8800048828125,754.97998046875,215.30999755859375,265.5,533.5999755859375,46.459999084472656,22.68000030517578,238.456298828125,903.989990234375,126.45999908447266,75.62999725341797,91.62999725341797,27.020000457763672,58.540000915527344,963.7973022460938,60.439998626708984,,95.22000122070312,83.08000183105469,331.6499938964844,111.44000244140625,175.8800048828125
2024-12-02,63.7599983215332,86.04000091552734,271.3800048828125,759.9500122070312,217.02000427246094,265.5,534.3400268554688,46.7400016784668,22.93000030517578,240.80810546875,908.6500244140625,127.55000305175781,75.80999755859375,91.54000091552734,27.1299991607666,58.79999923706055,963.7973022460938,61.0099983215332,,95.22000122070312,83.27999877929688,330.7900085449219,113.69000244140625,178.3800048828125
2024-12-03,64.05999755859375,87.62999725341797,272.9800109863281,767.9400024414062,219.11000061035156,265.5,540.1599731445312,46.939998626708984,22.90999984741211,242.36419677734375,925.2000122070312,127.58000183105469,77.51000213623047,92.58000183105469,27.139999389648438,58.810001373291016,963.8070068359375,61.58000183105469,,95.22000122070312,83.98999786376953,332.6600036621094,116.5199966430664,182.17999267578125
2024-12-04,64.01000213623047,87.54000091552734,273.42999267578125,771.3800048828125,221.02999877929688,265.5,546.0,47.15999984741211,22.899999618530273,240.6446990966797,918.0999755859375,127.05999755859375,79.51000213623047,92.44999694824219,27.229999542236328,58.83000183105469,963.8070068359375,62.189998626708984,,95.22000122070312,84.0999984741211,336.70001220703125,121.62999725341797,181.63999938964844
2024-12-05,64.05999755859375,88.55000305175781,275.9200134277344,773.469970703125,221.36000061035156,265.5,548.9099731445312,48.06999969482422,22.959999084472656,242.19439697265625,923.030029296875,128.2100067138672,79.37000274658203,92.52999877929688,27.209999084472656,58.86000061035156,963.8070068359375,62.599998474121094,,95.22000122070312,84.75,335.260009765625,127.41000366210938,181.66000366210938
2024-12-06,63.9900016784668,88.48999786376953,275.8800048828125,778.5,222.97000122070312,265.5,550.1099853515625,47.959999084472656,22.899999618530273,244.4783935546875,924.469970703125,128.80999755859375,79.5199966430664,92.66999816894531,27.200000762939453,58.810001373291016,963.7973022460938,62.86000061035156,,95.22000122070312,85.16999816894531,336.3999938964844,130.17999267578125,179.85000610351562
2024-12-09,64.29000091552734,88.70999908447266,275.1400146484375,776.5,223.77999877929688,265.5,547.7899780273438,48.09000015258789,22.770000457763672,242.58360290527344,925.989990234375,127.63999938964844,79.23999786376953,92.5,27.190000534057617,58.709999084472656,963.8070068359375,63.16999816894531,,95.22000122070312,84.87999725341797,354.3900146484375,130.44000244140625,183.2100067138672
2024-12-10,64.66999816894531,90.11000061035156,274.67999267578125,780.6199951171875,224.1699981689453,265.5,549.3800048828125,48.47999954223633,22.760000228881836,242.49949645996094,921.530029296875,127.41000366210938,79.43000030517578,92.2699966430664,27.209999084472656,59.15999984741211,963.7973022460938,63.29999923706055,,95.22000122070312,85.1500015258789,356.04998779296875,131.83999633789062,188.55999755859375
2024-12-11,65.04000091552734,90.05000305175781,274.9700012207031,782.1599731445312,224.9199981689453,265.5,546.9000244140625,48.650001525878906,22.770000457763672,243.36390686035156,919.8900146484375,127.86000061035156,79.0,92.16999816894531,27.209999084472656,58.84000015258789,963.7973022460938,63.52000045776367,,95.22000122070312,85.25,351.95001220703125,130.7100067138672,192.4600067138672
2024-12-12,65.48999786376953,91.2699966430664,274.1000061035156,780.239990234375,223.75,265.5,545.7100219726562,49.029998779296875,22.700000762939453,241.4093017578125,914.5800170898438,127.16999816894531,78.19999694824219,91.44000244140625,27.18000030517578,58.70000076293945,963.8070068359375,63.2400016784668,,95.22000122070312,84.81999969482422,356.989990234375,130.57000732421875,199.80999755859375
2024-12-13,64.61000061035156,87.25,276.0799865722656,779.0599975585938,223.77999877929688,265.5,548.9299926757812,49.4900016784668,22.6299991607666,242.5576934814453,923.47998046875,128.5399932861328,77.9800033569336,91.62999725341797,27.190000534057617,58.72999954223633,963.8070068359375,63.209999084472656,,95.22000122070312,85.38999938964844,352.8900146484375,134.22999572753906,200.89999389648438
2024-12-16,64.4800033569336,87.2699966430664,275.4800109863281,781.280029296875,224.4199981689453,265.5,548.8099975585938,49.119998931884766,22.670000076293945,242.73159790039062,920.8300170898438,128.3699951171875,78.37000274658203,91.33999633789062,27.190000534057617,58.779998779296875,963.7973022460938,63.66999816894531,,95.22000122070312,85.0999984741211,348.2200012207031,133.75999450683594,207.47000122070312
2024-12-17,64.0999984741211,86.37999725341797,272.2200012207031,771.0900268554688,223.3800048828125,265.5,541.989990234375,48.869998931884766,22.540000915527344,238.92919921875,908.6199951171875,127.33999633789062,77.18000030517578,90.22000122070312,27.15999984741211,58.75,963.8070068359375,63.310001373291016,,95.22000122070312,84.12000274658203,345.5899963378906,135.57000732421875,212.92999267578125
2024-12-18,64.37999725341797,86.7300033569336,270.70001220703125,760.8900146484375,222.05999755859375,265.5,535.9000244140625,48.86000061035156,22.709999084472656,237.1280059814453,900.7100219726562,126.94000244140625,75.77999877929688,88.37000274658203,27.1299991607666,58.72999954223633,963.8070068359375,62.91999816894531,,95.22000122070312,83.44999694824219,340.760009765625,139.1699981689453,211.39999389648438
2024-12-19,63.779998779296875,84.68000030517578,268.3900146484375,754.1799926757812,221.83999633789062,265.5,530.0499877929688,48.2599983215332,23.100000381469727,235.3896026611328,893.6900024414062,126.2699966430664,75.2699966430664,87.69000244140625,27.079999923706055,58.66999816894531,963.8070068359375,62.7599983215332,,95.22000122070312,82.77999877929688,339.489990234375,136.82000732421875,207.94000244140625
2024-12-20,63.31999969482422,82.94999694824219,264.1499938964844,734.2100219726562,216.86000061035156,265.5,521.1199951171875,46.93000030517578,22.90999984741211,230.38160705566406,876.010009765625,124.5,73.16000366210938,85.80999755859375,27.079999923706055,58.65999984741211,963.8070068359375,61.08000183105469,,95.22000122070312,81.16000366210938,345.57000732421875,131.8800048828125,200.9600067138672
2024-12-23,63.970001220703125,85.48999786376953,265.6600036621094,735.77001953125,216.75999450683594,265.5,527.6199951171875,47.0099983215332,22.969999313354492,230.1490020751953,881.5,124.56999969482422,73.83999633789062,85.80999755859375,27.139999389648438,58.709999084472656,963.8070068359375,61.18000030517578,,95.22000122070312,81.45999908447266,346.3299865722656,132.57000732421875,208.89999389648438
2024-12-24,63.68000030517578,85.30000305175781,265.489990234375,736.2100219726562,216.88999938964844,265.5,526.9199829101562,46.869998931884766,22.959999084472656,231.44970703125,881.0499877929688,124.97000122070312,73.36000061035156,85.58999633789062,27.200000762939453,58.7400016784668,963.7973022460938,61.13999938964844,,95.22000122070312,81.36000061035156,351.8699951171875,134.24000549316406,212.07000732421875
2024-12-26,64.0,85.43000030517578,265.6700134277344,738.219970703125,216.9499969482422,265.5,525.530029296875,46.849998474121094,23.110000610351562,233.389404296875,883.3400268554688,125.26000213623047,73.87000274658203,85.87999725341797,27.190000534057617,58.72999954223633,963.8070068359375,61.189998626708984,,95.22000122070312,81.41999816894531,349.3699951171875,135.94000244140625,214.5
2024-12-27,64.20999908447266,85.70999908447266,266.3900146484375,733.0399780273438,216.69000244140625,265.5,527.3300170898438,46.88999938964844,23.399999618530273,235.6613006591797,879.9600219726562,125.70999908447266,73.2300033569336,85.45999908447266,27.200000762939453,58.95000076293945,963.7973022460938,61.09000015258789,,95.22000122070312,81.12999725341797,350.94000244140625,138.1199951171875,217.50999450683594
2024-12-30,64.0,84.94999694824219,264.3699951171875,727.5,216.83999633789062,265.5,524.0,47.189998626708984,23.709999084472656,232.2812957763672,872.530029296875,125.2300033569336,72.33000183105469,84.36000061035156,27.15999984741211,58.77000045776367,963.7973022460938,61.27000045776367,,95.22000122070312,80.58000183105469,341.1499938964844,136.72999572753906,215.6300048828125
2024-12-31,64.08999633789062,83.7300033569336,264.4700012207031,726.989990234375,217.4199981689453,265.5,522.7899780273438,46.63999938964844,23.84000015258789,232.95069885253906,896.0499877929688,125.5199966430664,72.66999816894531,85.29000091552734,27.229999542236328,58.7599983215332,967.6925659179688,61.27000045776367,,95.22000122070312,80.70999908447266,342.05999755859375,136.30999755859375,214.2100067138672
2025-01-01,64.3499984741211,83.8499984741211,265.5899963378906,729.5499877929688,218.50999450683594,265.5,524.9199829101562,46.540000915527344,23.8700008392334,236.064697265625,879.4600219726562,126.30000305175781,72.83000183105469,85.63999938964844,27.200000762939453,58.72999954223633,967.6925659179688,61.56999969482422,,95.22000122070312,80.76000213623047,342.4599914550781,134.5,212.41000366210938
2025-01-02,64.5999984741211,84.83999633789062,269.8900146484375,738.739990234375,220.14999389648438,265.5,528.3400268554688,47.599998474121094,23.950000762939453,245.0023956298828,894.8599853515625,128.66000366210938,73.3499984741211,87.19000244140625,27.18000030517578,58.75,967.6925659179688,61.900001525878906,,95.22000122070312,82.1500015258789,342.760009765625,133.1199951171875,210.77000427246094
2025-01-03,65.06999969482422,85.86000061035156,268.4100036621094,739.8400268554688,220.36000061035156,265.5,523.3599853515625,47.08000183105469,23.770000457763672,244.88690185546875,889.8099975585938,128.72000122070312,73.77999877929688,87.98999786376953,27.239999771118164,58.95000076293945,967.6925659179688,62.06999969482422,,95.22000122070312,81.97000122070312,344.07000732421875,141.44000244140625,210.9199981689453
2025-01-06,64.61000061035156,85.93000030517578,264.4800109863281,717.1599731445312,215.25999450683594,265.5,511.5299987792969,46.84000015258789,23.56999969482422,239.55149841308594,869.8499755859375,126.29000091552734,70.58000183105469,85.23999786376953,27.200000762939453,58.849998474121094,967.682861328125,60.41999816894531,,95.22000122070312,80.29000091552734,333.5,133.77000427246094,205.02000427246094
2025-01-07,64.7699966430664,87.06999969482422,265.1600036621094,715.7000122070312,216.44000244140625,265.5,514.4099731445312,46.66999816894531,23.6200008392334,239.54910278320312,873.0999755859375,125.8499984741211,70.91999816894531,85.83000183105469,27.299999237060547,59.02000045776367,967.6925659179688,60.90999984741211,,95.22000122070312,80.2699966430664,334.010009765625,135.63999938964844,204.08999633789062
2025-01-08,65.12000274658203,87.19999694824219,264.9200134277344,709.7999877929688,214.4199981689453,265.5,510.5199890136719,46.83000183105469,23.5,238.4058074951172,871.8599853515625,125.58000183105469,70.5999984741211,86.08999633789062,27.280000686645508,58.959999084472656,967.6925659179688,60.27000045776367,,95.22000122070312,80.41000366210938,329.5799865722656,137.2899932861328,202.41000366210938
2025-01-09,65.4000015258789,87.2699966430664,263.1499938964844,700.969970703125,212.7100067138672,265.5,507.4599914550781,46.369998931884766,23.270000457763672,237.74220275878906,864.8599853515625,125.63999938964844,69.69999694824219,85.01000213623047,27.25,59.0,967.682861328125,59.7599983215332,,95.22000122070312,79.58999633789062,327.9800109863281,135.0,201.17999267578125
2025-01-10,65.93000030517578,87.54000091552734,262.2200012207031,687.8300170898438,208.39999389648438,265.5,500.1199951171875,47.84000015258789,22.770000457763672,234.81019592285156,855.4299926757812,124.37999725341797,67.86000061035156,83.05999755859375,27.239999771118164,58.97999954223633,967.6925659179688,58.56999969482422,,95.22000122070312,79.3499984741211,321.1499938964844,134.8800048828125,197.88999938964844
2025-01-13,66.25,87.29000091552734,258.3999938964844,660.9099731445312,200.50999450683594,265.5,493.8299865722656,47.38999938964844,22.299999237060547,228.3256072998047,834.0900268554688,121.0199966430664,65.58999633789062,80.2699966430664,27.09000015258789,58.720001220703125,967.6925659179688,56.25,,95.22000122070312,77.77999877929688,311.75,131.05999755859375,189.5500030517578
2025-01-14,66.04000091552734,86.2699966430664,259.260009765625,674.6199951171875,204.19000244140625,265.5,500.6099853515625,46.279998779296875,22.65999984741211,232.9210968017578,841.8300170898438,120.94000244140625,68.51000213623047,82.47000122070312,27.139999389648438,58.720001220703125,967.682861328125,57.54999923706055,,95.22000122070312,78.3499984741211,318.6199951171875,132.25999450683594,192.94000244140625
2025-01-15,66.26000213623047,87.31999969482422,259.5799865722656,680.27001953125,205.2100067138672,265.5,500.6400146484375,46.52000045776367,22.43000030517578,231.6927947998047,850.1500244140625,121.68000030517578,68.5199966430664,83.29000091552734,27.170000076293945,58.88999938964844,967.6925659179688,57.86000061035156,,95.22000122070312,78.83000183105469,323.45001220703125,132.07000732421875,191.33999633789062
2025-01-16,66.58999633789062,88.94999694824219,260.7200012207031,689.3200073242188,207.5800018310547,265.5,505.010009765625,46.27000045776367,22.3700008392334,233.20579528808594,859.22998046875,121.86000061035156,70.36000061035156,84.55000305175781,27.290000915527344,59.099998474121094,967.682861328125,58.369998931884766,,95.22000122070312,79.0999984741211,331.05999755859375,131.75999450683594,200.49000549316406
2025-01-17,66.66000366210938,87.6500015258789,259.7699890136719,695.8300170898438,207.8800048828125,265.5,497.32000732421875,45.5,22.5,232.48899841308594,868.6099853515625,122.36000061035156,70.16000366210938,85.8499984741211,27.299999237060547,59.2400016784668,967.6925659179688,58.56999969482422,,95.22000122070312,79.06999969482422,330.1099853515625,135.32000732421875,204.8000030517578
2025-01-20,66.58999633789062,87.7300033569336,261.2900085449219,696.5700073242188,209.32000732421875,265.5,505.80999755859375,45.63999938964844,22.6299991607666,231.26820373535156,874.030029296875,122.08000183105469,71.48999786376953,86.93000030517578,27.31999969482422,59.15999984741211,967.6925659179688,59.08000183105469,,95.22000122070312,79.30999755859375,340.2300109863281,134.0500030517578,211.66000366210938
2025-01-21,66.94999694824219,87.80999755859375,257.9100036621094,678.2999877929688,205.3300018310547,265.5,498.82000732421875,45.04999923706055,22.3700008392334,227.5084991455078,858.989990234375,119.93000030517578,70.06999969482422,85.80999755859375,27.31999969482422,59.09000015258789,967.6925659179688,57.810001373291016,,95.22000122070312,78.45999908447266,339.6600036621094,136.08999633789062,206.4600067138672
2025-01-22,67.62000274658203,88.61000061035156,258.8500061035156,672.25,202.69000244140625,265.5,500.5899963378906,45.939998626708984,22.440000534057617,227.21299743652344,856.8200073242188,119.68000030517578,69.30000305175781,84.2699966430664,27.360000610351562,59.15999984741211,967.682861328125,56.91999816894531,,95.22000122070312,78.55999755859375,332.760009765625,142.57000732421875,212.80999755859375
2025-01-23,67.43000030517578,87.8499984741211,259.510009765625,679.0,206.25999450683594,265.5,499.3800048828125,46.75,22.790000915527344,229.70570373535156,858.780029296875,120.88999938964844,69.41999816894531,84.51000213623047,27.399999618530273,59.25,967.682861328125,58.029998779296875,,95.22000122070312,78.52999877929688,333.9200134277344,137.42999267578125,217.11000061035156
2025-01-24,67.7699966430664,88.66999816894531,258.19000244140625,668.3400268554688,202.8699951171875,265.5,496.1700134277344,46.93000030517578,22.329999923706055,226.1566925048828,852.8800048828125,119.66999816894531,68.52999877929688,83.69000244140625,27.420000076293945,59.34000015258789,967.6925659179688,57.16999816894531,,95.22000122070312,78.5,342.75,141.3300018310547,220.7899932861328
2025-01-27,67.69000244140625,87.58999633789062,255.69000244140625,649.719970703125,197.1199951171875,265.5,494.1199951171875,45.380001068115234,21.719999313354492,224.10760498046875,839.0900268554688,118.66999816894531,67.66999816894531,81.73999786376953,27.440000534057617,59.290000915527344,967.682861328125,55.619998931884766,,95.22000122070312,76.87000274658203,353.9200134277344,136.2100067138672,209.7899932861328
2025-01-28,67.58000183105469,87.0999984741211,257.3299865722656,651.510009765625,195.5800018310547,265.5,501.42999267578125,45.13999938964844,21.25,227.1011962890625,840.5399780273438,118.97000122070312,69.44999694824219,80.72000122070312,27.520000457763672,59.369998931884766,967.6925659179688,55.25,,95.22000122070312,76.52999877929688,350.8999938964844,128.60000610351562,200.89999389648438
2025-01-29,67.86000061035156,88.01000213623047,259.3800048828125,664.3699951171875,200.4499969482422,265.5,504.1099853515625,46.349998474121094,21.610000610351562,230.38490295410156,844.989990234375,120.04000091552734,69.55000305175781,82.19000244140625,27.479999542236328,59.33000183105469,967.6925659179688,56.9900016784668,,95.22000122070312,77.44999694824219,356.05999755859375,133.0,207.8699951171875
2025-01-30,68.08999633789062,89.5,260.2200012207031,664.989990234375,200.64999389648438,265.5,506.44000244140625,45.79999923706055,21.850000381469727,229.46640014648438,851.280029296875,120.83000183105469,69.43000030517578,83.87999725341797,27.469999313354492,59.36000061035156,967.6925659179688,56.4900016784668,,95.22000122070312,77.81999969482422,353.30999755859375,133.14999389648438,206.89999389648438
2025-01-31,69.08000183105469,90.66999816894531,263.0,676.9099731445312,204.3800048828125,265.5,508.3800048828125,45.959999084472656,21.889999389648438,233.25770568847656,864.219970703125,122.80999755859375,70.41000366210938,86.48999786376953,27.530000686645508,59.36000061035156,972.4989624023438,57.56999969482422,,95.22000122070312,79.05000305175781,350.3999938964844,134.8300018310547,206.3699951171875
2025-02-01,68.94999694824219,90.11000061035156,262.1300048828125,678.72998046875,203.6199951171875,252.5561065673828,508.42999267578125,45.41999816894531,21.760000228881836,237.72239685058594,854.72998046875,126.86000061035156,69.08000183105469,83.81999969482422,27.489999771118164,59.20000076293945,972.4893188476562,57.36000061035156,,151.74789428710938,79.23999786376953,353.7099914550781,135.47999572753906,206.5800018310547
2025-02-03,69.63999938964844,90.52999877929688,261.4700012207031,669.6599731445312,201.44000244140625,265.5,505.8399963378906,45.630001068115234,21.809999465942383,237.94000244140625,839.3599853515625,126.55999755859375,68.13999938964844,81.37999725341797,27.559999465942383,59.40999984741211,972.4893188476562,56.84000015258789,,95.22000122070312,77.48999786376953,351.239990234375,134.32000732421875,203.38999938964844
2025-02-04,70.08000183105469,91.08999633789062,265.04998779296875,680.3900146484375,203.58999633789062,265.5,513.8800048828125,46.220001220703125,22.1299991607666,240.05999755859375,856.719970703125,126.2699966430664,69.54000091552734,83.44999694824219,27.510000228881836,59.38999938964844,972.4893188476562,57.689998626708984,,95.22000122070312,78.68000030517578,361.4700012207031,136.47000122070312,207.02999877929688
2025-02-05,71.56999969482422,93.02999877929688,265.25,684.5499877929688,205.3800048828125,265.5,516.0900268554688,46.2400016784668,22.309999465942383,239.87559509277344,860.4299926757812,125.23999786376953,70.30999755859375,84.31999969482422,27.559999465942383,59.41999816894531,972.4989624023438,58.09000015258789,,95.22000122070312,78.69999694824219,360.0400085449219,138.10000610351562,209.4499969482422
2025-02-06,71.43000030517578,91.83999633789062,264.3699951171875,679.3800048828125,203.0399932861328,265.5,516.989990234375,46.40999984741211,22.479999542236328,237.64849853515625,853.6500244140625,123.33999633789062,69.81999969482422,82.94000244140625,27.56999969482422,59.45000076293945,972.4989624023438,57.459999084472656,,95.22000122070312,78.33999633789062,364.7099914550781,140.39999389648438,209.19000244140625
2025-02-07,71.54000091552734,92.7300033569336,263.75,679.7100219726562,203.39999389648438,265.5,514.530029296875,46.31999969482422,22.489999771118164,239.2899932861328,853.4099731445312,123.9800033569336,69.0,82.79000091552734,27.549999237060547,59.400001525878906,972.4989624023438,57.470001220703125,,95.22000122070312,77.76000213623047,371.7799987792969,141.5,209.32000732421875
2025-02-10,72.5199966430664,92.94999694824219,261.8999938964844,667.3099975585938,199.42999267578125,265.5,513.3300170898438,45.93000030517578,22.149999618530273,235.74429321289062,844.1699829101562,122.12000274658203,68.30000305175781,80.62999725341797,27.510000228881836,59.5099983215332,972.4989624023438,56.29999923706055,,95.22000122070312,77.12000274658203,383.1300048828125,143.02000427246094,207.91000366210938
2025-02-11,71.9800033569336,91.37000274658203,258.54998779296875,650.3800048828125,193.36000061035156,265.5,507.55999755859375,45.25,21.700000762939453,230.24960327148438,829.5499877929688,119.93000030517578,66.87999725341797,79.01000213623047,27.530000686645508,59.41999816894531,972.4893188476562,54.59000015258789,,95.22000122070312,75.4000015258789,377.9100036621094,140.9499969482422,208.3699951171875
2025-02-12,71.47000122070312,91.29000091552734,258.2699890136719,650.75,193.27999877929688,265.5,508.30999755859375,45.0,21.610000610351562,228.5529022216797,829.1199951171875,119.51000213623047,67.4000015258789,78.37999725341797,27.540000915527344,59.45000076293945,972.4893188476562,54.47999954223633,,95.22000122070312,75.48999786376953,389.07000732421875,143.27999877929688,207.17999267578125
2025-02-13,71.87000274658203,92.75,258.1700134277344,651.9400024414062,193.58999633789062,265.5,506.70001220703125,44.599998474121094,21.950000762939453,227.90829467773438,842.0,119.33999633789062,66.66999816894531,78.7699966430664,27.530000686645508,59.31999969482422,972.4989624023438,54.59000015258789,,95.22000122070312,75.87000274658203,387.8900146484375,141.89999389648438,206.77999877929688
2025-02-14,72.22000122070312,94.70999908447266,256.95001220703125,637.510009765625,189.3800048828125,265.5,504.55999755859375,44.59000015258789,21.31999969482422,225.10650634765625,817.9099731445312,118.16000366210938,65.43000030517578,76.5999984741211,27.559999465942383,59.459999084472656,972.4989624023438,53.29999923706055,,95.22000122070312,74.52999877929688,414.6000061035156,141.72999572753906,205.44000244140625
2025-02-17,71.6500015258789,92.86000061035156,257.1099853515625,635.6500244140625,189.64999389648438,265.5,506.1499938964844,44.279998779296875,21.510000228881836,223.90660095214844,819.1699829101562,117.27999877929688,65.55000305175781,77.45999908447266,27.559999465942383,59.560001373291016,972.4989624023438,53.4900016784668,,95.22000122070312,74.66999816894531,415.79998779296875,143.89999389648438,205.35000610351562
2025-02-18,71.9800033569336,93.20999908447266,256.8399963378906,636.8800048828125,189.27000427246094,265.5,503.79998779296875,44.70000076293945,21.389999389648438,222.5655975341797,822.5800170898438,117.05000305175781,65.16000366210938,78.12999725341797,27.540000915527344,59.58000183105469,972.4989624023438,53.38999938964844,,95.22000122070312,74.6500015258789,432.8699951171875,144.3300018310547,204.11000061035156
2025-02-19,72.7300033569336,94.55999755859375,256.8900146484375,643.9400024414062,192.14999389648438,265.5,509.5299987792969,44.220001220703125,21.280000686645508,222.46510314941406,825.7899780273438,117.05999755859375,66.2699966430664,78.91999816894531,27.540000915527344,59.529998779296875,972.4989624023438,54.20000076293945,,95.22000122070312,74.51000213623047,433.44000244140625,150.05999755859375,206.24000549316406
2025-02-20,72.48999786376953,94.55999755859375,256.8500061035156,653.219970703125,193.33999633789062,265.5,506.8500061035156,44.08000183105469,21.200000762939453,225.17149353027344,834.0399780273438,117.95999908447266,67.37999725341797,80.8499984741211,27.56999969482422,59.5099983215332,972.4893188476562,54.869998931884766,,95.22000122070312,75.31999969482422,409.1499938964844,143.52999877929688,204.61000061035156
2025-02-21,72.08000183105469,94.05999755859375,255.52999877929688,647.2100219726562,191.6999969482422,265.5,502.5199890136719,43.72999954223633,20.780000686645508,219.3751983642578,826.4099731445312,116.69000244140625,66.19000244140625,79.94999694824219,27.59000015258789,59.459999084472656,972.4989624023438,54.130001068115234,,95.22000122070312,75.1500015258789,415.1300048828125,143.30999755859375,203.24000549316406
2025-02-24,72.5999984741211,93.20999908447266,252.8699951171875,639.760009765625,189.97000122070312,265.5,499.6199951171875,42.5099983215332,20.799999237060547,219.84629821777344,815.1500244140625,116.16999816894531,66.06999969482422,78.91000366210938,27.579999923706055,59.529998779296875,972.4893188476562,53.68000030517578,,95.22000122070312,74.05000305175781,427.3699951171875,141.38999938964844,197.27999877929688
2025-02-25,72.75,92.91000366210938,252.75,634.8400268554688,189.25,265.5,498.489990234375,42.16999816894531,20.65999984741211,220.9665069580078,811.1599731445312,116.88999938964844,65.30000305175781,78.26000213623047,27.610000610351562,59.599998474121094,972.4893188476562,53.34000015258789,,95.22000122070312,73.58999633789062,421.9200134277344,135.80999755859375,193.1999969482422
2025-02-27,71.87999725341797,91.97000122070312,252.55999755859375,629.1099853515625,187.0500030517578,265.5,499.9800109863281,42.0099983215332,20.579999923706055,217.62730407714844,808.1599731445312,116.01000213623047,64.62999725341797,77.70999908447266,27.579999923706055,59.66999816894531,972.4989624023438,52.689998626708984,,95.22000122070312,73.04000091552734,441.6000061035156,133.44000244140625,195.0
2025-02-28,71.0999984741211,90.45999908447266,248.4499969482422,612.0800170898438,183.02000427246094,265.5,496.7200012207031,40.22999954223633,20.219999313354492,209.09579467773438,794.5499877929688,112.72000122070312,62.970001220703125,76.55999755859375,27.6200008392334,60.25,976.0646362304688,51.54999923706055,,95.22000122070312,71.05999755859375,421.44000244140625,126.51000213623047,183.92999267578125
2025-03-03,71.36000061035156,91.41000366210938,248.0500030517578,616.280029296875,183.02999877929688,265.5,493.67999267578125,40.560001373291016,20.280000686645508,209.49569702148438,795.760009765625,112.80999755859375,62.709999084472656,76.83000183105469,27.600000381469727,59.630001068115234,976.054931640625,51.5,,95.22000122070312,71.18000030517578,431.3800048828125,130.61000061035156,187.6300048828125
2025-03-04,72.41999816894531,92.52999877929688,247.49000549316406,620.3599853515625,183.0,265.5,495.6099853515625,40.36000061035156,20.200000762939453,206.7523956298828,796.2899780273438,112.47000122070312,63.709999084472656,77.6500015258789,27.59000015258789,59.7400016784668,976.054931640625,51.52000045776367,,95.22000122070312,71.4800033569336,439.3800048828125,125.73999786376953,182.92999267578125
2025-03-05,72.2699966430664,93.29000091552734,250.47999572753906,636.1400146484375,187.82000732421875,265.5,497.3599853515625,41.209999084472656,20.540000915527344,212.12939453125,814.5499877929688,114.4000015258789,65.3499984741211,80.11000061035156,27.579999923706055,59.779998779296875,976.054931640625,52.779998779296875,,95.22000122070312,72.83999633789062,443.0199890136719,126.68000030517578,183.72000122070312
2025-03-06,71.88999938964844,93.5199966430664,252.75,643.9400024414062,189.00999450683594,265.5,499.6700134277344,41.25,20.81999969482422,213.78919982910156,826.2100219726562,115.45999908447266,65.94000244140625,81.44999694824219,27.6200008392334,59.900001525878906,976.0646362304688,52.9900016784668,,95.22000122070312,73.5999984741211,436.3999938964844,126.87999725341797,186.5800018310547
2025-03-07,72.20999908447266,94.08999633789062,252.83999633789062,641.0900268554688,188.61000061035156,265.5,498.3999938964844,40.91999816894531,20.790000915527344,214.29730224609375,825.989990234375,115.0199966430664,65.83000183105469,81.04000091552734,27.65999984741211,59.90999984741211,976.0646362304688,52.84000015258789,,95.22000122070312,73.62000274658203,445.80999755859375,124.06999969482422,186.74000549316406
2025-03-10,72.16999816894531,94.0999984741211,251.75,631.3900146484375,185.8000030517578,265.5,494.70001220703125,40.72999954223633,20.670000076293945,211.6750030517578,821.1400146484375,113.91999816894531,64.7300033569336,80.25,27.649999618530273,59.810001373291016,976.0646362304688,52.0099983215332,,95.22000122070312,73.04000091552734,435.94000244140625,119.20999908447266,187.24000549316406
2025-03-11,72.08000183105469,93.6500015258789,252.0800018310547,634.77001953125,185.9199981689453,265.5,491.5199890136719,40.34000015258789,20.729999542236328,210.95840454101562,823.8900146484375,114.19999694824219,64.76000213623047,80.80999755859375,27.649999618530273,59.7599983215332,976.054931640625,52.5099983215332,,95.22000122070312,72.87999725341797,438.6499938964844,114.9000015258789,181.39999389648438
2025-03-12,72.31999969482422,94.97000122070312,251.74000549316406,634.6099853515625,185.6300048828125,265.5,493.17999267578125,39.15999984741211,20.8700008392334,211.9873046875,822.8200073242188,114.38999938964844,63.869998931884766,80.9800033569336,27.68000030517578,59.79999923706055,976.0646362304688,52.029998779296875,,95.22000122070312,72.54000091552734,437.010009765625,113.38999938964844,179.25
2025-03-13,72.81999969482422,95.20999908447266,251.05999755859375,631.0800170898438,184.0800018310547,265.5,493.17999267578125,38.970001220703125,20.809999465942383,209.64520263671875,819.47998046875,113.79000091552734,64.16000366210938,81.23999786376953,27.75,59.849998474121094,976.0646362304688,51.650001525878906,,95.22000122070312,72.47000122070312,419.7099914550781,114.3499984741211,175.97999572753906
2025-03-17,73.52999877929688,96.4800033569336,252.17999267578125,635.5399780273438,185.80999755859375,265.5,495.8599853515625,38.970001220703125,21.1299991607666,211.54739379882812,821.7899780273438,114.05000305175781,64.0,81.62000274658203,27.729999542236328,59.83000183105469,976.054931640625,52.040000915527344,,95.22000122070312,72.11000061035156,435.55999755859375,115.2300033569336,180.77000427246094
2025-03-18,73.52999877929688,96.4800033569336,252.17999267578125,635.5399780273438,189.72999572753906,265.5,495.8599853515625,38.970001220703125,21.459999084472656,216.5803985595703,821.7899780273438,116.11000061035156,64.0,81.62000274658203,27.719999313354492,59.83000183105469,976.054931640625,52.040000915527344,,95.22000122070312,73.48999786376953,435.55999755859375,115.2300033569336,180.77000427246094
2025-03-19,74.25,96.41000366210938,256.70001220703125,662.989990234375,194.39999389648438,265.5,510.75,39.08000183105469,21.559999465942383,217.44110107421875,841.3900146484375,116.94000244140625,66.9800033569336,84.44000244140625,27.75,59.93000030517578,976.0646362304688,54.56999969482422,,95.22000122070312,73.66999816894531,434.7099914550781,117.55000305175781,182.07000732421875
2025-03-20,74.48999786376953,95.83999633789062,259.32000732421875,666.9600219726562,194.5500030517578,265.5,513.3200073242188,39.68000030517578,21.760000228881836,220.53439331054688,855.2100219726562,118.95999908447266,67.02999877929688,84.91999816894531,27.81999969482422,59.970001220703125,976.0646362304688,54.880001068115234,,95.22000122070312,74.63999938964844,426.2200012207031,121.2699966430664,187.2100067138672
2025-03-21,73.94999694824219,94.18000030517578,261.0899963378906,671.8300170898438,197.7100067138672,265.5,518.0999755859375,39.70000076293945,22.049999237060547,221.8881072998047,864.8699951171875,119.58999633789062,68.23999786376953,86.41999816894531,27.809999465942383,60.099998474121094,976.0646362304688,55.65999984741211,,95.22000122070312,75.08000183105469,415.6300048828125,122.12000274658203,185.38999938964844
2025-03-24,73.0,94.18000030517578,264.8999938964844,680.5599975585938,200.00999450683594,265.5,529.719970703125,40.25,22.18000030517578,223.7469940185547,877.4199829101562,119.4800033569336,70.30999755859375,88.2699966430664,27.84000015258789,60.040000915527344,976.0646362304688,56.40999984741211,,95.22000122070312,76.33000183105469,409.2099914550781,122.5199966430664,188.11000061035156
2025-03-25,73.2300033569336,94.56999969482422,264.7300109863281,670.719970703125,197.99000549316406,265.5,528.7899780273438,40.75,21.959999084472656,221.69500732421875,872.719970703125,118.7300033569336,68.9800033569336,87.44000244140625,27.899999618530273,60.08000183105469,976.0646362304688,55.81999969482422,,95.22000122070312,76.05999755859375,390.6400146484375,123.05999755859375,187.6199951171875
2025-03-26,73.25,95.73999786376953,262.8999938964844,667.8900146484375,196.83999633789062,265.5,524.6799926757812,40.400001525878906,21.770000457763672,221.79849243164062,869.280029296875,118.11000061035156,68.12000274658203,86.36000061035156,27.920000076293945,60.09000015258789,976.054931640625,55.400001525878906,,95.22000122070312,75.44000244140625,405.30999755859375,121.62999725341797,184.74000549316406
2025-03-27,73.80000305175781,95.9000015258789,263.7300109863281,676.25,197.57000732421875,265.5,528.6799926757812,40.41999816894531,21.68000030517578,219.45550537109375,872.8499755859375,118.58999633789062,69.8499984741211,87.2699966430664,27.979999542236328,60.13999938964844,976.054931640625,55.619998931884766,,95.22000122070312,75.72000122070312,404.8399963378906,120.55000305175781,183.42999267578125
2025-03-28,74.16000366210938,97.5999984741211,263.2099914550781,672.0800170898438,197.3000030517578,265.5,528.989990234375,39.77000045776367,21.530000686645508,217.23280334472656,875.0900268554688,118.16000366210938,69.44000244140625,87.06999969482422,28.079999923706055,60.290000915527344,980.072998046875,55.529998779296875,,95.22000122070312,75.55999755859375,396.0899963378906,119.48999786376953,181.4499969482422
2025-04-01,76.72000122070312,96.72000122070312,259.6000061035156,667.8499755859375,195.02000427246094,265.5,521.8599853515625,38.86000061035156,21.200000762939453,216.61390686035156,864.969970703125,117.61000061035156,69.38999938964844,86.38999938964844,28.270000457763672,60.61000061035156,980.0631713867188,55.0099983215332,,95.22000122070312,74.58000183105469,393.57000732421875,117.55999755859375,180.27999877929688
2025-04-02,76.2300033569336,96.8499984741211,261.6400146484375,675.530029296875,197.58999633789062,265.5,526.4299926757812,39.209999084472656,21.350000381469727,218.38070678710938,871.469970703125,119.4000015258789,69.97000122070312,86.04000091552734,28.239999771118164,60.88999938964844,980.0631713867188,55.869998931884766,,95.22000122070312,75.22000122070312,393.94000244140625,116.37999725341797,181.6199951171875
2025-04-03,75.8499984741211,93.29000091552734,260.4599914550781,675.7000122070312,197.36000061035156,265.5,528.8499755859375,37.619998931884766,21.899999618530273,215.88600158691406,874.5599975585938,119.45999908447266,71.30999755859375,87.26000213623047,28.229999542236328,60.630001068115234,980.072998046875,55.97999954223633,,95.22000122070312,74.47000122070312,382.1300048828125,115.45999908447266,180.32000732421875
2025-04-04,74.98999786376953,89.72000122070312,257.1600036621094,658.5,192.5800018310547,265.5,528.97998046875,36.38999938964844,21.040000915527344,210.0666046142578,852.1500244140625,118.5,69.73999786376953,84.5199966430664,28.290000915527344,61.06999969482422,980.072998046875,54.45000076293945,,95.22000122070312,72.54000091552734,370.8900146484375,113.5,174.9499969482422
2025-04-07,73.83000183105469,87.02999877929688,249.10000610351562,640.0,187.60000610351562,265.5,513.4600219726562,35.84000015258789,20.709999084472656,202.1381072998047,821.0499877929688,117.5,67.61000061035156,82.0,28.270000457763672,61.0099983215332,980.0631713867188,52.5099983215332,,95.22000122070312,72.47000122070312,348.04998779296875,110.2300033569336,163.4199981689453
2025-04-08,73.68000030517578,87.44000244140625,252.72000122070312,651.0900268554688,189.3000030517578,265.5,518.6300048828125,35.97999954223633,20.739999771118164,205.4248046875,838.4500122070312,117.62000274658203,69.5199966430664,84.08999633789062,28.239999771118164,60.939998626708984,980.0631713867188,53.470001220703125,,95.22000122070312,72.37000274658203,359.739990234375,104.63999938964844,164.25
2025-04-09,74.88999938964844,87.97000122070312,251.02999877929688,649.8200073242188,188.19000244140625,265.5,516.1099853515625,35.20000076293945,20.43000030517578,205.44630432128906,833.8499755859375,118.76000213623047,67.83000183105469,83.55999755859375,28.329999923706055,61.09000015258789,980.072998046875,53.189998626708984,,95.22000122070312,71.88999938964844,369.19000244140625,106.76000213623047,163.3300018310547
2025-04-11,77.9000015258789,90.37000274658203,255.97000122070312,658.3200073242188,191.60000610351562,265.5,522.8400268554688,35.45000076293945,20.889999389648438,209.60479736328125,853.27001953125,120.16999816894531,68.69999694824219,86.08999633789062,28.420000076293945,61.290000915527344,980.072998046875,54.220001220703125,,95.22000122070312,72.72000122070312,376.7699890136719,105.62000274658203,167.0500030517578
2025-04-15,77.66000366210938,92.22000122070312,260.8699951171875,677.2899780273438,197.52000427246094,265.5,536.280029296875,35.95000076293945,21.31999969482422,216.7093963623047,873.3599853515625,122.13999938964844,69.55999755859375,87.38999938964844,28.399999618530273,61.11000061035156,980.072998046875,55.75,,95.22000122070312,73.88999938964844,389.07000732421875,115.51000213623047,167.9499969482422
2025-04-16,79.2300033569336,93.80000305175781,261.9100036621094,681.3900146484375,198.85000610351562,265.5,543.7999877929688,35.970001220703125,21.280000686645508,215.7863006591797,875.3300170898438,122.81999969482422,71.38999938964844,87.8499984741211,28.440000534057617,61.290000915527344,980.072998046875,56.119998931884766,,95.22000122070312,74.37999725341797,380.42999267578125,117.0,165.1300048828125
2025-04-17,79.52999877929688,92.16000366210938,266.5400085449219,685.5900268554688,199.41000366210938,265.5,555.7899780273438,36.11000061035156,21.530000686645508,217.99989318847656,889.0999755859375,124.37000274658203,72.47000122070312,88.5199966430664,28.579999923706055,61.45000076293945,980.072998046875,56.41999816894531,,95.22000122070312,75.0,377.3999938964844,115.69999694824219,165.5800018310547
2025-04-21,81.06999969482422,93.0,269.70001220703125,698.1599731445312,204.3800048828125,265.5,566.22998046875,36.93000030517578,21.760000228881836,222.61109924316406,901.6099853515625,124.94999694824219,74.18000030517578,90.4000015258789,28.579999923706055,61.54999923706055,980.072998046875,57.81999969482422,,95.22000122070312,75.9800033569336,374.92999267578125,113.7300033569336,166.42999267578125
2025-04-22,82.9000015258789,92.3499984741211,270.04998779296875,699.2999877929688,206.0800018310547,265.5,570.47998046875,36.720001220703125,21.850000381469727,223.4019012451172,894.9600219726562,125.79000091552734,74.6500015258789,89.79000091552734,28.56999969482422,61.599998474121094,980.072998046875,58.27000045776367,,95.22000122070312,76.19999694824219,377.1700134277344,112.5,166.0800018310547
2025-04-23,80.38999938964844,93.54000091552734,271.82000732421875,704.25,208.08999633789062,265.5,567.4199829101562,38.29999923706055,22.15999984741211,228.70799255371094,904.0800170898438,127.0,74.29000091552734,90.44000244140625,28.600000381469727,61.59000015258789,980.0631713867188,58.900001525878906,,95.22000122070312,77.19999694824219,379.29998779296875,109.29000091552734,170.11000061035156
2025-04-24,80.51000213623047,94.6500015258789,270.95001220703125,702.9199829101562,207.1300048828125,265.5,565.0999755859375,38.08000183105469,22.399999618530273,228.12680053710938,900.7000122070312,126.06999969482422,74.13999938964844,90.12999725341797,28.56999969482422,61.54999923706055,980.072998046875,58.79999923706055,,95.22000122070312,76.98999786376953,375.0400085449219,112.20999908447266,169.36000061035156
2025-04-25,80.02999877929688,94.6500015258789,268.6300048828125,687.5999755859375,202.2899932861328,265.5,559.5499877929688,38.34000015258789,21.889999389648438,224.32310485839844,887.780029296875,124.16999816894531,72.61000061035156,88.22000122070312,28.610000610351562,61.709999084472656,980.072998046875,57.31999969482422,,95.22000122070312,75.87999725341797,374.6000061035156,116.54000091552734,170.77999877929688
2025-04-28,79.05000305175781,93.16000366210938,271.8999938964844,694.2000122070312,204.75999450683594,265.5,567.6799926757812,38.310001373291016,22.31999969482422,227.97250366210938,901.9600219726562,124.98999786376953,74.2300033569336,89.5,28.549999237060547,61.40999984741211,980.0631713867188,58.29999923706055,,95.22000122070312,76.55000305175781,374.7300109863281,118.5,170.77999877929688
2025-04-29,80.04000091552734,94.66999816894531,271.9100036621094,693.4099731445312,205.2899932861328,265.5,566.8300170898438,38.779998779296875,22.15999984741211,227.42160034179688,901.9000244140625,124.63999938964844,74.41999816894531,89.16000366210938,28.600000381469727,61.54999923706055,980.0631713867188,58.470001220703125,,95.22000122070312,76.41000366210938,371.0899963378906,120.11000061035156,169.49000549316406
2025-04-30,79.08999633789062,91.62000274658203,271.989990234375,688.47998046875,203.9199981689453,265.5,564.0599975585938,38.599998474121094,22.200000762939453,227.5157928466797,904.7000122070312,124.83000183105469,72.7699966430664,88.62999725341797,28.6200008392334,61.7400016784668,983.5534057617188,57.81999969482422,,95.22000122070312,76.05999755859375,367.79998779296875,121.58999633789062,169.5500030517578
2025-05-02,78.37999725341797,91.5199966430664,271.7699890136719,687.0999755859375,203.42999267578125,265.5,563.6900024414062,38.650001525878906,22.09000015258789,227.29029846191406,903.739990234375,124.33999633789062,72.56999969482422,87.83999633789062,28.670000076293945,61.72999954223633,983.5435180664062,57.439998626708984,,95.22000122070312,76.01000213623047,369.32000732421875,124.37000274658203,169.94000244140625
2025-05-05,79.58000183105469,91.41000366210938,274.3900146484375,698.3900146484375,206.3699951171875,265.5,562.3499755859375,38.91999816894531,22.239999771118164,231.49270629882812,916.2899780273438,126.2300033569336,72.86000061035156,88.25,28.690000534057617,61.7599983215332,983.5435180664062,58.540000915527344,,95.22000122070312,76.52999877929688,374.6400146484375,124.29000091552734,171.08999633789062
2025-05-06,82.12999725341797,93.0199966430664,272.6000061035156,683.0800170898438,202.3800048828125,265.5,555.3599853515625,38.66999816894531,21.940000534057617,231.88259887695312,907.6099853515625,125.81999969482422,69.36000061035156,86.87999725341797,28.65999984741211,61.77000045776367,983.5534057617188,57.16999816894531,,95.22000122070312,75.88999938964844,375.5,123.94999694824219,169.85000610351562
2025-05-07,81.27999877929688,92.77999877929688,272.7900085449219,686.3099975585938,204.60000610351562,265.5,558.510009765625,38.790000915527344,21.860000610351562,235.7187957763672,907.989990234375,125.72000122070312,69.55000305175781,87.52999877929688,28.65999984741211,61.84000015258789,983.5435180664062,58.06999969482422,,95.22000122070312,75.91000366210938,378.3900146484375,123.51000213623047,169.1199951171875
2025-05-08,80.94000244140625,92.58999633789062,271.0400085449219,672.1699829101562,200.99000549316406,265.5,556.760009765625,38.810001373291016,21.579999923706055,231.23350524902344,899.1099853515625,123.69000244140625,68.43000030517578,86.52999877929688,28.59000015258789,61.79999923706055,983.5534057617188,56.869998931884766,,95.22000122070312,75.19000244140625,376.9200134277344,122.05000305175781,169.08999633789062
2025-05-09,80.80000305175781,93.02999877929688,268.489990234375,670.1500244140625,201.82000732421875,265.5,549.1300048828125,38.720001220703125,21.489999771118164,230.75929260253906,892.5499877929688,123.08999633789062,69.51000213623047,86.29000091552734,28.59000015258789,61.75,983.5534057617188,56.88999938964844,,95.22000122070312,74.95999908447266,375.8900146484375,123.37999725341797,169.07000732421875
2025-05-12,77.9800033569336,91.44000244140625,278.94000244140625,696.77001953125,209.25999450683594,265.5,567.969970703125,41.33000183105469,21.579999923706055,238.6302947998047,926.72998046875,127.43000030517578,71.97000122070312,89.36000061035156,28.649999618530273,61.869998931884766,983.5435180664062,59.29999923706055,,95.22000122070312,77.87999725341797,398.55999755859375,127.8499984741211,176.13999938964844
2025-05-13,79.06999969482422,93.91000366210938,275.6499938964844,696.72998046875,209.39999389648438,265.5,563.239990234375,40.45000076293945,21.84000015258789,236.25210571289062,915.0700073242188,126.02999877929688,73.0999984741211,88.91999816894531,28.649999618530273,61.83000183105469,983.5435180664062,59.400001525878906,,95.22000122070312,77.04000091552734,395.5400085449219,128.3800048828125,176.49000549316406
2025-05-14,78.58000183105469,93.33000183105469,276.57000732421875,701.9099731445312,212.35000610351562,265.5,561.4299926757812,40.93000030517578,21.8799991607666,238.1833038330078,920.8099975585938,126.27999877929688,73.29000091552734,90.01000213623047,28.719999313354492,61.88999938964844,983.5435180664062,60.04999923706055,,95.22000122070312,77.4800033569336,402.94000244140625,134.0,177.30999755859375
2025-05-15,77.04000091552734,91.5,280.1700134277344,708.010009765625,213.69000244140625,265.5,566.7000122070312,41.349998474121094,22.059999465942383,242.74819946289062,934.6300048828125,128.22999572753906,73.47000122070312,91.01000213623047,28.770000457763672,61.970001220703125,983.5534057617188,60.4900016784668,,95.22000122070312,78.29000091552734,398.010009765625,135.97000122070312,178.7899932861328
2025-05-16,77.77999877929688,92.2699966430664,280.2099914550781,718.280029296875,215.2100067138672,265.5,567.5999755859375,41.119998931884766,22.149999618530273,244.25830078125,931.8300170898438,128.52999877929688,74.08999633789062,92.44000244140625,28.8799991607666,62.06999969482422,983.5534057617188,61.04999923706055,,95.22000122070312,78.5999984741211,393.82000732421875,137.55999755859375,181.07000732421875
2025-05-19,78.31999969482422,92.80999755859375,279.2099914550781,721.8400268554688,215.50999450683594,265.5,568.280029296875,40.59000015258789,22.260000228881836,245.26719665527344,930.0499877929688,128.3300018310547,74.98999786376953,92.73999786376953,28.850000381469727,62.16999816894531,983.5534057617188,61.130001068115234,,95.22000122070312,78.5,390.92999267578125,134.8000030517578,178.5399932861328
2025-05-20,78.19000244140625,92.51000213623047,276.8900146484375,708.5399780273438,212.24000549316406,265.5,564.010009765625,40.369998931884766,21.940000534057617,239.9517059326172,920.989990234375,126.19000244140625,74.33000183105469,91.9000015258789,28.8799991607666,62.31999969482422,983.5435180664062,60.189998626708984,,95.22000122070312,77.77999877929688,394.6099853515625,137.11000061035156,179.0800018310547
2025-05-21,79.5,94.26000213623047,277.54998779296875,716.3699951171875,213.60000610351562,265.5,564.5999755859375,40.63999938964844,22.209999084472656,241.6719970703125,925.3300170898438,126.94999694824219,74.80999755859375,92.91999816894531,28.920000076293945,62.369998931884766,983.5534057617188,60.65999984741211,,95.22000122070312,78.18000030517578,398.2900085449219,136.25999450683594,178.27999877929688
2025-05-22,79.80999755859375,94.44999694824219,275.9100036621094,713.9199829101562,213.35000610351562,265.5,563.2100219726562,40.04999923706055,22.010000228881836,239.35350036621094,922.0399780273438,126.11000061035156,74.63999938964844,92.0999984741211,28.920000076293945,62.38999938964844,983.5534057617188,60.36000061035156,,95.22000122070312,77.22000122070312,394.04998779296875,134.77000427246094,177.49000549316406
2025-05-23,79.51000213623047,94.0199966430664,278.3699951171875,717.7999877929688,214.97999572753906,265.5,567.9500122070312,40.47999954223633,21.90999984741211,239.91639709472656,926.9600219726562,127.3499984741211,74.80999755859375,92.68000030517578,28.940000534057617,62.400001525878906,983.5435180664062,60.7599983215332,,95.22000122070312,77.9800033569336,393.19000244140625,136.30999755859375,177.32000732421875
2025-05-26,79.7699966430664,94.55000305175781,279.8900146484375,720.8400268554688,216.07000732421875,265.5,569.7999877929688,40.79999923706055,21.979999542236328,242.4387969970703,930.739990234375,127.83000183105469,74.86000061035156,92.76000213623047,28.940000534057617,62.400001525878906,983.5534057617188,61.20000076293945,,95.22000122070312,78.52999877929688,388.8999938964844,135.5500030517578,177.72999572753906
2025-05-27,79.55999755859375,94.05000305175781,278.25,717.5999755859375,216.6300048828125,265.5,568.22998046875,40.630001068115234,21.979999542236328,240.74209594726562,925.9299926757812,127.2300033569336,75.05000305175781,92.44999694824219,28.93000030517578,62.459999084472656,983.5435180664062,61.25,,95.22000122070312,78.08999633789062,386.79998779296875,136.2100067138672,176.86000061035156
2025-05-28,80.05999755859375,94.88999938964844,277.69000244140625,715.8900146484375,216.6300048828125,265.5,568.2000122070312,40.59000015258789,21.860000610351562,239.11070251464844,923.2000122070312,126.41999816894531,75.8499984741211,92.33999633789062,28.959999084472656,62.439998626708984,983.5435180664062,61.27000045776367,,95.22000122070312,77.98999786376953,385.6600036621094,136.97000122070312,178.24000549316406
2025-05-29,79.0999984741211,94.62999725341797,278.5400085449219,716.9299926757812,217.9199981689453,265.5,569.6400146484375,40.81999969482422,22.0,240.31919860839844,926.0800170898438,126.77999877929688,75.8499984741211,92.47000122070312,28.950000762939453,62.52000045776367,983.5534057617188,61.650001525878906,,95.22000122070312,78.08999633789062,387.6700134277344,137.4199981689453,180.7100067138672
2025-05-30,79.48999786376953,94.3499984741211,277.9700012207031,714.9099731445312,217.61000061035156,265.5,572.0999755859375,40.529998779296875,21.90999984741211,237.97129821777344,922.9500122070312,126.20999908447266,78.0999984741211,91.55999755859375,28.979999542236328,62.59000015258789,987.09326171875,61.61000061035156,,95.22000122070312,77.98999786376953,387.1199951171875,136.24000549316406,179.0399932861328
2025-06-02,80.5199966430664,94.62000274658203,277.6000061035156,717.5399780273438,218.6699981689453,265.5,573.52001953125,40.29999923706055,21.8700008392334,237.98199462890625,923.5599975585938,126.87000274658203,79.54000091552734,91.80000305175781,28.90999984741211,62.52000045776367,987.0833740234375,62.0,,95.22000122070312,78.01000213623047,381.4700012207031,135.67999267578125,178.50999450683594
2025-06-03,80.97000122070312,97.16000366210938,275.7699890136719,713.97998046875,217.91000366210938,265.5,569.9400024414062,40.040000915527344,21.829999923706055,237.385498046875,917.989990234375,126.12999725341797,79.31999969482422,91.02999877929688,28.940000534057617,62.5099983215332,987.0833740234375,61.72999954223633,,95.22000122070312,77.70999908447266,384.1099853515625,136.02000427246094,179.55999755859375
2025-06-04,81.30999755859375,98.0999984741211,276.4599914550781,716.0999755859375,218.9600067138672,265.5,570.8599853515625,40.150001525878906,21.850000381469727,238.30560302734375,923.7999877929688,126.55999755859375,79.12999725341797,91.5199966430664,28.940000534057617,62.540000915527344,987.0833740234375,62.15999984741211,,95.22000122070312,77.58999633789062,386.5299987792969,136.9600067138672,181.36000061035156
2025-06-05,81.7300033569336,100.72000122070312,278.04998779296875,718.6799926757812,221.2100067138672,265.5,571.780029296875,40.310001373291016,22.059999465942383,238.03480529785156,929.6300048828125,127.12999725341797,78.69999694824219,92.41000366210938,28.969999313354492,62.58000183105469,987.09326171875,62.54999923706055,,95.22000122070312,77.80000305175781,386.7200012207031,136.35000610351562,180.89999389648438
2025-06-06,81.2300033569336,102.41000366210938,280.5,726.6099853515625,223.1699981689453,265.5,581.9400024414062,40.47999954223633,22.100000381469727,241.65480041503906,935.3400268554688,128.58999633789062,79.08999633789062,92.91999816894531,28.969999313354492,62.810001373291016,987.09326171875,63.31999969482422,,95.22000122070312,78.36000061035156,382.0199890136719,135.6199951171875,180.32000732421875
2025-06-09,80.4800033569336,102.98999786376953,281.3500061035156,735.3300170898438,225.4600067138672,265.5,584.4199829101562,40.88999938964844,22.229999542236328,242.83140563964844,942.219970703125,128.85000610351562,80.62999725341797,93.80000305175781,28.850000381469727,62.630001068115234,987.09326171875,64.05000305175781,,95.22000122070312,79.08000183105469,382.7099914550781,135.67999267578125,180.50999450683594
2025-06-10,80.61000061035156,103.87000274658203,281.3900146484375,737.4099731445312,225.30999755859375,265.5,581.0900268554688,41.79999923706055,22.360000610351562,242.64540100097656,943.6099853515625,128.67999267578125,79.93000030517578,94.08999633789062,28.81999969482422,62.5,987.09326171875,64.08999633789062,,95.22000122070312,79.5999984741211,383.8800048828125,135.75999450683594,182.32000732421875
2025-06-11,80.76000213623047,102.77999877929688,281.8699951171875,734.7100219726562,225.00999450683594,265.5,579.3499755859375,42.25,22.469999313354492,243.11489868164062,943.22998046875,128.49000549316406,79.23999786376953,93.79000091552734,28.799999237060547,62.43000030517578,987.09326171875,63.7599983215332,,95.22000122070312,80.06999969482422,387.4599914550781,136.13999938964844,181.97999572753906
2025-06-12,81.38999938964844,102.05999755859375,278.95001220703125,723.469970703125,221.64999389648438,265.5,575.3300170898438,41.86000061035156,22.459999084472656,239.10169982910156,931.9400024414062,126.94999694824219,78.30999755859375,92.4800033569336,28.809999465942383,62.349998474121094,987.09326171875,62.75,,95.22000122070312,78.91000366210938,382.94000244140625,135.4600067138672,181.00999450683594
2025-06-13,83.12999725341797,103.70999908447266,277.1000061035156,718.0,220.80999755859375,265.5,569.1400146484375,41.91999816894531,22.399999618530273,238.2397003173828,926.0800170898438,126.16000366210938,77.41999816894531,92.63999938964844,28.75,62.290000915527344,987.09326171875,62.52000045776367,,95.22000122070312,78.4000015258789,382.70001220703125,133.24000549316406,180.1699981689453
2025-06-16,83.08999633789062,103.56999969482422,279.70001220703125,722.760009765625,222.39999389648438,265.5,573.97998046875,42.540000915527344,22.459999084472656,238.65240478515625,935.219970703125,127.1500015258789,77.66000366210938,93.81999969482422,28.850000381469727,62.31999969482422,987.0833740234375,63.130001068115234,,95.22000122070312,78.9800033569336,385.75,134.80999755859375,180.6300048828125
2025-06-17,82.55999755859375,104.19000244140625,278.5899963378906,717.3200073242188,220.8699951171875,265.5,571.2000122070312,42.77000045776367,22.110000610351562,237.21359252929688,931.8300170898438,126.62999725341797,77.01000213623047,93.33999633789062,28.8700008392334,62.36000061035156,987.09326171875,62.7400016784668,,95.22000122070312,79.04000091552734,384.3900146484375,133.86000061035156,181.77000427246094
2025-06-18,82.79000091552734,106.2300033569336,278.239990234375,715.3900146484375,220.0399932861328,265.5,572.2999877929688,42.40999984741211,22.059999465942383,238.0791015625,929.3599853515625,126.63999938964844,76.7699966430664,92.69000244140625,28.889999389648438,62.459999084472656,987.0833740234375,62.400001525878906,,95.22000122070312,78.44999694824219,382.260009765625,135.14999389648438,182.55999755859375
2025-06-19,82.79000091552734,104.12999725341797,277.9100036621094,705.5499877929688,216.6699981689453,265.5,570.0800170898438,41.959999084472656,21.889999389648438,239.32530212402344,924.3599853515625,126.7699966430664,75.19999694824219,92.04000091552734,28.799999237060547,62.41999816894531,987.09326171875,61.45000076293945,,95.22000122070312,77.75,378.1199951171875,134.3300018310547,180.1199951171875
2025-06-20,82.2300033569336,103.30999755859375,281.5,714.9400024414062,219.22999572753906,265.5,576.72998046875,42.310001373291016,22.049999237060547,241.81399536132812,941.739990234375,128.47000122070312,76.58000183105469,93.5199966430664,28.780000686645508,62.400001525878906,987.0833740234375,62.279998779296875,,95.22000122070312,78.51000213623047,378.8900146484375,135.4199981689453,180.47000122070312
2025-06-23,82.66000366210938,103.76000213623047,280.8599853515625,715.1900024414062,219.5,265.5,574.8800048828125,41.84000015258789,22.030000686645508,239.61109924316406,936.6199951171875,128.36000061035156,76.3499984741211,94.41999816894531,28.770000457763672,62.27000045776367,987.0833740234375,62.2400016784668,,95.22000122070312,78.06999969482422,378.69000244140625,134.5399932861328,182.35000610351562
2025-06-24,80.9800033569336,102.70999908447266,281.42999267578125,721.8400268554688,221.6999969482422,265.5,579.2000122070312,41.81999969482422,22.100000381469727,241.00509643554688,940.719970703125,128.4600067138672,77.41000366210938,93.33999633789062,28.809999465942383,62.369998931884766,987.0833740234375,62.97999954223633,,95.22000122070312,78.16000366210938,384.8500061035156,135.30999755859375,183.6199951171875
2025-06-25,81.11000061035156,101.87999725341797,283.4100036621094,725.030029296875,222.6699981689453,265.5,581.1199951171875,42.439998626708984,22.209999084472656,243.3394012451172,948.4099731445312,129.97000122070312,77.62999725341797,92.9800033569336,28.850000381469727,62.369998931884766,987.09326171875,63.2400016784668,,95.22000122070312,78.54000091552734,389.25,136.27000427246094,185.11000061035156
2025-06-26,81.12000274658203,103.93000030517578,286.3900146484375,729.77001953125,223.91000366210938,265.5,586.5,42.400001525878906,22.229999542236328,244.7006072998047,963.9600219726562,131.02000427246094,77.97000122070312,93.54000091552734,28.850000381469727,62.369998931884766,987.0833740234375,63.61000061035156,,95.22000122070312,79.16999816894531,386.07000732421875,136.8800048828125,187.22000122070312
2025-06-27,79.80999755859375,101.66000366210938,287.9599914550781,733.9299926757812,225.00999450683594,265.5,590.6099853515625,42.290000915527344,22.389999389648438,245.1696014404297,972.260009765625,131.30999755859375,78.48999786376953,94.0199966430664,28.860000610351562,62.31999969482422,987.09326171875,63.77000045776367,,95.22000122070312,79.30999755859375,386.07000732421875,138.44000244140625,188.99000549316406
2025-06-30,79.98999786376953,102.47000122070312,286.510009765625,736.9500122070312,225.7899932861328,265.5,589.27001953125,42.40999984741211,22.479999542236328,243.7863006591797,969.1099853515625,130.94000244140625,80.48999786376953,94.2300033569336,28.84000015258789,62.38999938964844,990.2294311523438,64.12999725341797,,95.22000122070312,79.62999725341797,384.3699951171875,140.9600067138672,192.97000122070312
2025-07-01,81.05000305175781,103.41999816894531,286.8399963378906,736.47998046875,225.99000549316406,265.5,591.1599731445312,42.220001220703125,22.489999771118164,243.2904052734375,973.5999755859375,130.82000732421875,81.04000091552734,94.20999908447266,28.860000610351562,62.54999923706055,990.2393798828125,64.13999938964844,,95.22000122070312,79.48999786376953,385.9100036621094,143.1999969482422,192.0800018310547
2025-07-02,81.11000061035156,102.69999694824219,285.7799987792969,736.27001953125,226.1300048828125,265.5,586.47998046875,42.25,22.549999237060547,244.06129455566406,970.5999755859375,131.0800018310547,80.36000061035156,93.58000183105469,28.889999389648438,62.619998931884766,990.2294311523438,64.04000091552734,,95.22000122070312,79.31999969482422,387.5199890136719,144.27000427246094,190.1999969482422
2025-07-03,81.01000213623047,103.87000274658203,285.3900146484375,732.8900146484375,226.22999572753906,265.5,584.02001953125,42.2400016784668,22.6299991607666,245.12969970703125,970.27001953125,131.02000427246094,79.5199966430664,93.70999908447266,28.90999984741211,62.650001525878906,990.2393798828125,64.06999969482422,,95.22000122070312,79.2300033569336,385.57000732421875,148.57000732421875,191.49000549316406
2025-07-04,80.88999938964844,103.9000015258789,286.1099853515625,735.6599731445312,225.5,265.5,586.3099975585938,42.529998779296875,22.829999923706055,245.3957977294922,971.5499877929688,130.72999572753906,79.70999908447266,93.91000366210938,28.959999084472656,62.77000045776367,990.2393798828125,64.12000274658203,,95.22000122070312,79.62999725341797,384.9100036621094,150.17999267578125,191.58999633789062
2025-07-07,80.52999877929688,103.79000091552734,286.07000732421875,735.6500244140625,225.72000122070312,265.5,585.5499877929688,42.29999923706055,22.829999923706055,245.01919555664062,973.27001953125,131.25999450683594,79.5,93.27999877929688,28.920000076293945,62.650001525878906,990.2294311523438,63.91999816894531,,95.22000122070312,79.66000366210938,383.80999755859375,152.27999877929688,191.92999267578125
2025-07-08,80.77999877929688,104.08999633789062,286.9100036621094,736.3300170898438,225.11000061035156,265.5,588.5399780273438,42.36000061035156,22.65999984741211,244.09129333496094,976.52001953125,130.7899932861328,79.3499984741211,94.1500015258789,28.90999984741211,62.66999816894531,990.2294311523438,63.869998931884766,,95.22000122070312,79.73999786376953,384.5299987792969,156.7100067138672,191.7899932861328
2025-07-09,80.02999877929688,103.58999633789062,286.5,736.219970703125,225.36000061035156,265.5,588.1400146484375,42.040000915527344,22.670000076293945,245.0211944580078,969.8699951171875,131.02000427246094,78.98999786376953,94.29000091552734,28.899999618530273,62.619998931884766,990.2294311523438,63.720001220703125,,95.22000122070312,79.70999908447266,383.7900085449219,151.6300048828125,191.66000366210938
2025-07-10,80.70999908447266,103.70999908447266,285.1600036621094,734.530029296875,224.77000427246094,265.5,585.9400024414062,41.790000915527344,22.559999465942383,244.7393035888672,964.989990234375,130.16000366210938,78.4000015258789,93.69000244140625,28.8799991607666,62.65999984741211,990.2393798828125,63.560001373291016,,95.22000122070312,79.1500015258789,383.0199890136719,150.75999450683594,192.2100067138672
2025-07-11,81.1500015258789,106.69000244140625,283.1099853515625,728.5800170898438,222.9600067138672,265.5,583.9199829101562,41.02000045776367,22.75,240.43609619140625,955.3599853515625,129.02000427246094,78.2300033569336,93.31999969482422,28.889999389648438,62.7400016784668,990.2393798828125,62.97999954223633,,95.22000122070312,79.19999694824219,384.3299865722656,152.6699981689453,191.25
2025-07-14,81.87999725341797,110.0199966430664,282.7099914550781,731.9199829101562,224.33999633789062,265.5,584.6400146484375,40.4900016784668,22.889999389648438,241.02439880371094,954.6099853515625,129.05999755859375,78.87999725341797,93.4000015258789,28.889999389648438,62.65999984741211,990.2294311523438,63.459999084472656,,95.22000122070312,78.83000183105469,382.7200012207031,150.3699951171875,191.14999389648438
2025-07-15,81.66999816894531,108.2300033569336,283.69000244140625,736.0900268554688,226.27999877929688,265.5,587.530029296875,40.63999938964844,23.170000076293945,244.6204071044922,959.47998046875,130.0,79.72000122070312,93.58000183105469,28.889999389648438,62.63999938964844,990.2294311523438,64.06999969482422,,95.22000122070312,79.30999755859375,388.07000732421875,150.27999877929688,192.74000549316406
2025-07-16,81.3499984741211,107.79000091552734,283.6400146484375,737.3599853515625,226.55999755859375,265.5,588.4299926757812,41.0,23.1299991607666,245.69749450683594,960.4199829101562,130.47000122070312,81.12999725341797,93.43000030517578,28.889999389648438,62.63999938964844,990.2393798828125,64.04000091552734,,95.22000122070312,79.47000122070312,389.3699951171875,151.0,192.52000427246094
2025-07-17,81.16000366210938,107.13999938964844,282.8299865722656,736.3900146484375,226.55999755859375,265.5,585.280029296875,40.470001220703125,23.170000076293945,245.60809326171875,956.3599853515625,130.22000122070312,80.56999969482422,93.31999969482422,28.920000076293945,62.689998626708984,990.2294311523438,63.95000076293945,,95.22000122070312,79.2300033569336,389.9800109863281,151.47999572753906,193.3800048828125
2025-07-18,81.7300033569336,109.11000061035156,281.42999267578125,731.7000122070312,225.25999450683594,265.5,580.72998046875,40.5099983215332,23.079999923706055,244.53700256347656,952.5800170898438,129.55999755859375,79.8499984741211,92.75,28.940000534057617,62.72999954223633,990.2393798828125,63.52000045776367,,95.22000122070312,78.94999694824219,406.9700012207031,151.22999572753906,195.52999877929688
2025-07-21,82.12999725341797,109.37000274658203,282.260009765625,734.52001953125,226.0,265.5,586.0900268554688,40.38999938964844,23.020000457763672,246.173095703125,951.3300170898438,130.30999755859375,79.54000091552734,93.08999633789062,28.959999084472656,62.75,990.2294311523438,63.939998626708984,,95.22000122070312,78.70999908447266,412.5299987792969,152.30999755859375,196.6999969482422
2025-07-22,82.7699966430664,110.19999694824219,282.07000732421875,731.7999877929688,224.72000122070312,265.5,584.260009765625,40.209999084472656,22.809999465942383,244.3470001220703,946.0700073242188,131.00999450683594,78.33000183105469,93.33000183105469,28.959999084472656,62.72999954223633,990.2393798828125,63.54999923706055,,95.22000122070312,78.3499984741211,425.6300048828125,152.41000366210938,198.41000366210938
2025-07-23,83.75,112.01000213623047,283.5299987792969,732.4600219726562,225.4199981689453,265.5,588.27001953125,40.31999969482422,22.899999618530273,246.41830444335938,951.510009765625,131.0800018310547,78.66000366210938,93.47000122070312,28.940000534057617,62.779998779296875,990.2294311523438,63.7599983215332,,95.22000122070312,78.62999725341797,436.5799865722656,153.92999267578125,198.88999938964844
2025-07-24,82.30000305175781,110.91000366210938,282.1000061035156,731.4500122070312,224.85000610351562,265.5,587.239990234375,39.400001525878906,23.040000915527344,246.67919921875,947.22998046875,130.49000549316406,79.55000305175781,92.87000274658203,28.93000030517578,62.75,990.2393798828125,63.369998931884766,,95.22000122070312,77.94000244140625,430.6400146484375,152.00999450683594,200.75999450683594
2025-07-25,82.0999984741211,110.68000030517578,280.0299987792969,720.489990234375,221.83999633789062,265.5,581.97998046875,38.849998474121094,23.18000030517578,243.5677947998047,938.47998046875,129.39999389648438,78.1500015258789,91.22000122070312,28.920000076293945,62.650001525878906,990.2393798828125,62.380001068115234,,95.22000122070312,76.83999633789062,425.25,152.49000549316406,201.30999755859375
2025-07-28,82.02999877929688,109.05000305175781,278.489990234375,716.4500122070312,219.7100067138672,265.5,577.8900146484375,38.63999938964844,23.290000915527344,242.66319274902344,930.4400024414062,128.5800018310547,77.29000091552734,90.83000183105469,28.889999389648438,62.630001068115234,990.2294311523438,61.86000061035156,,95.22000122070312,76.4800033569336,441.0,154.22999572753906,204.99000549316406
2025-07-29,81.91000366210938,109.5199966430664,280.0899963378906,722.969970703125,221.64999389648438,265.5,579.52001953125,38.65999984741211,23.600000381469727,244.74920654296875,939.2999877929688,129.36000061035156,77.66000366210938,91.22000122070312,28.860000610351562,62.63999938964844,990.2294311523438,62.349998474121094,,95.22000122070312,76.72000122070312,438.4800109863281,154.5,204.14999389648438
2025-07-30,82.38999938964844,109.87999725341797,280.1300048828125,723.3499755859375,221.55999755859375,265.5,578.7000122070312,38.77000045776367,23.600000381469727,243.29580688476562,943.9600219726562,129.52000427246094,77.13999938964844,91.12999725341797,28.8799991607666,62.720001220703125,990.2393798828125,62.310001373291016,,95.22000122070312,76.66999816894531,433.3399963378906,155.44000244140625,203.1699981689453
2025-07-31,82.19999694824219,106.9000015258789,279.260009765625,719.8099975585938,220.16000366210938,265.5,577.0599975585938,38.58000183105469,23.309999465942383,242.38670349121094,937.6199951171875,130.00999450683594,76.54000091552734,90.58000183105469,28.8700008392334,62.66999816894531,993.8683471679688,61.66999816894531,,95.22000122070312,76.47000122070312,426.6600036621094,155.5,208.2899932861328
2025-08-01,81.94999694824219,105.70999908447266,277.3500061035156,711.2000122070312,217.6999969482422,265.5,573.72998046875,37.869998931884766,22.6200008392334,240.48240661621094,926.4000244140625,129.5399932861328,75.72000122070312,89.66000366210938,28.8799991607666,62.70000076293945,993.8583984375,60.93000030517578,,95.22000122070312,75.87000274658203,413.8500061035156,156.61000061035156,204.33999633789062
2025-08-04,83.2300033569336,108.08999633789062,278.8500061035156,718.989990234375,219.89999389648438,265.5,573.780029296875,38.459999084472656,22.739999771118164,244.31500244140625,934.0900268554688,130.6300048828125,76.55999755859375,90.08999633789062,28.950000762939453,62.83000183105469,993.8583984375,61.7599983215332,,95.22000122070312,76.30000305175781,421.8900146484375,156.82000732421875,200.4199981689453
2025-08-05,83.61000061035156,108.66000366210938,278.1400146484375,716.75,219.49000549316406,265.5,570.8800048828125,38.290000915527344,22.559999465942383,245.21670532226562,933.1599731445312,130.75999450683594,76.37999725341797,90.11000061035156,28.979999542236328,62.810001373291016,993.8683471679688,61.5,,95.22000122070312,76.3499984741211,425.17999267578125,152.9499969482422,202.6300048828125
2025-08-06,83.44000244140625,109.18000030517578,277.30999755859375,711.0800170898438,217.5399932861328,265.5,571.4500122070312,37.61000061035156,22.09000015258789,243.91400146484375,929.9000244140625,130.41000366210938,76.70999908447266,90.0199966430664,28.8799991607666,62.7400016784668,993.8583984375,61.060001373291016,,95.22000122070312,75.9000015258789,435.5799865722656,156.17999267578125,201.6699981689453
2025-08-07,83.94000244140625,110.58000183105469,277.2900085449219,712.72998046875,218.0500030517578,265.5,572.25,37.93000030517578,22.229999542236328,244.51690673828125,927.4000244140625,130.91000366210938,76.91999816894531,89.81999969482422,28.84000015258789,62.68000030517578,993.8583984375,61.18000030517578,,95.22000122070312,76.0199966430664,437.57000732421875,154.86000061035156,202.4199981689453
2025-08-08,84.36000061035156,110.97000122070312,275.1400146484375,704.1300048828125,215.1999969482422,265.5,567.5900268554688,37.59000015258789,21.989999771118164,241.11349487304688,916.5599975585938,129.6199951171875,76.75,89.80999755859375,28.8799991607666,62.65999984741211,993.8683471679688,60.290000915527344,,95.22000122070312,75.5199966430664,431.9700012207031,157.67999267578125,202.08999633789062
2025-08-11,83.2300033569336,109.5199966430664,277.2900085449219,711.7000122070312,215.7100067138672,265.5,571.8800048828125,37.75,22.1299991607666,243.65040588378906,930.6599731445312,130.77999877929688,78.55999755859375,90.0199966430664,28.790000915527344,62.619998931884766,993.8583984375,60.77000045776367,,95.22000122070312,76.20999908447266,432.1400146484375,156.85000610351562,202.88999938964844
2025-08-12,82.9800033569336,109.26000213623047,276.5400085449219,710.8800048828125,216.02000427246094,265.5,569.52001953125,37.880001068115234,22.299999237060547,245.00599670410156,926.9600219726562,130.66000366210938,78.47000122070312,90.30999755859375,28.729999542236328,62.529998779296875,993.8683471679688,60.599998474121094,,95.22000122070312,76.27999877929688,435.0400085449219,158.60000610351562,202.19000244140625
2025-08-13,83.19000244140625,111.25,278.0199890136719,715.97998046875,217.25,265.5,570.6099853515625,37.900001525878906,22.649999618530273,247.72779846191406,931.0,131.61000061035156,78.37999725341797,91.08000183105469,28.690000534057617,62.439998626708984,993.8583984375,61.0,,95.22000122070312,76.44000244140625,445.6000061035156,157.92999267578125,204.3000030517578
2025-08-14,83.13999938964844,110.83000183105469,278.2300109863281,715.239990234375,216.77999877929688,265.5,572.0800170898438,38.119998931884766,22.65999984741211,247.68690490722656,927.7100219726562,131.27999877929688,78.44000244140625,90.5,28.799999237060547,62.529998779296875,993.8683471679688,60.810001373291016,,95.22000122070312,76.0999984741211,461.989990234375,160.1999969482422,204.88999938964844
2025-08-18,82.75,110.05999755859375,281.07000732421875,724.4099731445312,219.5,265.5,575.5499877929688,37.83000183105469,22.719999313354492,258.0068054199219,937.1400146484375,134.5,78.79000091552734,90.58000183105469,28.75,62.47999954223633,993.8583984375,61.540000915527344,,95.22000122070312,76.5,458.05999755859375,159.52000427246094,205.77999877929688
2025-08-19,82.30999755859375,109.41000366210938,281.9599914550781,729.0800170898438,221.4499969482422,265.5,576.739990234375,37.95000076293945,22.6299991607666,261.37860107421875,945.6500244140625,135.6300048828125,79.44999694824219,90.30999755859375,28.68000030517578,62.38999938964844,993.8583984375,62.029998779296875,,95.22000122070312,76.94999694824219,443.3599853515625,159.80999755859375,205.47999572753906
2025-08-20,82.08000183105469,106.98999786376953,282.5199890136719,732.1900024414062,222.42999267578125,265.5,575.4099731445312,38.939998626708984,22.56999969482422,261.5067138671875,948.510009765625,136.42999267578125,79.19000244140625,90.33999633789062,28.690000534057617,62.470001220703125,993.8683471679688,62.33000183105469,,95.22000122070312,77.68000030517578,441.20001220703125,159.6300048828125,203.47999572753906
2025-08-21,82.55000305175781,109.12000274658203,283.05999755859375,729.7000122070312,221.4499969482422,265.5,576.3800048828125,39.0099983215332,22.770000457763672,260.5664978027344,948.0900268554688,136.3800048828125,78.87000274658203,89.97000122070312,28.6299991607666,62.38999938964844,993.8683471679688,62.09000015258789,,95.22000122070312,77.52999877929688,444.3699951171875,156.25,202.13999938964844
2025-08-22,82.62000274658203,109.93000030517578,280.75,725.219970703125,221.33999633789062,265.5,570.0499877929688,38.720001220703125,22.84000015258789,260.0736999511719,942.6099853515625,135.69000244140625,77.94000244140625,89.56999969482422,28.600000381469727,62.380001068115234,993.8683471679688,61.97999954223633,,95.22000122070312,76.76000213623047,452.8800048828125,154.88999938964844,201.13999938964844
2025-08-25,83.5,112.05000305175781,281.67999267578125,727.8699951171875,221.0800018310547,265.5,569.469970703125,39.540000915527344,22.950000762939453,261.2345886230469,943.0599975585938,135.89999389648438,77.75,89.63999938964844,28.56999969482422,62.400001525878906,993.8583984375,62.119998931884766,,95.22000122070312,77.48999786376953,463.7300109863281,153.72999572753906,203.39999389648438
2025-08-26,83.83000183105469,111.91000366210938,279.04998779296875,718.5700073242188,217.94000244140625,265.5,563.0700073242188,39.2599983215332,22.579999923706055,260.17401123046875,929.3300170898438,135.36000061035156,76.30000305175781,88.55999755859375,28.489999771118164,62.349998474121094,993.8583984375,61.060001373291016,,95.22000122070312,76.98999786376953,460.20001220703125,157.05999755859375,202.49000549316406
2025-08-28,84.41999816894531,112.77999877929688,276.92999267578125,709.469970703125,215.07000732421875,265.5,556.75,38.70000076293945,22.389999389648438,258.7712097167969,920.9199829101562,134.1300048828125,75.5,87.87000274658203,28.649999618530273,62.29999923706055,993.8583984375,60.349998474121094,,95.22000122070312,76.05999755859375,460.20001220703125,157.2100067138672,203.2899932861328
2025-08-29,85.33999633789062,113.58000183105469,276.05999755859375,707.47998046875,213.5,265.5,554.989990234375,38.41999816894531,22.3799991607666,256.4881896972656,918.5800170898438,134.25999450683594,75.20999908447266,87.83000183105469,28.59000015258789,62.40999984741211,996.9228515625,60.0099983215332,,95.22000122070312,75.94000244140625,464.510009765625,158.10000610351562,204.4199981689453
2025-09-01,86.61000061035156,118.58999633789062,278.17999267578125,716.4600219726562,217.97999572753906,265.5,557.9400024414062,38.959999084472656,22.34000015258789,263.6487121582031,926.1500244140625,135.83999633789062,76.0999984741211,89.0199966430664,28.549999237060547,62.36000061035156,996.912841796875,61.209999084472656,,95.22000122070312,76.69999694824219,477.7300109863281,161.1300048828125,203.66000366210938
2025-09-02,86.61000061035156,117.91000366210938,277.67999267578125,719.5999755859375,218.32000732421875,265.5,554.72998046875,39.0,22.299999237060547,262.87890625,928.25,135.86000061035156,76.27999877929688,90.08999633789062,28.579999923706055,62.290000915527344,996.912841796875,61.38999938964844,,95.22000122070312,77.13999938964844,479.6300048828125,158.75999450683594,202.3699951171875
2025-09-03,87.87999725341797,118.95999908447266,278.94000244140625,723.8699951171875,219.58999633789062,265.5,558.5800170898438,38.7599983215332,22.5,264.8291931152344,926.4099731445312,136.7899932861328,77.12000274658203,90.22000122070312,28.610000610351562,62.36000061035156,996.912841796875,61.72999954223633,,95.22000122070312,77.29000091552734,476.6099853515625,159.22000122070312,203.47000122070312
2025-09-04,88.16000366210938,119.02999877929688,279.32000732421875,721.280029296875,218.0800018310547,265.5,558.27001953125,38.380001068115234,22.479999542236328,267.0787048339844,922.760009765625,137.33999633789062,76.22000122070312,89.48999786376953,28.719999313354492,62.459999084472656,996.9228515625,61.33000183105469,,95.22000122070312,76.97000122070312,474.739990234375,157.74000549316406,202.47999572753906
2025-09-05,88.6500015258789,119.01000213623047,279.6000061035156,721.1300048828125,217.89999389648438,265.5,559.1699829101562,37.849998474121094,22.469999313354492,270.4198913574219,926.6500244140625,137.6199951171875,76.2699966430664,89.36000061035156,28.809999465942383,62.47999954223633,996.912841796875,61.38999938964844,,95.22000122070312,76.5999984741211,482.3800048828125,160.75,204.85000610351562
2025-09-08,89.9800033569336,120.25,279.989990234375,724.02001953125,219.47000122070312,265.5,560.489990234375,37.4900016784668,22.420000076293945,279.8599853515625,925.8699951171875,138.3300018310547,76.66999816894531,88.93000030517578,28.860000610351562,62.54999923706055,996.912841796875,61.59000015258789,,146.69000244140625,76.45999908447266,490.3900146484375,162.4600067138672,205.27999877929688
2025-09-09,91.16999816894531,120.19000244140625,280.5400085449219,724.9400024414062,219.66000366210938,265.5,560.1400146484375,38.52000045776367,22.559999465942383,278.94000244140625,927.3800048828125,138.39999389648438,76.58999633789062,88.75,28.84000015258789,62.56999969482422,996.912841796875,61.63999938964844,,148.14999389648438,76.77999877929688,502.25,163.8800048828125,205.5
2025-09-10,90.9000015258789,119.33999633789062,281.8399963378906,728.6599731445312,221.75,265.5,563.9199829101562,39.43000030517578,22.639999389648438,276.1199951171875,930.469970703125,137.92999267578125,78.29000091552734,89.8499984741211,28.780000686645508,62.63999938964844,996.912841796875,62.22999954223633,,148.5500030517578,77.73999786376953,504.7900085449219,165.47999572753906,204.86000061035156
2025-09-11,90.62000274658203,119.30000305175781,282.5299987792969,729.8800048828125,221.97999572753906,265.5,565.47998046875,39.2400016784668,22.770000457763672,274.3599853515625,933.75,137.89999389648438,78.79000091552734,90.68000030517578,28.809999465942383,62.560001373291016,996.912841796875,62.43000030517578,,148.97999572753906,77.93000030517578,506.19000244140625,165.50999450683594,205.64999389648438
2025-09-12,91.26000213623047,123.66000366210938,283.510009765625,732.219970703125,222.33999633789062,265.5,566.4099731445312,39.36000061035156,22.889999389648438,276.4100036621094,936.9500122070312,137.6199951171875,78.6500015258789,91.52999877929688,28.84000015258789,62.560001373291016,996.9228515625,62.59000015258789,,149.38999938964844,78.08000183105469,517.22998046875,166.4199981689453,207.05999755859375
2025-09-15,90.91999816894531,123.08000183105469,283.1199951171875,736.2999877929688,223.4600067138672,265.5,567.489990234375,39.18000030517578,22.75,275.4100036621094,931.530029296875,137.35000610351562,79.12000274658203,91.55999755859375,28.850000381469727,62.59000015258789,996.912841796875,62.939998626708984,,148.89999389648438,78.1500015258789,518.6400146484375,166.33999633789062,209.88999938964844
2025-09-16,92.2699966430664,124.62000274658203,284.8900146484375,739.8699951171875,224.9499969482422,265.5,569.8300170898438,39.47999954223633,22.790000915527344,278.8500061035156,948.4600219726562,137.97000122070312,79.41000366210938,92.69999694824219,28.850000381469727,62.619998931884766,996.912841796875,63.22999954223633,,149.77000427246094,78.29000091552734,524.0800170898438,166.8000030517578,212.6199951171875
2025-09-17,91.25,121.76000213623047,285.9800109863281,743.0999755859375,225.02999877929688,265.5,573.780029296875,39.77000045776367,22.780000686645508,280.7200012207031,951.469970703125,138.35000610351562,81.48999786376953,93.43000030517578,28.860000610351562,62.70000076293945,996.9228515625,63.380001068115234,,150.44000244140625,78.70999908447266,524.22998046875,169.41000366210938,211.83999633789062
2025-09-18,91.5999984741211,123.04000091552734,286.70001220703125,744.9299926757812,225.2899932861328,265.5,575.6599731445312,40.119998931884766,23.1299991607666,281.17999267578125,952.5999755859375,138.8800048828125,81.4000015258789,92.9000015258789,28.81999969482422,62.779998779296875,996.9228515625,63.52000045776367,,150.97000122070312,78.98999786376953,517.2000122070312,168.55999755859375,213.42999267578125
2025-09-19,91.29000091552734,123.6500015258789,285.8999938964844,748.75,225.97000122070312,265.5,573.469970703125,39.90999984741211,23.209999084472656,280.3500061035156,952.8800048828125,138.6300048828125,82.37999725341797,93.0199966430664,28.84000015258789,62.7599983215332,996.9228515625,63.56999969482422,,150.4600067138672,79.02999877929688,526.0700073242188,167.05999755859375,213.9199981689453
2025-09-22,93.13999938964844,128.22000122070312,284.489990234375,749.8900146484375,224.69000244140625,265.5,571.02001953125,38.779998779296875,22.920000076293945,279.25,950.3200073242188,138.72000122070312,82.22000122070312,93.02999877929688,28.829999923706055,62.91999816894531,996.912841796875,63.20000076293945,,149.1699981689453,78.38999938964844,526.6300048828125,169.88999938964844,214.61000061035156
2025-09-23,95.12999725341797,129.74000549316406,284.3500061035156,748.219970703125,223.36000061035156,265.5,572.6199951171875,38.47999954223633,22.860000610351562,280.8999938964844,948.530029296875,137.94000244140625,83.02999877929688,93.16000366210938,28.8700008392334,62.9900016784668,996.9228515625,62.84000015258789,,149.3300018310547,78.22000122070312,526.1500244140625,171.77999877929688,216.97999572753906
2025-09-24,94.63999938964844,129.99000549316406,282.8800048828125,740.1900024414062,221.97999572753906,265.5,568.3200073242188,38.209999084472656,22.729999542236328,277.5199890136719,943.6400146484375,137.22000122070312,82.87999725341797,93.31999969482422,28.899999618530273,62.959999084472656,996.9228515625,62.38999938964844,,148.41000366210938,77.98999786376953,524.1400146484375,171.1999969482422,215.39999389648438
2025-09-25,94.43000030517578,132.3699951171875,281.239990234375,734.7899780273438,220.4499969482422,265.5,567.760009765625,37.72999954223633,22.540000915527344,274.6300048828125,936.5999755859375,135.8800048828125,82.44999694824219,92.86000061035156,28.889999389648438,62.939998626708984,996.9228515625,61.880001068115234,,147.63999938964844,77.5999984741211,522.7999877929688,169.97999572753906,213.8000030517578
2025-09-26,94.22000122070312,133.00999450683594,278.739990234375,722.5900268554688,216.44000244140625,265.5,562.02001953125,36.83000183105469,22.049999237060547,271.75,931.8200073242188,134.50999450683594,80.98999786376953,91.76000213623047,28.8799991607666,62.880001068115234,996.9228515625,60.810001373291016,,146.22999572753906,76.58999633789062,526.1900024414062,169.13999938964844,214.52999877929688
2025-09-29,95.9000015258789,139.05999755859375,278.5400085449219,728.9500122070312,216.80999755859375,265.5,561.6699829101562,36.79999923706055,22.020000457763672,271.239990234375,934.0700073242188,134.47000122070312,82.52999877929688,92.16000366210938,28.799999237060547,62.86000061035156,996.912841796875,60.95000076293945,,146.10000610351562,76.94999694824219,528.9299926757812,168.27000427246094,219.8300018310547
2025-09-30,95.8499984741211,136.07000732421875,277.5199890136719,729.8599853515625,217.50999450683594,265.5,563.3900146484375,36.75,22.010000228881836,273.94000244140625,931.0900268554688,134.1999969482422,83.94000244140625,92.3499984741211,28.860000610351562,62.91999816894531,1000.0,60.79999923706055,,145.80999755859375,77.25,521.8900146484375,169.11000061035156,222.3800048828125
2025-10-01,97.62999725341797,139.8699951171875,280.510009765625,731.260009765625,218.97000122070312,265.5,571.3900146484375,37.15999984741211,22.309999465942383,275.4100036621094,934.0900268554688,134.97999572753906,83.75,92.73999786376953,28.860000610351562,63.20000076293945,1000.0,61.38999938964844,,147.02000427246094,77.55000305175781,531.780029296875,169.52000427246094,221.50999450683594
2025-10-03,97.06999969482422,139.75999450683594,281.1600036621094,734.7899780273438,220.72999572753906,265.5,573.2999877929688,37.08000183105469,22.309999465942383,275.260009765625,938.3800048828125,135.08999633789062,84.66000366210938,93.69000244140625,28.950000762939453,63.31999969482422,1000.0,61.869998931884766,,147.6300048828125,77.7699966430664,536.8800048828125,169.44000244140625,229.61000061035156
2025-10-06,99.22000122070312,143.6699981689453,283.07000732421875,737.510009765625,222.44000244140625,265.5,580.4600219726562,37.83000183105469,22.309999465942383,275.79998779296875,938.0700073242188,135.77000427246094,84.98999786376953,93.4000015258789,28.959999084472656,63.290000915527344,999.989990234375,62.36000061035156,,148.6300048828125,78.33999633789062,563.5399780273438,169.22999572753906,240.61000061035156
2025-10-07,99.66000366210938,143.82000732421875,283.4100036621094,736.1599731445312,222.58999633789062,265.5,580.1500244140625,37.81999969482422,22.3799991607666,276.6499938964844,943.6099853515625,135.8699951171875,84.54000091552734,93.73999786376953,28.950000762939453,63.279998779296875,1000.0,62.65999984741211,,148.52999877929688,78.19999694824219,542.1599731445312,168.97999572753906,250.25999450683594
2025-10-08,101.69000244140625,150.92999267578125,282.3800048828125,731.1099853515625,220.89999389648438,265.5,577.6400146484375,38.369998931884766,22.229999542236328,272.8800048828125,936.97998046875,135.38999938964844,83.86000061035156,92.44000244140625,28.959999084472656,63.2599983215332,1000.0,62.08000183105469,,148.4600067138672,78.0199966430664,538.530029296875,169.83999633789062,242.1199951171875
2025-10-09,101.47000122070312,156.16000366210938,284.04998779296875,734.77001953125,222.82000732421875,265.5,580.3599853515625,38.790000915527344,22.479999542236328,273.4200134277344,944.1799926757812,135.8300018310547,84.4000015258789,92.80999755859375,28.950000762939453,63.099998474121094,999.989990234375,62.720001220703125,,148.86000061035156,78.45999908447266,548.27001953125,169.05999755859375,241.75
2025-10-10,100.66999816894531,153.9199981689453,285.5199890136719,736.8800048828125,223.47999572753906,265.5,584.97998046875,38.779998779296875,22.770000457763672,274.739990234375,946.8400268554688,136.66000366210938,85.83000183105469,93.58999633789062,28.959999084472656,63.040000915527344,1000.0,63.08000183105469,,149.91000366210938,78.70999908447266,535.760009765625,171.89999389648438,238.92999267578125
2025-10-13,102.6500015258789,164.33999633789062,284.6400146484375,735.969970703125,223.55999755859375,265.5,584.5800170898438,38.4900016784668,22.709999084472656,273.94000244140625,945.530029296875,136.17999267578125,86.08999633789062,93.02999877929688,28.959999084472656,63.11000061035156,999.989990234375,63.06999969482422,,149.39999389648438,78.44999694824219,529.3699951171875,172.39999389648438,233.6999969482422
2025-10-14,105.08999633789062,174.30999755859375,283.69000244140625,732.22998046875,221.27000427246094,265.5,583.2899780273438,38.369998931884766,22.549999237060547,273.3500061035156,941.8699951171875,135.58999633789062,84.66000366210938,92.38999938964844,28.969999313354492,63.15999984741211,999.989990234375,62.63999938964844,,149.0800018310547,78.04000091552734,524.22998046875,166.27999877929688,233.22000122070312
2025-10-15,105.29000091552734,168.55999755859375,286.07000732421875,741.1900024414062,224.75,265.5,586.5499877929688,38.63999938964844,22.56999969482422,274.510009765625,951.8200073242188,136.88999938964844,86.18000030517578,93.55000305175781,29.040000915527344,63.209999084472656,999.989990234375,63.2599983215332,,149.52000427246094,78.44000244140625,516.97998046875,169.72000122070312,233.22999572753906
2025-10-16,105.37000274658203,157.2100067138672,288.70001220703125,745.02001953125,225.9199981689453,265.5,591.97998046875,38.810001373291016,22.6200008392334,278.2200012207031,958.8800048828125,138.24000549316406,85.81999969482422,93.91000366210938,29.040000915527344,63.209999084472656,1000.0,63.54999923706055,,150.6199951171875,78.76000213623047,508.82000732421875,168.19000244140625,237.1199951171875
2025-10-17,108.11000061035156,160.60000610351562,290.1700134277344,745.469970703125,224.30999755859375,265.5,594.969970703125,38.22999954223633,22.770000457763672,279.8500061035156,963.0800170898438,140.30999755859375,85.13999938964844,93.7699966430664,29.059999465942383,63.29999923706055,1000.0,63.220001220703125,33.4900016784668,150.75999450683594,78.62999725341797,503.0299987792969,167.86000061035156,236.2100067138672
2025-10-20,105.13999938964844,148.82000732421875,291.8599853515625,746.7999877929688,225.8300018310547,265.5,598.5700073242188,38.58000183105469,22.979999542236328,278.8599853515625,975.1300048828125,140.1699981689453,87.48999786376953,94.0,29.030000686645508,63.27000045776367,1000.0,63.720001220703125,32.47999954223633,151.2100067138672,79.13999938964844,512.6799926757812,166.4199981689453,239.16000366210938
2025-10-21,105.69000244140625,145.3000030517578,291.8699951171875,747.739990234375,226.27999877929688,265.5,598.3300170898438,38.70000076293945,23.049999237060547,279.75,976.25,140.6999969482422,88.37999725341797,94.08999633789062,29.040000915527344,63.41999816894531,1000.0,63.939998626708984,32.779998779296875,151.85000610351562,79.2300033569336,500.9800109863281,167.33999633789062,241.5399932861328
2025-10-23,101.69999694824219,141.94000244140625,292.3900146484375,746.6300048828125,226.1300048828125,265.5,598.5999755859375,39.41999816894531,23.030000686645508,279.1700134277344,970.5999755859375,139.55999755859375,87.7300033569336,94.4800033569336,29.0,63.31999969482422,999.989990234375,63.7599983215332,32.09000015258789,152.7899932861328,79.91999816894531,512.22998046875,169.38999938964844,240.4600067138672
2025-10-24,,,,,225.5500030517578,,,,22.8700008392334,,,139.0500030517578,,,28.989999771118164,,,,31.889999389648438,,79.73999786376953,,,217.318603515625
2025-10-27,100.13999938964844,138.85000610351562,293.3500061035156,748.72998046875,227.5500030517578,265.5,599.0399780273438,39.630001068115234,22.829999923706055,279.7300109863281,983.2100219726562,139.97999572753906,89.2300033569336,94.55000305175781,29.030000686645508,63.369998931884766,1000.0,64.16000366210938,31.90999984741211,153.10000610351562,80.30999755859375,514.219970703125,169.57000732421875,245.2899932861328
2025-10-28,96.83999633789062,133.80999755859375,293.1000061035156,745.0499877929688,227.47999572753906,265.5,600.1500244140625,39.41999816894531,22.780000686645508,278.4100036621094,984.6900024414062,139.3699951171875,90.23999786376953,93.81999969482422,29.020000457763672,63.38999938964844,999.989990234375,64.13999938964844,31.8799991607666,152.49000549316406,80.11000061035156,517.6900024414062,170.86000061035156,244.25
2025-10-29,99.94999694824219,141.1300048828125,294.5,753.6400146484375,228.8000030517578,265.5,602.4500122070312,39.65999984741211,22.969999313354492,276.4800109863281,995.9400024414062,139.86000061035156,90.2699966430664,94.7699966430664,29.040000915527344,63.27000045776367,999.989990234375,64.55999755859375,31.739999771118164,153.24000549316406,80.86000061035156,525.719970703125,174.60000610351562,241.6699981689453
2025-10-30,99.68000030517578,140.52000427246094,292.5799865722656,751.8900146484375,228.50999450683594,265.5,600.0800170898438,39.45000076293945,22.829999923706055,275.2900085449219,990.030029296875,139.0500030517578,89.87999725341797,94.83000183105469,28.989999771118164,63.2400016784668,999.989990234375,64.58000183105469,31.90999984741211,152.6999969482422,80.58000183105469,524.0399780273438,177.5500030517578,245.02000427246094
2025-10-31,100.0199966430664,142.47000122070312,291.0799865722656,750.9500122070312,227.1300048828125,265.5,597.3900146484375,39.25,22.719999313354492,275.75,985.9400024414062,138.05999755859375,91.2699966430664,94.6500015258789,29.010000228881836,63.16999816894531,1000.0,64.30999755859375,31.75,151.83999633789062,80.4800033569336,523.1199951171875,178.77999877929688,244.5500030517578
2025-11-03,100.05000305175781,142.47000122070312,291.3500061035156,757.6799926757812,228.8699951171875,265.5,600.0999755859375,39.11000061035156,22.940000534057617,275.67999267578125,988.969970703125,137.9499969482422,93.12999725341797,94.37000274658203,29.040000915527344,63.220001220703125,999.989990234375,64.75,31.75,151.14999389648438,80.66999816894531,525.3699951171875,176.22999572753906,245.44000244140625
2025-11-04,99.80000305175781,139.9499969482422,289.5899963378906,754.3900146484375,227.83999633789062,265.5,597.2999877929688,38.790000915527344,22.850000381469727,273.1700134277344,986.2899780273438,137.47999572753906,92.87999725341797,93.12999725341797,29.06999969482422,63.349998474121094,1000.0,64.52999877929688,31.540000915527344,150.25,80.04000091552734,517.75,177.1999969482422,241.39999389648438
2025-11-06,100.06999969482422,141.8300018310547,288.239990234375,745.7100219726562,226.1300048828125,265.5,594.4000244140625,38.790000915527344,22.760000228881836,273.0,977.5999755859375,136.72000122070312,92.19999694824219,91.7699966430664,29.149999618530273,63.369998931884766,1000.0,63.970001220703125,31.170000076293945,149.27000427246094,79.95999908447266,522.6699829101562,175.1300048828125,238.47000122070312
2025-11-07,99.94000244140625,142.0500030517578,288.44000244140625,746.3400268554688,227.44000244140625,265.5,598.260009765625,38.599998474121094,22.68000030517578,275.4100036621094,968.8900146484375,136.27999877929688,93.08999633789062,92.05000305175781,29.18000030517578,63.349998474121094,1000.0,64.37999725341797,31.469999313354492,149.47000122070312,80.13999938964844,518.3699951171875,174.02999877929688,234.05999755859375
2025-11-10,101.69999694824219,145.33999633789062,289.489990234375,749.469970703125,228.2899932861328,265.5,598.1699829101562,39.22999954223633,22.90999984741211,275.6199951171875,972.3599853515625,136.00999450683594,93.05999755859375,92.3499984741211,29.170000076293945,63.380001068115234,1000.0,64.72000122070312,31.6200008392334,150.4600067138672,80.3499984741211,528.8599853515625,171.86000061035156,239.8699951171875
2025-11-11,103.29000091552734,148.0500030517578,290.82000732421875,749.9099731445312,229.27000427246094,265.5,599.75,39.72999954223633,22.90999984741211,278.42999267578125,979.489990234375,137.1300048828125,92.63999938964844,92.81999969482422,29.170000076293945,63.38999938964844,999.989990234375,64.91999816894531,31.610000610351562,150.69000244140625,80.77999877929688,524.0999755859375,171.83999633789062,241.72999572753906
2025-11-12,102.69000244140625,150.27000427246094,292.7200012207031,751.4299926757812,231.05999755859375,265.5,601.3200073242188,40.52000045776367,23.1299991607666,282.3299865722656,986.9500122070312,137.88999938964844,93.29000091552734,93.02999877929688,29.200000762939453,63.439998626708984,999.989990234375,65.51000213623047,31.809999465942383,152.16000366210938,81.41999816894531,532.8400268554688,175.91000366210938,243.3699951171875
2025-11-13,105.37000274658203,157.08999633789062,292.3900146484375,751.3300170898438,230.33999633789062,265.5,602.0,40.36000061035156,23.25,280.8599853515625,994.0499877929688,137.36000061035156,92.5999984741211,92.55999755859375,29.15999984741211,63.41999816894531,999.989990234375,65.33000183105469,31.790000915527344,152.3800048828125,81.19999694824219,532.780029296875,174.94000244140625,240.32000732421875
2025-11-14,103.80999755859375,153.25999450683594,292.8299865722656,750.8800048828125,230.42999267578125,265.5,603.2899780273438,39.95000076293945,23.34000015258789,279.4800109863281,992.3599853515625,137.7100067138672,93.72000122070312,93.4000015258789,29.15999984741211,63.459999084472656,1000.0,65.4000015258789,31.81999969482422,152.0500030517578,81.12000274658203,533.0,174.61000061035156,237.27999877929688
2025-11-17,101.94000244140625,148.9199981689453,293.9700012207031,754.510009765625,232.0399932861328,265.5,607.8300170898438,40.02000045776367,23.399999618530273,282.5199890136719,994.9400024414062,138.74000549316406,94.55999755859375,93.5999984741211,29.139999389648438,63.36000061035156,999.989990234375,65.81999969482422,32.09000015258789,152.5399932861328,81.41000366210938,525.9000244140625,171.1300048828125,235.77999877929688
2025-11-18,100.91000366210938,146.5800018310547,292.9700012207031,749.5999755859375,230.63999938964844,265.5,607.8499755859375,39.56999969482422,23.260000228881836,281.239990234375,991.4000244140625,138.0399932861328,94.55000305175781,93.08999633789062,29.15999984741211,63.40999984741211,1000.0,65.51000213623047,31.899999618530273,151.75999450683594,81.01000213623047,512.2000122070312,170.02000427246094,234.27999877929688
2025-11-19,102.2300033569336,150.36000061035156,294.3699951171875,749.4099731445312,231.3300018310547,265.5,610.4000244140625,40.720001220703125,23.280000686645508,282.1000061035156,995.739990234375,138.36000061035156,95.69000244140625,93.05999755859375,29.18000030517578,63.36000061035156,1000.0,65.61000061035156,32.04999923706055,153.19000244140625,81.56999969482422,510.5199890136719,167.19000244140625,233.5500030517578
2025-11-20,101.55000305175781,147.99000549316406,295.6400146484375,748.52001953125,231.0399932861328,265.5,611.6500244140625,40.61000061035156,23.270000457763672,282.57000732421875,999.5599975585938,138.67999267578125,94.8499984741211,93.2300033569336,29.149999618530273,63.43000030517578,1000.0,65.62000274658203,32.2400016784668,153.32000732421875,81.58000183105469,513.8499755859375,167.41000366210938,236.42999267578125
2025-11-21,102.0,144.69000244140625,294.32000732421875,739.0900268554688,228.6199951171875,265.5,606.8499755859375,40.439998626708984,23.149999618530273,282.17999267578125,998.3400268554688,138.6999969482422,93.20999908447266,92.5999984741211,29.170000076293945,63.540000915527344,1000.0,64.9000015258789,31.940000534057617,153.25999450683594,81.26000213623047,499.20001220703125,165.13999938964844,232.4199981689453
2025-11-24,102.2300033569336,147.0800018310547,293.29998779296875,731.8499755859375,227.89999389648438,265.5,606.6099853515625,40.66999816894531,23.030000686645508,281.1000061035156,989.5499877929688,137.80999755859375,93.08000183105469,91.47000122070312,29.1299991607666,63.400001525878906,999.989990234375,64.69000244140625,31.670000076293945,152.77000427246094,81.0,498.57000732421875,164.5500030517578,230.35000610351562
2025-11-25,103.45999908447266,149.32000732421875,292.67999267578125,733.5800170898438,227.75,265.5,606.4299926757812,40.41999816894531,23.170000076293945,280.57000732421875,990.8200073242188,137.57000732421875,94.70999908447266,91.47000122070312,29.190000534057617,63.52000045776367,1000.0,64.93000030517578,31.75,152.05999755859375,81.0,503.010009765625,165.27999877929688,230.89999389648438
2025-11-26,104.18000030517578,151.63999938964844,296.010009765625,743.8200073242188,230.6999969482422,265.5,614.219970703125,40.97999954223633,23.3799991607666,284.94000244140625,999.8499755859375,138.5800018310547,95.41999816894531,92.33999633789062,29.239999771118164,63.709999084472656,999.989990234375,65.76000213623047,32.06999969482422,153.6300048828125,81.76000213623047,510.20001220703125,169.8000030517578,232.74000549316406
2025-11-27,104.11000061035156,155.6999969482422,296.4200134277344,742.8800048828125,231.42999267578125,265.5,615.7000122070312,41.06999969482422,23.399999618530273,283.79998779296875,998.1799926757812,138.0500030517578,94.86000061035156,91.97000122070312,29.239999771118164,63.7400016784668,999.989990234375,65.8499984741211,32.279998779296875,153.72000122070312,81.7699966430664,512.6099853515625,173.0399932861328,232.10000610351562
2025-11-28,104.62000274658203,156.77000427246094,296.489990234375,744.1199951171875,231.17999267578125,265.5,616.3699951171875,41.040000915527344,23.520000457763672,285.55999755859375,995.2100219726562,138.38999938964844,95.01000213623047,91.55999755859375,29.280000686645508,63.84000015258789,999.989990234375,65.75,32.20000076293945,153.72000122070312,81.72000122070312,519.5700073242188,173.58999633789062,231.75
2025-12-01,106.72000122070312,166.2100067138672,296.1000061035156,744.8800048828125,230.91000366210938,265.5,616.8599853515625,41.18000030517578,23.489999771118164,287.8599853515625,995.780029296875,138.22000122070312,95.27999877929688,91.95999908447266,29.149999618530273,63.459999084472656,1000.0,65.7699966430664,32.20000076293945,153.77999877929688,81.87999725341797,522.02001953125,173.58999633789062,233.22000122070312
2025-12-02,105.62999725341797,165.33999633789062,294.6600036621094,744.3099975585938,230.4600067138672,265.5,612.8499755859375,41.189998626708984,23.459999084472656,287.010009765625,991.0800170898438,138.44000244140625,95.01000213623047,91.54000091552734,29.15999984741211,63.5,999.989990234375,65.62000274658203,32.0,153.5,81.66999816894531,520.3200073242188,175.47000122070312,234.67999267578125
2025-12-03,106.51000213623047,169.77999877929688,293.79998779296875,734.489990234375,228.4600067138672,265.5,613.6400146484375,41.630001068115234,23.450000762939453,284.2699890136719,982.6300048828125,137.1699981689453,92.08000183105469,90.70999908447266,29.18000030517578,63.650001525878906,999.989990234375,64.97000122070312,31.68000030517578,153.61000061035156,81.25,523.9600219726562,175.36000061035156,235.89999389648438
2025-12-04,105.91999816894531,167.22000122070312,294.3699951171875,737.8699951171875,228.41000366210938,265.5,611.239990234375,42.06999969482422,23.489999771118164,285.1600036621094,982.5499877929688,137.3699951171875,92.02999877929688,90.94999694824219,29.209999084472656,63.56999969482422,999.989990234375,64.97000122070312,31.6200008392334,154.1300048828125,81.69999694824219,524.27001953125,176.25999450683594,235.30999755859375
2025-12-05,106.88999938964844,170.17999267578125,296.010009765625,739.6400146484375,229.27999877929688,265.5,616.02001953125,42.45000076293945,23.479999542236328,287.1400146484375,983.5399780273438,137.63999938964844,93.44000244140625,90.95999908447266,29.25,63.650001525878906,1000.0,65.27999877929688,32.0,155.36000061035156,82.13999938964844,523.7100219726562,176.2899932861328,234.5800018310547
2025-12-08,106.8499984741211,170.83999633789062,293.45001220703125,724.489990234375,225.35000610351562,265.5,611.469970703125,42.369998931884766,23.190000534057617,283.4200134277344,974.47998046875,135.3699951171875,90.83000183105469,89.30000305175781,29.209999084472656,63.63999938964844,1000.0,64.08999633789062,31.489999771118164,154.3800048828125,81.37000274658203,516.6400146484375,176.05999755859375,236.0500030517578
2025-12-09,106.27999877929688,171.11000061035156,292.3500061035156,728.77001953125,226.24000549316406,265.5,610.280029296875,41.88999938964844,23.049999237060547,281.69000244140625,971.0,135.05999755859375,92.08999633789062,89.5999984741211,29.1200008392334,63.560001373291016,999.989990234375,64.19999694824219,31.350000381469727,153.4600067138672,81.37000274658203,506.6400146484375,176.1999969482422,234.50999450683594
2025-12-10,106.2300033569336,175.2899932861328,291.55999755859375,726.9000244140625,224.1699981689453,265.5,607.72998046875,41.47999954223633,23.100000381469727,281.2900085449219,969.25,134.07000732421875,91.29000091552734,89.69000244140625,29.049999237060547,63.45000076293945,999.989990234375,63.54999923706055,31.020000457763672,153.72999572753906,81.05999755859375,502.8999938964844,176.52000427246094,233.6300048828125
2025-12-11,107.1500015258789,178.85000610351562,292.92999267578125,731.1500244140625,225.99000549316406,265.5,610.280029296875,41.81999969482422,23.329999923706055,284.42999267578125,973.1699829101562,135.05999755859375,91.76000213623047,89.44000244140625,29.059999465942383,63.400001525878906,999.989990234375,64.08999633789062,31.270000457763672,154.07000732421875,81.3499984741211,505.57000732421875,176.49000549316406,232.47999572753906
2025-12-12,109.61000061035156,184.1300048828125,294.69000244140625,736.4099731445312,227.99000549316406,265.5,613.1400146484375,42.04999923706055,23.329999923706055,286.0199890136719,984.8400268554688,135.63999938964844,91.87000274658203,89.58000183105469,29.040000915527344,63.439998626708984,1000.0,64.93000030517578,31.510000228881836,154.6699981689453,81.68000030517578,510.5,176.0399932861328,233.42999267578125
2025-12-15,110.94999694824219,184.8699951171875,294.5400085449219,737.3300170898438,228.11000061035156,265.5,613.3900146484375,42.13999938964844,23.239999771118164,283.3299865722656,984.0499877929688,135.67999267578125,92.22000122070312,89.4800033569336,29.1200008392334,63.369998931884766,999.989990234375,64.86000061035156,31.43000030517578,154.97999572753906,81.9000015258789,513.0800170898438,176.25999450683594,234.5500030517578
2025-12-16,109.55999755859375,184.69000244140625,292.6600036621094,735.760009765625,226.6199951171875,265.5,609.72998046875,41.7599983215332,23.110000610351562,282.7200012207031,979.2899780273438,135.66000366210938,91.29000091552734,88.86000061035156,29.1200008392334,63.380001068115234,1000.0,64.29000091552734,31.18000030517578,153.72999572753906,81.3499984741211,502.32000732421875,172.16000366210938,234.39999389648438
2025-12-17,109.98999786376953,192.16000366210938,291.7099914550781,732.5399780273438,225.55999755859375,265.5,607.8699951171875,41.880001068115234,23.139999389648438,282.010009765625,981.0800170898438,135.02999877929688,92.54000091552734,88.7300033569336,29.15999984741211,63.45000076293945,1000.0,63.95000076293945,31.010000228881836,153.6199951171875,81.61000061035156,503.0,168.5500030517578,234.24000549316406
2025-12-18,109.87999725341797,193.25999450683594,291.8399963378906,729.6799926757812,225.25,265.5,607.6300048828125,42.349998474121094,23.09000015258789,280.5400085449219,977.4000244140625,134.25,92.52999877929688,88.2699966430664,29.1200008392334,63.45000076293945,1000.0,64.19000244140625,31.09000015258789,154.35000610351562,81.9800033569336,500.44000244140625,169.9499969482422,233.50999450683594
2025-12-19,109.81999969482422,192.55999755859375,293.4494934082031,734.8281860351562,228.50999450683594,279.7669982910156,609.706787109375,42.41999816894531,23.31999969482422,283.8658142089844,985.8770751953125,135.32000732421875,93.0458984375,89.3467025756836,29.1299991607666,63.41419982910156,1000.0,64.85970306396484,31.229999542236328,154.73939514160156,82.31999969482422,501.8999938964844,,234.8000030517578
2025-12-22,111.38999938964844,199.9499969482422,295.69000244140625,738.9500122070312,230.47000122070312,265.5,611.260009765625,43.290000915527344,23.450000762939453,285.54998779296875,995.010009765625,136.16000366210938,93.12000274658203,89.95999908447266,29.030000686645508,63.400001525878906,1000.0,65.5,31.399999618530273,155.9600067138672,83.23999786376953,503.42999267578125,166.86000061035156,234.82000732421875
2025-12-23,113.0999984741211,201.7899932861328,295.67999267578125,742.7899780273438,230.52000427246094,265.5,610.6400146484375,42.9900016784668,23.40999984741211,285.9700012207031,993.4199829101562,136.24000549316406,92.81999969482422,91.16000366210938,28.979999542236328,63.189998626708984,1000.0,65.48999786376953,31.559999465942383,155.9199981689453,83.5199966430664,501.2900085449219,168.97999572753906,234.39999389648438
2025-12-24,113.20999908447266,209.22999572753906,295.5,741.4199829101562,228.9199981689453,265.5,610.1799926757812,42.72999954223633,23.309999465942383,285.75,989.0900268554688,136.1999969482422,92.38999938964844,91.18000030517578,29.209999084472656,63.4900016784668,1000.0,65.1500015258789,31.43000030517578,155.94000244140625,83.33000183105469,501.489990234375,168.1300048828125,234.08999633789062
2025-12-26,114.30999755859375,219.85000610351562,294.4599914550781,741.4600219726562,228.4600067138672,265.5,608.2899780273438,42.34000015258789,23.25,284.489990234375,985.5499877929688,135.75999450683594,92.08999633789062,91.0999984741211,29.229999542236328,63.470001220703125,999.989990234375,64.91999816894531,31.25,155.25,83.16999816894531,500.6499938964844,170.24000549316406,233.5800018310547
2025-12-29,113.02999877929688,218.25,293.1499938964844,738.5800170898438,227.7899932861328,265.5,607.3499755859375,41.97999954223633,23.1299991607666,282.7200012207031,980.25,135.24000549316406,92.08999633789062,90.2699966430664,29.209999084472656,63.4900016784668,1000.0,64.56999969482422,31.040000915527344,154.4499969482422,82.79000091552734,494.0799865722656,170.27999877929688,230.47000122070312
2025-12-30,111.16999816894531,218.2100067138672,293.32000732421875,739.1199951171875,227.10000610351562,265.5,611.5599975585938,41.7599983215332,23.149999618530273,286.5400085449219,978.5999755859375,135.1699981689453,93.88999938964844,90.31999969482422,29.18000030517578,63.4900016784668,1000.0,64.56999969482422,30.6200008392334,154.44000244140625,83.02999877929688,497.4700012207031,170.27999877929688,231.24000549316406
2025-12-31,110.11000061035156,215.42999267578125,295.30999755859375,744.8800048828125,229.8000030517578,265.5,615.1799926757812,41.66999816894531,23.34000015258789,289.92999267578125,992.02001953125,136.1999969482422,94.83000183105469,91.75,29.170000076293945,63.56999969482422,999.989990234375,65.20999908447266,31.1299991607666,155.25,83.54000091552734,494.1700134277344,169.38999938964844,231.6300048828125
2026-01-01,110.5199966430664,214.9499969482422,295.3299865722656,747.760009765625,230.69000244140625,265.5,615.2899780273438,41.970001220703125,23.200000762939453,292.79998779296875,997.3499755859375,135.88999938964844,95.2699966430664,91.94000244140625,29.18000030517578,63.58000183105469,1000.0,65.4000015258789,31.329999923706055,154.64999389648438,83.33999633789062,497.2099914550781,169.11000061035156,234.5399932861328
2026-01-02,111.81999969482422,221.8699951171875,297.54998779296875,755.8599853515625,232.35000610351562,265.5,619.9099731445312,42.13999938964844,23.34000015258789,296.0899963378906,1008.8599853515625,136.25,97.19999694824219,94.7300033569336,29.239999771118164,63.59000015258789,1000.0,66.01000213623047,31.6200008392334,155.5,83.79000091552734,507.3699951171875,167.72000122070312,234.89999389648438
2026-01-05,112.91999816894531,225.5399932861328,296.4100036621094,756.1199951171875,232.94000244140625,265.5,619.219970703125,41.5099983215332,23.25,296.92999267578125,1001.280029296875,136.36000061035156,97.27999877929688,94.9000015258789,29.139999389648438,63.47999954223633,999.989990234375,65.83999633789062,31.649999618530273,155.7100067138672,83.54000091552734,509.75,167.72000122070312,235.0
2026-01-06,113.13999938964844,231.64999389648438,296.0199890136719,759.8499755859375,232.97999572753906,265.5,619.9299926757812,41.63999938964844,23.670000076293945,296.44000244140625,992.6799926757812,136.05999755859375,97.80000305175781,94.87000274658203,29.1200008392334,63.47999954223633,999.989990234375,65.86000061035156,31.770000457763672,156.64999389648438,83.68000030517578,515.5,165.61000061035156,235.27999877929688
2026-01-07,112.91000366210938,234.36000061035156,295.7200012207031,760.8400268554688,233.35000610351562,265.5,618.969970703125,42.43000030517578,23.860000610351562,293.760009765625,987.4400024414062,135.7899932861328,97.62000274658203,94.44000244140625,29.18000030517578,63.61000061035156,1000.0,66.16999816894531,31.6200008392334,156.83999633789062,83.70999908447266,511.1199951171875,166.89999389648438,236.00999450683594
2026-01-08,112.29000091552734,223.52999877929688,292.92999267578125,744.780029296875,228.55999755859375,265.5,616.5599975585938,41.630001068115234,23.479999542236328,291.05999755859375,968.97998046875,134.72999572753906,95.5999984741211,92.58999633789062,29.149999618530273,63.630001068115234,1000.0,64.91000366210938,31.170000076293945,155.00999450683594,82.41000366210938,502.57000732421875,167.52000427246094,233.99000549316406
2026-01-09,113.61000061035156,230.3699951171875,290.5899963378906,737.3200073242188,226.92999267578125,265.5,611.8300170898438,41.72999954223633,23.34000015258789,287.8599853515625,960.4099731445312,133.50999450683594,95.5999984741211,92.51000213623047,29.15999984741211,63.63999938964844,1000.0,64.4000015258789,30.829999923706055,154.13999938964844,82.04000091552734,502.239990234375,168.36000061035156,234.6699981689453
2026-01-12,116.76000213623047,243.35000610351562,291.8699951171875,738.6699829101562,226.33999633789062,265.5,613.5800170898438,41.689998626708984,23.239999771118164,287.45001220703125,963.9299926757812,133.9199981689453,96.33000183105469,93.1500015258789,29.209999084472656,63.52000045776367,999.989990234375,64.33999633789062,31.049999237060547,155.10000610351562,82.45999908447266,519.5900268554688,166.52999877929688,235.63999938964844
2026-01-13,116.37000274658203,249.50999450683594,291.1300048828125,737.0599975585938,225.88999938964844,265.5,614.5700073242188,41.93000030517578,23.100000381469727,287.1700134277344,952.8300170898438,133.4499969482422,97.0,93.4000015258789,29.170000076293945,63.4900016784668,1000.0,64.19000244140625,30.8700008392334,155.77999877929688,82.69000244140625,532.02001953125,168.19000244140625,234.7899932861328
2026-01-14,118.01000213623047,262.80999755859375,290.6600036621094,741.3099975585938,226.6300048828125,265.5,614.510009765625,41.4900016784668,23.09000015258789,285.260009765625,956.5599975585938,133.0399932861328,99.62999725341797,94.55000305175781,29.190000534057617,63.4900016784668,1000.0,64.2300033569336,30.850000381469727,154.83999633789062,82.97000122070312,539.77001953125,168.50999450683594,234.22999572753906
2026-01-15,118.01000213623047,262.80999755859375,290.6600036621094,741.3099975585938,,265.5,614.510009765625,41.4900016784668,,285.260009765625,956.5599975585938,,99.62999725341797,94.55000305175781,,63.4900016784668,1000.0,64.2300033569336,,154.83999633789062,,539.77001953125,168.50999450683594,234.22999572753906
2026-01-16,117.77999877929688,269.44000244140625,291.0400085449219,740.6900024414062,227.0,265.5,619.9199829101562,43.04999923706055,22.799999237060547,283.3599853515625,954.8200073242188,132.27000427246094,100.47000122070312,93.83999633789062,29.190000534057617,63.369998931884766,1000.0,64.36000061035156,31.09000015258789,156.44000244140625,83.8499984741211,534.5700073242188,168.5,235.5399932861328
2026-01-19,121.0999984741211,282.95001220703125,289.6300048828125,738.6300048828125,225.86000061035156,265.5,617.219970703125,42.86000061035156,22.700000762939453,283.54998779296875,947.1799926757812,132.55999755859375,100.11000061035156,93.23999786376953,29.1299991607666,63.41999816894531,1000.0,64.20999908447266,31.18000030517578,155.94000244140625,83.86000061035156,546.6099853515625,165.4600067138672,233.1699981689453
2026-01-20,125.86000061035156,297.6199951171875,286.2799987792969,722.6400146484375,220.36000061035156,265.5,612.1699829101562,41.970001220703125,22.280000686645508,276.8800048828125,929.0399780273438,129.75999450683594,98.55000305175781,91.72000122070312,29.1299991607666,63.369998931884766,1000.0,62.560001373291016,30.510000228881836,154.08999633789062,82.68000030517578,548.1400146484375,165.8800048828125,231.17999267578125
2026-01-21,134.97000122070312,310.67999267578125,284.95001220703125,719.0900268554688,218.0500030517578,265.5,606.1599731445312,41.849998474121094,22.1299991607666,275.3800048828125,930.9600219726562,129.41000366210938,97.80999755859375,91.5199966430664,29.1200008392334,63.38999938964844,999.989990234375,61.83000183105469,30.3700008392334,153.32000732421875,82.30000305175781,542.3699951171875,165.77000427246094,226.5
2026-01-22,124.33999633789062,276.2699890136719,286.6099853515625,727.469970703125,220.7100067138672,265.5,610.969970703125,42.22999954223633,22.510000228881836,278.54998779296875,938.4299926757812,129.89999389648438,100.20999908447266,93.41000366210938,29.200000762939453,63.630001068115234,999.989990234375,62.66999816894531,30.540000915527344,154.14999389648438,83.0999984741211,539.4600219726562,161.88999938964844,235.74000549316406
2026-01-23,127.41999816894531,292.7300109863281,283.9100036621094,713.2999877929688,217.0399932861328,265.5,603.3499755859375,42.119998931884766,22.31999969482422,275.1499938964844,921.9600219726562,128.2899932861328,97.69999694824219,92.18000030517578,29.15999984741211,63.58000183105469,1000.0,61.540000915527344,30.15999984741211,153.58999633789062,82.9800033569336,547.9600219726562,162.89999389648438,237.8800048828125
2026-01-27,131.4499969482422,317.8500061035156,285.2200012207031,717.0599975585938,218.1699981689453,271.1499938964844,611.1099853515625,42.5099983215332,22.34000015258789,272.8299865722656,925.2899780273438,127.2300033569336,99.69000244140625,93.41000366210938,29.1299991607666,63.59000015258789,1000.0,61.91999816894531,30.260000228881836,154.5500030517578,83.23999786376953,548.739990234375,164.47000122070312,236.52999877929688
2026-01-28,135.82000732421875,332.0299987792969,286.6099853515625,732.0,220.91000366210938,274.4700012207031,614.1400146484375,42.650001525878906,22.270000457763672,274.1499938964844,937.7100219726562,127.41000366210938,101.25,98.08000183105469,29.1200008392334,63.56999969482422,999.989990234375,62.95000076293945,30.450000762939453,155.4199981689453,84.37999725341797,552.7000122070312,166.27999877929688,235.27999877929688
2026-01-29,146.52999877929688,351.9100036621094,287.3699951171875,733.9500122070312,221.82000732421875,274.2799987792969,617.9199829101562,42.31999969482422,22.1200008392334,272.5400085449219,947.719970703125,126.52999877929688,100.44999694824219,99.27999877929688,29.110000610351562,63.56999969482422,999.989990234375,63.029998779296875,30.56999969482422,156.55999755859375,84.80999755859375,558.9000244140625,168.9600067138672,233.86000061035156
2026-01-30,131.1199951171875,286.4800109863281,286.7300109863281,729.6099853515625,221.5399932861328,273.3599853515625,615.72998046875,41.939998626708984,22.239999771118164,274.1499938964844,944.1599731445312,127.52999877929688,100.5199966430664,98.19000244140625,29.139999389648438,63.7400016784668,1000.0,62.83000183105469,30.200000762939453,155.19000244140625,83.95999908447266,566.3400268554688,168.69000244140625,230.55999755859375
2026-02-02,118.66999816894531,219.94000244140625,283.94000244140625,721.2100219726562,219.5500030517578,271.3900146484375,604.47998046875,41.939998626708984,22.079999923706055,274.19000244140625,942.3900146484375,126.55999755859375,95.55999755859375,95.88999938964844,29.020000457763672,63.66999816894531,999.989990234375,62.119998931884766,31.110000610351562,153.32000732421875,82.62000274658203,527.6400146484375,166.1699981689453,225.44000244140625
2026-02-03,125.19999694824219,247.33999633789062,291.239990234375,738.7899780273438,225.83999633789062,278.05999755859375,619.5499877929688,42.59000015258789,22.739999771118164,281.8999938964844,969.739990234375,129.02999877929688,98.23999786376953,98.01000213623047,29.09000015258789,63.900001525878906,999.989990234375,64.0,30.579999923706055,156.83999633789062,84.12999725341797,536.4500122070312,166.1699981689453,231.80999755859375
2026-02-04,129.60000610351562,265.57000732421875,291.6499938964844,744.0499877929688,226.58999633789062,278.19000244140625,620.9500122070312,40.2400016784668,22.700000762939453,285.1000061035156,984.510009765625,130.8000030517578,98.80000305175781,99.91000366210938,29.139999389648438,63.970001220703125,999.989990234375,64.2300033569336,30.799999237060547,154.8000030517578,83.52999877929688,546.4600219726562,165.7899932861328,228.97999572753906
2026-02-05,125.22000122070312,236.4199981689453,290.3500061035156,740.3300170898438,226.2899932861328,277.739990234375,620.5499877929688,39.97999954223633,22.639999389648438,283.3800048828125,978.6400146484375,130.2100067138672,99.4800033569336,99.79000091552734,29.209999084472656,63.790000915527344,1000.0,64.05000305175781,30.760000228881836,154.0,83.48999786376953,543.3900146484375,161.05999755859375,225.10000610351562
2026-02-06,125.04000091552734,224.4600067138672,290.6499938964844,742.1900024414062,226.75999450683594,278.239990234375,619.7899780273438,39.349998474121094,22.489999771118164,281.94000244140625,983.9299926757812,131.16000366210938,98.7699966430664,99.81999969482422,29.190000534057617,63.939998626708984,1000.0,64.0199966430664,30.860000610351562,154.42999267578125,83.7300033569336,538.2999877929688,157.16000366210938,227.6999969482422
2026-02-09,127.9800033569336,243.6999969482422,292.55999755859375,748.6599731445312,229.97000122070312,279.42999267578125,625.280029296875,39.290000915527344,22.920000076293945,284.739990234375,990.0599975585938,131.8000030517578,102.02999877929688,99.87999725341797,29.110000610351562,63.849998474121094,999.989990234375,64.91000366210938,31.280000686645508,155.5399932861328,84.26000213623047,545.1300048828125,153.25999450683594,232.67999267578125
2026-02-10,128.33999633789062,243.82000732421875,293.55999755859375,751.6099853515625,231.0800018310547,280.8999938964844,626.1500244140625,39.459999084472656,22.809999465942383,288.7799987792969,993.5599975585938,132.42999267578125,101.76000213623047,100.36000061035156,29.1299991607666,63.84000015258789,1000.0,65.30999755859375,31.31999969482422,155.66000366210938,84.55000305175781,540.1799926757812,155.9199981689453,232.22000122070312
2026-02-11,128.6999969482422,247.3699951171875,293.8500061035156,753.8499755859375,231.2100067138672,280.6499938964844,627.6699829101562,38.790000915527344,22.979999542236328,292.8800048828125,997.1799926757812,133.27999877929688,102.80999755859375,100.55000305175781,29.18000030517578,63.93000030517578,999.989990234375,65.33000183105469,31.579999923706055,156.3300018310547,84.66000366210938,550.0499877929688,158.44000244140625,234.8699951171875
2026-02-12,128.52000427246094,245.38999938964844,292.2699890136719,751.0399780273438,229.58999633789062,279.489990234375,627.8699951171875,36.650001525878906,22.940000534057617,292.3599853515625,997.7000122070312,132.8000030517578,102.58000183105469,100.44000244140625,29.200000762939453,64.02999877929688,1000.0,65.01000213623047,31.809999465942383,154.41000366210938,83.58000183105469,551.75,157.75,231.8800048828125
2026-02-13,126.0999984741211,232.5800018310547,288.8699951171875,740.8900146484375,226.30999755859375,276.1400146484375,622.4500122070312,36.11000061035156,22.75,290.25,982.2000122070312,130.85000610351562,101.86000061035156,98.51000213623047,29.280000686645508,64.02999877929688,1000.0,64.0,31.40999984741211,152.5800018310547,82.13999938964844,544.5399780273438,156.3800048828125,230.24000549316406
2026-02-16,126.91999816894531,227.33999633789062,290.760009765625,747.260009765625,227.1300048828125,278.1400146484375,628.6099853515625,36.189998626708984,22.940000534057617,288.30999755859375,997.02001953125,131.08999633789062,103.30999755859375,100.44999694824219,29.280000686645508,64.08000183105469,999.989990234375,64.33999633789062,31.510000228881836,152.9199981689453,82.80000305175781,542.239990234375,152.2899932861328,232.6699981689453
2026-02-17,124.58000183105469,220.0399932861328,291.5199890136719,751.27001953125,227.77999877929688,278.54998779296875,631.25,36.56999969482422,23.030000686645508,289.8999938964844,998.6099853515625,131.7899932861328,105.51000213623047,101.05000305175781,29.31999969482422,64.33999633789062,999.989990234375,64.45999908447266,31.040000915527344,153.72000122070312,83.62000274658203,539.8800048828125,151.99000549316406,228.83999633789062
2026-02-18,124.63999938964844,223.7899932861328,292.20001220703125,755.3599853515625,228.36000061035156,279.2900085449219,635.8599853515625,36.09000015258789,23.09000015258789,291.54998779296875,1003.1900024414062,132.2100067138672,107.30000305175781,100.77999877929688,29.31999969482422,64.37999725341797,1000.0,64.87999725341797,31.65999984741211,154.41000366210938,83.72000122070312,543.1400146484375,151.99000549316406,227.99000549316406
2026-02-19,127.08999633789062,233.2100067138672,288.3800048828125,743.4400024414062,225.36000061035156,276.3299865722656,626.3400268554688,35.709999084472656,22.969999313354492,285.25,986.9000244140625,129.85000610351562,105.81999969482422,100.31999969482422,29.3700008392334,64.47000122070312,1000.0,63.79999923706055,31.329999923706055,152.63999938964844,82.83999633789062,540.260009765625,152.5399932861328,229.49000549316406
2026-02-20,127.54000091552734,236.6199951171875,289.2300109863281,747.5599975585938,226.47000122070312,277.29998779296875,631.219970703125,35.380001068115234,23.020000457763672,286.3800048828125,995.0499877929688,130.0800018310547,107.5199966430664,101.62999725341797,29.309999465942383,64.2699966430664,1000.0,64.13999938964844,31.56999969482422,154.0,83.2300033569336,536.989990234375,153.6999969482422,225.7899932861328
2026-02-23,130.0,250.1699981689453,290.45001220703125,749.6699829101562,225.7899932861328,278.20001220703125,631.5999755859375,34.86000061035156,23.1299991607666,288.5899963378906,1000.489990234375,130.72999572753906,109.20999908447266,101.94000244140625,29.329999923706055,64.33000183105469,1000.0,63.900001525878906,31.59000015258789,153.8300018310547,83.2699966430664,542.3800048828125,153.49000549316406,229.32000732421875
2026-02-24,131.22000122070312,250.6699981689453,287.8500061035156,750.280029296875,225.52000427246094,275.9800109863281,629.9600219726562,33.20000076293945,23.239999771118164,287.5,996.0,129.6999969482422,109.5,102.66999816894531,29.360000610351562,64.33000183105469,1000.0,63.77000045776367,31.510000228881836,152.02999877929688,82.63999938964844,538.5800170898438,154.77999877929688,228.3300018310547
2026-02-25,131.69000244140625,253.25,288.6300048828125,756.010009765625,226.22000122070312,277.2099914550781,629.489990234375,33.72999954223633,23.65999984741211,292.07000732421875,992.3300170898438,130.22000122070312,109.12999725341797,103.31999969482422,29.350000381469727,64.38999938964844,999.989990234375,63.959999084472656,31.68000030517578,152.47000122070312,83.11000061035156,536.7100219726562,150.8699951171875,229.69000244140625
2026-02-26,130.47999572753906,246.05999755859375,288.5799865722656,758.6699829101562,227.49000549316406,277.54998779296875,630.3499755859375,33.75,23.860000610351562,294.4800109863281,996.6400146484375,130.2899932861328,109.87000274658203,103.2699966430664,29.3799991607666,64.37999725341797,999.989990234375,64.48999786376953,31.829999923706055,153.0,83.37999725341797,532.8499755859375,152.0800018310547,227.1300048828125
2026-02-27,131.60000610351562,252.80999755859375,285.2900085449219,750.47998046875,225.9499969482422,274.2799987792969,623.969970703125,33.81999969482422,23.59000015258789,290.1199951171875,984.4099731445312,128.61000061035156,109.16000366210938,102.86000061035156,29.360000610351562,64.37999725341797,999.989990234375,63.75,31.440000534057617,151.6999969482422,82.9800033569336,527.780029296875,155.58999633789062,225.19000244140625
2026-03-02,138.32000732421875,274.6499938964844,281.92999267578125,739.9500122070312,222.25,270.9800109863281,617.719970703125,33.459999084472656,23.600000381469727,283.19000244140625,963.239990234375,126.54000091552734,107.0999984741211,102.31999969482422,29.3799991607666,64.38999938964844,999.989990234375,62.720001220703125,30.899999618530273,150.25999450683594,82.1500015258789,517.8300170898438,154.60000610351562,222.92999267578125
2026-03-04,133.9600067138672,255.57000732421875,277.2900085449219,719.9099731445312,217.0,265.4700012207031,606.3200073242188,33.47999954223633,23.219999313354492,275.6099853515625,940.2100219726562,124.19999694824219,103.62000274658203,101.19999694824219,29.299999237060547,64.33999633789062,999.989990234375,61.38999938964844,30.1299991607666,149.2899932861328,80.63999938964844,507.260009765625,154.97999572753906,218.5800018310547
2026-03-05,132.24000549316406,247.92999267578125,280.3500061035156,729.3099975585938,220.35000610351562,268.7300109863281,608.6300048828125,33.27000045776367,23.56999969482422,281.07000732421875,961.7100219726562,125.7699966430664,104.13999938964844,103.30999755859375,29.440000534057617,64.44000244140625,1000.0,62.36000061035156,30.559999465942383,149.52999877929688,81.27999877929688,516.4199829101562,157.60000610351562,219.22999572753906
2026-03-06,130.82000732421875,246.75999450683594,277.25,727.2000122070312,219.05999755859375,266.1300048828125,597.239990234375,33.290000915527344,23.540000915527344,278.32000732421875,954.6900024414062,124.52999877929688,102.27999877929688,103.66999816894531,29.3799991607666,64.5,1000.0,61.84000015258789,30.139999389648438,147.58999633789062,80.25,513.010009765625,,221.3800048828125
2026-03-09,131.35000610351562,247.0,272.4200134277344,711.5399780273438,214.7100067138672,261.4100036621094,579.4000244140625,33.29999923706055,23.530000686645508,267.4599914550781,935.4500122070312,122.12999725341797,98.3499984741211,102.19999694824219,29.31999969482422,64.18000030517578,999.989990234375,60.66999816894531,29.799999237060547,144.66000366210938,78.54000091552734,502.82000732421875,161.32000732421875,219.24000549316406
2026-03-10,132.1999969482422,256.3500061035156,274.95001220703125,724.260009765625,218.25999450683594,263.79998779296875,588.52001953125,33.09000015258789,23.860000610351562,275.239990234375,944.260009765625,123.69999694824219,100.4800033569336,102.62000274658203,29.440000534057617,64.3499984741211,999.989990234375,61.689998626708984,31.260000228881836,145.8000030517578,79.68000030517578,518.260009765625,160.77000427246094,223.97999572753906
2026-03-11,132.7100067138672,251.69000244140625,270.55999755859375,716.6199951171875,215.6199951171875,259.8500061035156,576.1300048828125,32.77000045776367,24.0,266.7900085449219,933.3900146484375,121.55999755859375,98.3499984741211,102.87000274658203,29.420000076293945,64.31999969482422,1000.0,60.95000076293945,29.719999313354492,144.25,78.94000244140625,512.719970703125,163.74000549316406,222.27000427246094
2026-03-12,132.42999267578125,253.5,267.94000244140625,715.8400268554688,215.13999938964844,258.1199951171875,569.239990234375,32.689998626708984,23.90999984741211,258.2799987792969,928.5599975585938,119.41000366210938,98.23999786376953,104.47000122070312,29.510000228881836,64.61000061035156,999.989990234375,60.70000076293945,29.440000534057617,143.57000732421875,79.11000061035156,510.07000732421875,162.8800048828125,223.82000732421875
2026-03-13,130.32000732421875,244.49000549316406,262.69000244140625,699.7100219726562,209.27000427246094,252.83999633789062,555.7000122070312,32.13999938964844,23.40999984741211,249.36000061035156,905.9199829101562,117.91999816894531,94.69999694824219,102.55000305175781,29.43000030517578,64.44000244140625,1000.0,59.060001373291016,28.479999542236328,140.3000030517578,77.62000274658203,500.3599853515625,162.30999755859375,219.52000427246094
2026-03-16,127.22000122070312,233.47999572753906,265.17999267578125,693.6699829101562,208.38999938964844,254.42999267578125,561.9099731445312,32.0,23.15999984741211,253.10000610351562,902.6400146484375,118.91000366210938,95.23999786376953,101.05000305175781,29.389999389648438,64.30999755859375,999.989990234375,58.93000030517578,28.649999618530273,141.94000244140625,77.27999877929688,497.0400085449219,160.88999938964844,217.69000244140625
2026-03-17,128.22000122070312,240.88999938964844,267.1600036621094,700.6099853515625,210.33999633789062,256.1600036621094,566.8599853515625,31.700000762939453,23.209999084472656,258.7799987792969,915.6699829101562,120.37000274658203,95.69000244140625,102.26000213623047,29.399999618530273,64.25,1000.0,59.540000915527344,28.959999084472656,141.6999969482422,77.27999877929688,500.9700012207031,159.17999267578125,218.97999572753906
2026-03-18,127.91000366210938,237.1300048828125,269.42999267578125,706.47998046875,214.02999877929688,260.2699890136719,569.4500122070312,32.630001068115234,23.209999084472656,263.3900146484375,926.7100219726562,121.37999725341797,96.37000274658203,102.08000183105469,29.399999618530273,64.30999755859375,1000.0,60.72999954223633,29.389999389648438,142.5800018310547,78.0999984741211,513.719970703125,160.2100067138672,225.2899932861328
2026-03-19,121.31999969482422,218.97999572753906,262.1199951171875,688.1400146484375,209.39999389648438,254.60000610351562,551.7100219726562,31.709999084472656,23.0,253.25,908.489990234375,118.16999816894531,93.5999984741211,101.12000274658203,29.270000457763672,64.37999725341797,1000.0,59.06999969482422,28.290000915527344,138.67999267578125,75.93000030517578,499.0199890136719,160.17999267578125,223.1999969482422
2026-03-20,121.05999755859375,219.89999389648438,262.07000732421875,688.510009765625,209.33999633789062,251.72999572753906,550.8599853515625,32.15999984741211,23.200000762939453,254.41000366210938,907.4000244140625,118.83000183105469,95.44000244140625,101.76000213623047,29.31999969482422,64.19999694824219,999.989990234375,59.130001068115234,28.549999237060547,140.57000732421875,76.62000274658203,491.6300048828125,159.1199951171875,225.9600067138672
2026-03-23,110.72000122070312,193.52000427246094,255.14999389648438,662.1699829101562,201.49000549316406,244.55999755859375,531.6699829101562,32.13999938964844,22.719999313354492,246.25,889.5599975585938,114.98999786376953,91.56999969482422,99.75,29.149999618530273,64.02999877929688,1000.0,56.869998931884766,27.290000915527344,137.72000122070312,74.98999786376953,450.79998779296875,158.05999755859375,219.17999267578125
2026-03-24,115.48999786376953,212.30999755859375,259.8299865722656,672.2899780273438,206.1199951171875,248.64999389648438,543.0399780273438,32.7599983215332,22.829999923706055,252.19000244140625,902.530029296875,116.86000061035156,93.13999938964844,100.13999938964844,29.219999313354492,64.05999755859375,999.989990234375,58.38999938964844,28.010000228881836,139.25,76.31999969482422,461.1300048828125,156.14999389648438,228.35000610351562
2026-03-25,119.29000091552734,221.4199981689453,264.05999755859375,686.239990234375,211.17999267578125,252.85000610351562,553.2899780273438,32.779998779296875,23.280000686645508,257.9700012207031,918.25,119.5,95.68000030517578,100.51000213623047,29.110000610351562,64.08000183105469,999.989990234375,59.61000061035156,28.780000686645508,140.36000061035156,76.61000061035156,481.6000061035156,159.61000061035156,236.17999267578125
2026-03-27,117.52999877929688,212.5,258.8900146484375,671.0599975585938,205.5,249.89999389648438,540.27001953125,32.529998779296875,23.18000030517578,250.4499969482422,910.969970703125,117.19999694824219,91.7699966430664,100.37999725341797,29.09000015258789,63.880001068115234,1000.0,58.380001068115234,28.239999771118164,138.85000610351562,74.93000030517578,468.30999755859375,156.42999267578125,231.72999572753906
2026-03-30,121.19000244140625,216.0800018310547,253.44000244140625,651.9000244140625,200.3000030517578,242.50999450683594,520.9000244140625,31.989999771118164,22.799999237060547,244.19000244140625,885.0599975585938,114.69999694824219,87.45999908447266,100.0,28.959999084472656,63.54999923706055,1000.0,56.77000045776367,27.399999618530273,134.8699951171875,74.36000061035156,451.92999267578125,157.08999633789062,231.5399932861328
2026-04-01,123.37000274658203,224.80999755859375,257.45001220703125,669.6599731445312,207.41000366210938,247.49000549316406,533.4199829101562,32.90999984741211,22.290000915527344,248.86000061035156,900.1599731445312,116.9000015258789,91.26000213623047,101.5199966430664,28.899999618530273,64.41999816894531,1000.0,58.619998931884766,28.290000915527344,140.63999938964844,75.93000030517578,481.57000732421875,149.74000549316406,238.57000732421875
2026-04-02,120.58000183105469,215.9499969482422,257.6099853515625,668.77001953125,204.9199981689453,245.97999572753906,532.4299926757812,33.529998779296875,22.40999984741211,248.27999877929688,892.9000244140625,117.38999938964844,90.5999984741211,100.81999969482422,28.770000457763672,63.720001220703125,1000.0,57.93000030517578,27.6299991607666,138.6999969482422,75.91000366210938,478.7900085449219,154.52999877929688,239.47000122070312
2026-04-06,122.80999755859375,222.3800048828125,260.25,676.8300170898438,207.8000030517578,249.4199981689453,543.3499755859375,33.790000915527344,22.440000534057617,250.7100067138672,895.3099975585938,118.44000244140625,92.6500015258789,101.69999694824219,28.81999969482422,63.77000045776367,999.989990234375,58.75,28.149999618530273,140.60000610351562,76.86000061035156,483.7300109863281,156.80999755859375,242.17999267578125
2026-04-07,121.77999877929688,220.02999877929688,261.4700012207031,680.8599853515625,207.9600067138672,250.67999267578125,543.9600219726562,34.599998474121094,22.43000030517578,250.17999267578125,899.3699951171875,119.0,91.97000122070312,102.30999755859375,28.93000030517578,63.959999084472656,1000.0,58.88999938964844,28.239999771118164,143.00999450683594,77.19999694824219,506.45001220703125,155.22000122070312,245.35000610351562
2026-04-08,124.38999938964844,230.5800018310547,271.67999267578125,713.5399780273438,216.30999755859375,261.42999267578125,575.7100219726562,34.77000045776367,22.600000381469727,267.44000244140625,934.3800048828125,123.25,97.13999938964844,102.4000015258789,29.1200008392334,64.2300033569336,999.989990234375,61.33000183105469,30.079999923706055,145.9600067138672,79.55999755859375,523.77001953125,155.94000244140625,256.239990234375
2026-04-09,123.20999908447266,223.8300018310547,269.489990234375,713.9199829101562,216.4499969482422,259.3299865722656,566.3099975585938,34.880001068115234,22.739999771118164,266.17999267578125,928.5399780273438,122.91000366210938,95.88999938964844,103.33999633789062,29.110000610351562,64.4000015258789,999.989990234375,61.459999084472656,29.860000610351562,146.14999389648438,79.41000366210938,521.6900024414062,157.0500030517578,254.3300018310547
2026-04-10,123.48999786376953,226.5399932861328,271.95001220703125,729.4600219726562,219.7899932861328,261.9599914550781,575.9600219726562,34.209999084472656,22.729999542236328,273.5899963378906,939.8400268554688,124.44000244140625,97.4800033569336,103.20999908447266,29.1200008392334,64.80999755859375,1000.0,62.20000076293945,30.479999542236328,146.00999450683594,79.88999938964844,527.5399780273438,160.27000427246094,256.3800048828125
2026-04-13,123.76000213623047,224.97000122070312,269.5199890136719,723.5999755859375,218.88999938964844,259.6400146484375,572.7899780273438,33.86000061035156,22.6200008392334,268.3800048828125,932.27001953125,123.02999877929688,96.7699966430664,103.44999694824219,29.1299991607666,64.47000122070312,1000.0,61.81999969482422,30.09000015258789,145.80999755859375,79.2300033569336,520.2999877929688,162.27000427246094,255.0500030517578
2026-04-15,125.05999755859375,235.0800018310547,273.7699890136719,738.6199951171875,223.75999450683594,264.3900146484375,579.7899780273438,34.7400016784668,23.049999237060547,271.6600036621094,952.3300170898438,125.27999877929688,98.11000061035156,105.0199966430664,29.219999313354492,64.5999984741211,1000.0,63.22999954223633,30.540000915527344,147.0800018310547,80.5199966430664,527.280029296875,163.52999877929688,269.9599914550781
2026-04-16,125.61000061035156,237.97000122070312,273.95001220703125,746.1599731445312,224.6999969482422,264.010009765625,577.5800170898438,35.060001373291016,23.079999923706055,271.5799865722656,954.2100219726562,125.4800033569336,97.7300033569336,105.43000030517578,29.280000686645508,64.44999694824219,1000.0,63.63999938964844,30.559999465942383,147.25,80.69999694824219,537.239990234375,166.8800048828125,277.510009765625
2026-04-17,124.80000305175781,238.13999938964844,275.8699951171875,757.5999755859375,227.57000732421875,266.6600036621094,582.8499755859375,35.09000015258789,23.1200008392334,271.79998779296875,961.0499877929688,126.9000015258789,98.48999786376953,106.8499984741211,29.299999237060547,64.58999633789062,1000.0,64.43000030517578,30.709999084472656,147.8800048828125,81.41999816894531,535.1099853515625,175.5,286.7799987792969
2026-04-20,125.0,237.27000427246094,275.2099914550781,756.5499877929688,227.1699981689453,266.0199890136719,582.72998046875,34.79999923706055,23.020000457763672,271.8599853515625,958.4500122070312,126.83000183105469,99.27999877929688,106.93000030517578,29.229999542236328,64.56999969482422,999.989990234375,64.31999969482422,30.950000762939453,148.02999877929688,81.58999633789062,533.9099731445312,175.89999389648438,285.1600036621094
2026-04-21,125.22000122070312,237.41000366210938,277.6300048828125,762.6099853515625,228.5500030517578,268.5799865722656,591.0599975585938,34.959999084472656,23.049999237060547,273.1600036621094,962.77001953125,128.55999755859375,100.16000366210938,106.5199966430664,29.270000457763672,64.7699966430664,999.989990234375,64.63999938964844,31.170000076293945,149.30999755859375,82.0,534.1500244140625,175.17999267578125,289.2200012207031
2026-04-22,124.98999786376953,236.02999877929688,275.6400146484375,768.27001953125,229.33999633789062,267.8399963378906,589.0,33.689998626708984,23.0,271.7300109863281,963.3800048828125,128.25999450683594,100.30000305175781,107.12000274658203,29.299999237060547,64.72000122070312,999.989990234375,64.75,30.90999984741211,147.60000610351562,81.54000091552734,531.510009765625,173.94000244140625,289.7699890136719
2026-04-23,124.08000183105469,229.6699981689453,273.760009765625,759.6500244140625,227.6199951171875,265.1000061035156,581.3300170898438,33.279998779296875,23.6200008392334,265.7900085449219,959.0399780273438,126.94000244140625,98.11000061035156,106.94999694824219,29.149999618530273,64.55999755859375,1000.0,64.5,31.239999771118164,146.88999938964844,80.66000366210938,526.5999755859375,173.8300018310547,289.8900146484375
2026-04-24,123.94000244140625,227.88999938964844,271.0899963378906,754.260009765625,225.77999877929688,261.9599914550781,578.75,31.600000381469727,23.209999084472656,264.010009765625,954.530029296875,126.05999755859375,98.12000274658203,106.54000091552734,29.110000610351562,64.58000183105469,999.989990234375,63.90999984741211,30.290000915527344,144.9600067138672,79.47000122070312,526.010009765625,179.6999969482422,293.1300048828125
2026-04-27,124.25,230.72000122070312,272.5199890136719,763.3800048828125,229.5,265.1700134277344,579.97998046875,32.31999969482422,23.780000686645508,268.1300048828125,964.4600219726562,127.0999984741211,98.2699966430664,107.44000244140625,29.149999618530273,64.5199966430664,999.989990234375,64.83000183105469,30.350000381469727,145.05999755859375,80.19999694824219,525.969970703125,177.24000549316406,295.1000061035156
2026-04-28,122.68000030517578,224.72999572753906,271.4800109863281,761.6199951171875,229.17999267578125,263.7200012207031,571.9500122070312,32.06999969482422,23.739999771118164,265.4100036621094,968.2000122070312,126.51000213623047,96.26000213623047,108.5999984741211,29.1299991607666,64.38999938964844,1000.0,64.98999786376953,30.5,143.74000549316406,79.91000366210938,523.77001953125,180.8000030517578,301.2900085449219
2026-04-29,121.58000183105469,224.1999969482422,273.1300048828125,759.760009765625,229.05999755859375,265.80999755859375,571.5399780273438,32.369998931884766,23.860000610351562,267.7200012207031,976.6500244140625,127.72000122070312,95.95999908447266,108.80999755859375,29.149999618530273,64.38999938964844,999.989990234375,64.98999786376953,30.520000457763672,145.88999938964844,80.13999938964844,530.8699951171875,181.92999267578125,301.1000061035156
2026-04-30,123.43000030517578,227.5,272.010009765625,752.7999877929688,227.39999389648438,263.5,567.0,32.439998626708984,23.90999984741211,265.8299865722656,970.1199951171875,126.83999633789062,94.54000091552734,108.37000274658203,29.09000015258789,64.37999725341797,999.989990234375,64.3499984741211,30.020000457763672,144.4499969482422,80.37999725341797,522.27001953125,180.5399932861328,299.1700134277344
2026-05-01,123.43000030517578,227.5,272.010009765625,752.7999877929688,,263.5,567.0,32.439998626708984,,265.8299865722656,970.1199951171875,,94.54000091552734,108.37000274658203,,64.37999725341797,999.989990234375,64.3499984741211,,144.4499969482422,,522.27001953125,180.5399932861328,299.1700134277344
2026-05-04,122.37999725341797,230.36000061035156,273.1199951171875,759.219970703125,228.69000244140625,265.6300048828125,565.2999877929688,32.18000030517578,24.049999237060547,267.1700134277344,975.0,126.9800033569336,94.13999938964844,108.01000213623047,29.1200008392334,64.37000274658203,999.989990234375,64.76000213623047,30.510000228881836,143.44000244140625,80.01000213623047,526.5800170898438,181.08999633789062,301.8699951171875
2026-05-05,122.16000366210938,228.88999938964844,272.29998779296875,762.47998046875,229.05999755859375,264.19000244140625,562.8099975585938,32.2400016784668,24.170000076293945,269.4800109863281,974.5999755859375,127.43000030517578,93.91000366210938,107.55000305175781,29.059999465942383,64.30999755859375,1000.0,64.87000274658203,30.219999313354492,142.97000122070312,79.83999633789062,522.3200073242188,181.88999938964844,305.0400085449219
2026-05-06,124.0199966430664,234.49000549316406,275.7300109863281,773.0700073242188,232.74000549316406,266.9700012207031,577.5,32.36000061035156,24.81999969482422,275.3599853515625,975.7000122070312,128.7899932861328,96.44999694824219,106.69999694824219,29.229999542236328,64.56999969482422,999.989990234375,66.06999969482422,30.989999771118164,144.13999938964844,80.38999938964844,526.0399780273438,184.58999633789062,307.82000732421875
2026-05-07,124.47000122070312,239.44000244140625,275.1700134277344,774.969970703125,235.67999267578125,267.5899963378906,577.6599731445312,32.16999816894531,24.790000915527344,280.6000061035156,978.3800048828125,128.88999938964844,96.16000366210938,106.94000244140625,29.270000457763672,64.55000305175781,1000.0,66.70999908447266,31.219999313354492,144.41000366210938,80.31999969482422,531.5599975585938,187.0500030517578,312.5
2026-05-08,124.30999755859375,240.1699981689453,273.94000244140625,771.72998046875,235.44000244140625,265.70001220703125,570.989990234375,32.459999084472656,24.780000686645508,279.8999938964844,977.4000244140625,128.97999572753906,93.27999877929688,106.44000244140625,29.229999542236328,64.5199966430664,1000.0,66.62999725341797,31.170000076293945,143.0399932861328,79.7300033569336,528.9199829101562,189.5399932861328,316.7699890136719
2026-05-11,123.2300033569336,241.2899932861328,270.1000061035156,758.9000244140625,232.9199981689453,262.44000244140625,562.3099975585938,32.369998931884766,24.809999465942383,274.5799865722656,961.969970703125,127.0199966430664,90.91999816894531,105.51000213623047,29.139999389648438,64.37000274658203,1000.0,65.9000015258789,30.450000762939453,141.8300018310547,78.5199966430664,531.0499877929688,188.13999938964844,315.1600036621094
2026-05-12,124.61000061035156,252.00999450683594,265.04998779296875,740.489990234375,226.50999450683594,257.1400146484375,552.989990234375,31.260000228881836,24.420000076293945,268.1099853515625,943.9600219726562,124.30999755859375,89.6500015258789,105.0,29.079999923706055,64.26000213623047,1000.0,64.23999786376953,29.959999084472656,139.6199951171875,77.25,544.8099975585938,192.39999389648438,323.3699951171875
2026-05-13,131.74000549316406,269.4200134277344,265.44000244140625,745.8599853515625,228.4199981689453,258.6700134277344,552.1400146484375,30.899999618530273,24.530000686645508,266.0199890136719,950.239990234375,124.5199966430664,89.61000061035156,105.47000122070312,29.06999969482422,64.18000030517578,1000.0,64.70999908447266,30.049999237060547,139.25999450683594,77.48999786376953,543.469970703125,194.17999267578125,327.1600036621094
2026-05-14,131.77999877929688,270.92999267578125,268.0899963378906,753.2000122070312,230.6300048828125,260.8500061035156,558.6900024414062,30.299999237060547,25.209999084472656,267.6199951171875,966.3900146484375,126.19999694824219,90.88999938964844,106.0999984741211,29.139999389648438,64.22000122070312,1000.0,65.54000091552734,30.209999084472656,139.82000732421875,77.66000366210938,556.0399780273438,193.52999877929688,325.3900146484375
2026-05-15,129.41000366210938,249.85000610351562,267.29998779296875,747.8599853515625,229.63999938964844,260.1099853515625,553.6099853515625,30.68000030517578,25.260000228881836,267.70001220703125,962.780029296875,126.23999786376953,89.94000244140625,105.88999938964844,29.030000686645508,64.1500015258789,1000.0,65.29000091552734,29.899999618530273,140.47000122070312,77.58999633789062,537.3599853515625,196.39999389648438,329.0400085449219
2026-05-18,129.6999969482422,253.16000366210938,267.5799865722656,740.5999755859375,229.57000732421875,258.1600036621094,553.3499755859375,31.360000610351562,25.440000534057617,263.17999267578125,956.77001953125,125.48999786376953,88.20999908447266,104.68000030517578,28.969999313354492,63.90999984741211,1000.0,65.05000305175781,30.020000457763672,140.5,77.0999984741211,537.5599975585938,197.88999938964844,331.6199951171875
2026-05-19,130.63999938964844,253.25,267.6099853515625,744.7999877929688,230.8699951171875,259.2300109863281,552.1699829101562,32.45000076293945,25.540000915527344,264.0899963378906,954.22998046875,125.63999938964844,88.93000030517578,104.87999725341797,29.010000228881836,64.01000213623047,999.989990234375,65.62000274658203,30.06999969482422,140.55999755859375,77.72000122070312,545.1099853515625,194.8000030517578,327.2699890136719
2026-05-20,130.1999969482422,252.66000366210938,268.04998779296875,747.489990234375,231.92999267578125,259.6499938964844,553.1300048828125,32.279998779296875,25.5,266.4100036621094,962.9199829101562,125.45999908447266,89.23999786376953,104.66999816894531,29.020000457763672,64.08000183105469,999.989990234375,66.0,30.389999389648438,141.19000244140625,77.91999816894531,536.760009765625,193.9499969482422,327.0899963378906
2026-05-21,130.74000549316406,251.97000122070312,268.2099914550781,749.5800170898438,232.39999389648438,259.9599914550781,552.4000244140625,32.08000183105469,25.489999771118164,267.260009765625,965.27001953125,125.5,89.29000091552734,104.68000030517578,29.030000686645508,64.08999633789062,1000.0,65.94000244140625,30.09000015258789,141.47999572753906,77.7699966430664,532.0599975585938,192.61000061035156,325.739990234375
2026-05-22,130.5,252.5399932861328,269.1000061035156,753.3599853515625,232.64999389648438,261.1400146484375,559.6199951171875,32.02000045776367,25.229999542236328,267.1199951171875,964.219970703125,125.4000015258789,89.62000274658203,103.80999755859375,29.100000381469727,64.06999969482422,1000.0,66.05999755859375,30.489999771118164,141.52000427246094,77.86000061035156,534.25,196.3800048828125,332.1300048828125
2026-05-25,130.50999450683594,256.0299987792969,271.989990234375,764.7999877929688,233.9499969482422,264.4200134277344,571.02001953125,32.150001525878906,25.329999923706055,271.45001220703125,973.7899780273438,126.58000183105469,92.1500015258789,103.94999694824219,29.190000534057617,64.26000213623047,999.989990234375,66.68000030517578,30.860000610351562,143.0500030517578,78.37999725341797,536.4299926757812,196.47999572753906,330.70001220703125
2026-05-26,129.5800018310547,251.2899932861328,270.8299865722656,765.6799926757812,235.25999450683594,263.79998779296875,569.0499877929688,32.09000015258789,25.309999465942383,271.5799865722656,970.010009765625,126.3499984741211,91.87999725341797,103.58000183105469,29.170000076293945,64.1500015258789,1000.0,67.0,30.81999969482422,142.1999969482422,78.27999877929688,529.1799926757812,194.66000366210938,330.3399963378906
2026-05-27,129.0399932861328,249.8699951171875,270.94000244140625,775.1099853515625,236.19000244140625,263.75,567.3200073242188,32.060001373291016,25.31999969482422,276.04998779296875,978.72998046875,127.23999786376953,92.08999633789062,103.98999786376953,29.270000457763672,64.33000183105469,999.989990234375,67.33999633789062,31.010000228881836,142.27000427246094,78.76000213623047,523.0,194.66000366210938,328.739990234375
2026-05-28,129.0399932861328,249.8699951171875,270.94000244140625,775.1099853515625,,263.75,567.3200073242188,32.060001373291016,,276.04998779296875,978.72998046875,,92.08999633789062,103.98999786376953,,64.33000183105469,999.989990234375,67.33999633789062,,142.27000427246094,,523.0,194.66000366210938,328.739990234375
2026-05-29,128.64999389648438,249.3699951171875,267.7799987792969,767.8599853515625,233.10000610351562,261.0,561.3200073242188,32.27000045776367,25.020000457763672,271.30999755859375,965.8099975585938,125.04000091552734,91.19999694824219,101.69000244140625,29.239999771118164,64.3499984741211,999.989990234375,66.45999908447266,30.56999969482422,141.3800048828125,77.66000366210938,518.530029296875,199.08999633789062,336.1000061035156
2026-06-01,127.48999786376953,249.5399932861328,265.5199890136719,755.2000122070312,229.9199981689453,258.7699890136719,553.510009765625,33.130001068115234,24.8799991607666,266.7799987792969,954.6199951171875,123.38999938964844,89.44000244140625,100.95999908447266,29.209999084472656,64.33999633789062,999.989990234375,65.56999969482422,29.989999771118164,141.02999877929688,77.33999633789062,511.9599914550781,201.39999389648438,335.8299865722656
2026-06-02,128.6699981689453,251.55999755859375,266.0199890136719,757.3099975585938,230.39999389648438,259.3699951171875,555.9099731445312,34.529998779296875,24.670000076293945,268.4800109863281,953.780029296875,124.29000091552734,90.11000061035156,100.30999755859375,29.229999542236328,64.37999725341797,1000.0,65.62000274658203,30.100000381469727,142.10000610351562,78.08000183105469,522.2100219726562,206.6199951171875,337.3999938964844
2026-06-03,127.63999938964844,246.7899932861328,265.54998779296875,753.780029296875,229.8300018310547,258.3800048828125,559.6699829101562,32.63999938964844,24.760000228881836,268.8800048828125,953.5399780273438,123.87999725341797,91.62000274658203,100.62000274658203,29.200000762939453,64.48999786376953,1000.0,65.45999908447266,29.950000762939453,140.6199951171875,77.55000305175781,512.1400146484375,208.3800048828125,339.3599853515625
2026-06-04,128.5,246.55999755859375,265.6000061035156,756.0800170898438,230.57000732421875,258.79998779296875,561.27001953125,32.560001373291016,24.790000915527344,269.3900146484375,952.219970703125,124.33000183105469,92.08000183105469,101.0199966430664,29.239999771118164,64.5199966430664,999.989990234375,65.73999786376953,30.030000686645508,140.74000549316406,77.2300033569336,510.67999267578125,208.1999969482422,341.9800109863281
2026-06-05,127.77999877929688,243.5800018310547,265.3599853515625,757.760009765625,230.0,258.260009765625,563.0800170898438,32.25,24.899999618530273,269.6499938964844,948.6400146484375,124.43000030517578,92.27999877929688,100.16999816894531,29.350000381469727,64.93000030517578,1000.0,65.55999755859375,30.239999771118164,140.2899932861328,77.06999969482422,501.7300109863281,206.9199981689453,342.54998779296875
2026-06-08,124.16000366210938,227.92999267578125,262.55999755859375,744.8800048828125,226.83999633789062,254.72000122070312,558.7100219726562,31.729999542236328,24.799999237060547,264.760009765625,940.010009765625,123.30000305175781,91.58000183105469,100.13999938964844,29.3799991607666,65.16000366210938,999.989990234375,64.63999938964844,29.389999389648438,139.5500030517578,76.08000183105469,488.8399963378906,202.1999969482422,330.8900146484375
2026-06-09,125.38999938964844,231.89999389648438,263.8800048828125,755.3499755859375,229.3800048828125,257.1300048828125,569.2999877929688,31.68000030517578,24.979999542236328,267.67999267578125,943.72998046875,123.83000183105469,94.91000366210938,99.20999908447266,29.489999771118164,65.30999755859375,1000.0,65.44000244140625,30.040000915527344,140.00999450683594,76.55000305175781,498.6600036621094,190.83999633789062,321.9800109863281
2026-06-10,121.1500015258789,220.58999633789062,263.0799865722656,746.6199951171875,226.02999877929688,256.3399963378906,567.989990234375,31.420000076293945,24.790000915527344,265.7799987792969,936.8699951171875,123.2300033569336,93.76000213623047,97.69000244140625,29.459999084472656,65.19999694824219,999.989990234375,64.52999877929688,29.809999465942383,139.77000427246094,76.41999816894531,484.07000732421875,194.25999450683594,324.3999938964844
2026-06-11,119.27999877929688,221.3800048828125,262.6300048828125,738.47998046875,224.72999572753906,255.50999450683594,569.239990234375,30.8799991607666,24.979999542236328,265.3800048828125,930.6699829101562,122.66000366210938,92.7300033569336,97.05000305175781,29.420000076293945,65.1500015258789,1000.0,64.01000213623047,29.579999923706055,139.74000549316406,75.2300033569336,481.2300109863281,191.72000122070312,321.6400146484375
2026-06-12,121.91999816894531,229.75999450683594,267.8599853515625,755.72998046875,230.27999877929688,260.1099853515625,585.4199829101562,30.889999389648438,25.010000228881836,270.6300048828125,952.739990234375,124.5199966430664,95.30000305175781,96.81999969482422,29.549999237060547,65.38999938964844,999.989990234375,65.48999786376953,30.399999618530273,141.49000549316406,76.58999633789062,494.9599914550781,185.9600067138672,318.0299987792969
2026-06-15,124.11000061035156,238.6199951171875,270.6300048828125,773.4199829101562,233.69000244140625,262.44000244140625,589.6799926757812,31.190000534057617,24.850000381469727,277.69000244140625,965.97998046875,126.80999755859375,95.95999908447266,96.94999694824219,29.6200008392334,65.44999694824219,999.989990234375,66.45999908447266,31.239999771118164,142.0500030517578,77.13999938964844,496.3800048828125,192.0399932861328,330.19000244140625
2026-06-16,124.13999938964844,236.1300048828125,271.6700134277344,774.780029296875,234.49000549316406,264.3299865722656,590.6199951171875,31.719999313354492,24.799999237060547,277.0,971.3900146484375,127.4800033569336,95.9000015258789,97.41999816894531,29.549999237060547,65.47000122070312,1000.0,66.73999786376953,30.90999984741211,142.47000122070312,77.4000015258789,491.19000244140625,189.75999450683594,330.07000732421875
2026-06-17,123.75,234.6699981689453,273.1099853515625,779.8400268554688,235.3699951171875,266.0199890136719,593.6599731445312,31.899999618530273,24.75,275.4599914550781,977.7000122070312,128.22999572753906,97.52999877929688,98.38999938964844,29.559999465942383,65.45999908447266,999.989990234375,67.04000091552734,31.079999923706055,142.60000610351562,77.61000061035156,493.2799987792969,196.83999633789062,333.30999755859375
2026-06-18,122.12000274658203,229.99000549316406,273.9700012207031,783.469970703125,236.38999938964844,266.67999267578125,597.77001953125,31.6200008392334,24.899999618530273,275.989990234375,979.530029296875,128.9600067138672,98.20999908447266,99.36000061035156,29.600000381469727,65.5999984741211,999.989990234375,67.33999633789062,31.229999542236328,142.35000610351562,78.12000274658203,489.45001220703125,192.82000732421875,331.760009765625
2026-06-19,119.79000091552734,221.4199981689453,272.95001220703125,781.0399780273438,237.0,265.3800048828125,597.3200073242188,30.40999984741211,25.09000015258789,274.19000244140625,981.3200073242188,128.89999389648438,97.54000091552734,99.62000274658203,29.65999984741211,65.55000305175781,1000.0,67.44999694824219,30.989999771118164,140.9499969482422,77.5199966430664,486.67999267578125,190.10000610351562,328.4100036621094
2026-06-22,121.12000274658203,225.13999938964844,273.6700134277344,786.8300170898438,238.22999572753906,265.510009765625,598.9600219726562,30.690000534057617,25.389999389648438,275.1600036621094,985.1799926757812,128.66000366210938,97.87999725341797,99.55999755859375,29.610000610351562,65.51000213623047,1000.0,67.77999877929688,31.299999237060547,141.57000732421875,77.48999786376953,479.20001220703125,195.5800018310547,335.94000244140625
2026-06-23,118.9000015258789,215.05999755859375,270.80999755859375,778.2000122070312,235.61000061035156,264.3399963378906,592.52001953125,29.979999542236328,25.690000534057617,272.9200134277344,976.239990234375,126.9000015258789,96.18000030517578,98.76000213623047,29.6200008392334,65.58000183105469,1000.0,67.02999877929688,30.979999542236328,140.41000366210938,76.33000183105469,464.0,195.5800018310547,333.5
2026-06-24,117.55999755859375,213.35000610351562,272.67999267578125,778.4000244140625,236.39999389648438,265.9100036621094,602.280029296875,30.610000610351562,25.719999313354492,271.82000732421875,979.260009765625,127.72000122070312,96.43000030517578,97.87000274658203,29.700000762939453,65.66999816894531,999.989990234375,67.06999969482422,31.219999313354492,141.11000061035156,76.62000274658203,471.4200134277344,190.89999389648438,336.29998779296875
2026-06-25,114.95999908447266,206.57000732421875,273.42999267578125,779.6500244140625,234.9499969482422,265.6300048828125,601.9199829101562,30.360000610351562,25.6299991607666,277.2699890136719,978.27001953125,128.9600067138672,96.44999694824219,96.13999938964844,29.790000915527344,65.94999694824219,999.989990234375,66.7300033569336,31.190000534057617,141.47000122070312,76.37999725341797,472.3399963378906,186.57000732421875,325.82000732421875
2026-06-26,114.95999908447266,206.57000732421875,273.42999267578125,779.6500244140625,,265.6300048828125,601.9199829101562,30.360000610351562,,277.2699890136719,978.27001953125,,96.44999694824219,96.13999938964844,,65.94999694824219,999.989990234375,66.7300033569336,,141.47000122070312,,472.3399963378906,186.57000732421875,325.82000732421875
2026-06-29,116.43000030517578,208.02000427246094,272.1600036621094,772.9600219726562,234.25,264.44000244140625,598.0,30.020000457763672,25.899999618530273,272.69000244140625,971.1099853515625,127.63999938964844,95.5199966430664,96.98999786376953,29.809999465942383,65.83999633789062,1000.0,66.41000366210938,30.940000534057617,140.9499969482422,76.08000183105469,477.44000244140625,185.0800018310547,324.2200012207031
2026-06-30,115.97000122070312,212.82000732421875,271.82000732421875,773.97998046875,235.19000244140625,263.6600036621094,596.3699951171875,29.200000762939453,26.040000915527344,273.04998779296875,969.1799926757812,127.83999633789062,95.08999633789062,96.94000244140625,29.940000534057617,65.91999816894531,1000.0,66.7300033569336,30.520000457763672,139.44000244140625,75.3499984741211,468.5,183.10000610351562,325.7200012207031
2026-07-01,115.45999908447266,211.33999633789062,272.8699951171875,779.1500244140625,236.25,265.5799865722656,601.5700073242188,28.6299991607666,25.829999923706055,276.0899963378906,975.9000244140625,129.7899932861328,95.9800033569336,96.9800033569336,29.860000610351562,65.86000061035156,1000.0,66.95999908447266,30.780000686645508,139.57000732421875,75.55000305175781,471.1700134277344,186.6300048828125,329.9100036621094
2026-07-02,117.69000244140625,216.27999877929688,274.2699890136719,782.4199829101562,237.1199951171875,266.8800048828125,600.0700073242188,29.940000534057617,25.959999084472656,278.70001220703125,977.1400146484375,130.5800018310547,95.37999725341797,97.2699966430664,29.8799991607666,65.91000366210938,1000.0,67.29000091552734,30.81999969482422,141.1300048828125,76.5199966430664,477.4100036621094,188.36000061035156,335.8999938964844
2026-07-03,120.30999755859375,221.30999755859375,275.9100036621094,780.7100219726562,236.83999633789062,267.9100036621094,600.1199951171875,30.479999542236328,26.479999542236328,278.2699890136719,979.5999755859375,131.11000061035156,94.13999938964844,97.41999816894531,29.989999771118164,66.04000091552734,1000.0,67.1500015258789,30.469999313354492,140.97999572753906,76.7300033569336,480.70001220703125,190.80999755859375,332.7799987792969
2026-07-06,119.51000213623047,220.36000061035156,277.42999267578125,784.8400268554688,237.58999633789062,269.5,603.0399780273438,30.280000686645508,26.530000686645508,281.9700012207031,981.6400146484375,131.94000244140625,93.30000305175781,97.5999984741211,29.979999542236328,65.91000366210938,999.989990234375,67.4000015258789,30.739999771118164,142.08999633789062,76.62000274658203,483.5899963378906,191.77999877929688,327.9100036621094
2026-07-07,118.58000183105469,216.2899932861328,277.04998779296875,780.280029296875,237.05999755859375,268.6400146484375,603.4099731445312,30.979999542236328,26.399999618530273,281.9100036621094,979.3300170898438,131.8300018310547,92.8499984741211,96.79000091552734,29.979999542236328,66.04000091552734,1000.0,67.25,30.309999465942383,142.24000549316406,76.80000305175781,482.6000061035156,191.77999877929688,327.2799987792969
2026-07-08,116.95999908447266,210.14999389648438,271.69000244140625,765.8800048828125,233.1199951171875,264.1199951171875,587.6699829101562,30.510000228881836,26.15999984741211,275.55999755859375,956.6099853515625,129.1999969482422,90.44000244140625,95.91999816894531,29.850000381469727,65.7699966430664,1000.0,66.12999725341797,30.020000457763672,139.5399932861328,75.44999694824219,477.9599914550781,193.1699981689453,324.70001220703125
2026-07-09,118.41999816894531,212.9499969482422,272.760009765625,771.8200073242188,236.3000030517578,265.45001220703125,592.5599975585938,30.450000762939453,26.34000015258789,275.260009765625,962.030029296875,129.97000122070312,91.8499984741211,95.56999969482422,29.940000534057617,65.79000091552734,999.989990234375,67.05999755859375,30.219999313354492,139.66000366210938,75.66999816894531,480.3399963378906,194.05999755859375,324.8500061035156
2026-07-10,118.13999938964844,208.8300018310547,275.07000732421875,781.8499755859375,239.5800018310547,267.3699951171875,600.1699829101562,31.040000915527344,26.43000030517578,277.3800048828125,972.4500122070312,130.52999877929688,94.3499984741211,96.22000122070312,29.979999542236328,65.9000015258789,1000.0,68.0999984741211,30.6299991607666,141.25,76.45999908447266,483.9200134277344,194.1699981689453,327.7300109863281
2026-07-13,116.94999694824219,207.4600067138672,275.29998779296875,779.1900024414062,239.33999633789062,268.8900146484375,600.739990234375,32.15999984741211,26.389999389648438,278.8500061035156,969.3499755859375,129.64999389648438,94.5999984741211,96.77999877929688,29.950000762939453,65.9000015258789,999.989990234375,68.0,30.579999923706055,142.30999755859375,76.91999816894531,481.8999938964844,196.5800018310547,332.3699951171875
2026-07-14,115.9800033569336,208.00999450683594,273.3500061035156,776.3900146484375,238.52999877929688,266.4700012207031,594.1799926757812,31.850000381469727,26.59000015258789,274.5199890136719,965.8499755859375,129.0500030517578,92.77999877929688,96.55000305175781,29.799999237060547,65.80000305175781,1000.0,67.8499984741211,30.649999618530273,141.11000061035156,76.30000305175781,478.69000244140625,197.11000061035156,333.239990234375
2026-07-15,116.38999938964844,208.66000366210938,273.6600036621094,778.8400268554688,239.1199951171875,266.7300109863281,597.5700073242188,31.65999984741211,26.75,275.3699951171875,963.0999755859375,129.3300018310547,93.70999908447266,95.91000366210938,29.8799991607666,66.0199966430664,1000.0,67.97000122070312,30.520000457763672,140.6199951171875,76.33999633789062,481.6300048828125,196.41000366210938,328.04998779296875
2026-07-16,116.47000122070312,206.83999633789062,273.989990234375,776.97998046875,238.5800018310547,266.7900085449219,597.0900268554688,31.8700008392334,26.760000228881836,276.1099853515625,960.8300170898438,129.64999389648438,93.23999786376953,95.52999877929688,29.989999771118164,65.91000366210938,1000.0,67.80999755859375,30.579999923706055,140.52000427246094,76.2300033569336,484.32000732421875,199.4199981689453,333.6099853515625
2026-07-17,115.79000091552734,204.9199981689453,276.4599914550781,776.1099853515625,237.75,268.0,604.9000244140625,32.439998626708984,26.389999389648438,279.4599914550781,967.3099975585938,130.14999389648438,93.58000183105469,95.69000244140625,29.950000762939453,65.9000015258789,1000.0,67.41000366210938,30.1200008392334,142.52000427246094,76.80000305175781,479.80999755859375,200.1999969482422,332.8999938964844
2026-07-20,116.83999633789062,207.88999938964844,275.5799865722656,781.489990234375,238.92999267578125,268.1000061035156,600.2100219726562,32.380001068115234,26.770000457763672,279.0,974.0499877929688,130.6999969482422,96.16000366210938,96.7699966430664,29.889999389648438,65.86000061035156,1000.0,67.8499984741211,30.440000534057617,141.50999450683594,77.52999877929688,484.8500061035156,198.6699981689453,327.9599914550781
2026-07-21,117.7300033569336,212.22999572753906,275.1300048828125,784.4299926757812,239.27000427246094,268.4599914550781,599.5499877929688,32.20000076293945,26.860000610351562,281.5,974.1799926757812,131.13999938964844,95.43000030517578,96.72000122070312,29.959999084472656,66.01000213623047,1000.0,68.0,30.700000762939453,140.67999267578125,77.38999938964844,483.3500061035156,194.77000427246094,322.80999755859375
2026-07-22,119.13999938964844,213.07000732421875,273.3599853515625,779.6099853515625,237.07000732421875,266.260009765625,592.239990234375,31.709999084472656,26.510000228881836,281.82000732421875,965.6699829101562,131.35000610351562,93.66999816894531,96.76000213623047,29.8799991607666,65.91999816894531,1000.0,67.27999877929688,30.600000381469727,139.60000610351562,76.94999694824219,478.70001220703125,196.27000427246094,323.44000244140625
2026-07-23,118.69000244140625,211.0,271.9800109863281,776.239990234375,235.0800018310547,264.6300048828125,586.719970703125,31.739999771118164,26.31999969482422,283.70001220703125,958.2999877929688,130.97000122070312,92.87999725341797,96.75,29.84000015258789,65.80000305175781,999.989990234375,66.6500015258789,30.260000228881836,138.47999572753906,76.7699966430664,487.6199951171875,197.77000427246094,328.8399963378906
2026-07-24,117.91000366210938,210.9600067138672,271.2099914550781,776.2999877929688,234.8300018310547,263.57000732421875,587.760009765625,32.0,26.280000686645508,281.17999267578125,957.260009765625,130.19000244140625,93.41999816894531,96.2300033569336,29.860000610351562,65.87999725341797,999.989990234375,66.54000091552734,30.170000076293945,138.91000366210938,77.01000213623047,484.3299865722656,196.1300048828125,328.1499938964844
2026-07-27,118.58999633789062,213.0,273.0,782.3200073242188,237.25,266.1700134277344,590.2999877929688,32.650001525878906,26.649999618530273,284.989990234375,962.3300170898438,132.11000061035156,93.5,96.22000122070312,29.989999771118164,66.05000305175781,1000.0,67.31999969482422,30.329999923706055,139.27000427246094,77.45999908447266,490.0,192.5399932861328,322.1099853515625
