date,action,ticker,units,price,gross,cost,cash_after
2018-01-01,BUY,MON100.NS,4130,48.4,199892.0,99.946,800008.054
2018-01-01,BUY,MOM100.NS,9169,21.8,199884.2,99.94210000000001,600023.9119
2018-01-01,BUY,INFRABEES.NS,537,371.7,199602.9,99.80145,400321.21044999996
2018-01-01,BUY,JUNIORBEES.NS,633,315.5,199711.5,99.85575,200509.85469999997
2018-01-01,BUY,NIF100BEES.NS,1801,110.94,199802.94,99.90147,607.0132299999532
2018-01-15,SELL,INFRABEES.NS,537,372.42,199989.54,99.99477,200496.55845999997
2018-01-15,SELL,NIF100BEES.NS,1801,115.02,207151.02,103.57551,407544.00295
2018-01-15,BUY,CPSEETF.NS,6570,31.0,203670.0,101.83500000000001,203772.16795
2018-01-15,BUY,DIVOPPBEES.NS,6936,29.36,203640.96,101.82048,29.387470000016037
2018-01-22,SELL,CPSEETF.NS,6570,30.31,199136.69999999998,99.56835,199066.51912
2018-01-22,SELL,DIVOPPBEES.NS,6936,29.59,205236.24,102.61811999999999,404200.141
2018-01-22,SELL,JUNIORBEES.NS,633,320.11,202629.63,101.31481500000001,606728.456185
2018-01-22,BUY,BANKBEES.NS,737,274.16,202055.92,101.02796000000001,404571.508225
2018-01-22,BUY,NIFTYBEES.NS,1790,112.88,202055.19999999998,101.02759999999999,202415.280625
2018-01-22,BUY,GOLDBEES.NS,7514,26.9,202126.59999999998,101.06329999999998,187.61732500002836
2018-01-29,SELL,GOLDBEES.NS,7514,27.15,204005.09999999998,102.00254999999999,204090.714775
2018-01-29,BUY,NIF100BEES.NS,1743,116.98,203896.14,101.94807000000002,92.6267049999733
2018-02-05,SELL,MOM100.NS,9169,22.11,202726.59,101.363295,202717.85340999998
2018-02-05,SELL,NIF100BEES.NS,1743,112.16,195494.88,97.74744,398114.98597
2018-02-05,BUY,GOLDBEES.NS,7320,27.18,198957.6,99.4788,199057.90716999996
2018-02-05,BUY,LIQUIDBEES.NS,198,1000.0,198000.0,99.0,958.9071699999622
2018-02-12,SELL,BANKBEES.NS,737,261.59,192791.83,96.395915,193654.34125499995
2018-02-12,BUY,DIVOPPBEES.NS,6642,29.14,193547.88,96.77394000000001,9.687314999930095
2018-02-19,SELL,NIFTYBEES.NS,1790,107.41,192263.9,96.13195,192177.4553649999
2018-02-19,BUY,CPSEETF.NS,6493,29.58,192062.94,96.03147,18.483894999924814
2018-02-26,SELL,CPSEETF.NS,6493,30.13,195634.09,97.81704500000001,195554.75684999992
2018-02-26,BUY,NIFTYBEES.NS,1787,109.36,195426.32,97.71316,30.723689999897033
2018-03-05,SELL,NIFTYBEES.NS,1787,107.17,191512.79,95.75639500000001,191447.7572949999
2018-03-05,BUY,CPSEETF.NS,6488,29.49,191331.12,95.66556,20.97173499991186
2018-03-12,SELL,CPSEETF.NS,6488,28.98,188022.24,94.01111999999999,187949.2006149999
2018-03-12,BUY,NIFTYBEES.NS,1739,107.99,187794.61,93.89730499999999,60.69330999991507
2018-03-19,SELL,DIVOPPBEES.NS,6642,30.0,199260.0,99.63,199221.0633099999
2018-03-19,BUY,JUNIORBEES.NS,689,288.63,198866.07,99.433035,255.56027499990887
2018-04-02,SELL,MON100.NS,4130,51.55,212901.5,106.45075,213050.60952499992
2018-04-02,BUY,BANKBEES.NS,865,245.96,212755.4,106.3777,188.8318249999138
2018-04-09,SELL,GOLDBEES.NS,7320,27.38,200421.6,100.2108,200510.22102499992
2018-04-09,SELL,LIQUIDBEES.NS,198,1000.0,198000.0,99.0,398411.2210249999
2018-04-09,BUY,PSUBNKBEES.NS,5875,33.89,199103.75,99.551875,199207.9191499999
2018-04-09,BUY,INFRABEES.NS,577,345.0,199065.0,99.5325,43.38664999991306
2018-04-16,SELL,PSUBNKBEES.NS,5875,32.52,191055.00000000003,95.52750000000002,191002.85914999995
2018-04-16,BUY,GOLDBEES.NS,6822,27.98,190879.56,95.43978,27.859369999961928
2018-04-23,SELL,BANKBEES.NS,865,252.85,218715.25,109.357625,218633.75174499996
2018-04-23,BUY,NIF100BEES.NS,1934,112.99,218522.66,109.26133,1.8304149999457877
2018-04-30,SELL,GOLDBEES.NS,6822,27.75,189310.5,94.65525,189217.67516499994
2018-04-30,SELL,NIF100BEES.NS,1934,114.0,220476.0,110.238,409583.4371649999
2018-04-30,BUY,BANKBEES.NS,787,259.83,204486.21,102.243105,204994.9840599999
2018-04-30,BUY,MOM100.NS,9883,20.71,204676.93000000002,102.33846500000001,215.71559499987052
2018-05-07,SELL,INFRABEES.NS,577,351.0,202527.0,101.26350000000001,202641.45209499987
2018-05-07,BUY,GOLDBEES.NS,7256,27.91,202514.96,101.25748,25.23461499987752
2018-05-14,SELL,JUNIORBEES.NS,689,298.62,205749.18,102.87459,205671.54002499988
2018-05-14,BUY,CPSEETF.NS,7339,28.01,205565.39,102.782695,3.3673299998627044
2018-05-21,SELL,CPSEETF.NS,7339,27.34,200648.26,100.32413000000001,200551.30319999988
2018-05-21,SELL,GOLDBEES.NS,7256,27.61,200338.16,100.16908000000001,400789.29411999986
2018-05-21,BUY,MON100.NS,3624,55.26,200262.24,100.13112,200426.92299999986
2018-05-21,BUY,LIQUIDBEES.NS,200,1000.0,200000.0,100.0,326.92299999986426
2018-05-28,SELL,MOM100.NS,9883,20.45,202107.35,101.053675,202333.21932499987
2018-05-28,BUY,PSUBNKBEES.NS,6029,33.54,202212.66,101.10633,19.452994999854127
2018-06-11,SELL,LIQUIDBEES.NS,200,1000.0,200000.0,100.0,199919.45299499985
2018-06-11,BUY,CPSEETF.NS,7237,27.61,199813.57,99.906785,5.976209999847924
2018-06-18,SELL,CPSEETF.NS,7237,26.75,193589.75,96.794875,193498.93133499986
2018-06-18,BUY,DIVOPPBEES.NS,6536,29.59,193400.24,96.70012,1.9912149998708628
2018-06-25,SELL,DIVOPPBEES.NS,6536,29.16,190589.76,95.29488,190496.45633499988
2018-06-25,BUY,LIQUIDBEES.NS,190,1000.0,190000.0,95.0,401.4563349998789
2018-07-02,SELL,PSUBNKBEES.NS,6029,31.05,187200.45,93.60022500000001,187508.3061099999
2018-07-02,BUY,GOLDBEES.NS,6905,27.14,187401.7,93.70085,12.905259999883128
2018-07-09,SELL,GOLDBEES.NS,6905,27.36,188920.8,94.46039999999999,188839.24485999986
2018-07-09,BUY,NIF100BEES.NS,1679,112.38,188686.02,94.34300999999999,58.881849999859696
2018-07-16,SELL,LIQUIDBEES.NS,190,1000.0,190000.0,95.0,189963.88184999986
2018-07-16,BUY,DIVOPPBEES.NS,6458,29.4,189865.19999999998,94.9326,3.7492499998770654
2018-07-30,SELL,BANKBEES.NS,787,284.0,223508.0,111.754,223399.9952499999
2018-07-30,SELL,MON100.NS,3624,60.58,219541.91999999998,109.77095999999999,442832.14428999985
2018-07-30,BUY,PSUBNKBEES.NS,4107,35.92,147523.44,73.76172,295234.94256999984
2018-07-30,BUY,HNGSNGBEES.NS,427,345.01,147319.27,73.659635,147842.01293499986
2018-07-30,BUY,JUNIORBEES.NS,487,302.7,147414.9,73.70745,353.40548499987926
2018-08-06,SELL,NIF100BEES.NS,1679,120.05,201563.94999999998,100.78197499999999,201816.57350999987
2018-08-06,SELL,HNGSNGBEES.NS,427,349.0,149023.0,74.5115,350765.0620099999
2018-08-06,BUY,MOM100.NS,8367,20.95,175288.65,87.644325,175388.76768499988
2018-08-06,BUY,CPSEETF.NS,6348,27.61,175268.28,87.63414,32.85354499987443
2018-08-13,SELL,NIFTYBEES.NS,1739,118.23,205601.97,102.800985,205532.02255999987
2018-08-13,BUY,BANKBEES.NS,725,283.13,205269.25,102.634625,160.1379349998606
2018-08-20,SELL,CPSEETF.NS,6348,27.21,172729.08000000002,86.36454,172802.85339499987
2018-08-20,SELL,BANKBEES.NS,725,288.34,209046.49999999997,104.52324999999999,381744.83014499984
2018-08-20,BUY,HNGSNGBEES.NS,537,355.0,190635.0,95.3175,191014.51264499984
2018-08-20,BUY,NIFTYBEES.NS,1586,120.27,190748.22,95.37411,170.91853499982972
2018-08-27,SELL,NIFTYBEES.NS,1586,121.79,193158.94,96.57947,193233.27906499984
2018-08-27,SELL,HNGSNGBEES.NS,537,329.32,176844.84,88.42242,369989.69664499984
2018-08-27,BUY,INFRABEES.NS,557,331.8,184812.6,92.4063,185084.69034499984
2018-08-27,BUY,CPSEETF.NS,6651,27.8,184897.80000000002,92.44890000000001,94.4414449998294
2018-09-03,SELL,CPSEETF.NS,6651,27.64,183833.64,91.91682000000002,183836.16462499983
2018-09-03,SELL,MOM100.NS,8367,20.83,174284.61,87.142305,358033.63231999986
2018-09-03,BUY,NIF100BEES.NS,1472,121.5,178848.0,89.424,179096.20831999986
2018-09-03,BUY,NIFTYBEES.NS,1481,120.77,178860.37,89.430185,146.4081349998596
2018-09-10,SELL,PSUBNKBEES.NS,4107,34.13,140171.91,70.085955,140248.23217999988
2018-09-10,SELL,JUNIORBEES.NS,487,308.19,150088.53,75.044265,290261.71791499987
2018-09-10,BUY,GOLDBEES.NS,5336,27.18,145032.48,72.51624000000001,145156.72167499986
2018-09-10,BUY,DIVOPPBEES.NS,4683,30.97,145032.50999999998,72.51625499999999,51.695419999887235
2018-09-17,SELL,NIF100BEES.NS,1472,121.68,179112.96000000002,89.55648000000001,179075.0989399999
2018-09-17,BUY,LIQUIDBEES.NS,178,1000.0,178000.0,89.0,986.0989399999089
2018-09-24,SELL,INFRABEES.NS,557,315.0,175455.0,87.7275,176353.3714399999
2018-09-24,SELL,DIVOPPBEES.NS,4683,30.46,142644.18,71.32209,318926.2293499999
2018-09-24,SELL,NIFTYBEES.NS,1481,114.8,170018.8,85.0094,488860.01994999987
2018-09-24,BUY,NIF100BEES.NS,1398,116.44,162783.12,81.39156,325995.50838999986
2018-09-24,BUY,MON100.NS,2552,63.8,162817.6,81.4088,163096.49958999985
2018-09-24,BUY,CPSEETF.NS,6036,26.98,162851.28,81.42564,163.79394999984652
2018-10-01,SELL,NIF100BEES.NS,1398,115.39,161315.22,80.65761,161398.35633999985
2018-10-01,BUY,DIVOPPBEES.NS,5299,30.44,161301.56,80.65078,16.14555999985896
2018-10-08,SELL,CPSEETF.NS,6036,24.04,145105.44,72.55272000000001,145049.03283999985
2018-10-08,BUY,MOM100.NS,7840,18.49,144961.59999999998,72.48079999999999,14.952039999887347
2018-10-15,SELL,DIVOPPBEES.NS,5299,28.03,148530.97,74.265485,148471.65655499988
2018-10-15,SELL,MOM100.NS,7840,18.8,147392.0,73.696,295789.9605549999
2018-10-15,BUY,BANKBEES.NS,571,258.71,147723.40999999997,73.86170499999999,147992.68884999992
2018-10-15,BUY,CPSEETF.NS,5840,25.31,147810.4,73.9052,108.38364999991609
2018-10-22,SELL,CPSEETF.NS,5840,24.73,144423.2,72.2116,144459.37204999992
2018-10-22,BUY,MOM100.NS,7559,19.1,144376.90000000002,72.18845000000002,10.283599999907892
2018-10-29,SELL,BANKBEES.NS,571,254.27,145188.17,72.594085,145125.85951499993
2018-10-29,BUY,CPSEETF.NS,5740,25.27,145049.8,72.5249,3.5346149999531917
2018-11-05,SELL,CPSEETF.NS,5740,24.92,143040.80000000002,71.52040000000001,142972.81421499996
2018-11-05,SELL,GOLDBEES.NS,5336,28.44,151755.84,75.87792,294652.776295
2018-11-05,SELL,MON100.NS,2552,59.99,153094.48,76.54724,447670.709055
2018-11-05,SELL,LIQUIDBEES.NS,178,999.99,177998.22,88.99911,625579.929945
2018-11-05,BUY,PSUBNKBEES.NS,4704,33.23,156313.91999999998,78.15696,469187.852985
2018-11-05,BUY,INFRABEES.NS,501,311.7,156161.69999999998,78.08085,312948.072135
2018-11-05,BUY,BANKBEES.NS,595,262.42,156139.90000000002,78.06995000000002,156730.102185
2018-11-05,BUY,JUNIORBEES.NS,557,280.33,156143.81,78.071905,508.22028000000864
2018-11-19,SELL,MOM100.NS,7559,19.21,145208.39,72.604195,145644.00608500003
2018-11-19,BUY,NIFTYBEES.NS,1296,112.24,145463.03999999998,72.73151999999999,108.23456500004977
2018-12-10,SELL,PSUBNKBEES.NS,4704,31.19,146717.76,73.35888,146752.63568500004
2018-12-10,BUY,LIQUIDBEES.NS,146,1000.0,146000.0,73.0,679.6356850000448
2018-12-17,SELL,INFRABEES.NS,501,316.23,158431.23,79.21561500000001,159031.65007000006
2018-12-17,SELL,LIQUIDBEES.NS,146,1000.0,146000.0,73.0,304958.6500700001
2018-12-17,BUY,PSUBNKBEES.NS,4639,32.85,152391.15,76.195575,152491.3044950001
2018-12-17,BUY,GOLDBEES.NS,5478,27.82,152397.96,76.19897999999999,17.14551500012749
2018-12-24,SELL,GOLDBEES.NS,5478,27.88,152726.63999999998,76.36331999999999,152667.4221950001
2018-12-24,SELL,NIFTYBEES.NS,1296,111.84,144944.64,72.47232000000001,297539.5898750001
2018-12-24,BUY,INFRABEES.NS,465,319.7,148660.5,74.33025,148804.75962500012
2018-12-24,BUY,DIVOPPBEES.NS,5132,28.97,148674.04,74.33702000000001,56.382605000108015
2018-12-31,SELL,BANKBEES.NS,595,276.89,164749.55,82.374775,164723.5578300001
2018-12-31,BUY,CPSEETF.NS,6744,24.41,164621.04,82.31052000000001,20.207310000085272
2019-01-07,SELL,DIVOPPBEES.NS,5132,28.8,147801.6,73.9008,147747.9065100001
2019-01-07,SELL,JUNIORBEES.NS,557,285.5,159023.5,79.51175,306691.89476000005
2019-01-07,BUY,GOLDBEES.NS,5431,28.22,153262.82,76.63141,153352.44335000005
2019-01-07,BUY,BANKBEES.NS,549,278.74,153028.26,76.51413000000001,247.6692200000398
2019-01-21,SELL,CPSEETF.NS,6744,23.77,160304.88,80.15244,160472.39678000004
2019-01-21,SELL,INFRABEES.NS,465,312.97,145531.05000000002,72.76552500000001,305930.68125500006
2019-01-21,BUY,MON100.NS,3218,47.5,152855.0,76.4275,152999.25375500007
2019-01-21,BUY,NIF100BEES.NS,1334,114.57,152836.38,76.41819000000001,86.45556500006933
2019-01-28,SELL,PSUBNKBEES.NS,4639,32.05,148679.94999999998,74.339975,148692.06559000004
2019-01-28,SELL,NIF100BEES.NS,1334,110.95,148007.30000000002,74.00365000000001,296625.3619400001
2019-01-28,BUY,LIQUIDBEES.NS,148,999.99,147998.52,73.99925999999999,148552.8426800001
2019-01-28,BUY,NIFTYBEES.NS,1326,111.78,148220.28,74.11014,258.4525400000857
2019-02-04,SELL,BANKBEES.NS,549,276.12,151589.88,75.79494,151772.5376000001
2019-02-04,SELL,LIQUIDBEES.NS,148,999.99,147998.52,73.99925999999999,299697.0583400001
2019-02-04,BUY,NIF100BEES.NS,1315,113.85,149712.75,74.856375,149909.4519650001
2019-02-04,BUY,DIVOPPBEES.NS,5178,28.92,149747.76,74.87388,86.81808500009356
2019-02-18,SELL,DIVOPPBEES.NS,5178,28.22,146123.16,73.06158,146136.9165050001
2019-02-18,SELL,NIF100BEES.NS,1315,111.13,146135.94999999998,73.06797499999999,292199.79853000003
2019-02-18,BUY,LIQUIDBEES.NS,146,999.99,145998.54,72.99927000000001,146128.25926000002
2019-02-18,BUY,BANKBEES.NS,537,271.81,145961.97,72.980985,93.3082750000176
2019-02-25,SELL,BANKBEES.NS,537,275.94,148179.78,74.08989,148198.998385
2019-02-25,SELL,NIFTYBEES.NS,1326,113.65,150699.9,75.34994999999999,298823.548435
2019-02-25,BUY,CPSEETF.NS,6287,23.75,149316.25,74.658125,149432.64031000002
2019-02-25,BUY,DIVOPPBEES.NS,5172,28.87,149315.64,74.65782000000002,42.34249000001
2019-03-05,SELL,GOLDBEES.NS,5431,28.48,154674.88,77.33744,154639.88505
2019-03-05,SELL,LIQUIDBEES.NS,146,999.99,145998.54,72.99927000000001,300565.42578000005
2019-03-05,BUY,JUNIORBEES.NS,531,282.6,150060.6,75.03030000000001,150429.79548000003
2019-03-05,BUY,INFRABEES.NS,493,304.43,150083.99,75.041995,270.76348500003223
2019-03-11,SELL,DIVOPPBEES.NS,5172,30.0,155160.0,77.58,155353.18348500005
2019-03-11,SELL,MON100.NS,3218,48.74,156845.32,78.42266000000001,312120.08082500007
2019-03-11,BUY,MOM100.NS,8500,18.35,155975.0,77.9875,156067.09332500008
2019-03-11,BUY,PSUBNKBEES.NS,4698,33.2,155973.6,77.9868,15.506525000062538
2019-03-18,SELL,JUNIORBEES.NS,531,288.6,153246.6,76.6233,153185.48322500006
2019-03-18,BUY,BANKBEES.NS,510,299.88,152938.8,76.4694,170.21382500007167
2019-03-25,SELL,MOM100.NS,8500,18.21,154785.0,77.3925,154877.82132500008
2019-03-25,BUY,NIFTYBEES.NS,1302,118.81,154690.62,77.34531,109.85601500008488
2019-04-15,SELL,INFRABEES.NS,493,328.43,161915.99,80.957995,161944.88802000007
2019-04-15,BUY,MON100.NS,3099,52.22,161829.78,80.91489,34.19313000008697
2019-04-22,SELL,PSUBNKBEES.NS,4698,34.64,162738.72,81.36936,162691.54377000008
2019-04-22,BUY,NIF100BEES.NS,1341,121.2,162529.2,81.2646,81.07917000007001
2019-04-30,SELL,BANKBEES.NS,510,302.63,154341.3,77.17065,154345.20852000007
2019-04-30,BUY,DIVOPPBEES.NS,5152,29.94,154250.88,77.12544,17.2030800000648
2019-05-13,SELL,CPSEETF.NS,6287,25.91,162896.17,81.448085,162831.92499500007
2019-05-13,SELL,NIFTYBEES.NS,1302,117.22,152620.44,76.31022,315376.0547750001
2019-05-13,SELL,NIF100BEES.NS,1341,115.75,155220.75,77.610375,470519.1944000001
2019-05-13,BUY,GOLDBEES.NS,5547,28.26,156758.22,78.37911,313682.5952900001
2019-05-13,BUY,LIQUIDBEES.NS,156,1000.0,156000.0,78.0,157604.59529000008
2019-05-13,BUY,HNGSNGBEES.NS,566,276.96,156759.36,78.37968,766.855610000086
2019-05-20,SELL,DIVOPPBEES.NS,5152,30.51,157187.52000000002,78.59376000000002,157875.78185000012
2019-05-20,SELL,HNGSNGBEES.NS,566,299.9,169743.4,84.8717,327534.31015000015
2019-05-20,BUY,BANKBEES.NS,521,313.81,163495.01,81.747505,163957.55264500013
2019-05-20,BUY,NIFTYBEES.NS,1320,123.93,163587.6,81.7938,288.1588450001145
2019-05-27,SELL,GOLDBEES.NS,5547,28.1,155870.7,77.93535000000001,156080.9234950001
2019-05-27,SELL,MON100.NS,3099,50.47,156406.53,78.203265,312409.2502300001
2019-05-27,SELL,LIQUIDBEES.NS,156,1000.0,156000.0,78.0,468331.2502300001
2019-05-27,BUY,PSUBNKBEES.NS,4169,37.42,156003.98,78.00199,312249.2682400001
2019-05-27,BUY,INFRABEES.NS,450,346.48,155916.0,77.958,156255.3102400001
2019-05-27,BUY,CPSEETF.NS,5574,27.99,156016.25999999998,78.00813,161.04211000012583
2019-06-03,SELL,NIFTYBEES.NS,1320,126.8,167376.0,83.688,167453.35411000013
2019-06-03,BUY,MOM100.NS,8912,18.78,167367.36000000002,83.68368000000001,2.31043000012869
2019-06-10,SELL,PSUBNKBEES.NS,4169,33.83,141037.27,70.518635,140969.06179500013
2019-06-10,SELL,MOM100.NS,8912,18.55,165317.6,82.6588,306204.0029950001
2019-06-10,BUY,GOLDBEES.NS,5313,28.8,153014.4,76.5072,153113.09579500012
2019-06-10,BUY,NIFTYBEES.NS,1217,125.67,152940.39,76.470195,96.23560000010184
2019-06-17,SELL,BANKBEES.NS,521,307.71,160316.91,80.158455,160332.9871450001
2019-06-17,BUY,NIF100BEES.NS,1325,120.89,160179.25,80.089625,73.64752000011504
2019-06-24,SELL,NIFTYBEES.NS,1217,123.41,150189.97,75.09498500000001,150188.5225350001
2019-06-24,SELL,NIF100BEES.NS,1325,121.03,160364.75,80.18237500000001,310473.09016000014
2019-06-24,BUY,MON100.NS,2905,53.4,155127.0,77.5635,155268.52666000015
2019-06-24,BUY,DIVOPPBEES.NS,5062,30.65,155150.3,77.57515,40.651510000170674
2019-07-01,SELL,INFRABEES.NS,450,346.99,156145.5,78.07275,156108.07876000018
2019-07-01,SELL,DIVOPPBEES.NS,5062,30.56,154694.72,77.34736000000001,310725.45140000014
2019-07-01,BUY,HNGSNGBEES.NS,512,303.0,155136.0,77.568,155511.88340000014
2019-07-01,BUY,PSUBNKBEES.NS,4392,35.35,155257.2,77.6286,177.05480000012903
2019-07-08,SELL,CPSEETF.NS,5574,26.35,146874.9,73.43745,146978.51735000013
2019-07-08,BUY,BANKBEES.NS,469,312.69,146651.61,73.32580499999999,253.58154500013916
2019-07-15,SELL,BANKBEES.NS,469,311.03,145873.06999999998,72.93653499999999,146053.71501000013
2019-07-15,SELL,HNGSNGBEES.NS,512,301.53,154383.36,77.19167999999999,300359.8833300001
2019-07-15,BUY,LIQUIDBEES.NS,150,1000.0,150000.0,75.0,150284.8833300001
2019-07-15,BUY,JUNIORBEES.NS,538,278.9,150048.19999999998,75.02409999999999,161.65923000010662
2019-07-22,SELL,PSUBNKBEES.NS,4392,33.08,145287.36,72.64367999999999,145376.37555000008
2019-07-22,BUY,NIF100BEES.NS,1230,118.04,145189.2,72.59460000000001,114.58095000006142
2019-08-19,SELL,NIF100BEES.NS,1230,115.18,141671.4,70.8357,141715.14525000006
2019-08-19,BUY,NIFTYBEES.NS,1209,117.13,141610.16999999998,70.80508499999999,34.17016500007594
2019-08-26,SELL,NIFTYBEES.NS,1209,117.09,141561.81,70.780905,141525.19926000008
2019-08-26,BUY,DIVOPPBEES.NS,4954,28.55,141436.7,70.71835,17.78091000005952
2019-09-03,SELL,DIVOPPBEES.NS,4954,28.5,141189.0,70.5945,141136.18641000005
2019-09-03,BUY,NIF100BEES.NS,1246,113.14,140972.44,70.48622,93.26019000005908
2019-09-09,SELL,NIF100BEES.NS,1246,115.02,143314.91999999998,71.65746,143336.52273000006
2019-09-09,SELL,LIQUIDBEES.NS,150,1000.0,150000.0,75.0,293261.5227300001
2019-09-09,BUY,DIVOPPBEES.NS,5050,29.02,146551.0,73.27550000000001,146637.2472300001
2019-09-09,BUY,CPSEETF.NS,6217,23.57,146534.69,73.267345,29.28988500009291
2019-09-16,SELL,DIVOPPBEES.NS,5050,28.8,145440.0,72.72,145396.5698850001
2019-09-16,SELL,GOLDBEES.NS,5313,33.25,176657.25,88.328625,321965.4912600001
2019-09-16,BUY,INFRABEES.NS,509,316.07,160879.63,80.43981500000001,161005.4214450001
2019-09-16,BUY,MOM100.NS,9634,16.7,160887.8,80.4439,37.17754500010051
2019-09-23,SELL,INFRABEES.NS,509,333.0,169497.0,84.7485,169449.4290450001
2019-09-23,SELL,MON100.NS,2905,54.58,158554.9,79.27745,327925.0515950001
2019-09-23,SELL,MOM100.NS,9634,17.54,168980.36,84.49018,496820.9214150001
2019-09-23,BUY,BANKBEES.NS,527,313.68,165309.36000000002,82.65468000000001,331428.9067350001
2019-09-23,BUY,NIFTYBEES.NS,1345,123.0,165435.0,82.7175,165911.18923500009
2019-09-23,BUY,NIF100BEES.NS,1360,121.67,165471.2,82.7356,357.25363500005915
2019-09-30,SELL,CPSEETF.NS,6217,23.83,148151.11,74.075555,148434.28808000006
2019-09-30,BUY,INFRABEES.NS,440,336.88,148227.2,74.1136,132.9744800000335
2019-10-07,SELL,BANKBEES.NS,527,283.33,149314.91,74.657455,149373.22702500003
2019-10-07,SELL,NIFTYBEES.NS,1345,117.57,158131.65,79.065825,307425.8112
2019-10-07,BUY,CPSEETF.NS,6662,23.06,153625.72,76.81286,153723.27834
2019-10-07,BUY,DIVOPPBEES.NS,5316,28.9,153632.4,76.8162,14.062139999994542
2019-10-14,SELL,CPSEETF.NS,6662,23.51,156623.62000000002,78.31181000000001,156559.37033
2019-10-14,SELL,JUNIORBEES.NS,538,278.05,149590.9,74.79545,306075.47488
2019-10-14,BUY,NIFTYBEES.NS,1275,119.89,152859.75,76.429875,153139.295005
2019-10-14,BUY,GOLDBEES.NS,4532,33.75,152955.0,76.4775,107.81750499998452
2019-10-22,SELL,DIVOPPBEES.NS,5316,29.45,156556.19999999998,78.2781,156585.73940499997
2019-10-22,SELL,GOLDBEES.NS,4532,33.67,152592.44,76.29622,309101.883185
2019-10-22,BUY,CPSEETF.NS,6228,24.8,154454.4,77.2272,154570.255985
2019-10-22,BUY,JUNIORBEES.NS,531,290.8,154414.80000000002,77.2074,78.2485849999648
2019-10-29,SELL,INFRABEES.NS,440,340.15,149666.0,74.833,149669.41558499995
2019-10-29,BUY,BANKBEES.NS,491,304.45,149484.94999999998,74.742475,109.72310999996262
2019-11-04,SELL,NIFTYBEES.NS,1275,126.34,161083.5,80.54175000000001,161112.68135999996
2019-11-04,SELL,NIF100BEES.NS,1360,124.9,169864.0,84.932,330891.74935999996
2019-11-04,BUY,PSUBNKBEES.NS,5882,28.11,165343.02,82.67151,165466.05784999998
2019-11-04,BUY,MOM100.NS,9347,17.69,165348.43000000002,82.67421500000002,34.953634999954375
2019-11-11,SELL,CPSEETF.NS,6228,24.27,151153.56,75.57678,151112.93685499995
2019-11-11,SELL,JUNIORBEES.NS,531,295.62,156974.22,78.48711,308008.66974499996
2019-11-11,BUY,MON100.NS,2662,57.81,153890.22,76.94511,154041.50463499996
2019-11-11,BUY,NIFTYBEES.NS,1216,126.49,153811.84,76.90592,152.75871499997447
2019-12-02,SELL,NIFTYBEES.NS,1216,127.63,155198.08,77.59904,155273.23967499996
2019-12-02,BUY,INFRABEES.NS,450,344.81,155164.5,77.58225,31.157424999953946
2019-12-09,SELL,INFRABEES.NS,450,334.01,150304.5,75.15225,150260.50517499994
2019-12-09,SELL,PSUBNKBEES.NS,5882,27.07,159225.74,79.61287,309406.6323049999
2019-12-09,BUY,LIQUIDBEES.NS,154,999.99,153998.46,76.99923,155331.17307499994
2019-12-09,BUY,NIFTYBEES.NS,1223,126.33,154501.59,77.250795,752.3322799999441
2019-12-16,SELL,MOM100.NS,9347,17.74,165815.78,82.90789,166485.20438999994
2019-12-16,SELL,LIQUIDBEES.NS,154,1000.0,154000.0,77.0,320408.20438999997
2019-12-16,BUY,PSUBNKBEES.NS,5718,28.0,160104.0,80.052,160224.15238999997
2019-12-16,BUY,NIF100BEES.NS,1282,124.87,160083.34,80.04167,60.770719999971334
2019-12-23,SELL,PSUBNKBEES.NS,5718,27.82,159074.76,79.53738000000001,159055.99334
2019-12-23,BUY,HNGSNGBEES.NS,452,351.39,158828.28,79.41414,148.29919999997946
2019-12-30,SELL,NIFTYBEES.NS,1223,130.26,159307.97999999998,79.65399,159376.62520999997
2019-12-30,BUY,GOLDBEES.NS,4644,34.3,159289.19999999998,79.6446,7.780609999987064
2020-01-06,SELL,BANKBEES.NS,491,319.18,156717.38,78.35869000000001,156646.80192
2020-01-06,SELL,NIF100BEES.NS,1282,124.97,160211.54,80.10577,316778.23615
2020-01-06,BUY,CPSEETF.NS,6859,23.08,158305.72,79.15286,158393.36329
2020-01-06,BUY,MOM100.NS,8834,17.92,158305.28000000003,79.15264000000002,8.930649999994785
2020-01-13,SELL,CPSEETF.NS,6859,23.62,162009.58000000002,81.00479000000001,161937.50586
2020-01-13,BUY,INFRABEES.NS,469,344.8,161711.2,80.85560000000001,145.45025999998325
2020-01-20,SELL,GOLDBEES.NS,4644,35.23,163608.12,81.80405999999999,163671.76619999998
2020-01-20,BUY,JUNIORBEES.NS,546,299.07,163292.22,81.64611000000001,297.900089999981
2020-02-03,SELL,JUNIORBEES.NS,546,286.7,156538.19999999998,78.2691,156757.83098999996
2020-02-03,SELL,HNGSNGBEES.NS,452,362.2,163714.4,81.85719999999999,320390.37379
2020-02-03,BUY,GOLDBEES.NS,4458,35.91,160086.78,80.04339,160223.55039999998
2020-02-03,BUY,LIQUIDBEES.NS,160,1000.0,160000.0,80.0,143.55039999997825
2020-02-10,SELL,INFRABEES.NS,469,337.13,158113.97,79.056985,158178.46341499998
2020-02-10,SELL,LIQUIDBEES.NS,160,999.99,159998.4,79.9992,318096.86421499995
2020-02-10,BUY,JUNIORBEES.NS,529,300.46,158943.34,79.47167,159074.05254499995
2020-02-10,BUY,HNGSNGBEES.NS,455,349.17,158872.35,79.436175,122.26636999993934
2020-02-17,SELL,JUNIORBEES.NS,529,293.4,155208.59999999998,77.6043,155253.2620699999
2020-02-17,SELL,HNGSNGBEES.NS,455,354.0,161070.0,80.535,316242.7270699999
2020-02-17,BUY,NIF100BEES.NS,1262,125.15,157939.30000000002,78.96965000000002,158224.45741999988
2020-02-17,BUY,LIQUIDBEES.NS,158,999.99,157998.42,78.99921,147.03820999985328
2020-02-24,SELL,NIF100BEES.NS,1262,122.66,154796.91999999998,77.39846,154866.55974999984
2020-02-24,BUY,JUNIORBEES.NS,528,292.68,154535.04,77.26752,254.25222999983816
2020-03-02,SELL,MON100.NS,2662,61.73,164325.25999999998,82.16263,164497.3495999998
2020-03-02,SELL,MOM100.NS,8834,17.66,156008.44,78.00422,320427.7853799998
2020-03-02,SELL,JUNIORBEES.NS,528,275.84,145643.52,72.82176,465998.4836199998
2020-03-02,BUY,HNGSNGBEES.NS,417,372.0,155124.0,77.562,310796.9216199998
2020-03-02,BUY,BANKBEES.NS,527,294.45,155175.15,77.587575,155544.1840449998
2020-03-02,BUY,INFRABEES.NS,508,305.41,155148.28,77.57414,318.3299049997877
2020-03-09,SELL,INFRABEES.NS,508,289.11,146867.88,73.43394,147112.7759649998
2020-03-09,SELL,BANKBEES.NS,527,271.61,143138.47,71.569235,290179.67672999983
2020-03-09,BUY,DIVOPPBEES.NS,5427,26.72,145009.44,72.50472,145097.73200999983
2020-03-09,BUY,MON100.NS,2387,60.74,144986.38,72.49319,38.85881999981939
2020-03-16,SELL,MON100.NS,2387,55.26,131905.62,65.95281,131878.52600999983
2020-03-16,BUY,MOM100.NS,8689,15.17,131812.13,65.906065,0.4899449998338241
2020-03-23,SELL,MOM100.NS,8689,12.37,107482.93,53.741465,107429.67847999983
2020-03-23,BUY,MON100.NS,2130,50.39,107330.7,53.66535,45.31312999983493
2020-03-30,SELL,DIVOPPBEES.NS,5427,26.4,143272.8,71.6364,143246.47672999982
2020-03-30,BUY,CPSEETF.NS,9278,15.43,143159.54,71.57977000000001,15.356959999800893
2020-04-07,SELL,HNGSNGBEES.NS,417,339.98,141771.66,70.88583,141716.1311299998
2020-04-07,BUY,DIVOPPBEES.NS,5391,26.27,141621.57,70.81078500000001,23.750344999774825
2020-04-13,SELL,LIQUIDBEES.NS,158,1000.0,158000.0,79.0,157944.75034499977
2020-04-13,BUY,CONSUMBEES.NS,3252,48.54,157852.08,78.92604,13.74430499979644
2020-04-20,SELL,DIVOPPBEES.NS,5391,25.53,137632.23,68.81611500000001,137577.1581899998
2020-04-20,BUY,JUNIORBEES.NS,563,243.94,137338.22,68.66911,170.2690799998236
2020-04-27,SELL,CPSEETF.NS,9278,16.31,151324.18,75.66208999999999,151418.78698999982
2020-04-27,BUY,INFRABEES.NS,557,271.3,151114.1,75.55705,229.12993999980972
2020-05-04,SELL,CONSUMBEES.NS,3252,51.8,168453.59999999998,84.22679999999998,168598.50313999978
2020-05-04,SELL,GOLDBEES.NS,4458,42.73,190490.34,95.24517,358993.59796999977
2020-05-04,BUY,NIFTYBEES.NS,1815,98.8,179322.0,89.661,179581.93696999978
2020-05-04,BUY,CPSEETF.NS,10730,16.72,179405.59999999998,89.7028,86.63416999980109
2020-05-11,SELL,CPSEETF.NS,10730,16.12,172967.6,86.4838,172967.75036999982
2020-05-11,BUY,CONSUMBEES.NS,3279,52.72,172868.88,86.43444000000001,12.435929999803193
2020-05-18,SELL,CONSUMBEES.NS,3279,47.36,155293.44,77.64672,155228.22920999982
2020-05-18,SELL,NIFTYBEES.NS,1815,93.93,170482.95,85.24147500000001,325625.9377349998
2020-05-18,BUY,MID150BEES.NS,3334,48.8,162699.19999999998,81.3496,162845.38813499984
2020-05-18,BUY,NIF100BEES.NS,1570,103.62,162683.4,81.3417,80.64643499985687
2020-05-26,SELL,NIF100BEES.NS,1570,102.21,160469.69999999998,80.23485,160470.11158499983
2020-05-26,SELL,JUNIORBEES.NS,563,242.86,136730.18000000002,68.36509000000001,297131.92649499985
2020-05-26,SELL,MID150BEES.NS,3334,49.0,163366.0,81.683,460416.2434949998
2020-05-26,BUY,NV20BEES.NS,3067,50.0,153350.0,76.675,306989.56849499984
2020-05-26,BUY,MOM100.NS,11147,13.76,153382.72,76.69136,153530.15713499984
2020-05-26,BUY,LIQUIDBEES.NS,153,1000.0,153000.0,76.5,453.6571349998412
2020-06-01,SELL,MON100.NS,2130,70.14,149398.2,74.6991,149777.15803499985
2020-06-01,SELL,MOM100.NS,11147,14.46,161185.62,80.59281,310882.18522499985
2020-06-01,SELL,LIQUIDBEES.NS,153,1000.0,153000.0,76.5,463805.68522499985
2020-06-01,BUY,CPSEETF.NS,8829,17.5,154507.5,77.25375,309220.9314749999
2020-06-01,BUY,JUNIORBEES.NS,607,254.16,154275.12,77.13756,154868.67391499988
2020-06-01,BUY,NIFTYBEES.NS,1479,104.42,154437.18,77.21858999999999,354.27532499987865
2020-06-08,SELL,NV20BEES.NS,3067,53.6,164391.2,82.19560000000001,164663.27972499988
2020-06-08,SELL,JUNIORBEES.NS,607,264.21,160375.47,80.187735,324958.56198999984
2020-06-08,BUY,PSUBNKBEES.NS,10747,15.11,162387.16999999998,81.193585,162490.19840499986
2020-06-08,BUY,BANKBEES.NS,758,214.02,162227.16,81.11358,181.92482499984908
2020-06-15,SELL,CPSEETF.NS,8829,17.27,152476.83,76.23841499999999,152582.51640999984
2020-06-15,SELL,NIFTYBEES.NS,1479,104.51,154570.29,77.285145,307075.5212649999
2020-06-15,SELL,INFRABEES.NS,557,300.91,167606.87000000002,83.80343500000001,474598.58782999986
2020-06-15,SELL,BANKBEES.NS,758,200.74,152160.92,76.08046,626683.4273699999
2020-06-15,BUY,MID150BEES.NS,2899,54.0,156546.0,78.273,470059.15436999995
2020-06-15,BUY,NIF100BEES.NS,1378,113.61,156554.58,78.27729,313426.29707999993
2020-06-15,BUY,MOM100.NS,10349,15.13,156580.37,78.290185,156767.63689499995
2020-06-15,BUY,DIVOPPBEES.NS,5936,26.38,156591.68,78.29584,97.66105499994592
2020-06-22,SELL,DIVOPPBEES.NS,5936,26.3,156116.80000000002,78.0584,156136.40265499995
2020-06-22,BUY,BANKBEES.NS,714,218.5,156009.0,78.00450000000001,49.39815499994438
2020-06-29,SELL,NIF100BEES.NS,1378,112.83,155479.74,77.73987,155451.39828499994
2020-06-29,BUY,NIFTYBEES.NS,1415,109.74,155282.1,77.64105,91.65723499993328
2020-07-06,SELL,MOM100.NS,10349,15.97,165273.53,82.636765,165282.55046999993
2020-07-06,BUY,INFRABEES.NS,514,321.32,165158.48,82.57924000000001,41.49122999992687
2020-07-13,SELL,INFRABEES.NS,514,316.41,162634.74000000002,81.31737000000001,162594.91385999994
2020-07-13,BUY,MON100.NS,2021,80.4,162488.40000000002,81.2442,25.269659999932628
2020-07-20,SELL,BANKBEES.NS,714,224.39,160214.46,80.10723,160159.62242999993
2020-07-20,SELL,PSUBNKBEES.NS,10747,15.87,170554.88999999998,85.277445,330629.2349849999
2020-07-20,SELL,MID150BEES.NS,2899,58.51,169620.49,84.810245,500164.91473999986
2020-07-20,BUY,NV20BEES.NS,2904,57.37,166602.47999999998,83.30123999999999,333479.1334999999
2020-07-20,BUY,DIVOPPBEES.NS,5894,28.27,166623.38,83.31169,166772.44180999987
2020-07-20,BUY,CONSUMBEES.NS,3200,52.06,166592.0,83.296,97.14580999987083
2020-07-27,SELL,CONSUMBEES.NS,3200,52.94,169408.0,84.70400000000001,169420.44180999987
2020-07-27,SELL,MON100.NS,2021,77.59,156809.39,78.404695,326151.42711499985
2020-07-27,BUY,GOLDBEES.NS,3509,46.45,162993.05000000002,81.496525,163076.88058999984
2020-07-27,BUY,BANKBEES.NS,740,220.12,162888.80000000002,81.44440000000002,106.63618999981554
2020-08-03,SELL,BANKBEES.NS,740,212.62,157338.80000000002,78.66940000000001,157366.76678999982
2020-08-03,SELL,DIVOPPBEES.NS,5894,28.05,165326.7,82.66335000000001,322610.8034399998
2020-08-03,BUY,MOM100.NS,9897,16.29,161222.13,80.61106500000001,161308.0623749998
2020-08-03,BUY,MON100.NS,2001,80.54,161160.54,80.58027,66.9421049997909
2020-08-10,SELL,NV20BEES.NS,2904,58.93,171132.72,85.56636,171114.0957449998
2020-08-10,SELL,NIFTYBEES.NS,1415,119.97,169757.55,84.87877499999999,340786.76696999976
2020-08-10,BUY,MID150BEES.NS,2715,62.72,170284.8,85.1424,170416.82456999976
2020-08-10,BUY,DIVOPPBEES.NS,5936,28.69,170303.84,85.15192,27.832649999763817
2020-08-17,SELL,DIVOPPBEES.NS,5936,28.51,169235.36000000002,84.61768000000001,169178.57496999978
2020-08-17,SELL,GOLDBEES.NS,3509,46.15,161940.35,80.970175,331037.9547949998
2020-08-17,BUY,NV20BEES.NS,2763,59.86,165393.18,82.69659,165562.0782049998
2020-08-17,BUY,JUNIORBEES.NS,578,285.93,165267.54,82.63377000000001,211.9044349998003
2020-08-24,SELL,NV20BEES.NS,2763,60.88,168211.44,84.10572,168339.2387149998
2020-08-24,SELL,JUNIORBEES.NS,578,289.23,167174.94,83.58747,335430.5912449998
2020-08-24,BUY,CPSEETF.NS,8726,19.21,167626.46000000002,83.81323000000002,167720.31801499976
2020-08-24,BUY,PSUBNKBEES.NS,10252,16.35,167620.2,83.8101,16.30791499975021
2020-08-31,SELL,MON100.NS,2001,87.22,174527.22,87.26361,174456.26430499976
2020-08-31,BUY,BANKBEES.NS,727,239.57,174167.38999999998,87.08369499999999,201.79060999976355
2020-09-07,SELL,CPSEETF.NS,8726,17.99,156980.74,78.49037,157104.04023999974
2020-09-07,SELL,PSUBNKBEES.NS,10252,16.09,164954.68,82.47734,321976.2428999997
2020-09-07,BUY,MON100.NS,1930,83.35,160865.5,80.43275,161030.3101499997
2020-09-07,BUY,NIF100BEES.NS,1330,120.9,160797.0,80.3985,152.9116499997035
2020-09-14,SELL,BANKBEES.NS,727,222.75,161939.25,80.96962500000001,162011.1920249997
2020-09-14,SELL,MON100.NS,1930,80.98,156291.4,78.1457,318224.4463249997
2020-09-14,SELL,NIF100BEES.NS,1330,116.6,155078.0,77.539,473224.9073249997
2020-09-14,BUY,NIFTYBEES.NS,1290,122.13,157547.69999999998,78.77385,315598.43347499974
2020-09-14,BUY,CONSUMBEES.NS,2865,55.02,157632.30000000002,78.81615000000001,157887.31732499972
2020-09-14,BUY,INFRABEES.NS,473,333.25,157627.25,78.813625,181.25369999971008
2020-09-21,SELL,INFRABEES.NS,473,326.28,154330.43999999997,77.16521999999999,154434.5284799997
2020-09-21,BUY,NV20BEES.NS,2574,59.95,154311.30000000002,77.15565000000001,46.07282999966992
2020-09-28,SELL,NIFTYBEES.NS,1290,119.75,154477.5,77.23875,154446.33407999968
2020-09-28,SELL,MID150BEES.NS,2715,64.99,176447.84999999998,88.223925,330805.96015499963
2020-09-28,BUY,LIQUIDBEES.NS,165,999.99,164998.35,82.49917500000001,165725.11097999962
2020-09-28,BUY,NIF100BEES.NS,1425,116.0,165300.0,82.65,342.4609799996251
2020-10-05,SELL,CONSUMBEES.NS,2865,53.99,154681.35,77.340675,154946.47030499962
2020-10-05,SELL,LIQUIDBEES.NS,165,1000.0,165000.0,82.5,319863.9703049996
2020-10-05,BUY,MID150BEES.NS,2432,65.72,159831.04,79.91552,159953.0147849996
2020-10-05,BUY,NIFTYBEES.NS,1306,122.38,159828.28,79.91414,44.82064499959233
2020-10-12,SELL,MOM100.NS,9897,17.55,173692.35,86.846175,173650.32446999958
2020-10-12,SELL,MID150BEES.NS,2432,65.09,158298.88,79.14944,331870.0550299996
2020-10-12,BUY,BANKBEES.NS,696,238.27,165835.92,82.91796000000001,165951.21706999958
2020-10-12,BUY,JUNIORBEES.NS,582,284.67,165677.94,82.83897,190.43809999956284
2020-10-19,SELL,NIF100BEES.NS,1425,117.5,167437.5,83.71875,167544.21934999956
2020-10-19,SELL,JUNIORBEES.NS,582,286.06,166486.92,83.24346000000001,333947.8958899996
2020-10-19,BUY,MON100.NS,1934,86.26,166826.84,83.41342,167037.64246999958
2020-10-19,BUY,DIVOPPBEES.NS,5956,28.02,166887.12,83.44356,67.07890999957453
2020-10-26,SELL,DIVOPPBEES.NS,5956,28.73,171115.88,85.55794,171097.40096999958
2020-10-26,BUY,MID150BEES.NS,2617,65.33,170968.61,85.48430499999999,43.30666499960353
2020-11-02,SELL,MON100.NS,1934,81.73,158065.82,79.03291,158030.0937549996
2020-11-02,SELL,MID150BEES.NS,2617,65.34,170994.78,85.49739,328939.37636499957
2020-11-02,BUY,HNGSNGBEES.NS,508,323.0,164084.0,82.042,164773.33436499958
2020-11-02,BUY,JUNIORBEES.NS,575,285.67,164260.25,82.130125,430.9542399995844
2020-11-09,SELL,NV20BEES.NS,2574,64.45,165894.30000000002,82.94715000000001,166242.3070899996
2020-11-09,SELL,JUNIORBEES.NS,575,298.94,171890.5,85.94525,338046.8618399996
2020-11-09,BUY,PSUBNKBEES.NS,11136,15.17,168933.12,84.46656,169029.27527999962
2020-11-09,BUY,MOM100.NS,9010,18.75,168937.5,84.46875,7.306529999623308
2020-11-17,SELL,HNGSNGBEES.NS,508,342.08,173776.63999999998,86.88832,173697.0582099996
2020-11-17,SELL,PSUBNKBEES.NS,11136,15.83,176282.88,88.14144,349891.7967699996
2020-11-17,SELL,MOM100.NS,9010,19.23,173262.30000000002,86.63115,523067.4656199996
2020-11-17,SELL,NIFTYBEES.NS,1306,137.39,179431.34,89.71567,702409.0899499996
2020-11-17,BUY,NIF100BEES.NS,1338,131.08,175385.04,87.69252,526936.3574299996
2020-11-17,BUY,CONSUMBEES.NS,3059,57.36,175464.24,87.73212,351384.38530999963
2020-11-17,BUY,INFRABEES.NS,501,350.1,175400.1,87.70005,175896.5852599996
2020-11-17,BUY,CPSEETF.NS,9865,17.79,175498.35,87.74917500000001,310.4860849996039
2020-11-23,SELL,INFRABEES.NS,501,358.83,179773.83,89.886915,179994.42916999958
2020-11-23,SELL,CONSUMBEES.NS,3059,56.66,173322.94,86.66147000000001,353230.70769999956
2020-11-23,SELL,NIF100BEES.NS,1338,128.05,171330.90000000002,85.66545,524475.9422499996
2020-11-23,BUY,MID150BEES.NS,2375,73.55,174681.25,87.340625,349707.3516249996
2020-11-23,BUY,PSUBNKBEES.NS,10826,16.14,174731.64,87.36582000000001,174888.34580499958
2020-11-23,BUY,MOM100.NS,8750,19.97,174737.5,87.36875,63.47705499958829
2020-12-14,SELL,BANKBEES.NS,696,309.22,215217.12000000002,107.60856000000001,215172.98849499962
2020-12-14,SELL,MID150BEES.NS,2375,77.89,184988.75,92.494375,400069.2441199996
2020-12-14,BUY,DIVOPPBEES.NS,5977,33.45,199930.65000000002,99.965325,200038.62879499956
2020-12-14,BUY,CONSUMBEES.NS,3127,63.93,199909.11,99.954555,29.564239999570418
2020-12-21,SELL,DIVOPPBEES.NS,5977,32.75,195746.75,97.873375,195678.44086499957
2020-12-21,BUY,NV20BEES.NS,2761,70.82,195534.02,97.76701,46.65385499957483
2020-12-28,SELL,CPSEETF.NS,9865,20.5,202232.5,101.11625000000001,202178.03760499958
2020-12-28,SELL,CONSUMBEES.NS,3127,63.34,198064.18000000002,99.03209000000001,400143.1855149996
2020-12-28,BUY,ITBEES.NS,8222,24.32,199959.04,99.97952000000001,200084.1659949996
2020-12-28,BUY,DIVOPPBEES.NS,5724,34.93,199939.32,99.96966,44.87633499960066
2021-01-04,SELL,DIVOPPBEES.NS,5724,34.25,196047.0,98.0235,195993.8528349996
2021-01-04,SELL,MOM100.NS,8750,22.48,196700.0,98.35000000000001,392595.5028349996
2021-01-04,BUY,CONSUMBEES.NS,3055,64.21,196161.55,98.080775,196335.8720599996
2021-01-04,BUY,MID150BEES.NS,2409,81.43,196164.87000000002,98.08243500000002,72.91962499957299
2021-01-11,SELL,CONSUMBEES.NS,3055,66.37,202760.35,101.38017500000001,202731.88944999958
2021-01-11,SELL,PSUBNKBEES.NS,10826,19.82,214571.32,107.28566000000001,417195.92378999956
2021-01-11,BUY,MOM100.NS,8986,23.2,208475.19999999998,104.2376,208616.4861899996
2021-01-11,BUY,JUNIORBEES.NS,581,358.63,208364.03,104.182015,148.2741749995912
2021-01-18,SELL,MOM100.NS,8986,22.42,201466.12000000002,100.73306000000001,201513.66111499962
2021-01-18,SELL,JUNIORBEES.NS,581,345.44,200700.63999999998,100.35032,402113.9507949996
2021-01-18,SELL,MID150BEES.NS,2409,81.76,196959.84000000003,98.47992000000002,598975.3108749996
2021-01-18,BUY,INFRABEES.NS,494,403.37,199264.78,99.63239,399610.8984849996
2021-01-18,BUY,PSUBNKBEES.NS,9580,20.83,199551.4,99.7757,199959.7227849996
2021-01-18,BUY,NIF100BEES.NS,1356,147.1,199467.6,99.7338,392.3889849996194
2021-01-25,SELL,PSUBNKBEES.NS,9580,20.21,193611.80000000002,96.80590000000001,193907.38308499963
2021-01-25,SELL,NIF100BEES.NS,1356,147.6,200145.6,100.0728,393952.91028499964
2021-01-25,BUY,MON100.NS,2028,97.04,196797.12000000002,98.39856000000002,197057.39172499962
2021-01-25,BUY,CONSUMBEES.NS,2918,67.45,196819.1,98.40955000000001,139.88217499959865
2021-02-01,SELL,ITBEES.NS,8222,25.03,205796.66,102.89833,205833.6438449996
2021-02-01,SELL,NV20BEES.NS,2761,76.5,211216.5,105.60825,416944.5355949996
2021-02-01,SELL,CONSUMBEES.NS,2918,64.79,189057.22000000003,94.52861000000001,605907.2269849996
2021-02-01,SELL,INFRABEES.NS,494,399.36,197283.84,98.64192,803092.4250649996
2021-02-01,BUY,HNGSNGBEES.NS,560,357.93,200440.80000000002,100.22040000000001,602551.4046649996
2021-02-01,BUY,MOM100.NS,8836,22.71,200665.56,100.33278,401785.5118849996
2021-02-01,BUY,LIQUIDBEES.NS,200,999.99,199998.0,99.999,201687.51288499957
2021-02-01,BUY,PSUBNKBEES.NS,9390,21.37,200664.30000000002,100.33215000000001,922.8807349995477
2021-02-08,SELL,MOM100.NS,8836,23.66,209059.76,104.52988,209878.11085499957
2021-02-08,SELL,LIQUIDBEES.NS,200,999.99,199998.0,99.999,409776.11185499956
2021-02-08,SELL,HNGSNGBEES.NS,560,361.52,202451.19999999998,101.2256,612126.0862549995
2021-02-08,BUY,BANKBEES.NS,564,361.28,203761.91999999998,101.88095999999999,408262.2852949995
2021-02-08,BUY,INFRABEES.NS,479,425.36,203747.44,101.87372,204412.97157499948
2021-02-08,BUY,NIFTYBEES.NS,1266,161.03,203863.98,101.93199000000001,447.059584999457
2021-02-15,SELL,MON100.NS,2028,98.68,200123.04,100.06152,200470.03806499948
2021-02-15,BUY,DIVOPPBEES.NS,5535,36.2,200367.00000000003,100.18350000000002,2.854564999433933
2021-02-22,SELL,INFRABEES.NS,479,423.91,203052.89,101.52644500000001,202954.21811999945
2021-02-22,SELL,NIFTYBEES.NS,1266,157.18,198989.88,99.49494,401844.60317999945
2021-02-22,BUY,CPSEETF.NS,8961,22.41,200816.01,100.408005,200928.18517499944
2021-02-22,BUY,MOM100.NS,8257,24.32,200810.24,100.40512,17.540054999437416
2021-03-01,SELL,BANKBEES.NS,564,354.96,200197.44,100.09872,200114.88133499943
2021-03-01,SELL,DIVOPPBEES.NS,5535,36.59,202525.65000000002,101.26282500000002,402539.26850999944
2021-03-01,BUY,MID150BEES.NS,2225,90.39,201117.75,100.558875,201320.95963499945
2021-03-01,BUY,INFRABEES.NS,463,434.47,201159.61000000002,100.57980500000001,60.76982999945176
2021-03-15,SELL,PSUBNKBEES.NS,9390,25.22,236815.8,118.4079,236758.16192999945
2021-03-15,BUY,DIVOPPBEES.NS,6278,37.69,236617.81999999998,118.30891,22.03301999947871
2021-03-22,SELL,INFRABEES.NS,463,429.81,199002.03,99.501015,198924.5620049995
2021-03-22,SELL,MOM100.NS,8257,24.52,202461.63999999998,101.23082,401284.97118499945
2021-03-22,SELL,MID150BEES.NS,2225,89.94,200116.5,100.05825,601301.4129349994
2021-03-22,BUY,NV20BEES.NS,2484,80.63,200284.91999999998,100.14246,400916.35047499946
2021-03-22,BUY,ITBEES.NS,7599,26.36,200309.63999999998,100.15482,200506.55565499948
2021-03-22,BUY,LIQUIDBEES.NS,200,1000.0,200000.0,100.0,406.5556549994799
2021-03-30,SELL,CPSEETF.NS,8961,22.83,204579.62999999998,102.28981499999999,204883.89583999946
2021-03-30,BUY,HNGSNGBEES.NS,591,345.94,204450.54,102.22527000000001,331.1305699994555
2021-04-05,SELL,NV20BEES.NS,2484,85.94,213474.96,106.73748,213699.35308999944
2021-04-05,SELL,LIQUIDBEES.NS,200,1000.0,200000.0,100.0,413599.3530899994
2021-04-05,BUY,MID150BEES.NS,2274,90.87,206638.38,103.31919,206857.6538999994
2021-04-05,BUY,MON100.NS,2140,96.55,206617.0,103.3085,137.34539999937988
2021-04-12,SELL,DIVOPPBEES.NS,6278,36.9,231658.19999999998,115.8291,231679.71629999936
2021-04-12,SELL,MID150BEES.NS,2274,93.25,212050.5,106.02525,443624.1910499993
2021-04-12,BUY,NV20BEES.NS,2719,81.53,221680.07,110.840035,221833.28101499932
2021-04-12,BUY,GOLDBEES.NS,5475,40.49,221682.75,110.841375,39.68963999932748
2021-04-19,SELL,ITBEES.NS,7599,26.48,201221.52,100.61076,201160.5988799993
2021-04-19,BUY,CONSUMBEES.NS,3134,64.14,201014.76,100.50738000000001,45.33149999930174
2021-04-26,SELL,NV20BEES.NS,2719,79.43,215970.17,107.98508500000001,215907.51641499932
2021-04-26,SELL,CONSUMBEES.NS,3134,63.21,198100.14,99.05007,413908.60634499934
2021-04-26,BUY,LIQUIDBEES.NS,206,999.99,205997.94,102.99897,207807.66737499935
2021-04-26,BUY,JUNIORBEES.NS,574,360.14,206720.36,103.36018,983.9471949993749
2021-05-03,SELL,JUNIORBEES.NS,574,366.46,210348.03999999998,105.17402,211226.81317499935
2021-05-03,SELL,LIQUIDBEES.NS,206,1000.0,206000.0,103.0,417123.8131749993
2021-05-03,BUY,CPSEETF.NS,9012,23.13,208447.56,104.22378,208572.02939499932
2021-05-03,BUY,MOM100.NS,8162,25.54,208457.47999999998,104.22873999999999,10.320654999348335
2021-05-10,SELL,MON100.NS,2140,99.33,212566.19999999998,106.28309999999999,212470.23755499933
2021-05-10,SELL,HNGSNGBEES.NS,591,359.23,212304.93000000002,106.152465,424669.01508999936
2021-05-10,BUY,JUNIORBEES.NS,561,378.15,212142.15,106.071075,212420.79401499935
2021-05-10,BUY,MID150BEES.NS,2258,93.97,212184.26,106.09213000000001,130.44188499933807
2021-05-17,SELL,MOM100.NS,8162,25.93,211640.66,105.82033,211665.28155499935
2021-05-17,SELL,MID150BEES.NS,2258,94.08,212432.63999999998,106.21632,423991.7052349993
2021-05-17,BUY,PSUBNKBEES.NS,8492,24.95,211875.4,105.93769999999999,212010.3675349993
2021-05-17,BUY,INFRABEES.NS,492,430.27,211692.84,105.84642,211.68111499931547
2021-05-24,SELL,INFRABEES.NS,492,436.0,214512.0,107.256,214616.42511499932
2021-05-24,SELL,GOLDBEES.NS,5475,42.2,231045.00000000003,115.52250000000002,445545.90261499933
2021-05-24,BUY,BANKBEES.NS,634,350.8,222407.2,111.20360000000001,223027.4990149993
2021-05-24,BUY,MOM100.NS,8314,26.78,222648.92,111.32446,267.25455499929376
2021-05-31,SELL,CPSEETF.NS,9012,24.85,223948.2,111.9741,224103.4804549993
2021-05-31,BUY,MID150BEES.NS,2286,97.96,223936.56,111.96828000000001,54.95217499931459
2021-06-07,SELL,BANKBEES.NS,634,356.02,225716.68,112.85834,225658.7738349993
2021-06-07,SELL,MOM100.NS,8314,28.36,235785.04,117.89252,461325.92131499934
2021-06-07,BUY,CPSEETF.NS,8772,26.28,230528.16,115.26408,230682.49723499935
2021-06-07,BUY,INFRABEES.NS,494,466.24,230322.56,115.16128,244.77595499934978
2021-06-14,SELL,INFRABEES.NS,494,464.13,229280.22,114.64011,229410.35584499934
2021-06-14,SELL,JUNIORBEES.NS,561,409.77,229880.97,114.94048500000001,459176.3853599994
2021-06-14,BUY,ITBEES.NS,7995,28.7,229456.5,114.72825,229605.1571099994
2021-06-14,BUY,MOM100.NS,8068,28.44,229453.92,114.72696,36.510149999376154
2021-06-21,SELL,CPSEETF.NS,8772,25.98,227896.56,113.94828,227819.12186999936
2021-06-21,SELL,PSUBNKBEES.NS,8492,27.18,230812.56,115.40628,458516.2755899994
2021-06-21,SELL,MOM100.NS,8068,27.76,223967.68000000002,111.98384000000001,682371.9717499994
2021-06-21,SELL,MID150BEES.NS,2286,101.79,232691.94,116.34597000000001,914947.5657799995
2021-06-21,BUY,MON100.NS,2210,103.41,228536.1,114.26805,686297.1977299994
2021-06-21,BUY,CONSUMBEES.NS,3328,68.68,228567.04000000004,114.28352000000002,457615.8742099994
2021-06-21,BUY,DIVOPPBEES.NS,5695,40.14,228597.30000000002,114.29865000000001,228904.27555999937
2021-06-21,BUY,NV20BEES.NS,2629,86.93,228538.97000000003,114.26948500000002,251.0360749993415
2021-06-28,SELL,DIVOPPBEES.NS,5695,40.02,227913.90000000002,113.95695000000002,228050.97912499937
2021-06-28,BUY,PSUBNKBEES.NS,8105,28.12,227912.6,113.9563,24.422824999375734
2021-07-05,SELL,NV20BEES.NS,2629,88.42,232456.18,116.22809,232364.37473499938
2021-07-05,SELL,CONSUMBEES.NS,3328,69.55,231462.4,115.7312,463711.04353499936
2021-07-05,BUY,MID150BEES.NS,2242,103.35,231710.69999999998,115.85534999999999,231884.48818499938
2021-07-05,BUY,DIVOPPBEES.NS,5684,40.77,231736.68000000002,115.86834000000002,31.939844999375055
2021-07-12,SELL,DIVOPPBEES.NS,5684,40.36,229406.24,114.70312,229323.47672499937
2021-07-12,SELL,PSUBNKBEES.NS,8105,27.05,219240.25,109.620125,448454.10659999936
2021-07-12,BUY,MOM100.NS,7744,28.94,224111.36000000002,112.05568000000001,224230.69091999935
2021-07-12,BUY,CONSUMBEES.NS,3229,69.4,224092.6,112.0463,26.044619999360293
2021-07-19,SELL,CONSUMBEES.NS,3229,68.98,222736.42,111.36821,222651.0964099994
2021-07-19,BUY,BANKBEES.NS,628,353.8,222186.4,111.0932,353.60320999938995
2021-07-26,SELL,BANKBEES.NS,628,351.52,220754.56,110.37728,220997.7859299994
2021-07-26,BUY,DIVOPPBEES.NS,5380,41.05,220848.99999999997,110.4245,38.36142999943695
2021-08-02,SELL,MON100.NS,2210,110.58,244381.8,122.1909,244297.97052999944
2021-08-02,BUY,JUNIORBEES.NS,586,416.48,244057.28,122.02864,118.66188999943552
2021-08-09,SELL,MOM100.NS,7744,29.03,224808.32,112.40416,224814.57772999944
2021-08-09,SELL,JUNIORBEES.NS,586,415.48,243471.28,121.73564,468164.12208999944
2021-08-09,SELL,MID150BEES.NS,2242,106.04,237741.68000000002,118.87084000000002,705786.9312499994
2021-08-09,BUY,NIF100BEES.NS,1387,169.46,235041.02000000002,117.52051000000002,470628.3907399994
2021-08-09,BUY,NV20BEES.NS,2571,91.44,235092.24,117.54612,235418.60461999942
2021-08-09,BUY,INFRABEES.NS,505,464.95,234799.75,117.39987500000001,501.4547449994134
2021-08-16,SELL,INFRABEES.NS,505,474.59,239667.94999999998,119.833975,240049.5707699994
2021-08-16,BUY,NIFTYBEES.NS,1343,178.6,239859.8,119.9299,69.84086999943247
2021-08-23,SELL,NIF100BEES.NS,1387,172.37,239077.19,119.538595,239027.49227499944
2021-08-23,BUY,CONSUMBEES.NS,3285,72.71,238852.34999999998,119.42617499999999,55.71609999946668
2021-09-06,SELL,NV20BEES.NS,2571,97.59,250903.89,125.45194500000001,250834.15415499947
2021-09-06,SELL,NIFTYBEES.NS,1343,187.55,251879.65000000002,125.93982500000001,502587.8643299995
2021-09-06,SELL,DIVOPPBEES.NS,5380,44.64,240163.2,120.08160000000001,742630.9827299995
2021-09-06,BUY,JUNIORBEES.NS,555,445.33,247158.15,123.579075,495349.2536549995
2021-09-06,BUY,INFRABEES.NS,492,502.64,247298.88,123.64944,247926.72421499947
2021-09-06,BUY,NIF100BEES.NS,1360,181.83,247288.80000000002,123.6444,514.2798149994633
2021-09-13,SELL,NIF100BEES.NS,1360,182.3,247928.00000000003,123.96400000000001,248318.31581499949
2021-09-13,BUY,MOM100.NS,8039,30.87,248163.93000000002,124.08196500000001,30.30384999947273
2021-09-20,SELL,MOM100.NS,8039,30.95,248807.05,124.403525,248712.95032499946
2021-09-20,BUY,CPSEETF.NS,9056,27.45,248587.19999999998,124.2936,1.456724999472499
2021-09-27,SELL,JUNIORBEES.NS,555,449.26,249339.3,124.66964999999999,249216.08707499946
2021-09-27,BUY,NV20BEES.NS,2486,100.16,248997.75999999998,124.49888,93.82819499948528
2021-10-04,SELL,ITBEES.NS,7995,35.78,286061.10000000003,143.03055000000003,286011.8976449995
2021-10-04,SELL,NV20BEES.NS,2486,99.93,248425.98,124.21299,534313.6646549995
2021-10-04,SELL,CONSUMBEES.NS,3285,78.38,257478.3,128.73915,791663.2255049995
2021-10-04,BUY,PSUBNKBEES.NS,9450,27.91,263749.5,131.87475,527781.8507549996
2021-10-04,BUY,MOM100.NS,8138,32.41,263752.57999999996,131.87628999999998,263897.3944649996
2021-10-04,BUY,MID150BEES.NS,2257,116.84,263707.88,131.85394,57.66052499960642
2021-10-25,SELL,INFRABEES.NS,492,528.8,260169.59999999998,130.0848,260097.17572499957
2021-10-25,SELL,MOM100.NS,8138,32.15,261636.69999999998,130.81834999999998,521603.05737499957
2021-10-25,SELL,MID150BEES.NS,2257,115.6,260909.19999999998,130.4546,782381.8027749995
2021-10-25,BUY,BANKBEES.NS,628,414.63,260387.63999999998,130.19382,521863.9689549996
2021-10-25,BUY,MAFANG.NS,4611,56.52,260613.72,130.30686,261119.94209499957
2021-10-25,BUY,MON100.NS,2294,113.58,260552.52,130.27626,437.14583499956643
2021-11-01,SELL,CPSEETF.NS,9056,29.95,271227.2,135.61360000000002,271528.7322349996
2021-11-01,BUY,GOLDBEES.NS,6574,41.28,271374.72000000003,135.68736,18.3248749995837
2021-11-08,SELL,BANKBEES.NS,628,397.48,249617.44,124.80872000000001,249510.95615499959
2021-11-08,SELL,GOLDBEES.NS,6574,41.5,272821.0,136.4105,522195.54565499956
2021-11-08,BUY,INFRABEES.NS,478,545.76,260873.28,130.43664,261191.82901499956
2021-11-08,BUY,NIF100BEES.NS,1384,188.43,260787.12,130.39356,274.315454999567
2021-11-15,SELL,NIF100BEES.NS,1384,190.09,263084.56,131.54228,263227.33317499957
2021-11-15,BUY,GOLDBEES.NS,6168,42.65,263065.2,131.5326,30.600574999582022
2021-11-22,SELL,INFRABEES.NS,478,526.7,251762.60000000003,125.88130000000002,251667.3192749996
2021-11-22,SELL,PSUBNKBEES.NS,9450,29.35,277357.5,138.67875,528886.1405249996
2021-11-22,BUY,CONSUMBEES.NS,3335,79.24,264265.39999999997,132.13269999999997,264488.6078249996
2021-11-22,BUY,ITBEES.NS,7255,36.43,264299.65,132.14982500000002,56.80799999961164
2021-11-29,SELL,ITBEES.NS,7255,35.61,258350.55,129.175275,258278.1827249996
2021-11-29,SELL,CONSUMBEES.NS,3335,76.09,253760.15000000002,126.88007500000002,511911.45264999964
2021-11-29,BUY,GILT5YBEES.NS,5182,49.36,255783.52,127.89175999999999,256000.04088999965
2021-11-29,BUY,LIQUIDBEES.NS,255,999.99,254997.45,127.49872500000001,875.0921649996308
2021-12-06,SELL,GOLDBEES.NS,6168,41.3,254738.4,127.3692,255486.12296499964
2021-12-06,SELL,MAFANG.NS,4611,55.16,254342.75999999998,127.17138,509701.7115849996
2021-12-06,BUY,ITBEES.NS,7129,35.73,254719.16999999998,127.359585,254855.1819999996
2021-12-06,BUY,CPSEETF.NS,8628,29.52,254698.56,127.34928000000001,29.272719999600668
2021-12-13,SELL,CPSEETF.NS,8628,29.87,257718.36000000002,128.85918,257618.77353999962
2021-12-13,SELL,GILT5YBEES.NS,5182,49.39,255938.98,127.96949000000001,513429.78404999967
2021-12-13,SELL,LIQUIDBEES.NS,255,999.99,254997.45,127.49872500000001,768299.7353249997
2021-12-13,BUY,MID150BEES.NS,2145,119.29,255877.05000000002,127.93852500000001,512294.7467999996
2021-12-13,BUY,NV20BEES.NS,2618,97.75,255909.5,127.95475,256257.2920499996
2021-12-13,BUY,PSUBNKBEES.NS,8495,30.13,255954.35,127.977175,174.96487499959767
2021-12-20,SELL,PSUBNKBEES.NS,8495,26.93,228770.35,114.385175,228830.9296999996
2021-12-20,SELL,MON100.NS,2294,116.68,267663.92000000004,133.83196000000004,496361.0177399997
2021-12-20,SELL,MID150BEES.NS,2145,111.2,238524.0,119.262,734765.7557399997
2021-12-20,BUY,GOLDBEES.NS,5848,41.86,244797.28,122.39864,489846.0770999997
2021-12-20,BUY,GILT5YBEES.NS,4969,49.26,244772.94,122.38647,244950.7506299997
2021-12-20,BUY,LIQUIDBEES.NS,244,1000.0,244000.0,122.0,828.750629999704
2021-12-27,SELL,GILT5YBEES.NS,4969,49.33,245120.77,122.560385,245826.9602449997
2021-12-27,BUY,MON100.NS,2034,120.75,245605.5,122.80275,98.65749499970116
2022-01-03,SELL,GOLDBEES.NS,5848,41.73,244037.03999999998,122.01852,244013.67897499967
2022-01-03,SELL,MON100.NS,2034,120.27,244629.18,122.31459,488520.54438499967
2022-01-03,SELL,LIQUIDBEES.NS,244,999.99,243997.56,121.99878,732396.1056049997
2022-01-03,BUY,PHARMABEES.NS,17220,14.17,244007.4,122.0037,488266.7019049997
2022-01-03,BUY,DIVOPPBEES.NS,5340,45.69,243984.59999999998,121.99229999999999,244160.10960499968
2022-01-03,BUY,MID150BEES.NS,2057,118.59,243939.63,121.96981500000001,98.50978999969084
2022-01-10,SELL,PHARMABEES.NS,17220,13.93,239874.6,119.93730000000001,239853.1724899997
2022-01-10,SELL,DIVOPPBEES.NS,5340,46.35,247509.0,123.75450000000001,487238.4179899997
2022-01-10,SELL,MID150BEES.NS,2057,119.68,246181.76,123.09088000000001,733297.0871099997
2022-01-10,BUY,BANKBEES.NS,633,385.71,244154.43,122.077215,489020.57989499974
2022-01-10,BUY,CPSEETF.NS,7800,31.32,244296.0,122.148,244602.43189499975
2022-01-10,BUY,NIFTYBEES.NS,1257,194.35,244297.94999999998,122.148975,182.33291999978246
2022-01-17,SELL,ITBEES.NS,7129,39.64,282593.56,141.29678,282634.5961399998
2022-01-17,SELL,NIFTYBEES.NS,1257,198.03,248923.71,124.461855,531433.8442849998
2022-01-17,BUY,PSUBNKBEES.NS,8762,30.31,265576.22,132.78811,265724.8361749998
2022-01-17,BUY,INFRABEES.NS,481,551.86,265444.66000000003,132.72233000000003,147.45384499971988
2022-01-24,SELL,NV20BEES.NS,2618,97.79,256014.22000000003,128.00711,256033.66673499974
2022-01-24,BUY,HNGSNGBEES.NS,839,304.82,255743.97999999998,127.87199,161.81474499974865
2022-01-31,SELL,INFRABEES.NS,481,526.58,253284.98,126.64249000000001,253320.15225499976
2022-01-31,BUY,LIQUIDBEES.NS,253,1000.0,253000.0,126.5,193.65225499976077
2022-02-07,SELL,LIQUIDBEES.NS,253,1000.0,253000.0,126.5,253067.15225499976
2022-02-07,BUY,GOLDBEES.NS,6075,41.63,252902.25000000003,126.45112500000002,38.45112999973935
2022-02-21,SELL,BANKBEES.NS,633,379.51,240229.83,120.114915,240148.1662149997
2022-02-21,SELL,PSUBNKBEES.NS,8762,30.41,266452.42,133.22620999999998,506467.3600049997
2022-02-21,BUY,GILT5YBEES.NS,5075,49.87,253090.25,126.545125,253250.56487999967
2022-02-21,BUY,LIQUIDBEES.NS,253,1000.0,253000.0,126.5,124.06487999967067
2022-02-28,SELL,CPSEETF.NS,7800,32.36,252408.0,126.20400000000001,252405.86087999967
2022-02-28,BUY,DIVOPPBEES.NS,5853,43.1,252264.30000000002,126.13215000000001,15.428729999664938
2022-03-07,SELL,HNGSNGBEES.NS,839,289.84,243175.75999999998,121.58788,243069.60084999964
2022-03-07,BUY,CPSEETF.NS,7097,34.23,242930.30999999997,121.46515499999998,17.82569499965757
2022-03-14,SELL,GILT5YBEES.NS,5075,49.46,251009.5,125.50475,250901.82094499966
2022-03-14,SELL,DIVOPPBEES.NS,5853,44.79,262155.87,131.077935,512926.6130099996
2022-03-14,SELL,LIQUIDBEES.NS,253,1000.0,253000.0,126.5,765800.1130099996
2022-03-14,BUY,ITBEES.NS,6942,36.75,255118.5,127.55925,510554.05375999963
2022-03-14,BUY,PHARMABEES.NS,18969,13.45,255133.05,127.566525,255293.43723499964
2022-03-14,BUY,NV20BEES.NS,2577,98.99,255097.22999999998,127.548615,68.65861999965273
2022-03-21,SELL,CPSEETF.NS,7097,33.23,235833.30999999997,117.91665499999999,235784.0519649996
2022-03-21,SELL,GOLDBEES.NS,6075,44.14,268150.5,134.07525,503800.47671499965
2022-03-21,BUY,NIFTYBEES.NS,1358,185.38,251746.04,125.87302000000001,251928.56369499964
2022-03-21,BUY,NIF100BEES.NS,1403,179.34,251614.02000000002,125.80701,188.73668499963242
2022-03-28,SELL,NV20BEES.NS,2577,100.72,259555.44,129.77772000000002,259614.39896499962
2022-03-28,SELL,NIFTYBEES.NS,1358,186.32,253022.56,126.51128,512510.4476849996
2022-03-28,SELL,NIF100BEES.NS,1403,180.14,252736.41999999998,126.36820999999999,765120.4994749996
2022-03-28,BUY,MON100.NS,2256,112.99,254905.44,127.45272,510087.6067549996
2022-03-28,BUY,MAFANG.NS,5024,50.73,254867.52,127.43375999999999,255092.6529949996
2022-03-28,BUY,CPSEETF.NS,7495,34.01,254904.94999999998,127.45247499999999,60.250519999623066
2022-04-04,SELL,CPSEETF.NS,7495,34.91,261650.44999999998,130.825225,261579.8752949996
2022-04-04,SELL,PHARMABEES.NS,18969,13.83,262341.27,131.170635,523789.9746599996
2022-04-04,SELL,ITBEES.NS,6942,37.31,259006.02000000002,129.50301000000002,782666.4916499996
2022-04-04,BUY,DIVOPPBEES.NS,5580,46.73,260753.4,130.3767,521782.71494999964
2022-04-04,BUY,MOM100.NS,8110,32.15,260736.5,130.36825,260915.84669999965
2022-04-04,BUY,PSUBNKBEES.NS,8384,31.1,260742.40000000002,130.37120000000002,43.07549999962794
2022-04-11,SELL,DIVOPPBEES.NS,5580,47.01,262315.8,131.15789999999998,262227.7175999996
2022-04-11,SELL,MON100.NS,2256,112.16,253032.96,126.51648,515134.1611199996
2022-04-11,SELL,MAFANG.NS,5024,47.38,238037.12000000002,119.01856000000001,753052.2625599996
2022-04-11,BUY,CPSEETF.NS,6886,36.43,250856.98,125.42849000000001,502069.8540699996
2022-04-11,BUY,JUNIORBEES.NS,541,463.53,250769.72999999998,125.38486499999999,251174.7392049996
2022-04-11,BUY,MID150BEES.NS,2105,119.17,250852.85,125.42642500000001,196.4627799995942
2022-04-25,SELL,PSUBNKBEES.NS,8384,29.9,250681.59999999998,125.34079999999999,250752.72197999957
2022-04-25,SELL,MOM100.NS,8110,31.32,254005.2,127.00260000000002,504630.91937999957
2022-04-25,BUY,INFRABEES.NS,474,531.59,251973.66,125.98683,252531.27254999956
2022-04-25,BUY,CONSUMBEES.NS,3322,75.9,252139.80000000002,126.06990000000002,265.40264999953797
2022-05-02,SELL,MID150BEES.NS,2105,113.4,238707.0,119.3535,238853.04914999954
2022-05-02,BUY,DIVOPPBEES.NS,5359,44.54,238689.86,119.34492999999999,43.84421999956248
2022-05-09,SELL,INFRABEES.NS,474,507.87,240730.38,120.36519,240653.85902999956
2022-05-09,SELL,CONSUMBEES.NS,3322,72.22,239914.84,119.95742,480448.74160999956
2022-05-09,SELL,JUNIORBEES.NS,541,418.7,226516.69999999998,113.25835,706852.1832599996
2022-05-09,BUY,LIQUIDBEES.NS,235,1000.0,235000.0,117.5,471734.6832599996
2022-05-09,BUY,GOLDBEES.NS,5301,44.42,235470.42,117.73521000000001,236146.5280499996
2022-05-09,BUY,HNGSNGBEES.NS,772,304.74,235259.28,117.62964,769.618409999588
2022-05-16,SELL,CPSEETF.NS,6886,33.99,234055.14,117.02757000000001,234707.7308399996
2022-05-16,SELL,DIVOPPBEES.NS,5359,42.39,227168.01,113.584005,461762.15683499957
2022-05-16,BUY,GILT5YBEES.NS,4677,49.34,230763.18000000002,115.38159000000002,230883.59524499954
2022-05-16,BUY,CONSUMBEES.NS,3225,71.54,230716.50000000003,115.35825000000001,51.736994999519084
2022-05-23,SELL,HNGSNGBEES.NS,772,295.04,227770.88,113.88544,227708.7315549995
2022-05-23,BUY,PHARMABEES.NS,17520,12.99,227584.80000000002,113.79240000000001,10.1391549994878
2022-05-30,SELL,PHARMABEES.NS,17520,12.76,223555.19999999998,111.77759999999999,223453.56155499947
2022-05-30,BUY,BANKBEES.NS,617,361.43,223002.31,111.501155,339.750399999466
2022-06-06,SELL,LIQUIDBEES.NS,235,999.99,234997.65,117.498825,235219.90157499947
2022-06-06,SELL,CONSUMBEES.NS,3225,73.58,237295.5,118.64775,472396.75382499944
2022-06-06,SELL,GILT5YBEES.NS,4677,48.56,227115.12000000002,113.55756000000001,699398.3162649994
2022-06-06,BUY,MAFANG.NS,5657,41.19,233011.83,116.505915,466269.9803499995
2022-06-06,BUY,NIFTYBEES.NS,1293,180.15,232933.95,116.466975,233219.5633749995
2022-06-06,BUY,PSUBNKBEES.NS,8283,28.13,233000.78999999998,116.500395,102.27297999951406
2022-06-13,SELL,BANKBEES.NS,617,338.36,208768.12,104.38406,208766.0089199995
2022-06-13,SELL,GOLDBEES.NS,5301,44.19,234251.19,117.125595,442900.07332499954
2022-06-13,SELL,NIFTYBEES.NS,1293,171.87,222227.91,111.113955,665016.8693699995
2022-06-13,BUY,CPSEETF.NS,6442,34.39,221540.38,110.77019,443365.7191799995
2022-06-13,BUY,HNGSNGBEES.NS,729,303.58,221309.81999999998,110.65490999999999,221945.2442699995
2022-06-13,BUY,LIQUIDBEES.NS,221,1000.0,221000.0,110.5,834.7442699995008
2022-06-20,SELL,CPSEETF.NS,6442,31.44,202536.48,101.26824,203269.9560299995
2022-06-20,SELL,PSUBNKBEES.NS,8283,25.57,211796.31,105.898155,414960.36787499953
2022-06-20,SELL,MAFANG.NS,5657,38.21,216153.97,108.07698500000001,631006.2608899996
2022-06-20,BUY,GOLDBEES.NS,4797,43.82,210204.54,105.10227,420696.61861999956
2022-06-20,BUY,GILT5YBEES.NS,4319,48.67,210205.73,105.10286500000001,210385.78575499955
2022-06-20,BUY,MON100.NS,2280,92.17,210147.6,105.0738,133.11195499953465
2022-06-27,SELL,GOLDBEES.NS,4797,43.87,210444.38999999998,105.222195,210472.2797599995
2022-06-27,SELL,MON100.NS,2280,94.45,215346.0,107.673,425710.60675999953
2022-06-27,SELL,GILT5YBEES.NS,4319,48.79,210724.01,105.36200500000001,636329.2547549995
2022-06-27,BUY,MAFANG.NS,5159,41.09,211983.31000000003,105.99165500000001,424239.9530999995
2022-06-27,BUY,CONSUMBEES.NS,2886,73.44,211947.84,105.97392,212186.13917999953
2022-06-27,BUY,PSUBNKBEES.NS,7723,27.45,211996.35,105.998175,83.79100499954075
2022-07-04,SELL,PSUBNKBEES.NS,7723,27.52,212536.96,106.26848,212514.48252499953
2022-07-04,SELL,MAFANG.NS,5159,39.58,204193.22,102.09661,416605.6059149995
2022-07-04,SELL,HNGSNGBEES.NS,729,297.94,217198.26,108.59913,633695.2667849995
2022-07-04,BUY,GOLDBEES.NS,4725,44.68,211113.0,105.5565,422476.7102849995
2022-07-04,BUY,GILT5YBEES.NS,4325,48.81,211103.25,105.551625,211267.90865999952
2022-07-04,BUY,NV20BEES.NS,2310,91.36,211041.6,105.52080000000001,120.78785999951651
2022-07-11,SELL,NV20BEES.NS,2310,92.02,212566.19999999998,106.28309999999999,212580.7047599995
2022-07-11,SELL,LIQUIDBEES.NS,221,999.99,220997.79,110.498895,433467.9958649995
2022-07-11,SELL,GOLDBEES.NS,4725,43.56,205821.0,102.9105,639186.0853649995
2022-07-11,SELL,GILT5YBEES.NS,4325,48.74,210800.5,105.40025,849881.1851149995
2022-07-11,BUY,AUTOBEES.NS,1720,123.43,212299.6,106.1498,637475.4353149995
2022-07-11,BUY,PSUBNKBEES.NS,7203,29.48,212344.44,106.17222000000001,425024.82309499953
2022-07-11,BUY,MAFANG.NS,5081,41.79,212334.99,106.167495,212583.66559999954
2022-07-11,BUY,BANKBEES.NS,591,358.74,212015.34,106.00767,462.3179299995536
2022-07-18,SELL,BANKBEES.NS,591,357.55,211312.05000000002,105.65602500000001,211668.71190499957
2022-07-18,SELL,MAFANG.NS,5081,41.02,208422.62000000002,104.21131000000001,419987.1205949996
2022-07-18,BUY,JUNIORBEES.NS,504,416.01,209669.04,104.83452000000001,210213.24607499957
2022-07-18,BUY,MOM100.NS,6954,30.18,209871.72,104.93586,236.59021499956725
2022-07-25,SELL,JUNIORBEES.NS,504,423.76,213575.04,106.78752,213704.84269499956
2022-07-25,BUY,BANKBEES.NS,576,370.3,213292.80000000002,106.64640000000001,305.39629499954754
2022-08-01,SELL,CONSUMBEES.NS,2886,82.96,239422.55999999997,119.71127999999999,239608.24501499953
2022-08-01,SELL,AUTOBEES.NS,1720,130.73,224855.59999999998,112.42779999999999,464351.4172149995
2022-08-01,BUY,MID150BEES.NS,2004,115.75,231963.0,115.9815,232272.4357149995
2022-08-01,BUY,JUNIORBEES.NS,530,437.52,231885.59999999998,115.94279999999999,270.89291499953833
2022-08-08,SELL,BANKBEES.NS,576,386.46,222600.96,111.30048,222760.55243499952
2022-08-08,SELL,PSUBNKBEES.NS,7203,31.3,225453.9,112.72695,448101.7254849995
2022-08-08,SELL,JUNIORBEES.NS,530,442.15,234339.5,117.16975000000001,682324.0557349995
2022-08-08,BUY,MON100.NS,2215,102.63,227325.44999999998,113.662725,454884.94300999946
2022-08-08,BUY,ITBEES.NS,7337,30.98,227300.26,113.65013,227471.03287999946
2022-08-08,BUY,MAFANG.NS,5138,44.24,227305.12000000002,113.65256000000001,52.26031999944826
2022-08-16,SELL,ITBEES.NS,7337,31.01,227520.37000000002,113.76018500000002,227458.87013499948
2022-08-16,SELL,MID150BEES.NS,2004,119.81,240099.24,120.04962,467438.06051499944
2022-08-16,BUY,CPSEETF.NS,6512,35.87,233585.43999999997,116.79271999999999,233735.82779499947
2022-08-16,BUY,BANKBEES.NS,588,397.06,233471.28,116.73564,147.81215499946848
2022-08-22,SELL,CPSEETF.NS,6512,35.24,229482.88,114.74144000000001,229515.95071499946
2022-08-22,SELL,MOM100.NS,6954,32.29,224544.66,112.27233000000001,453948.3383849994
2022-08-22,SELL,MAFANG.NS,5138,43.66,224325.08,112.16253999999999,678161.2558449995
2022-08-22,SELL,BANKBEES.NS,588,387.38,227779.44,113.88972,905826.8061249994
2022-08-22,BUY,JUNIORBEES.NS,506,447.21,226288.25999999998,113.14412999999999,679425.4019949995
2022-08-22,BUY,MID150BEES.NS,1930,117.22,226234.6,113.1173,453077.6846949995
2022-08-22,BUY,NIF100BEES.NS,1222,185.13,226228.86,113.11443,226735.7102649995
2022-08-22,BUY,INFRABEES.NS,432,523.11,225983.52000000002,112.99176000000001,639.1985049994837
2022-08-29,SELL,INFRABEES.NS,432,528.2,228182.40000000002,114.09120000000001,228707.5073049995
2022-08-29,SELL,MON100.NS,2215,98.32,217778.8,108.8894,446377.4179049995
2022-08-29,SELL,NIF100BEES.NS,1222,183.62,224383.64,112.19182,670648.8660849995
2022-08-29,BUY,CPSEETF.NS,6118,36.52,223429.36000000002,111.71468000000002,447107.7914049995
2022-08-29,BUY,PSUBNKBEES.NS,6870,32.52,223412.40000000002,111.70620000000001,223583.6852049995
2022-08-29,BUY,MOM100.NS,6832,32.7,223406.40000000002,111.70320000000001,65.58200499947998
2022-09-12,SELL,JUNIORBEES.NS,506,472.03,238847.18,119.42359,238793.33841499948
2022-09-12,BUY,BANKBEES.NS,581,410.22,238337.82,119.16891000000001,336.3495049994672
2022-09-19,SELL,MOM100.NS,6832,33.64,229828.48,114.91424,230049.91526499946
2022-09-19,SELL,MID150BEES.NS,1930,122.0,235460.0,117.73,465392.18526499945
2022-09-19,BUY,JUNIORBEES.NS,496,468.16,232207.36000000002,116.10368000000001,233068.72158499944
2022-09-19,BUY,INFRABEES.NS,428,542.15,232040.19999999998,116.0201,912.5014849994623
2022-09-26,SELL,CPSEETF.NS,6118,34.55,211376.9,105.68845,212183.71303499947
2022-09-26,SELL,JUNIORBEES.NS,496,447.52,221969.91999999998,110.98496,434042.64807499945
2022-09-26,SELL,INFRABEES.NS,428,510.13,218335.63999999998,109.16781999999999,652269.1202549995
2022-09-26,SELL,BANKBEES.NS,581,391.54,227484.74000000002,113.74237000000001,879640.1178849995
2022-09-26,BUY,SILVERBEES.NS,3977,55.26,219769.02,109.88450999999999,659761.2133749995
2022-09-26,BUY,CONSUMBEES.NS,2566,85.65,219777.90000000002,109.88895000000001,439873.42442499945
2022-09-26,BUY,MID150BEES.NS,1872,117.38,219735.36,109.86768,220028.19674499947
2022-09-26,BUY,AUTOBEES.NS,1723,127.5,219682.5,109.84125,235.85549499947228
2022-10-03,SELL,PSUBNKBEES.NS,6870,32.32,222038.4,111.0192,222163.23629499946
2022-10-03,SELL,AUTOBEES.NS,1723,126.1,217270.3,108.63515,439324.9011449994
2022-10-03,SELL,MID150BEES.NS,1872,117.25,219492.0,109.74600000000001,658707.1551449994
2022-10-03,BUY,PHARMABEES.NS,16525,13.28,219452.0,109.726,439145.42914499936
2022-10-03,BUY,LIQUIDBEES.NS,219,1000.0,219000.0,109.5,220035.92914499936
2022-10-03,BUY,GILT5YBEES.NS,4447,49.34,219414.98,109.70749,511.24165499935043
2022-10-10,SELL,LIQUIDBEES.NS,219,999.99,218997.81,109.49890500000001,219399.55274999936
2022-10-10,SELL,CONSUMBEES.NS,2566,84.73,217417.18000000002,108.70859000000002,436708.0241599994
2022-10-10,SELL,GILT5YBEES.NS,4447,49.13,218481.11000000002,109.24055500000001,655079.8936049994
2022-10-10,BUY,GOLDBEES.NS,4990,43.73,218212.69999999998,109.10634999999999,436758.08725499944
2022-10-10,BUY,MID150BEES.NS,1813,120.34,218176.42,109.08821,218472.57904499944
2022-10-10,BUY,ITBEES.NS,7531,28.98,218248.38,109.12419,115.07485499943141
2022-10-17,SELL,SILVERBEES.NS,3977,55.52,220803.04,110.40152,220807.71333499943
2022-10-17,SELL,MID150BEES.NS,1813,118.69,215184.97,107.592485,435885.09084999945
2022-10-17,BUY,LIQUIDBEES.NS,217,999.99,216997.83000000002,108.49891500000001,218778.76193499943
2022-10-17,BUY,NV20BEES.NS,2201,98.95,217788.95,108.89447500000001,880.9174599994149
2022-10-24,SELL,PHARMABEES.NS,16525,13.43,221930.75,110.96537500000001,222700.70208499942
2022-10-24,SELL,NV20BEES.NS,2201,99.59,219197.59,109.598795,441788.6932899994
2022-10-24,SELL,GOLDBEES.NS,4990,43.48,216965.19999999998,108.48259999999999,658645.4106899993
2022-10-24,SELL,LIQUIDBEES.NS,217,999.99,216997.83000000002,108.49891500000001,875534.7417749993
2022-10-24,BUY,PSUBNKBEES.NS,5884,37.18,218767.12,109.38356,656658.2382149993
2022-10-24,BUY,BANKBEES.NS,525,416.7,218767.5,109.38375,437781.3544649993
2022-10-24,BUY,DIVOPPBEES.NS,4726,46.29,218766.54,109.38327000000001,218905.43119499928
2022-10-24,BUY,CPSEETF.NS,5912,37.0,218744.0,109.372,52.05919499928132
2022-10-31,SELL,DIVOPPBEES.NS,4726,46.93,221791.18,110.89559,221732.34360499927
2022-10-31,BUY,AUTOBEES.NS,1636,135.41,221530.75999999998,110.76538,90.81822499929694
2022-11-07,SELL,ITBEES.NS,7531,29.88,225026.28,112.51314,225004.5850849993
2022-11-07,SELL,AUTOBEES.NS,1636,135.53,221727.08000000002,110.86354000000001,446620.80154499935
2022-11-07,SELL,BANKBEES.NS,525,421.16,221109.0,110.5545,667619.2470449994
2022-11-07,BUY,INFRABEES.NS,402,552.71,222189.42,111.09471,445318.73233499937
2022-11-07,BUY,MID150BEES.NS,1803,123.35,222400.05,111.200025,222807.48230999938
2022-11-07,BUY,NIFTYBEES.NS,1119,198.62,222255.78,111.12789000000001,440.57441999937873
2022-11-14,SELL,CPSEETF.NS,5912,38.03,224833.36000000002,112.41668000000001,225161.5177399994
2022-11-14,SELL,INFRABEES.NS,402,549.79,221015.58,110.50779,446066.58994999935
2022-11-14,SELL,MID150BEES.NS,1803,121.54,219136.62000000002,109.56831000000001,665093.6416399993
2022-11-14,BUY,SILVERBEES.NS,3623,61.15,221546.44999999998,110.773225,443436.4184149994
2022-11-14,BUY,ITBEES.NS,7138,31.04,221563.52,110.78175999999999,221762.11665499938
2022-11-14,BUY,BANKBEES.NS,520,425.65,221338.0,110.669,313.4476549993851
2022-11-21,SELL,NIFTYBEES.NS,1119,198.55,222177.45,111.08872500000001,222379.8089299994
2022-11-21,BUY,HNGSNGBEES.NS,874,254.18,222153.32,111.07666,115.41226999938954
2022-12-05,SELL,BANKBEES.NS,520,437.9,227708.0,113.854,227709.5582699994
2022-12-05,BUY,MAFANG.NS,5636,40.38,227581.68000000002,113.79084000000002,14.087429999373853
2022-12-12,SELL,ITBEES.NS,7138,30.27,216067.26,108.03363,215973.3137999994
2022-12-12,BUY,GOLDBEES.NS,4673,46.19,215845.87,107.922935,19.520864999387413
2022-12-19,SELL,MAFANG.NS,5636,38.35,216140.6,108.0703,216052.0505649994
2022-12-19,BUY,BANKBEES.NS,491,439.14,215617.74,107.80887,326.5016949994024
2022-12-26,SELL,BANKBEES.NS,491,430.88,211562.08,105.78103999999999,211782.8006549994
2022-12-26,SELL,PSUBNKBEES.NS,5884,46.44,273252.95999999996,136.62648,484899.1341749994
2022-12-26,BUY,LTGILTBEES.NS,10504,23.07,242327.28,121.16364,242450.69053499936
2022-12-26,BUY,LIQUIDBEES.NS,242,1000.0,242000.0,121.0,329.69053499936126
2023-01-02,SELL,LIQUIDBEES.NS,242,1000.0,242000.0,121.0,242208.69053499936
2023-01-02,BUY,PSUBNKBEES.NS,5018,48.24,242068.32,121.03416,19.336374999344116
2023-01-09,SELL,LTGILTBEES.NS,10504,23.04,242012.16,121.00608,241910.49029499936
2023-01-09,BUY,LIQUIDBEES.NS,241,999.99,240997.59,120.498795,792.4014999993669
2023-01-16,SELL,PSUBNKBEES.NS,5018,48.19,241817.41999999998,120.90871,242488.91278999936
2023-01-16,SELL,LIQUIDBEES.NS,241,1000.0,241000.0,120.5,483368.4127899994
2023-01-16,BUY,AUTOBEES.NS,1877,128.68,241532.36000000002,120.76618,241715.28660999937
2023-01-16,BUY,DIVOPPBEES.NS,4997,48.34,241554.98,120.77749000000001,39.52911999935168
2023-01-23,SELL,SILVERBEES.NS,3623,67.52,244624.96,122.31248,244542.17663999935
2023-01-23,SELL,AUTOBEES.NS,1877,129.26,242621.02,121.31051,487041.8861299993
2023-01-23,BUY,CPSEETF.NS,6220,39.13,243388.6,121.6943,243531.5918299993
2023-01-23,BUY,ITBEES.NS,7786,31.26,243390.36000000002,121.69518000000001,19.536649999266956
2023-01-30,SELL,CPSEETF.NS,6220,37.66,234245.19999999998,117.12259999999999,234147.61404999925
2023-01-30,SELL,DIVOPPBEES.NS,4997,48.47,242204.59,121.102295,476231.10175499925
2023-01-30,SELL,GOLDBEES.NS,4673,48.77,227902.21000000002,113.95110500000001,704019.3606499992
2023-01-30,BUY,MAFANG.NS,5475,42.84,234549.00000000003,117.27450000000002,469353.0861499992
2023-01-30,BUY,MON100.NS,2462,95.25,234505.5,117.25275,234730.33339999916
2023-01-30,BUY,AUTOBEES.NS,1777,131.98,234528.46,117.26423,84.60916999916662
2023-02-13,SELL,HNGSNGBEES.NS,874,309.27,270301.98,135.15099,270251.4381799991
2023-02-13,BUY,NV20BEES.NS,2548,106.0,270088.0,135.044,28.394179999129847
2023-02-20,SELL,AUTOBEES.NS,1777,132.96,236269.92,118.13496,236180.17921999915
2023-02-20,BUY,CPSEETF.NS,6088,38.77,236031.76,118.01588000000001,30.403339999145828
2023-02-27,SELL,NV20BEES.NS,2548,104.14,265348.72000000003,132.67436,265246.4489799992
2023-02-27,BUY,LTGILTBEES.NS,11427,23.2,265106.39999999997,132.55319999999998,7.4957799991825595
2023-03-06,SELL,ITBEES.NS,7786,31.42,244636.12000000002,122.31806000000002,244521.29771999922
2023-03-06,SELL,LTGILTBEES.NS,11427,23.18,264877.86,132.43893,509266.7187899992
2023-03-06,SELL,MON100.NS,2462,98.87,243417.94,121.70897000000001,752562.9498199992
2023-03-06,SELL,MAFANG.NS,5475,45.55,249386.24999999997,124.693125,1001824.5066949992
2023-03-06,BUY,PSUBNKBEES.NS,5706,43.87,250322.21999999997,125.16111,751377.1255849992
2023-03-06,BUY,INFRABEES.NS,465,537.66,250011.9,125.00595,501240.21963499923
2023-03-06,BUY,BANKBEES.NS,599,417.84,250286.15999999997,125.14307999999998,250828.91655499925
2023-03-06,BUY,MID150BEES.NS,2096,119.43,250325.28000000003,125.16264000000001,378.4739149992238
2023-03-13,SELL,BANKBEES.NS,599,401.21,240324.78999999998,120.16239499999999,240583.1015199992
2023-03-13,SELL,MID150BEES.NS,2096,116.23,243618.08000000002,121.80904000000001,484079.3724799992
2023-03-13,BUY,MOM100.NS,7562,31.99,241908.37999999998,120.95419,242050.03828999924
2023-03-13,BUY,GILT5YBEES.NS,4740,51.03,241882.2,120.9411,46.89718999923207
2023-03-20,SELL,INFRABEES.NS,465,525.62,244413.3,122.20665,244337.9905399992
2023-03-20,SELL,PSUBNKBEES.NS,5706,40.09,228753.54,114.37677000000001,472977.1537699992
2023-03-20,SELL,MOM100.NS,7562,31.51,238278.62000000002,119.13931000000001,711136.6344599993
2023-03-20,SELL,GILT5YBEES.NS,4740,51.16,242498.4,121.2492,953513.7852599993
2023-03-20,BUY,MAFANG.NS,5104,46.68,238254.72,119.12736000000001,715139.9378999993
2023-03-20,BUY,GOLDBEES.NS,4680,50.91,238258.8,119.12939999999999,476762.0084999993
2023-03-20,BUY,SILVERBEES.NS,3525,67.59,238254.75,119.127375,238388.1311249993
2023-03-20,BUY,MON100.NS,2370,100.52,238232.4,119.1162,36.614924999303184
2023-03-27,SELL,CPSEETF.NS,6088,38.58,234875.03999999998,117.43751999999999,234794.21740499928
2023-03-27,BUY,LTGILTBEES.NS,10003,23.46,234670.38,117.33519000000001,6.502214999258285
2023-04-03,SELL,LTGILTBEES.NS,10003,23.46,234670.38,117.33519000000001,234559.54702499925
2023-04-03,BUY,PHARMABEES.NS,19216,12.2,234435.19999999998,117.21759999999999,7.129424999264302
2023-04-17,SELL,MON100.NS,2370,103.8,246006.0,123.003,245890.12642499927
2023-04-17,BUY,BANKBEES.NS,575,427.05,245553.75,122.776875,213.59954999925685
2023-04-24,SELL,GOLDBEES.NS,4680,51.26,239896.8,119.94839999999999,239990.45114999925
2023-04-24,SELL,MAFANG.NS,5104,48.39,246982.56,123.49128,486849.51986999926
2023-04-24,BUY,PSUBNKBEES.NS,5528,44.01,243287.28,121.64364,243440.59622999927
2023-04-24,BUY,AUTOBEES.NS,1868,130.18,243176.24000000002,121.58812000000002,142.76810999924783
2023-05-02,SELL,PHARMABEES.NS,19216,12.72,244427.52000000002,122.21376000000001,244448.07434999925
2023-05-02,SELL,SILVERBEES.NS,3525,72.99,257289.74999999997,128.64487499999998,501609.1794749992
2023-05-02,BUY,MOM100.NS,7359,34.06,250647.54,125.32377000000001,250836.3157049992
2023-05-02,BUY,INFRABEES.NS,449,557.91,250501.59,125.250795,209.4749099992041
2023-05-08,SELL,BANKBEES.NS,575,437.54,251585.5,125.79275,251669.1821599992
2023-05-08,BUY,SILVERBEES.NS,3342,75.25,251485.5,125.74275,57.939409999205964
2023-05-15,SELL,INFRABEES.NS,449,563.01,252791.49,126.39574499999999,252723.0336649992
2023-05-15,SELL,PSUBNKBEES.NS,5528,44.41,245498.47999999998,122.74923999999999,498098.7644249992
2023-05-15,SELL,MOM100.NS,7359,34.56,254327.04,127.16352,752298.6409049992
2023-05-15,SELL,SILVERBEES.NS,3342,71.83,240055.86,120.02793,992234.4729749992
2023-05-15,BUY,MAFANG.NS,4769,51.98,247892.62,123.94631,744217.9066649992
2023-05-15,BUY,CONSUMBEES.NS,2908,85.24,247877.91999999998,123.93896,496216.0477049992
2023-05-15,BUY,JUNIORBEES.NS,572,433.05,247704.6,123.8523,248387.5954049992
2023-05-15,BUY,BANKBEES.NS,556,445.19,247525.63999999998,123.76281999999999,738.1925849992258
2023-05-22,SELL,CONSUMBEES.NS,2908,84.45,245580.6,122.7903,246196.00228499924
2023-05-22,SELL,JUNIORBEES.NS,572,433.16,247767.52000000002,123.88376000000001,493839.63852499926
2023-05-22,BUY,MON100.NS,2228,110.77,246795.56,123.39778,246920.68074499926
2023-05-22,BUY,CPSEETF.NS,5813,42.45,246761.85,123.380925,35.44981999925221
2023-05-29,SELL,CPSEETF.NS,5813,42.41,246529.33,123.264665,246441.51515499924
2023-05-29,SELL,BANKBEES.NS,556,449.93,250161.08000000002,125.08054000000001,496477.5146149993
2023-05-29,BUY,ITBEES.NS,8124,30.54,248106.96,124.05348,248246.5011349993
2023-05-29,BUY,JUNIORBEES.NS,559,443.11,247698.49000000002,123.84924500000001,424.16188999929
2023-06-05,SELL,ITBEES.NS,8124,30.63,248838.12,124.41906,249137.8628299993
2023-06-05,SELL,JUNIORBEES.NS,559,449.08,251035.72,125.51786,500048.0649699993
2023-06-05,BUY,CONSUMBEES.NS,2829,88.31,249828.99000000002,124.91449500000002,250094.16047499928
2023-06-05,BUY,MOM100.NS,6920,36.11,249881.19999999998,124.94059999999999,88.01987499929965
2023-06-12,SELL,CONSUMBEES.NS,2829,88.33,249885.57,124.942785,249848.64708999931
2023-06-12,BUY,JUNIORBEES.NS,550,453.62,249491.0,124.7455,232.90158999932464
2023-06-19,SELL,AUTOBEES.NS,1868,148.15,276744.2,138.37210000000002,276838.72948999936
2023-06-19,BUY,MID150BEES.NS,2050,134.91,276565.5,138.28275,134.94673999934457
2023-06-26,SELL,JUNIORBEES.NS,550,455.07,250288.5,125.14425,250298.30248999933
2023-06-26,BUY,PHARMABEES.NS,18517,13.51,250164.66999999998,125.082335,8.550154999335064
2023-07-03,SELL,MON100.NS,2228,120.9,269365.2,134.6826,269239.0675549994
2023-07-03,SELL,MAFANG.NS,4769,62.87,299827.02999999997,149.913515,568916.1840399993
2023-07-03,BUY,AUTOBEES.NS,1860,152.78,284170.8,142.0854,284603.2986399993
2023-07-03,BUY,INFRABEES.NS,475,597.62,283869.5,141.93475,591.8638899992802
2023-07-10,SELL,INFRABEES.NS,475,601.07,285508.25,142.75412500000002,285957.3597649993
2023-07-10,SELL,MID150BEES.NS,2050,137.33,281526.5,140.76325,567343.0965149993
2023-07-10,BUY,PSUBNKBEES.NS,5758,49.24,283523.92,141.76196,283677.4145549993
2023-07-10,BUY,CPSEETF.NS,6381,44.43,283507.83,141.753915,27.83063999930164
2023-07-17,SELL,CPSEETF.NS,6381,44.32,282805.92,141.40296,282692.3476799993
2023-07-17,SELL,PHARMABEES.NS,18517,14.22,263311.74,131.65587,545872.4318099993
2023-07-17,SELL,MOM100.NS,6920,38.85,268842.0,134.421,814580.0108099993
2023-07-17,BUY,ITBEES.NS,8329,32.58,271358.82,135.67941000000002,543085.5113999993
2023-07-17,BUY,SILVERBEES.NS,3676,73.81,271325.56,135.66278,271624.28861999925
2023-07-17,BUY,MAFANG.NS,4153,65.34,271357.02,135.67851000000002,131.5901099992334
2023-07-24,SELL,ITBEES.NS,8329,31.41,261613.89,130.806945,261614.67316499926
2023-07-24,SELL,MAFANG.NS,4153,63.94,265542.82,132.77141,527024.7217549992
2023-07-24,BUY,PHARMABEES.NS,18126,14.53,263370.77999999997,131.68538999999998,263522.2563649993
2023-07-24,BUY,NIFTYBEES.NS,1215,216.73,263326.95,131.663475,63.64288999926066
2023-07-31,SELL,SILVERBEES.NS,3676,72.68,267171.68000000005,133.58584000000002,267101.7370499993
2023-07-31,SELL,AUTOBEES.NS,1860,158.81,295386.6,147.6933,562340.6437499993
2023-07-31,SELL,NIFTYBEES.NS,1215,217.58,264359.7,132.17985000000002,826568.1638999993
2023-07-31,BUY,CPSEETF.NS,5772,47.71,275382.12,137.69106,551048.3528399994
2023-07-31,BUY,INFRABEES.NS,436,631.03,275129.08,137.56454000000002,275781.70829999936
2023-07-31,BUY,MOM100.NS,6888,39.98,275382.24,137.69112,261.7771799993934
2023-08-07,SELL,PSUBNKBEES.NS,5758,49.0,282142.0,141.071,282262.7061799994
2023-08-07,BUY,MID150BEES.NS,1948,144.82,282109.36,141.05468,12.291499999410007
2023-08-14,SELL,INFRABEES.NS,436,622.44,271383.84,135.69192,271260.4395799994
2023-08-14,BUY,ITBEES.NS,8329,32.55,271108.94999999995,135.55447499999997,15.935104999458417
2023-08-21,SELL,ITBEES.NS,8329,32.46,270359.34,135.17967000000002,270240.0954349995
2023-08-21,BUY,PSUBNKBEES.NS,5311,50.85,270064.35000000003,135.03217500000002,40.71325999946566
2023-08-28,SELL,PHARMABEES.NS,18126,15.41,279321.66,139.66083,279222.71242999943
2023-08-28,SELL,PSUBNKBEES.NS,5311,50.78,269692.58,134.84629,548780.4461399994
2023-08-28,BUY,SILVERBEES.NS,3783,72.48,274191.84,137.09592,274451.5102199994
2023-08-28,BUY,ITBEES.NS,8490,32.3,274227.0,137.11350000000002,87.39671999943675
2023-09-04,SELL,SILVERBEES.NS,3783,72.43,274002.69,137.00134500000001,273953.08537499944
2023-09-04,BUY,AUTOBEES.NS,1687,162.23,273682.01,136.841005,134.23436999943806
2023-09-11,SELL,AUTOBEES.NS,1687,166.48,280851.76,140.42588,280845.56848999945
2023-09-11,BUY,DIVOPPBEES.NS,4789,58.61,280683.29,140.341645,21.936844999494497
2023-09-18,SELL,DIVOPPBEES.NS,4789,58.82,281688.98,140.84449,281570.0723549995
2023-09-18,SELL,MID150BEES.NS,1948,155.12,302173.76,151.08688,583592.7454749995
2023-09-18,BUY,PSUBNKBEES.NS,5021,58.08,291619.68,145.80984,291827.25563499954
2023-09-18,BUY,AUTOBEES.NS,1733,168.24,291559.92000000004,145.77996000000002,121.55567499948665
2023-09-25,SELL,MOM100.NS,6888,42.92,295632.96,147.81648,295606.6991949995
2023-09-25,BUY,DIVOPPBEES.NS,5079,58.17,295445.43,147.722715,13.546479999553412
2023-10-03,SELL,ITBEES.NS,8490,33.35,283141.5,141.57075,283013.47572999954
2023-10-03,SELL,AUTOBEES.NS,1733,162.56,281716.48,140.85824,564589.0974899996
2023-10-03,BUY,MOM100.NS,6511,43.33,282121.63,141.06081500000002,282326.4066749996
2023-10-03,BUY,MID150BEES.NS,1820,154.95,282009.0,141.0045,176.40217499964638
2023-10-09,SELL,MOM100.NS,6511,42.43,276261.73,138.130865,276300.0013099996
2023-10-09,SELL,MID150BEES.NS,1820,151.75,276185.0,138.0925,552346.9088099996
2023-10-09,BUY,INFRABEES.NS,430,641.12,275681.6,137.8408,276527.4680099996
2023-10-09,BUY,NV20BEES.NS,2351,117.37,275936.87,137.968435,452.6295749996207
2023-10-16,SELL,NV20BEES.NS,2351,118.36,278264.36,139.13218,278577.8573949996
2023-10-16,SELL,DIVOPPBEES.NS,5079,58.62,297730.98,148.86549,576159.9719049996
2023-10-16,BUY,AUTOBEES.NS,1715,167.83,287828.45,143.91422500000002,288187.60767999955
2023-10-16,BUY,CONSUMBEES.NS,3059,94.11,287882.49,143.941245,161.17643499956466
2023-10-23,SELL,INFRABEES.NS,430,635.03,273062.89999999997,136.53144999999998,273087.5449849995
2023-10-23,SELL,PSUBNKBEES.NS,5021,52.76,264907.95999999996,132.45397999999997,537863.0510049996
2023-10-23,BUY,GOLDBEES.NS,5215,51.54,268781.1,134.39055,268947.56045499956
2023-10-23,BUY,SILVERBEES.NS,3790,70.92,268786.8,134.39339999999999,26.367054999573156
2023-10-30,SELL,CONSUMBEES.NS,3059,91.52,279959.68,139.97984,279846.0672149996
2023-10-30,SELL,AUTOBEES.NS,1715,163.03,279596.45,139.798225,559302.7189899996
2023-10-30,BUY,GILT5YBEES.NS,5261,53.12,279464.32,139.73216,279698.6668299996
2023-10-30,BUY,LIQUIDBEES.NS,279,999.99,278997.21,139.49860500000003,561.958224999602
2023-11-06,SELL,SILVERBEES.NS,3790,70.77,268218.3,134.10915,268646.1490749996
2023-11-06,SELL,LIQUIDBEES.NS,279,999.99,278997.21,139.49860500000003,547503.8604699997
2023-11-06,BUY,MAFANG.NS,4330,63.18,273569.4,136.78470000000002,273797.6757699997
2023-11-06,BUY,MON100.NS,2227,122.82,273520.13999999996,136.76006999999998,140.77569999970729
2023-11-13,SELL,GOLDBEES.NS,5215,50.93,265599.95,132.79997500000002,265607.92572499975
2023-11-13,SELL,GILT5YBEES.NS,5261,53.41,280990.01,140.49500500000002,546457.4407199998
2023-11-13,BUY,PHARMABEES.NS,17361,15.73,273088.53,136.54426500000002,273232.36645499984
2023-11-13,BUY,JUNIORBEES.NS,559,488.53,273088.26999999996,136.54413499999998,7.5523199999006465
2023-11-20,SELL,PHARMABEES.NS,17361,16.04,278470.44,139.23522,278338.75709999993
2023-11-20,BUY,MOM100.NS,6243,44.56,278188.08,139.09404,11.583059999917168
2023-11-28,SELL,JUNIORBEES.NS,559,500.08,279544.72,139.77236,279416.5306999999
2023-11-28,BUY,PHARMABEES.NS,17303,16.14,279270.42,139.63521,6.475489999924321
2023-12-04,SELL,PHARMABEES.NS,17303,16.49,285326.47,142.663235,285190.2822549999
2023-12-04,SELL,MON100.NS,2227,129.73,288908.70999999996,144.454355,573954.5378999999
2023-12-04,BUY,DIVOPPBEES.NS,4502,63.71,286822.42,143.41120999999998,286988.7066899999
2023-12-04,BUY,JUNIORBEES.NS,545,525.72,286517.4,143.2587,328.0479899998754
2023-12-11,SELL,DIVOPPBEES.NS,4502,64.86,291999.72,145.99985999999998,292181.76812999987
2023-12-11,SELL,MAFANG.NS,4330,69.01,298813.30000000005,149.40665,590845.6614799999
2023-12-11,BUY,INFRABEES.NS,407,724.68,294944.75999999995,147.47238,295753.42909999995
2023-12-11,BUY,PSUBNKBEES.NS,4786,61.69,295248.33999999997,147.62417,357.46492999995826
2023-12-18,SELL,MOM100.NS,6243,48.73,304221.38999999996,152.110695,304426.74423499993
2023-12-18,SELL,JUNIORBEES.NS,545,556.22,303139.9,151.56995,607415.074285
2023-12-18,BUY,ITBEES.NS,8017,37.86,303523.62,151.76181,303739.692475
2023-12-18,BUY,DIVOPPBEES.NS,4518,67.18,303519.24000000005,151.75962000000004,68.69285499991383
2023-12-26,SELL,PSUBNKBEES.NS,4786,61.99,296684.14,148.34207,296604.4907849999
2023-12-26,BUY,JUNIORBEES.NS,531,557.59,296080.29000000004,148.04014500000002,376.1606399999
2024-01-01,SELL,ITBEES.NS,8017,37.68,302080.56,151.04028,302305.6803599999
2024-01-01,BUY,PSUBNKBEES.NS,4719,64.02,302110.38,151.05519,44.24516999989282
2024-01-08,SELL,INFRABEES.NS,407,763.68,310817.75999999995,155.40887999999998,310706.59628999984
2024-01-08,SELL,DIVOPPBEES.NS,4518,68.03,307359.54,153.67977,617912.4565199998
2024-01-08,BUY,MOM100.NS,6173,50.02,308773.46,154.38673,308984.6097899997
2024-01-08,BUY,PHARMABEES.NS,17676,17.47,308799.72,154.39986,30.48992999974871
2024-01-15,SELL,PSUBNKBEES.NS,4719,65.68,309943.92000000004,154.97196000000002,309819.4379699998
2024-01-15,SELL,MOM100.NS,6173,51.0,314823.0,157.4115,624485.0264699998
2024-01-15,BUY,ITBEES.NS,7955,39.23,312074.64999999997,156.03732499999998,312254.33914499986
2024-01-15,BUY,INFRABEES.NS,393,792.67,311519.31,155.759655,579.2694899998605
2024-01-23,SELL,PHARMABEES.NS,17676,17.77,314102.52,157.05126,314524.7382299999
2024-01-23,SELL,JUNIORBEES.NS,531,566.94,301045.14,150.52257,615419.3556599999
2024-01-23,BUY,PSUBNKBEES.NS,4769,64.48,307505.12,153.75256,307760.4830999999
2024-01-23,BUY,DIVOPPBEES.NS,4456,69.02,307553.12,153.77656,53.58653999987291
2024-01-29,SELL,ITBEES.NS,7955,38.69,307778.94999999995,153.88947499999998,307678.64706499985
2024-01-29,SELL,DIVOPPBEES.NS,4456,71.23,317400.88,158.70044000000001,624920.8266249999
2024-01-29,SELL,PSUBNKBEES.NS,4769,67.29,320906.01,160.45300500000002,945666.3836199999
2024-01-29,BUY,MAFANG.NS,4150,75.91,315026.5,157.51325,630482.3703699999
2024-01-29,BUY,MON100.NS,2224,141.65,315029.60000000003,157.5148,315295.25556999986
2024-01-29,BUY,PHARMABEES.NS,17591,17.91,315054.81,157.52740500000002,82.91816499986453
2024-02-05,SELL,PHARMABEES.NS,17591,18.59,327016.69,163.508345,326936.0998199999
2024-02-05,SELL,MON100.NS,2224,141.81,315385.44,157.69272,642163.8470999999
2024-02-05,BUY,PSUBNKBEES.NS,4392,73.06,320879.52,160.43976,321123.8873399999
2024-02-05,BUY,DIVOPPBEES.NS,4374,73.36,320876.64,160.43832,86.80901999986963
2024-02-12,SELL,INFRABEES.NS,393,818.41,321635.13,160.817565,321561.1214549999
2024-02-12,SELL,DIVOPPBEES.NS,4374,72.21,315846.54,157.92327,637249.7381849999
2024-02-12,BUY,PHARMABEES.NS,16770,18.99,318462.3,159.23114999999999,318628.2070349999
2024-02-12,BUY,JUNIORBEES.NS,531,599.64,318408.83999999997,159.20442,60.16261499992106
2024-02-19,SELL,JUNIORBEES.NS,531,624.16,331428.95999999996,165.71447999999998,331323.40813499986
2024-02-19,BUY,AUTOBEES.NS,1590,208.25,331117.5,165.55875,40.349384999834
2024-02-26,SELL,PHARMABEES.NS,16770,19.29,323493.3,161.74665,323371.90273499984
2024-02-26,BUY,HNGSNGBEES.NS,1286,251.25,323107.5,161.55375,102.848984999815
2024-03-04,SELL,HNGSNGBEES.NS,1286,249.5,320857.0,160.4285,320799.42048499984
2024-03-04,BUY,JUNIORBEES.NS,503,637.01,320416.02999999997,160.208015,223.18246999988332
2024-03-18,SELL,CPSEETF.NS,5772,76.54,441788.88000000006,220.89444000000003,441791.16802999994
2024-03-18,SELL,PSUBNKBEES.NS,4392,75.3,330717.6,165.3588,772343.4092299999
2024-03-18,SELL,JUNIORBEES.NS,503,621.81,312770.43,156.385215,1084957.4540149998
2024-03-18,SELL,MAFANG.NS,4150,82.92,344118.0,172.059,1428903.395015
2024-03-18,BUY,GOLDBEES.NS,6433,55.5,357031.5,178.51575,1071693.3792649999
2024-03-18,BUY,SILVERBEES.NS,4913,72.66,356978.57999999996,178.48928999999998,714536.3099749999
2024-03-18,BUY,HNGSNGBEES.NS,1404,254.17,356854.68,178.42734,357503.2026349999
2024-03-18,BUY,LTGILTBEES.NS,14062,25.39,357034.18,178.51709,290.5055449999054
2024-03-26,SELL,LTGILTBEES.NS,14062,25.4,357174.8,178.5874,357286.7181449999
2024-03-26,SELL,HNGSNGBEES.NS,1404,242.41,340343.64,170.17182,697460.1863249999
2024-03-26,BUY,MON100.NS,2328,149.71,348524.88,174.26244,348761.0438849999
2024-03-26,BUY,MAFANG.NS,4065,85.74,348533.1,174.26655,53.67733499989845
2024-04-01,SELL,SILVERBEES.NS,4913,74.03,363709.39,181.85469500000002,363581.2126399999
2024-04-01,BUY,JUNIORBEES.NS,554,655.78,363302.12,181.65106,97.44157999992603
2024-04-08,SELL,AUTOBEES.NS,1590,223.58,355492.2,177.7461,355411.89547999995
2024-04-08,SELL,MON100.NS,2328,148.31,345265.68,172.63284,700504.94264
2024-04-08,BUY,SILVERBEES.NS,4347,80.53,350063.91000000003,175.031955,350266.000685
2024-04-08,BUY,PSUBNKBEES.NS,4355,80.37,350011.35000000003,175.00567500000002,79.64500999992015
2024-04-15,SELL,PSUBNKBEES.NS,4355,78.32,341083.6,170.5418,340992.7032099999
2024-04-15,BUY,CPSEETF.NS,4051,84.13,340810.63,170.405315,11.667894999904092
2024-04-29,SELL,GOLDBEES.NS,6433,61.3,394342.89999999997,197.17145,394157.39644499985
2024-04-29,SELL,SILVERBEES.NS,4347,79.43,345282.21,172.641105,739266.9653399999
2024-04-29,BUY,PSUBNKBEES.NS,4415,83.67,369403.05,184.701525,369679.2138149999
2024-04-29,BUY,HNGSNGBEES.NS,1395,264.81,369409.95,184.70497500000002,84.55883999989601
2024-05-06,SELL,MAFANG.NS,4065,96.8,393492.0,196.746,393379.8128399999
2024-05-06,BUY,AUTOBEES.NS,1721,228.45,393162.44999999995,196.581225,20.781614999985322
2024-05-13,SELL,CPSEETF.NS,4051,84.52,342390.51999999996,171.19526,342240.10635499994
2024-05-13,SELL,PSUBNKBEES.NS,4415,77.54,342339.10000000003,171.16955000000002,684408.0368049999
2024-05-13,SELL,JUNIORBEES.NS,554,685.45,379739.30000000005,189.86965000000004,1063957.467155
2024-05-13,BUY,SILVERBEES.NS,4324,81.97,354438.27999999997,177.21913999999998,709341.968015
2024-05-13,BUY,GOLDBEES.NS,5796,61.15,354425.39999999997,177.21269999999998,354739.35531500005
2024-05-13,BUY,CONSUMBEES.NS,3108,114.04,354436.32,177.21816,125.81715500005521
2024-05-21,SELL,CONSUMBEES.NS,3108,116.67,362610.36,181.30518,362554.871975
2024-05-21,SELL,GOLDBEES.NS,5796,62.63,363003.48000000004,181.50174,725376.850235
2024-05-21,BUY,JUNIORBEES.NS,499,726.45,362498.55000000005,181.24927500000004,362697.05095999996
2024-05-21,BUY,CPSEETF.NS,3911,92.67,362432.37,181.216185,83.46477499994216
2024-06-10,SELL,CPSEETF.NS,3911,90.42,353632.62,176.81631,353539.2684649999
2024-06-10,SELL,JUNIORBEES.NS,499,742.9,370707.1,185.35354999999998,724061.014915
2024-06-10,SELL,HNGSNGBEES.NS,1395,309.59,431878.05,215.939025,1155723.1258899998
2024-06-10,BUY,ITBEES.NS,10423,36.94,385025.62,192.51281,770504.9930799998
2024-06-10,BUY,CONSUMBEES.NS,3152,122.13,384953.76,192.47688000000002,385358.7561999998
2024-06-10,BUY,MON100.NS,2494,154.37,384998.78,192.49939,167.4768099997891
2024-06-18,SELL,ITBEES.NS,10423,37.13,387005.99000000005,193.50299500000003,386979.96381499985
2024-06-18,SELL,CONSUMBEES.NS,3152,124.01,390879.52,195.43976,777664.044055
2024-06-18,SELL,SILVERBEES.NS,4324,86.26,372988.24000000005,186.49412000000004,1150465.789935
2024-06-18,BUY,MID150BEES.NS,1795,213.45,383142.75,191.57137500000002,767131.46856
2024-06-18,BUY,MOM100.NS,6460,59.33,383271.8,191.6359,383668.03265999997
2024-06-18,BUY,JUNIORBEES.NS,498,768.89,382907.22,191.45361,569.35904999997
2024-06-24,SELL,JUNIORBEES.NS,498,761.94,379446.12000000005,189.72306000000003,379825.75599000003
2024-06-24,BUY,BANKBEES.NS,717,529.16,379407.72,189.70386,228.33213000005344
2024-07-01,SELL,AUTOBEES.NS,1721,257.57,443277.97,221.638985,443284.663145
2024-07-01,SELL,MID150BEES.NS,1795,216.04,387791.8,193.8959,830882.567245
2024-07-01,BUY,ITBEES.NS,10563,39.31,415231.53,207.615765,415443.42148
2024-07-01,BUY,NIFTYBEES.NS,1547,268.3,415060.10000000003,207.53005000000002,175.79142999998294
2024-07-08,SELL,BANKBEES.NS,717,537.7,385530.9,192.76545000000002,385513.92598
2024-07-08,SELL,NIFTYBEES.NS,1547,270.04,417751.88,208.87594,803056.93004
2024-07-08,BUY,CPSEETF.NS,4030,99.58,401307.39999999997,200.6537,401548.87634
2024-07-08,BUY,MID150BEES.NS,1831,219.07,401117.17,200.558585,231.1477550000418
2024-07-15,SELL,MON100.NS,2494,168.93,421311.42000000004,210.65571000000003,421331.91204500006
2024-07-15,SELL,MOM100.NS,6460,61.66,398323.6,199.1618,819456.3502450001
2024-07-15,SELL,MID150BEES.NS,1831,219.68,402234.08,201.11704,1221489.313205
2024-07-15,BUY,NV20BEES.NS,2586,157.36,406932.96,203.46648000000002,814352.886725
2024-07-15,BUY,DIVOPPBEES.NS,4817,84.47,406891.99,203.445995,407257.45073
2024-07-15,BUY,MAFANG.NS,4025,101.1,406927.5,203.46375,126.48697999998694
2024-07-22,SELL,MAFANG.NS,4025,98.13,394973.25,197.486625,394902.25035499997
2024-07-22,BUY,NIFTYBEES.NS,1448,272.45,394507.6,197.25379999999998,197.3965549999848
2024-07-29,SELL,NIFTYBEES.NS,1448,276.68,400632.64,200.31632000000002,400629.720235
2024-07-29,BUY,PHARMABEES.NS,18127,22.09,400425.43,200.212715,4.077520000049844
2024-08-12,SELL,ITBEES.NS,10563,41.81,441639.03,220.81951500000002,441422.2880050001
2024-08-12,SELL,NV20BEES.NS,2586,157.09,406234.74,203.11737,847453.9106350001
2024-08-12,BUY,CONSUMBEES.NS,3283,128.98,423441.33999999997,211.72066999999998,423800.8499650001
2024-08-12,BUY,LTGILTBEES.NS,16036,26.41,423510.76,211.75538,78.33458500012057
2024-08-19,SELL,CPSEETF.NS,4030,102.83,414404.89999999997,207.20245,414276.0321350001
2024-08-19,SELL,LTGILTBEES.NS,16036,26.48,424633.28,212.31664,838696.9954950002
2024-08-19,BUY,ITBEES.NS,9510,44.07,419105.7,209.55285,419381.74264500017
2024-08-19,BUY,NV20BEES.NS,2622,159.85,419126.7,209.56335,45.47929500014288
2024-08-26,SELL,NV20BEES.NS,2622,162.95,427254.89999999997,213.62744999999998,427086.7518450001
2024-08-26,BUY,MOM100.NS,6761,63.13,426821.93,213.410965,51.41088000009768
2024-09-09,SELL,DIVOPPBEES.NS,4817,86.46,416477.81999999995,208.23890999999998,416320.99197000003
2024-09-09,SELL,MOM100.NS,6761,62.49,422494.89,211.247445,838604.6345250001
2024-09-09,BUY,GOLDBEES.NS,6966,60.16,419074.56,209.53728,419320.53724500013
2024-09-09,BUY,HNGSNGBEES.NS,1488,281.57,418976.16,209.48808,134.88916500017513
2024-09-16,SELL,GOLDBEES.NS,6966,62.05,432240.3,216.12015,432159.0690150002
2024-09-16,SELL,HNGSNGBEES.NS,1488,282.88,420925.44,210.46272000000002,852874.0462950002
2024-09-16,BUY,SILVERBEES.NS,4942,86.24,426198.07999999996,213.09903999999997,426462.8672550003
2024-09-16,BUY,MOM100.NS,6605,64.53,426220.65,213.11032500000002,29.106930000241846
2024-09-23,SELL,PHARMABEES.NS,18127,23.55,426890.85000000003,213.44542500000003,426706.5115050003
2024-09-23,SELL,MOM100.NS,6605,65.01,429391.05000000005,214.69552500000003,855882.8659800004
2024-09-23,SELL,ITBEES.NS,9510,44.94,427379.39999999997,213.6897,1283048.5762800004
2024-09-23,BUY,BANKBEES.NS,768,556.57,427445.76,213.72288,855389.0934000004
2024-09-23,BUY,GOLDBEES.NS,6805,62.81,427422.05,213.711025,427753.33237500035
2024-09-23,BUY,NIFTYBEES.NS,1477,289.34,427355.17999999993,213.67758999999998,184.47478500043508
2024-09-30,SELL,GOLDBEES.NS,6805,63.55,432457.75,216.22887500000002,432425.99591000046
2024-09-30,SELL,NIFTYBEES.NS,1477,288.38,425937.26,212.96863000000002,858150.2872800005
2024-09-30,BUY,HNGSNGBEES.NS,1168,367.12,428796.16000000003,214.39808000000002,429139.72920000047
2024-09-30,BUY,AUTOBEES.NS,1551,276.44,428758.44,214.37922,166.90998000046238
2024-10-07,SELL,BANKBEES.NS,768,521.6,400588.80000000005,200.29440000000002,400555.4155800005
2024-10-07,SELL,CONSUMBEES.NS,3283,135.3,444189.9,222.09495,844523.2206300006
2024-10-07,SELL,AUTOBEES.NS,1551,264.31,409944.81,204.972405,1254263.0582250005
2024-10-07,BUY,GOLDBEES.NS,6548,63.81,417827.88,208.91394,836226.2642850005
2024-10-07,BUY,NV20BEES.NS,2545,164.14,417736.3,208.86814999999999,418281.0961350005
2024-10-07,BUY,MON100.NS,2574,162.32,417811.68,208.90584,260.51029500050936
2024-10-14,SELL,NV20BEES.NS,2545,162.89,414555.05,207.277525,414608.2827700005
2024-10-14,BUY,MAFANG.NS,4263,97.2,414363.60000000003,207.1818,37.50097000045935
2024-10-28,SELL,HNGSNGBEES.NS,1168,327.96,383057.27999999997,191.52864,382903.25233000045
2024-10-28,BUY,GILT5YBEES.NS,6584,58.12,382662.07999999996,191.33103999999997,49.841290000476874
2024-11-04,SELL,GILT5YBEES.NS,6584,58.19,383122.95999999996,191.56148,382981.23981000046
2024-11-04,BUY,PSUBNKBEES.NS,5089,75.21,382743.68999999994,191.37184499999998,46.17796500050463
2024-11-11,SELL,GOLDBEES.NS,6548,64.49,422280.51999999996,211.14025999999998,422115.55770500045
2024-11-11,SELL,SILVERBEES.NS,4942,88.48,437268.16000000003,218.63408,859165.0836250004
2024-11-11,BUY,HNGSNGBEES.NS,1194,359.38,429099.72,214.54986,429850.81376500044
2024-11-11,BUY,ITBEES.NS,9364,45.85,429339.4,214.6697,296.7440650003846
2024-11-18,SELL,PSUBNKBEES.NS,5089,72.69,369919.41,184.95970499999999,370031.1943600004
2024-11-18,SELL,HNGSNGBEES.NS,1194,329.95,393960.3,196.98015,763794.5142100004
2024-11-18,BUY,GILT5YBEES.NS,6545,58.32,381704.4,190.8522,381899.26201000036
2024-11-18,BUY,LIQUIDBEES.NS,381,1000.0,381000.0,190.5,708.7620100003551
2024-11-25,SELL,LIQUIDBEES.NS,381,999.99,380996.19,190.498095,381514.45391500037
2024-11-25,BUY,GOLDBEES.NS,5923,64.38,381322.74,190.66137,1.0525450003915466
2024-12-02,SELL,GOLDBEES.NS,5923,63.76,377650.48,188.82524,377462.7073050004
2024-12-02,SELL,GILT5YBEES.NS,6545,58.8,384846.0,192.423,762116.2843050004
2024-12-02,BUY,PSUBNKBEES.NS,5023,75.81,380793.63,190.396815,381132.25749000045
2024-12-02,BUY,JUNIORBEES.NS,501,759.95,380734.95,190.367475,206.9400150004658
2024-12-09,SELL,JUNIORBEES.NS,501,776.5,389026.5,194.51325,389038.92676500045
2024-12-09,BUY,MOM100.NS,6155,63.17,388811.35000000003,194.40567500000003,33.171090000425465
2024-12-16,SELL,PSUBNKBEES.NS,5023,78.37,393652.51,196.826255,393488.8548350004
2024-12-16,BUY,JUNIORBEES.NS,503,781.28,392983.83999999997,196.49192,308.5229150004452
2024-12-23,SELL,ITBEES.NS,9364,47.01,440201.63999999996,220.10081999999997,440290.0620950004
2024-12-23,SELL,MOM100.NS,6155,61.18,376562.9,188.28145,816664.6806450004
2024-12-23,SELL,JUNIORBEES.NS,503,735.77,370092.31,185.046155,1186571.9444900004
2024-12-23,BUY,HNGSNGBEES.NS,1141,346.33,395162.52999999997,197.581265,791211.8332250004
2024-12-23,BUY,PHARMABEES.NS,17210,22.97,395313.69999999995,197.65685,395700.47637500043
2024-12-23,BUY,GILT5YBEES.NS,6733,58.71,395294.43,197.647215,208.3991600004374
2025-01-06,SELL,GILT5YBEES.NS,6733,58.85,396237.05,198.118525,396247.3306350004
2025-01-06,SELL,HNGSNGBEES.NS,1141,333.5,380523.5,190.26175,776580.5688850004
2025-01-06,BUY,AUTOBEES.NS,1621,239.33,387953.93,193.976965,388432.66192000045
2025-01-06,BUY,CONSUMBEES.NS,3073,126.29,388089.17000000004,194.044585,149.44733500038274
2025-01-13,SELL,PHARMABEES.NS,17210,22.3,383783.0,191.8915,383740.55583500036
2025-01-13,SELL,CONSUMBEES.NS,3073,121.02,371894.45999999996,185.94723,755449.0686050004
2025-01-13,SELL,AUTOBEES.NS,1621,229.07,371322.47,185.66123499999998,1126585.8773700004
2025-01-13,SELL,MON100.NS,2574,189.55,487901.7,243.95085,1614243.6265200004
2025-01-13,BUY,GOLDBEES.NS,6088,66.25,403330.0,201.665,1210711.9615200004
2025-01-13,BUY,SILVERBEES.NS,4620,87.29,403279.80000000005,201.63990000000004,807230.5216200002
2025-01-13,BUY,ITBEES.NS,8511,47.39,403336.29,201.66814499999998,403692.56347500026
2025-01-13,BUY,GILT5YBEES.NS,6869,58.72,403347.68,201.67384,143.20963500026846
2025-01-20,SELL,ITBEES.NS,8511,45.64,388442.04,194.22101999999998,388391.02861500025
2025-01-20,BUY,MON100.NS,1834,211.66,388184.44,194.09222,12.496395000256598
2025-01-27,SELL,GILT5YBEES.NS,6869,59.29,407263.01,203.631505,407071.87489000027
2025-01-27,BUY,HNGSNGBEES.NS,1149,353.92,406654.08,203.32704,214.4678500002483
2025-02-03,SELL,MON100.NS,1834,203.39,373017.25999999995,186.50862999999998,373045.2192200002
2025-02-03,SELL,MAFANG.NS,4263,134.32,572606.1599999999,286.30307999999997,945365.0761400001
2025-02-03,BUY,CONSUMBEES.NS,3732,126.56,472321.92,236.16096,472806.99518000014
2025-02-03,BUY,AUTOBEES.NS,1983,238.17,472291.11,236.145555,279.73962500016205
2025-02-10,SELL,CONSUMBEES.NS,3732,122.12,455751.84,227.87592,455803.70370500017
2025-02-10,BUY,MAFANG.NS,3185,143.02,455518.7,227.75935,57.24435500014806
2025-02-17,SELL,AUTOBEES.NS,1983,223.78,443755.74,221.87787,443591.1064850001
2025-02-17,BUY,LTGILTBEES.NS,16087,27.56,443357.72,221.67886,11.70762500015553
2025-03-03,SELL,SILVERBEES.NS,4620,91.41,422314.2,211.1571,422114.75052500016
2025-03-03,SELL,MAFANG.NS,3185,130.61,415992.85000000003,207.99642500000002,837899.6041000001
2025-03-03,BUY,GILT5YBEES.NS,7022,59.63,418721.86000000004,209.36093000000002,418968.38317000004
2025-03-03,BUY,LIQUIDBEES.NS,418,999.99,417995.82,208.99791000000002,763.5652600000612
2025-03-10,SELL,LTGILTBEES.NS,16087,27.65,444805.55,222.402775,445346.712485
2025-03-10,SELL,LIQUIDBEES.NS,418,1000.0,418000.0,209.0,863137.712485
2025-03-10,BUY,SILVERBEES.NS,4583,94.1,431260.3,215.63015,431661.78233500005
2025-03-10,BUY,CPSEETF.NS,5375,80.25,431343.75,215.671875,102.36046000005445
2025-03-17,SELL,GILT5YBEES.NS,7022,59.83,420126.26,210.06313,420018.55733000004
2025-03-17,BUY,LTGILTBEES.NS,15139,27.73,419804.47000000003,209.90223500000002,4.185095000022557
2025-03-24,SELL,LTGILTBEES.NS,15139,27.84,421469.76,210.73488,421263.210215
2025-03-24,SELL,GOLDBEES.NS,6088,73.0,444424.0,222.21200000000002,865464.998215
2025-03-24,SELL,SILVERBEES.NS,4583,94.18,431626.94,215.81347,1296876.1247450002
2025-03-24,SELL,HNGSNGBEES.NS,1149,409.21,470182.29,235.09114499999998,1766823.3236000002
2025-03-24,BUY,INFRABEES.NS,503,877.42,441342.25999999995,220.67112999999998,1325260.3924700003
2025-03-24,BUY,JUNIORBEES.NS,648,680.56,441002.87999999995,220.50143999999997,884037.0110300004
2025-03-24,BUY,PHARMABEES.NS,19904,22.18,441470.72,220.73536,442345.55567000044
2025-03-24,BUY,MID150BEES.NS,2207,200.01,441422.07,220.711035,702.7746350004454
2025-04-01,SELL,PHARMABEES.NS,19904,21.2,421964.8,210.9824,422456.59223500045
2025-04-01,SELL,MID150BEES.NS,2207,195.02,430409.14,215.20457000000002,852650.5276650004
2025-04-01,BUY,PSUBNKBEES.NS,6140,69.39,426054.6,213.0273,426382.9003650004
2025-04-01,BUY,BANKBEES.NS,816,521.86,425837.76,212.91888,332.22148500039475
2025-04-07,SELL,JUNIORBEES.NS,648,640.0,414720.0,207.36,414844.8614850004
2025-04-07,BUY,GOLDBEES.NS,5616,73.83,414629.27999999997,207.31464,8.266845000442117
2025-04-15,SELL,INFRABEES.NS,503,873.36,439300.08,219.65004000000002,439088.6968050005
2025-04-15,BUY,CONSUMBEES.NS,3593,122.14,438849.02,219.42451000000003,20.252295000478625
2025-04-28,SELL,CPSEETF.NS,5375,89.5,481062.5,240.53125,480842.2210450005
2025-04-28,BUY,MOM100.NS,8243,58.3,480566.89999999997,240.28345,35.03759500052547
2025-05-05,SELL,CONSUMBEES.NS,3593,126.23,453544.39,226.772195,453352.6554000005
2025-05-05,SELL,PSUBNKBEES.NS,6140,72.86,447360.4,223.6802,900489.3752000006
2025-05-05,SELL,MOM100.NS,8243,58.54,482545.22,241.27261,1382793.3225900005
2025-05-05,SELL,GOLDBEES.NS,5616,79.58,446921.27999999997,223.46063999999998,1829491.1419500005
2025-05-05,BUY,MAFANG.NS,3678,124.29,457138.62,228.56931,1372123.9526400005
2025-05-05,BUY,INFRABEES.NS,498,916.29,456312.42,228.15621,915583.3764300005
2025-05-05,BUY,AUTOBEES.NS,1976,231.28,457009.28,228.50464000000002,458345.5917900005
2025-05-05,BUY,NIFTYBEES.NS,1666,274.39,457133.74,228.56687,983.2849200005294
2025-05-12,SELL,BANKBEES.NS,816,567.97,463463.52,231.73176,464215.07316000055
2025-05-12,SELL,NIFTYBEES.NS,1666,278.94,464714.04,232.35702,928696.7561400005
2025-05-12,BUY,GOLDBEES.NS,5951,77.98,464058.98000000004,232.02949000000004,464405.7466500005
2025-05-12,BUY,ITBEES.NS,11229,41.33,464094.57,232.04728500000002,79.12936500052456
2025-05-19,SELL,INFRABEES.NS,498,930.05,463164.89999999997,231.58245,463012.4469150005
2025-05-19,SELL,GOLDBEES.NS,5951,78.32,466082.31999999995,233.04116,928861.7257550005
2025-05-19,BUY,MOM100.NS,7593,61.13,464160.09,232.080045,464469.55571000045
2025-05-19,BUY,MID150BEES.NS,2153,215.51,463993.02999999997,231.996515,244.52919500047574
2025-06-02,SELL,ITBEES.NS,11229,40.3,452528.69999999995,226.26434999999998,452546.9648450004
2025-06-02,SELL,AUTOBEES.NS,1976,238.11,470505.36000000004,235.25268000000003,922817.0721650005
2025-06-02,BUY,PSUBNKBEES.NS,5798,79.54,461172.92000000004,230.58646000000002,461413.5657050004
2025-06-02,BUY,MON100.NS,2583,178.51,461091.32999999996,230.54566499999999,91.69004000048153
2025-06-09,SELL,MON100.NS,2583,180.51,466257.32999999996,233.12866499999998,466115.8913750004
2025-06-09,BUY,SILVERBEES.NS,4523,102.99,465823.76999999996,232.91188499999998,59.20949000044493
2025-06-16,SELL,MOM100.NS,7593,63.13,479346.09,239.67304500000003,479165.62644500047
2025-06-16,SELL,MAFANG.NS,3678,134.81,495831.18,247.91559,974748.8908550005
2025-06-16,BUY,GOLDBEES.NS,5862,83.09,487073.58,243.53679000000002,487431.77406500047
2025-06-16,BUY,ITBEES.NS,11451,42.54,487125.54,243.56277,62.67129500047304
2025-06-23,SELL,PSUBNKBEES.NS,5798,76.35,442677.3,221.33865,442518.63264500047
2025-06-23,SELL,MID150BEES.NS,2153,219.5,472583.5,236.29175,914865.8408950005
2025-06-23,BUY,INFRABEES.NS,488,936.62,457070.56,228.53528,457566.7456150005
2025-06-23,BUY,CPSEETF.NS,4842,94.42,457181.64,228.59082,156.51479500049027
2025-06-30,SELL,CPSEETF.NS,4842,94.23,456261.66000000003,228.13083000000003,456190.04396500054
2025-06-30,SELL,GOLDBEES.NS,5862,79.99,468901.37999999995,234.45068999999998,924856.9732750005
2025-06-30,SELL,SILVERBEES.NS,4523,102.47,463471.81,231.735905,1388097.0473700005
2025-06-30,SELL,ITBEES.NS,11451,42.41,485636.91,242.818455,1873491.1389150005
2025-06-30,BUY,MON100.NS,2425,192.97,467952.25,233.976125,1405304.9127900004
2025-06-30,BUY,NIFTYBEES.NS,1633,286.51,467870.82999999996,233.93541499999998,937200.1473750004
2025-06-30,BUY,NIF100BEES.NS,1701,275.07,467894.07,233.947035,469072.1303400004
2025-06-30,BUY,BANKBEES.NS,794,589.27,467880.38,233.94019,957.8101500003831
2025-07-07,SELL,BANKBEES.NS,794,585.55,464926.69999999995,232.46335,465652.04680000036
2025-07-07,SELL,NIFTYBEES.NS,1633,286.07,467152.31,233.576155,932570.7806450003
2025-07-07,SELL,NIF100BEES.NS,1701,274.27,466533.26999999996,233.26663499999998,1398870.7840100003
2025-07-07,BUY,MAFANG.NS,3060,152.28,465976.8,232.9884,932660.9956100003
2025-07-07,BUY,PHARMABEES.NS,20414,22.83,466051.61999999994,233.02580999999998,466376.3498000004
2025-07-07,BUY,SILVERBEES.NS,4490,103.79,466017.10000000003,233.00855,126.241250000312
2025-07-21,SELL,INFRABEES.NS,488,951.33,464249.04000000004,232.12452000000002,464143.15673000034
2025-07-21,BUY,HNGSNGBEES.NS,1124,412.53,463683.72,231.84186,227.59487000037916
2025-08-04,SELL,PHARMABEES.NS,20414,22.74,464214.36,232.10718,464209.8476900004
2025-08-04,SELL,SILVERBEES.NS,4490,108.09,485324.10000000003,242.66205000000002,949291.2856400004
2025-08-04,BUY,GOLDBEES.NS,5699,83.23,474327.77,237.16388500000002,474726.35175500036
2025-08-04,BUY,GILT5YBEES.NS,7550,62.83,474366.5,237.18325000000002,122.66850500035798
2025-08-11,SELL,GILT5YBEES.NS,7550,62.62,472781.0,236.3905,472667.2780050004
2025-08-11,BUY,SILVERBEES.NS,4313,109.52,472359.76,236.17988,71.33812500035856
2025-08-18,SELL,GOLDBEES.NS,5699,82.75,471592.25,235.79612500000002,471427.79200000037
2025-08-18,BUY,AUTOBEES.NS,1829,257.56,471077.24,235.53862,115.01338000036776
2025-08-25,SELL,MON100.NS,2425,203.4,493245.0,246.6225,493113.39088000037
2025-08-25,SELL,MAFANG.NS,3060,153.73,470413.8,235.2069,963291.9839800004
2025-08-25,BUY,CONSUMBEES.NS,3542,135.9,481357.80000000005,240.67890000000003,481693.5050800003
2025-08-25,BUY,NV20BEES.NS,3240,148.58,481399.2,240.6996,53.605480000318494
2025-09-01,SELL,NV20BEES.NS,3240,147.22,476992.8,238.4964,476807.9090800003
2025-09-01,BUY,GOLDBEES.NS,5502,86.61,476528.22,238.26411,41.424970000342
2025-09-15,SELL,CONSUMBEES.NS,3542,137.35,486493.69999999995,243.24685,486291.8781200003
2025-09-15,BUY,MAFANG.NS,2922,166.34,486045.48,243.02274,3.3753800003323704
2025-09-22,SELL,MAFANG.NS,2922,169.89,496418.57999999996,248.20928999999998,496173.74609000026
2025-09-22,BUY,PSUBNKBEES.NS,6031,82.22,495868.82,247.93441,56.99168000026839
2025-09-29,SELL,PSUBNKBEES.NS,6031,82.53,497738.43,248.869215,497546.55246500025
2025-09-29,SELL,AUTOBEES.NS,1829,271.24,496097.96,248.04898000000003,993396.4634850002
2025-09-29,BUY,MAFANG.NS,2950,168.27,496396.50000000006,248.19825000000003,496751.7652350001
2025-09-29,BUY,MON100.NS,2258,219.83,496376.14,248.18807,127.4371650001267
2025-10-06,SELL,MAFANG.NS,2950,169.23,499228.49999999994,249.61424999999997,499106.3229150001
2025-10-06,BUY,PSUBNKBEES.NS,5869,84.99,498806.31,249.403155,50.609760000079405
2025-10-20,SELL,HNGSNGBEES.NS,1124,512.68,576252.32,288.12615999999997,576014.8036
2025-10-20,BUY,BANKBEES.NS,961,598.57,575225.77,287.612885,501.42071500001475
2025-10-27,SELL,SILVERBEES.NS,4313,138.85,598860.0499999999,299.43002499999994,599062.0406899999
2025-10-27,BUY,INFRABEES.NS,608,983.21,597791.68,298.89584,971.464849999873
2025-11-03,SELL,GOLDBEES.NS,5502,100.05,550475.1,275.23755,551171.3272999999
2025-11-03,BUY,MAFANG.NS,3126,176.23,550894.98,275.44749,0.8998099998570979
2025-11-10,SELL,INFRABEES.NS,608,972.36,591194.88,295.59744,590900.1823699998
2025-11-10,SELL,MON100.NS,2258,239.87,541626.46,270.81323,1132255.8291399998
2025-11-10,BUY,MOM100.NS,8742,64.72,565782.24,282.89112,566190.6980199998
2025-11-10,BUY,DIVOPPBEES.NS,7042,80.35,565824.7,282.91235,83.08566999982577
2025-11-17,SELL,BANKBEES.NS,961,607.83,584124.63,292.062315,583915.6533549998
2025-11-17,SELL,DIVOPPBEES.NS,7042,81.41,573289.22,286.64461,1156918.228745
2025-11-17,SELL,MAFANG.NS,3126,171.13,534952.38,267.47619000000003,1691603.132555
2025-11-17,BUY,SILVERBEES.NS,3784,148.92,563513.2799999999,281.75663999999995,1127808.095915
2025-11-17,BUY,ITBEES.NS,14082,40.02,563561.64,281.78082,563964.675095
2025-11-17,BUY,INFRABEES.NS,566,994.94,563136.04,281.56802000000005,547.0670749999117
2025-11-24,SELL,SILVERBEES.NS,3784,147.08,556550.7200000001,278.27536000000003,556819.511715
2025-11-24,SELL,MOM100.NS,8742,64.69,565519.98,282.75999,1122056.7317249998
2025-11-24,BUY,AUTOBEES.NS,1994,281.1,560513.4,280.2567,561263.0750249998
2025-11-24,BUY,BANKBEES.NS,924,606.61,560507.64,280.25382,475.18120499979705
2025-12-01,SELL,INFRABEES.NS,566,995.78,563611.48,281.80574,563804.8554649998
2025-12-01,SELL,AUTOBEES.NS,1994,287.86,573992.8400000001,286.99642000000006,1137510.699045
2025-12-01,BUY,SILVERBEES.NS,3420,166.21,568438.2000000001,284.2191,568788.2799449998
2025-12-01,BUY,GOLDBEES.NS,5326,106.72,568390.72,284.19536,113.36458499985747
2025-12-08,SELL,BANKBEES.NS,924,611.47,564998.28,282.49914,564829.1454449999
2025-12-08,SELL,PSUBNKBEES.NS,5869,90.83,533081.27,266.540635,1097643.87481
2025-12-08,BUY,AUTOBEES.NS,1935,283.42,548417.7000000001,274.20885000000004,548951.9659599998
2025-12-08,BUY,MAFANG.NS,3115,176.06,548426.9,274.21345,250.85250999976415
2025-12-22,SELL,AUTOBEES.NS,1935,285.55,552539.25,276.269625,552513.8328849998
2025-12-22,SELL,MAFANG.NS,3115,166.86,519768.9,259.88445,1072022.8484349998
2025-12-22,BUY,DIVOPPBEES.NS,6436,83.24,535732.64,267.86632000000003,536022.3421149998
2025-12-22,BUY,NV20BEES.NS,3435,155.96,535722.6,267.86129999999997,31.880814999807626
2026-01-05,SELL,ITBEES.NS,14082,41.51,584543.82,292.27191,584283.4289049997
2026-01-05,SELL,NV20BEES.NS,3435,155.71,534863.85,267.431925,1118879.8469799997
2026-01-05,SELL,DIVOPPBEES.NS,6436,83.54,537663.4400000001,268.83172,1656274.4552599997
2026-01-05,BUY,CPSEETF.NS,5814,94.9,551748.6,275.8743,1104249.9809599998
2026-01-05,BUY,PSUBNKBEES.NS,5672,97.28,551772.16,275.88608000000005,552201.9348799998
2026-01-05,BUY,AUTOBEES.NS,1858,296.93,551695.9400000001,275.84797000000003,230.14690999977756
2026-01-19,SELL,AUTOBEES.NS,1858,283.55,526835.9,263.41795,526802.6289599998
2026-01-19,BUY,HNGSNGBEES.NS,963,546.61,526385.43,263.192715,154.0062449997058
2026-01-27,SELL,CPSEETF.NS,5814,93.41,543085.74,271.54287,542968.2033749997
2026-01-27,BUY,MON100.NS,2294,236.53,542599.82,271.29990999999995,97.08346499979962
2026-02-02,SELL,PSUBNKBEES.NS,5672,95.56,542016.3200000001,271.00816000000003,541842.3953049999
2026-02-02,SELL,MON100.NS,2294,225.44,517159.36,258.57968,1058743.175625
2026-02-02,BUY,CPSEETF.NS,5517,95.89,529025.13,264.512565,529453.5330599999
2026-02-02,BUY,MAFANG.NS,3184,166.17,529085.2799999999,264.54263999999995,103.71042000001762
2026-02-09,SELL,SILVERBEES.NS,3420,243.7,833454.0,416.72700000000003,833140.9834200001
2026-02-09,SELL,MAFANG.NS,3184,153.26,487979.83999999997,243.98991999999998,1320876.8335
2026-02-09,BUY,INFRABEES.NS,666,990.06,659379.96,329.68998,661167.18352
2026-02-09,BUY,PSUBNKBEES.NS,6469,102.03,660032.0700000001,330.01603500000004,805.0974849999184
2026-02-16,SELL,HNGSNGBEES.NS,963,542.24,522177.12,261.08856000000003,522721.1289249999
2026-02-16,BUY,AUTOBEES.NS,1812,288.31,522417.72000000003,261.20886,42.2000649998663
2026-02-23,SELL,GOLDBEES.NS,5326,130.0,692380.0,346.19,692076.0100649999
2026-02-23,SELL,AUTOBEES.NS,1812,288.59,522925.07999999996,261.46254,1214739.627525
2026-02-23,BUY,BANKBEES.NS,961,631.6,606967.6,303.4838,607468.5437249999
2026-02-23,BUY,PHARMABEES.NS,26245,23.13,607046.85,303.523425,118.17029999988154
2026-03-02,SELL,INFRABEES.NS,666,963.24,641517.84,320.75892,641315.2513799998
2026-03-02,SELL,BANKBEES.NS,961,617.72,593628.92,296.81446000000005,1234647.3569199997
2026-03-02,BUY,GOLDBEES.NS,4460,138.32,616907.2,308.4536,617431.7033199997
2026-03-02,BUY,AUTOBEES.NS,2178,283.19,616787.82,308.39391,335.4894099998055
2026-03-09,SELL,PSUBNKBEES.NS,6469,98.35,636226.1499999999,318.113075,636243.5263349997
2026-03-09,SELL,AUTOBEES.NS,2178,267.46,582527.88,291.26394,1218480.1423949997
2026-03-09,BUY,MAFANG.NS,3774,161.32,608821.6799999999,304.41083999999995,609354.0515549998
2026-03-09,BUY,GILT5YBEES.NS,9487,64.18,608875.66,304.43783,173.95372499979567
2026-03-16,SELL,GILT5YBEES.NS,9487,64.31,610108.97,305.054485,609977.8692399998
2026-03-16,BUY,LTGILTBEES.NS,20744,29.39,609666.16,304.83308,6.876159999752417
2026-03-23,SELL,PHARMABEES.NS,26245,22.72,596286.4,298.14320000000004,595995.1329599997
2026-03-23,SELL,GOLDBEES.NS,4460,110.72,493811.2,246.90560000000002,1089559.4273599996
2026-03-23,BUY,MON100.NS,2484,219.18,544443.12,272.22156,544844.0857999997
2026-03-23,BUY,LIQUIDBEES.NS,544,1000.0,544000.0,272.0,572.0857999996515
2026-03-30,SELL,CPSEETF.NS,5517,100.0,551700.0,275.85,551996.2357999997
2026-03-30,SELL,LTGILTBEES.NS,20744,28.96,600746.24,300.37312000000003,1152442.1026799995
2026-03-30,BUY,PHARMABEES.NS,25260,22.8,575928.0,287.964,576226.1386799995
2026-03-30,BUY,GILT5YBEES.NS,9062,63.55,575890.1,287.94505,48.09362999955192
2026-04-06,SELL,PHARMABEES.NS,25260,22.44,566834.4,283.41720000000004,566599.0764299995
2026-04-06,SELL,MAFANG.NS,3774,156.81,591800.9400000001,295.90047000000004,1158104.1159599996
2026-04-06,BUY,ITBEES.NS,17128,33.79,578755.12,289.37756,579059.6183999996
2026-04-06,BUY,CPSEETF.NS,5690,101.7,578673.0,289.3365,97.28189999959432
2026-04-13,SELL,CPSEETF.NS,5690,103.45,588630.5,294.31525,588433.4666499996
2026-04-13,SELL,LIQUIDBEES.NS,544,1000.0,544000.0,272.0,1132161.4666499996
2026-04-13,SELL,GILT5YBEES.NS,9062,64.47,584227.14,292.11357000000004,1716096.4930799995
2026-04-13,SELL,ITBEES.NS,17128,33.86,579954.08,289.97704,2295760.5960399993
2026-04-13,BUY,HNGSNGBEES.NS,1102,520.3,573370.6,286.6853,1722103.3107399992
2026-04-13,BUY,MOMENTUM30.NS,19064,30.09,573635.76,286.81788,1148180.7328599992
2026-04-13,BUY,AUTOBEES.NS,2137,268.38,573528.0599999999,286.76403,574365.9088299993
2026-04-13,BUY,JUNIORBEES.NS,792,723.6,573091.2000000001,286.54560000000004,988.1632299992489
2026-04-20,SELL,MOMENTUM30.NS,19064,30.95,590030.7999999999,295.0154,590723.9478299991
2026-04-20,SELL,AUTOBEES.NS,2137,271.86,580964.8200000001,290.48241,1171398.2854199992
2026-04-20,SELL,HNGSNGBEES.NS,1102,533.91,588368.82,294.18440999999996,1759472.9210099992
2026-04-20,BUY,MAFANG.NS,3332,175.9,586098.8,293.04940000000005,1173081.071609999
2026-04-20,BUY,MOM100.NS,9113,64.32,586148.1599999999,293.07408,586639.8375299991
2026-04-20,BUY,MID150BEES.NS,2580,227.17,586098.6,293.0493,248.18822999915574
2026-05-11,SELL,JUNIORBEES.NS,792,758.9,601048.7999999999,300.52439999999996,600996.4638299991
2026-05-11,BUY,PHARMABEES.NS,24211,24.81,600674.9099999999,300.337455,21.216374999145046
2026-05-18,SELL,MOM100.NS,9113,65.05,592800.65,296.400325,592525.4660499991
2026-05-18,SELL,MID150BEES.NS,2580,229.57,592290.6,296.1453,1184519.9207499991
2026-05-18,BUY,SILVERBEES.NS,2338,253.16,591888.08,295.94404,592335.8967099992
2026-05-18,BUY,GOLDBEES.NS,4564,129.7,591950.7999999999,295.9754,89.12130999926012
2026-06-08,SELL,GOLDBEES.NS,4564,124.16,566666.24,283.33312,566472.0281899993
2026-06-08,SELL,SILVERBEES.NS,2338,227.93,532900.34,266.45017,1099105.9180199993
2026-06-08,BUY,GILT5YBEES.NS,8429,65.16,549233.64,274.61682,549597.6611999993
2026-06-08,BUY,LTGILTBEES.NS,18695,29.38,549259.1,274.62955,63.93164999934379
2026-06-15,SELL,PHARMABEES.NS,24211,24.85,601643.35,300.82167499999997,601406.4599749993
2026-06-15,SELL,MON100.NS,2484,330.19,820191.96,410.09598,1421188.3239949993
2026-06-15,SELL,MAFANG.NS,3332,192.04,639877.28,319.93864,2060745.6653549992
2026-06-15,BUY,BANKBEES.NS,1164,589.68,686387.5199999999,343.19375999999994,1374014.9515949993
2026-06-15,BUY,PSUBNKBEES.NS,7154,95.96,686497.84,343.24892,687173.8626749993
2026-06-15,BUY,AUTOBEES.NS,2472,277.69,686449.68,343.22484000000003,380.95783499919344
2026-06-22,SELL,LTGILTBEES.NS,18695,29.61,553558.95,276.779475,553663.1283599992
2026-06-22,SELL,AUTOBEES.NS,2472,275.16,680195.52,340.09776,1233518.5505999993
2026-06-22,SELL,GILT5YBEES.NS,8429,65.51,552183.79,276.091895,1785426.2487049992
2026-06-22,BUY,JUNIORBEES.NS,756,786.83,594843.48,297.42174,1190285.346964999
2026-06-22,BUY,CONSUMBEES.NS,4623,128.66,594795.1799999999,297.39759,595192.7693749992
2026-06-22,BUY,MOM100.NS,8776,67.78,594837.28,297.41864000000004,58.07073499914259
2026-06-29,SELL,MOM100.NS,8776,66.41,582814.1599999999,291.40707999999995,582580.823654999
2026-06-29,BUY,AUTOBEES.NS,2135,272.69,582193.15,291.09657500000003,96.57707999902777
2026-07-06,SELL,PSUBNKBEES.NS,7154,93.3,667468.2,333.73409999999996,667231.042979999
2026-07-06,SELL,JUNIORBEES.NS,756,784.84,593339.04,296.66952000000003,1260273.413459999
2026-07-06,BUY,PHARMABEES.NS,23739,26.53,629795.67,314.89783500000004,630162.845624999
2026-07-06,BUY,NIFTYBEES.NS,2270,277.43,629766.1,314.88304999999997,81.86257499910425
2026-07-13,SELL,NIFTYBEES.NS,2270,275.3,624931.0,312.4655,624700.397074999
2026-07-13,SELL,AUTOBEES.NS,2135,278.85,595344.75,297.672375,1219747.4746999992
2026-07-13,BUY,MID150BEES.NS,2546,239.34,609359.64,304.67982,610083.1548799992
2026-07-13,BUY,MOM100.NS,8964,68.0,609552.0,304.776,226.37887999927625
2026-07-20,SELL,CONSUMBEES.NS,4623,130.7,604226.1,302.11305,604150.3658299992
2026-07-20,SELL,MOM100.NS,8964,67.85,608207.3999999999,304.10369999999995,1212053.6621299991
2026-07-20,SELL,MID150BEES.NS,2546,238.93,608315.78,304.15789,1820065.284239999
2026-07-20,BUY,ITBEES.NS,18727,32.38,606380.26,303.19013,1213381.834109999
2026-07-20,BUY,MAFANG.NS,3052,198.67,606340.84,303.17042,606737.8236899991
2026-07-20,BUY,AUTOBEES.NS,2173,279.0,606267.0,303.1335,167.69018999906257
2026-07-27,SELL,BANKBEES.NS,1164,591.44,688436.16,344.21808000000004,688259.6321099991
2026-07-27,BUY,CONSUMBEES.NS,5201,132.26,687884.26,343.94213,31.429979999084026
