date,action,ticker,units,price,gross,cost,cash_after
2018-01-01,BUY,MON100.NS,6883,48.4,333137.2,166.5686,666696.2313999999
2018-01-01,BUY,MOM100.NS,15282,21.8,333147.60000000003,166.57380000000003,333382.0575999999
2018-01-01,BUY,JUNIORBEES.NS,1055,315.5,332852.5,166.42625,363.13134999986505
2018-01-15,SELL,MON100.NS,6883,48.09,331003.47000000003,165.50173500000002,331201.0996149999
2018-01-15,SELL,MOM100.NS,15282,22.82,348735.24,174.36762,679761.9719949999
2018-01-15,SELL,JUNIORBEES.NS,1055,322.77,340522.35,170.26117499999998,1020114.0608199999
2018-01-15,BUY,MOM100.NS,14893,22.82,339858.26,169.92913000000001,680085.8716899999
2018-01-15,BUY,MON100.NS,7067,48.09,339852.03,169.926015,340063.91567499994
2018-01-15,BUY,CPSEETF.NS,10963,31.0,339853.0,169.9265,40.98917499993695
2018-01-22,SELL,MOM100.NS,14893,23.09,343879.37,171.939685,343748.41948999994
2018-01-22,SELL,MON100.NS,7067,49.59,350452.53,175.226265,694025.723225
2018-01-22,SELL,CPSEETF.NS,10963,30.31,332288.52999999997,166.144265,1026148.1089599999
2018-01-22,BUY,MON100.NS,6894,49.59,341873.46,170.93673,684103.7122299998
2018-01-22,BUY,MOM100.NS,14806,23.09,341870.54,170.93527,342062.23695999983
2018-01-22,BUY,BANKBEES.NS,1247,274.16,341877.52,170.93876,13.778199999826029
2018-02-05,SELL,MON100.NS,6894,49.18,339046.92,169.52346,338891.1747399998
2018-02-05,SELL,MOM100.NS,14806,22.11,327360.66,163.68033,666088.1544099997
2018-02-05,SELL,BANKBEES.NS,1247,265.34,330878.98,165.43949,996801.6949199997
2018-02-05,BUY,MON100.NS,6752,49.18,332063.36,166.03168,664572.3032399997
2018-02-05,BUY,GOLDBEES.NS,12218,27.18,332085.24,166.04262,332321.0206199997
2018-02-05,BUY,BANKBEES.NS,1251,265.34,331940.33999999997,165.97017,214.7104499997222
2018-02-12,SELL,MON100.NS,6752,49.84,336519.68000000005,168.25984000000003,336566.13060999976
2018-02-12,SELL,GOLDBEES.NS,12218,27.0,329886.0,164.943,666287.1876099997
2018-02-12,SELL,BANKBEES.NS,1251,261.59,327249.08999999997,163.62454499999998,993372.6530649996
2018-02-12,BUY,MON100.NS,6640,49.84,330937.60000000003,165.46880000000002,662269.5842649996
2018-02-12,BUY,GOLDBEES.NS,12257,27.0,330939.0,165.4695,331165.1147649996
2018-02-12,BUY,LIQUIDBEES.NS,330,1000.0,330000.0,165.0,1000.1147649995983
2018-04-02,SELL,MON100.NS,6640,51.55,342292.0,171.14600000000002,343120.9687649996
2018-04-02,SELL,GOLDBEES.NS,12257,27.45,336454.64999999997,168.22732499999998,679407.3914399996
2018-04-02,SELL,LIQUIDBEES.NS,330,1000.0,330000.0,165.0,1009242.3914399996
2018-04-02,BUY,GOLDBEES.NS,12249,27.45,336235.05,168.117525,672839.2239149995
2018-04-02,BUY,LIQUIDBEES.NS,336,1000.0,336000.0,168.0,336671.2239149995
2018-04-02,BUY,JUNIORBEES.NS,1127,298.29,336172.83,168.08641500000002,330.3074999994715
2018-04-09,SELL,GOLDBEES.NS,12249,27.38,335377.62,167.68881,335540.23868999945
2018-04-09,SELL,LIQUIDBEES.NS,336,1000.0,336000.0,168.0,671372.2386899994
2018-04-09,SELL,JUNIORBEES.NS,1127,307.03,346022.81,173.011405,1017222.0372849994
2018-04-09,BUY,JUNIORBEES.NS,1103,307.03,338654.08999999997,169.327045,678398.6202399994
2018-04-09,BUY,BANKBEES.NS,1335,253.69,338676.15,169.338075,339553.1321649994
2018-04-09,BUY,LIQUIDBEES.NS,338,1000.0,338000.0,169.0,1384.132164999377
2018-04-16,SELL,JUNIORBEES.NS,1103,308.11,339845.33,169.92266500000002,341059.5394999994
2018-04-16,SELL,BANKBEES.NS,1335,256.75,342761.25,171.380625,683649.4088749994
2018-04-16,SELL,LIQUIDBEES.NS,338,999.99,337996.62,168.99831,1021477.0305649994
2018-04-16,BUY,JUNIORBEES.NS,1104,308.11,340153.44,170.07672,681153.5138449995
2018-04-16,BUY,BANKBEES.NS,1325,256.75,340193.75,170.096875,340789.6669699995
2018-04-16,BUY,INFRABEES.NS,971,350.45,340286.95,170.14347500000002,332.57349499949487
2018-04-23,SELL,JUNIORBEES.NS,1104,309.07,341213.27999999997,170.60664,341375.24685499945
2018-04-23,SELL,BANKBEES.NS,1325,252.85,335026.25,167.513125,676233.9837299995
2018-04-23,SELL,INFRABEES.NS,971,352.95,342714.45,171.357225,1018777.0765049995
2018-04-23,BUY,JUNIORBEES.NS,1098,309.07,339358.86,169.67943,679248.5370749995
2018-04-23,BUY,INFRABEES.NS,961,352.95,339184.95,169.592475,339893.9945999995
2018-04-23,BUY,GOLDBEES.NS,12117,28.01,339397.17000000004,169.69858500000004,327.1260149994632
2018-04-30,SELL,JUNIORBEES.NS,1098,313.8,344552.4,172.27620000000002,344707.24981499946
2018-04-30,SELL,INFRABEES.NS,961,357.49,343547.89,171.773945,688083.3658699994
2018-04-30,SELL,GOLDBEES.NS,12117,27.75,336246.75,168.123375,1024161.9924949994
2018-04-30,BUY,JUNIORBEES.NS,1087,313.8,341100.60000000003,170.55030000000002,682890.8421949993
2018-04-30,BUY,NIFTYBEES.NS,3069,111.17,341180.73,170.590365,341539.52182999934
2018-04-30,BUY,BANKBEES.NS,1313,259.83,341156.79,170.578395,212.15343499934534
2018-05-07,SELL,JUNIORBEES.NS,1087,305.34,331904.57999999996,165.95228999999998,331950.7811449993
2018-05-07,SELL,NIFTYBEES.NS,3069,110.72,339799.68,169.89984,671580.5613049993
2018-05-07,SELL,BANKBEES.NS,1313,261.4,343218.19999999995,171.60909999999998,1014627.1522049992
2018-05-07,BUY,BANKBEES.NS,1293,261.4,337990.19999999995,168.99509999999998,676467.9571049993
2018-05-07,BUY,MOM100.NS,16166,20.91,338031.06,169.01553,338267.88157499937
2018-05-07,BUY,NIFTYBEES.NS,3053,110.72,338028.16,169.01407999999998,70.70749499939848
2018-05-21,SELL,BANKBEES.NS,1293,260.62,336981.66000000003,168.49083000000002,336883.8766649994
2018-05-21,SELL,MOM100.NS,16166,20.35,328978.10000000003,164.48905000000002,665697.4876149995
2018-05-21,SELL,NIFTYBEES.NS,3053,109.05,332929.64999999997,166.464825,998460.6727899995
2018-05-21,BUY,MON100.NS,6019,55.26,332609.94,166.30497,665684.4278199995
2018-05-21,BUY,BANKBEES.NS,1276,260.62,332551.12,166.27556,332967.03225999954
2018-05-21,BUY,NIFTYBEES.NS,3050,109.05,332602.5,166.30125,198.23100999952294
2018-05-28,SELL,MON100.NS,6019,55.91,336522.29,168.261145,336552.2598649995
2018-05-28,SELL,BANKBEES.NS,1276,269.83,344303.07999999996,172.15153999999998,680683.1883249995
2018-05-28,SELL,NIFTYBEES.NS,3050,111.05,338702.5,169.35125,1019216.3370749995
2018-05-28,BUY,MON100.NS,6073,55.91,339541.43,169.770715,679505.1363599994
2018-05-28,BUY,BANKBEES.NS,1258,269.83,339446.13999999996,169.72306999999998,339889.27328999946
2018-05-28,BUY,PSUBNKBEES.NS,10124,33.54,339558.95999999996,169.77947999999998,160.53380999946967
2018-07-02,SELL,MON100.NS,6073,56.14,340938.22000000003,170.46911000000003,340928.2846999995
2018-07-02,SELL,BANKBEES.NS,1258,266.26,334955.08,167.47754,675715.8871599995
2018-07-02,SELL,PSUBNKBEES.NS,10124,31.05,314350.2,157.17510000000001,989908.9120599995
2018-07-02,BUY,MON100.NS,5874,56.14,329766.36,164.88318,659977.6688799995
2018-07-02,BUY,BANKBEES.NS,1238,266.26,329629.88,164.81494,330182.97393999953
2018-07-02,BUY,NIFTYBEES.NS,2971,111.0,329781.0,164.8905,237.08343999955105
2018-07-23,SELL,MON100.NS,5874,59.49,349444.26,174.72213000000002,349506.62130999955
2018-07-23,SELL,BANKBEES.NS,1238,274.01,339224.38,169.61219,688561.3891199995
2018-07-23,SELL,NIFTYBEES.NS,2971,115.34,342675.14,171.33757,1031065.1915499995
2018-07-23,BUY,MON100.NS,5774,59.49,343495.26,171.74763000000002,687398.1839199995
2018-07-23,BUY,NIFTYBEES.NS,2978,115.34,343482.52,171.74126,343743.9226599995
2018-07-23,BUY,NIF100BEES.NS,2979,115.3,343478.7,171.73935,93.48330999951577
2018-07-30,SELL,MON100.NS,5774,60.58,349788.92,174.89446,349707.5088499995
2018-07-30,SELL,NIFTYBEES.NS,2978,117.74,350629.72,175.31485999999998,700161.9139899996
2018-07-30,SELL,NIF100BEES.NS,2979,118.39,352683.81,176.341905,1052669.3820849997
2018-07-30,BUY,PSUBNKBEES.NS,9763,35.92,350686.96,175.34348000000003,701807.0786049997
2018-07-30,BUY,NIFTYBEES.NS,2978,117.74,350629.72,175.31485999999998,351002.04374499974
2018-07-30,BUY,NIF100BEES.NS,2962,118.39,350671.18,175.33559,155.52815499977442
2018-08-06,SELL,PSUBNKBEES.NS,9763,36.99,361133.37,180.566685,361108.33146999974
2018-08-06,SELL,NIFTYBEES.NS,2978,118.74,353607.72,176.80386,714539.2476099997
2018-08-06,SELL,NIF100BEES.NS,2962,120.05,355588.1,177.79405,1069949.5535599997
2018-08-06,BUY,PSUBNKBEES.NS,9636,36.99,356435.64,178.21782000000002,713335.6957399996
2018-08-06,BUY,MOM100.NS,17015,20.95,356464.25,178.232125,356693.21361499967
2018-08-06,BUY,CPSEETF.NS,12910,27.61,356445.1,178.22254999999998,69.8910649996833
2018-08-13,SELL,PSUBNKBEES.NS,9636,35.0,337260.0,168.63,337161.2610649997
2018-08-13,SELL,MOM100.NS,17015,21.07,358506.05,179.253025,695488.0580399997
2018-08-13,SELL,CPSEETF.NS,12910,27.06,349344.6,174.67229999999998,1044657.9857399997
2018-08-13,BUY,PSUBNKBEES.NS,9944,35.0,348040.0,174.02,696443.9657399997
2018-08-13,BUY,MOM100.NS,16518,21.07,348034.26,174.01713,348235.68860999966
2018-08-13,BUY,JUNIORBEES.NS,1147,303.18,347747.46,173.87373000000002,314.3548799996497
2018-08-20,SELL,PSUBNKBEES.NS,9944,36.44,362359.36,181.17968,362492.53519999963
2018-08-20,SELL,MOM100.NS,16518,21.15,349355.69999999995,174.67784999999998,711673.5573499997
2018-08-20,SELL,JUNIORBEES.NS,1147,311.28,357038.16,178.51908,1068533.1982699996
2018-08-20,BUY,PSUBNKBEES.NS,9769,36.44,355982.36,177.99117999999999,712372.8470899996
2018-08-20,BUY,MOM100.NS,16832,21.15,355996.8,177.9984,356198.0486899996
2018-08-20,BUY,HNGSNGBEES.NS,1002,355.0,355710.0,177.855,310.19368999963626
2018-08-27,SELL,PSUBNKBEES.NS,9769,36.42,355786.98000000004,177.89349,355919.2801999997
2018-08-27,SELL,MOM100.NS,16832,20.99,353303.68,176.65184,709046.3083599997
2018-08-27,SELL,HNGSNGBEES.NS,1002,329.32,329978.64,164.98932000000002,1038859.9590399996
2018-08-27,BUY,PSUBNKBEES.NS,9503,36.42,346099.26,173.04963,692587.6494099996
2018-08-27,BUY,JUNIORBEES.NS,1092,316.69,345825.48,172.91273999999999,346589.2566699996
2018-08-27,BUY,MOM100.NS,16489,20.99,346104.11,173.052055,312.0946149996598
2018-09-03,SELL,PSUBNKBEES.NS,9503,36.41,346004.23,173.002115,346143.32249999966
2018-09-03,SELL,JUNIORBEES.NS,1092,319.1,348457.2,174.2286,694426.2938999997
2018-09-03,SELL,MOM100.NS,16489,20.83,343465.87,171.732935,1037720.4309649997
2018-09-03,BUY,PSUBNKBEES.NS,9495,36.41,345712.94999999995,172.856475,691834.6244899998
2018-09-03,BUY,JUNIORBEES.NS,1083,319.1,345585.30000000005,172.79265000000004,346076.5318399998
2018-09-03,BUY,INFRABEES.NS,1034,334.33,345697.22,172.84860999999998,206.4632299998193
2018-09-10,SELL,PSUBNKBEES.NS,9495,34.13,324064.35000000003,162.03217500000002,324108.78105499985
2018-09-10,SELL,JUNIORBEES.NS,1083,308.19,333769.77,166.88488500000003,657711.6661699999
2018-09-10,SELL,INFRABEES.NS,1034,330.0,341220.0,170.61,998761.0561699999
2018-09-10,BUY,INFRABEES.NS,1008,330.0,332640.0,166.32,665954.7361699999
2018-09-10,BUY,JUNIORBEES.NS,1079,308.19,332537.01,166.268505,333251.45766499994
2018-09-10,BUY,NIF100BEES.NS,2754,120.81,332710.74,166.35537,374.3622949999408
2018-09-17,SELL,INFRABEES.NS,1008,331.95,334605.6,167.3028,334812.6594949999
2018-09-17,SELL,JUNIORBEES.NS,1079,306.47,330681.13,165.340565,665328.44893
2018-09-17,SELL,NIF100BEES.NS,2754,121.68,335106.72000000003,167.55336000000003,1000267.6155699999
2018-09-17,BUY,INFRABEES.NS,1003,331.95,332945.85,166.472925,667155.2926449999
2018-09-17,BUY,GOLDBEES.NS,12198,27.32,333249.36,166.62467999999998,333739.3079649999
2018-09-17,BUY,NIFTYBEES.NS,2801,118.96,333206.95999999996,166.60348,365.7444849999738
2018-09-24,SELL,INFRABEES.NS,1003,315.0,315945.0,157.9725,316152.771985
2018-09-24,SELL,GOLDBEES.NS,12198,27.34,333493.32,166.74666000000002,649479.345325
2018-09-24,SELL,NIFTYBEES.NS,2801,114.8,321554.8,160.7774,970873.3679249999
2018-09-24,BUY,NIF100BEES.NS,2777,116.44,323353.88,161.67694,647357.8109849999
2018-09-24,BUY,GOLDBEES.NS,11831,27.34,323459.54,161.72977,323736.5412149999
2018-09-24,BUY,CPSEETF.NS,11988,26.98,323436.24,161.71812,138.58309499995084
2018-10-01,SELL,NIF100BEES.NS,2777,115.39,320438.03,160.219015,320416.39408
2018-10-01,SELL,GOLDBEES.NS,11831,27.17,321448.27,160.72413500000002,641703.939945
2018-10-01,SELL,CPSEETF.NS,11988,26.96,323196.48,161.59824,964738.821705
2018-10-01,BUY,GOLDBEES.NS,11829,27.17,321393.93,160.696965,643184.19474
2018-10-01,BUY,LIQUIDBEES.NS,321,999.99,320996.79,160.498395,322026.90634499997
2018-10-01,BUY,CPSEETF.NS,11922,26.96,321417.12,160.70856,449.0777849999722
2018-10-08,SELL,GOLDBEES.NS,11829,27.74,328136.45999999996,164.06822999999997,328421.46955499996
2018-10-08,SELL,LIQUIDBEES.NS,321,1000.0,321000.0,160.5,649260.969555
2018-10-08,SELL,CPSEETF.NS,11922,24.04,286604.88,143.30244000000002,935722.547115
2018-10-08,BUY,MON100.NS,4753,65.58,311701.74,155.85087,623864.956245
2018-10-08,BUY,GOLDBEES.NS,11238,27.74,311742.12,155.87106,311966.96518500004
2018-10-08,BUY,LIQUIDBEES.NS,311,1000.0,311000.0,155.5,811.4651850000373
2018-10-29,SELL,MON100.NS,4753,58.09,276101.77,138.05088500000002,276775.1843000001
2018-10-29,SELL,GOLDBEES.NS,11238,28.35,318597.3,159.29865,595213.1856500001
2018-10-29,SELL,LIQUIDBEES.NS,311,999.99,310996.89,155.498445,906054.5772050002
2018-10-29,BUY,GOLDBEES.NS,10647,28.35,301842.45,150.92122500000002,604061.2059800002
2018-10-29,BUY,LIQUIDBEES.NS,301,999.99,300996.99,150.498495,302913.7174850002
2018-10-29,BUY,MOM100.NS,15929,18.95,301854.55,150.927275,908.2402100001927
2018-11-05,SELL,GOLDBEES.NS,10647,28.44,302800.68,151.40034,303557.5198700002
2018-11-05,SELL,LIQUIDBEES.NS,301,999.99,300996.99,150.498495,604404.0113750002
2018-11-05,SELL,MOM100.NS,15929,19.44,309659.76,154.82988,913908.9414950003
2018-11-05,BUY,PSUBNKBEES.NS,9162,33.23,304453.25999999995,152.22662999999997,609303.4548650003
2018-11-05,BUY,INFRABEES.NS,976,311.7,304219.2,152.1096,304932.1452650003
2018-11-05,BUY,GOLDBEES.NS,10706,28.44,304478.64,152.23932000000002,301.26594500028295
2018-11-12,SELL,PSUBNKBEES.NS,9162,31.78,291168.36,145.58418,291324.04176500026
2018-11-12,SELL,INFRABEES.NS,976,311.0,303536.0,151.768,594708.2737650003
2018-11-12,SELL,GOLDBEES.NS,10706,27.7,296556.2,148.2781,891116.1956650002
2018-11-12,BUY,PSUBNKBEES.NS,9342,31.78,296888.76,148.44438,594078.9912850002
2018-11-12,BUY,MOM100.NS,15070,19.7,296879.0,148.4395,297051.55178500025
2018-11-12,BUY,INFRABEES.NS,954,311.0,296694.0,148.347,209.20478500024183
2018-11-19,SELL,PSUBNKBEES.NS,9342,33.26,310714.92,155.35746,310768.7673250002
2018-11-19,SELL,MOM100.NS,15070,19.21,289494.7,144.74735,600118.7199750002
2018-11-19,SELL,INFRABEES.NS,954,323.01,308151.54,154.07577,908116.1842050003
2018-11-19,BUY,PSUBNKBEES.NS,9096,33.26,302532.95999999996,151.26647999999997,605431.9577250003
2018-11-19,BUY,INFRABEES.NS,936,323.01,302337.36,151.16868,302943.42904500035
2018-11-19,BUY,BANKBEES.NS,1125,268.78,302377.49999999994,151.18874999999997,414.7402950004325
2018-12-03,SELL,PSUBNKBEES.NS,9096,32.6,296529.60000000003,148.2648,296796.07549500046
2018-12-03,SELL,INFRABEES.NS,936,320.68,300156.48,150.07824,596802.4772550005
2018-12-03,SELL,BANKBEES.NS,1125,273.97,308216.25000000006,154.10812500000003,904864.6191300005
2018-12-03,BUY,BANKBEES.NS,1100,273.97,301367.00000000006,150.68350000000004,603346.9356300004
2018-12-03,BUY,INFRABEES.NS,940,320.68,301439.2,150.7196,301757.0160300004
2018-12-03,BUY,NIFTYBEES.NS,2649,113.8,301456.2,150.7281,150.08793000038713
2018-12-17,SELL,BANKBEES.NS,1100,274.48,301928.0,150.964,301927.1239300004
2018-12-17,SELL,INFRABEES.NS,940,316.23,297256.2,148.62810000000002,599034.6958300004
2018-12-17,SELL,NIFTYBEES.NS,2649,113.64,301032.36,150.51618,899916.5396500004
2018-12-17,BUY,PSUBNKBEES.NS,9127,32.85,299821.95,149.910975,599944.6786750003
2018-12-17,BUY,BANKBEES.NS,1092,274.48,299732.16000000003,149.86608,300062.6525950003
2018-12-17,BUY,JUNIORBEES.NS,1040,288.14,299665.6,149.8328,247.21979500033194
2018-12-31,SELL,PSUBNKBEES.NS,9127,34.35,313512.45,156.756225,313602.9135700003
2018-12-31,SELL,BANKBEES.NS,1092,276.89,302363.88,151.18194,615815.6116300004
2018-12-31,SELL,JUNIORBEES.NS,1040,290.77,302400.8,151.2004,918065.2112300005
2018-12-31,BUY,PSUBNKBEES.NS,8904,34.35,305852.4,152.92620000000002,612059.8850300005
2018-12-31,BUY,INFRABEES.NS,934,327.36,305754.24,152.87712,306152.76791000046
2018-12-31,BUY,BANKBEES.NS,1104,276.89,305686.56,152.84328,313.36463000049116
2019-01-07,SELL,PSUBNKBEES.NS,8904,34.1,303626.4,151.81320000000002,303787.95143000054
2019-01-07,SELL,INFRABEES.NS,934,318.28,297273.51999999996,148.63675999999998,600912.8346700005
2019-01-07,SELL,BANKBEES.NS,1104,278.74,307728.96,153.86448000000001,908487.9301900005
2019-01-07,BUY,PSUBNKBEES.NS,8876,34.1,302671.60000000003,151.33580000000003,605664.9943900004
2019-01-07,BUY,BANKBEES.NS,1085,278.74,302432.9,151.21645,303080.8779400003
2019-01-07,BUY,GOLDBEES.NS,10725,28.22,302659.5,151.32975,270.0481900003506
2019-01-21,SELL,PSUBNKBEES.NS,8876,33.78,299831.28,149.91564000000002,299951.41255000036
2019-01-21,SELL,BANKBEES.NS,1085,279.61,303376.85000000003,151.68842500000002,603176.5741250004
2019-01-21,SELL,GOLDBEES.NS,10725,28.58,306520.5,153.26025,909543.8138750005
2019-01-21,BUY,PSUBNKBEES.NS,8970,33.78,303006.60000000003,151.50330000000002,606385.7105750004
2019-01-21,BUY,MON100.NS,6379,47.5,303002.5,151.50125,303231.7093250004
2019-01-21,BUY,GOLDBEES.NS,10602,28.58,303005.16,151.50258,75.04674500046531
2019-01-28,SELL,PSUBNKBEES.NS,8970,32.05,287488.5,143.74425,287419.8024950005
2019-01-28,SELL,MON100.NS,6379,46.25,295028.75,147.514375,582301.0381200004
2019-01-28,SELL,GOLDBEES.NS,10602,28.98,307245.96,153.62298,889393.3751400004
2019-01-28,BUY,MON100.NS,6406,46.25,296277.5,148.13875000000002,592967.7363900004
2019-01-28,BUY,GOLDBEES.NS,10224,28.98,296291.52,148.14576000000002,296528.07063000044
2019-01-28,BUY,BANKBEES.NS,1093,271.08,296290.44,148.14522,89.48541000043042
2019-02-04,SELL,MON100.NS,6406,48.28,309281.68,154.64084,309216.5245700004
2019-02-04,SELL,GOLDBEES.NS,10224,29.47,301301.27999999997,150.65063999999998,610367.1539300004
2019-02-04,SELL,BANKBEES.NS,1093,276.12,301799.16000000003,150.89958000000001,912015.4143500004
2019-02-04,BUY,MON100.NS,6293,48.28,303826.04,151.91302,608037.4613300005
2019-02-04,BUY,GOLDBEES.NS,10310,29.47,303835.7,151.91785000000002,304049.8434800005
2019-02-04,BUY,NIFTYBEES.NS,2658,114.3,303809.39999999997,151.9047,88.53878000052646
2019-02-18,SELL,MON100.NS,6293,49.98,314524.13999999996,157.26207,314455.4167100005
2019-02-18,SELL,GOLDBEES.NS,10310,29.7,306207.0,153.1035,620509.3132100005
2019-02-18,SELL,NIFTYBEES.NS,2658,111.67,296818.86,148.40943,917179.7637800005
2019-02-18,BUY,MON100.NS,6113,49.98,305527.74,152.76387,611499.2599100005
2019-02-18,BUY,GOLDBEES.NS,10288,29.7,305553.6,152.77679999999998,305792.8831100005
2019-02-18,BUY,LIQUIDBEES.NS,305,999.99,304996.95,152.498475,643.4346350005362
2019-02-25,SELL,MON100.NS,6113,49.97,305466.61,152.733305,305957.3113300005
2019-02-25,SELL,GOLDBEES.NS,10288,29.57,304216.16,152.10808,610021.3632500005
2019-02-25,SELL,LIQUIDBEES.NS,305,999.99,304996.95,152.498475,914865.8147750006
2019-02-25,BUY,MON100.NS,6099,49.97,304767.02999999997,152.383515,609946.4012600007
2019-02-25,BUY,GOLDBEES.NS,10307,29.57,304777.99,152.388995,305016.0222650007
2019-02-25,BUY,CPSEETF.NS,12833,23.75,304783.75,152.391875,79.88039000070421
2019-03-05,SELL,MON100.NS,6099,50.08,305437.92,152.71895999999998,305365.08143000066
2019-03-05,SELL,GOLDBEES.NS,10307,28.48,293543.36,146.77168,598761.6697500006
2019-03-05,SELL,CPSEETF.NS,12833,25.76,330578.08,165.28904,929174.4607100006
2019-03-05,BUY,CPSEETF.NS,12017,25.76,309557.92000000004,154.77896,619461.7617500005
2019-03-05,BUY,MON100.NS,6181,50.08,309544.48,154.77223999999998,309762.5095100005
2019-03-05,BUY,DIVOPPBEES.NS,10501,29.48,309569.48,154.78474,38.244770000572316
2019-03-11,SELL,CPSEETF.NS,12017,25.91,311360.47000000003,155.680235,311243.0345350006
2019-03-11,SELL,MON100.NS,6181,48.74,301261.94,150.63097,612354.3435650007
2019-03-11,SELL,DIVOPPBEES.NS,10501,30.0,315030.0,157.51500000000001,927226.8285650007
2019-03-11,BUY,CPSEETF.NS,11922,25.91,308899.02,154.44951,618173.3590550006
2019-03-11,BUY,JUNIORBEES.NS,1066,289.72,308841.52,154.42076,309177.41829500056
2019-03-11,BUY,INFRABEES.NS,963,320.74,308872.62,154.43631,150.36198500054888
2019-03-18,SELL,CPSEETF.NS,11922,26.79,319390.38,159.69519,319381.04679500055
2019-03-18,SELL,JUNIORBEES.NS,1066,288.6,307647.60000000003,153.82380000000003,626874.8229950005
2019-03-18,SELL,INFRABEES.NS,963,325.88,313822.44,156.91122000000001,940540.3517750006
2019-03-18,BUY,CPSEETF.NS,11696,26.79,313335.83999999997,156.66791999999998,627047.8438550006
2019-03-18,BUY,PSUBNKBEES.NS,9125,34.34,313352.50000000006,156.67625000000004,313538.6676050005
2019-03-18,BUY,BANKBEES.NS,1044,299.88,313074.72,156.53735999999998,307.41024500050116
2019-04-01,SELL,CPSEETF.NS,11696,26.98,315558.08,157.77904,315707.7112050005
2019-04-01,SELL,PSUBNKBEES.NS,9125,37.14,338902.5,169.45125000000002,654440.7599550006
2019-04-01,SELL,BANKBEES.NS,1044,309.63,323253.72,161.62686,977532.8530950006
2019-04-01,BUY,PSUBNKBEES.NS,8769,37.14,325680.66000000003,162.84033000000002,651689.3527650007
2019-04-01,BUY,CPSEETF.NS,12071,26.98,325675.58,162.83779,325850.9349750006
2019-04-01,BUY,INFRABEES.NS,986,330.25,325626.5,162.81325,61.6217250006157
2019-04-08,SELL,PSUBNKBEES.NS,8769,36.0,315684.0,157.842,315587.7797250006
2019-04-08,SELL,CPSEETF.NS,12071,26.74,322778.54,161.38926999999998,638204.9304550006
2019-04-08,SELL,INFRABEES.NS,986,330.86,326227.96,163.11398000000003,964269.7764750007
2019-04-08,BUY,PSUBNKBEES.NS,8923,36.0,321228.0,160.614,642881.1624750006
2019-04-08,BUY,CPSEETF.NS,12014,26.74,321254.36,160.62718,321466.1752950006
2019-04-08,BUY,BANKBEES.NS,1056,303.96,320981.75999999995,160.49087999999998,323.92441500065615
2019-04-22,SELL,PSUBNKBEES.NS,8923,34.64,309092.72000000003,154.54636000000002,309262.0980550007
2019-04-22,SELL,CPSEETF.NS,12014,26.91,323296.74,161.64837,632397.1896850007
2019-04-22,SELL,BANKBEES.NS,1056,302.02,318933.12,159.46656,951170.8431250007
2019-04-22,BUY,CPSEETF.NS,11776,26.91,316892.16,158.44608,634120.2370450008
2019-04-22,BUY,BANKBEES.NS,1049,302.02,316818.98,158.40949,317142.8475550008
2019-04-22,BUY,NIF100BEES.NS,2614,121.2,316816.8,158.4084,167.63915500079747
2019-04-30,SELL,CPSEETF.NS,11776,27.5,323840.0,161.92000000000002,323845.7191550008
2019-04-30,SELL,BANKBEES.NS,1049,302.63,317458.87,158.729435,641145.8597200008
2019-04-30,SELL,NIF100BEES.NS,2614,122.44,320058.16,160.02908,961043.9906400007
2019-04-30,BUY,MON100.NS,5897,54.29,320148.13,160.07406500000002,640735.7865750007
2019-04-30,BUY,NIF100BEES.NS,2615,122.44,320180.6,160.09029999999998,320395.0962750008
2019-04-30,BUY,NIFTYBEES.NS,2594,123.41,320125.54,160.06277,109.49350500077708
2019-05-06,SELL,MON100.NS,5897,52.47,309415.58999999997,154.70779499999998,309370.37571000075
2019-05-06,SELL,NIF100BEES.NS,2615,120.4,314846.0,157.423,624058.9527100008
2019-05-06,SELL,NIFTYBEES.NS,2594,121.83,316027.02,158.01351000000003,939927.9592000009
2019-05-06,BUY,MON100.NS,5968,52.47,313140.96,156.57048,626630.4287200009
2019-05-06,BUY,CPSEETF.NS,11424,27.41,313131.84,156.56592,313342.02280000085
2019-05-06,BUY,DIVOPPBEES.NS,10290,30.43,313124.7,156.56235,60.76045000081649
2019-05-13,SELL,MON100.NS,5968,52.42,312842.56,156.42128,312746.8991700008
2019-05-13,SELL,CPSEETF.NS,11424,25.91,295995.84,147.99792000000002,608594.7412500009
2019-05-13,SELL,DIVOPPBEES.NS,10290,29.39,302423.10000000003,151.21155000000002,910866.6297000009
2019-05-13,BUY,MON100.NS,5789,52.42,303459.38,151.72969,607255.5200100008
2019-05-13,BUY,LIQUIDBEES.NS,303,1000.0,303000.0,151.5,304104.0200100008
2019-05-13,BUY,GOLDBEES.NS,10738,28.26,303455.88,151.72794000000002,496.412070000777
2019-05-27,SELL,MON100.NS,5789,50.47,292170.83,146.085415,292521.1566550008
2019-05-27,SELL,LIQUIDBEES.NS,303,1000.0,303000.0,151.5,595369.6566550008
2019-05-27,SELL,GOLDBEES.NS,10738,28.1,301737.8,150.8689,896956.5877550007
2019-05-27,BUY,PSUBNKBEES.NS,7985,37.42,298798.7,149.39935,598008.4884050007
2019-05-27,BUY,INFRABEES.NS,862,346.48,298665.76,149.33288000000002,299193.39552500064
2019-05-27,BUY,BANKBEES.NS,929,321.61,298775.69,149.387845,268.31768000061857
2019-06-03,SELL,PSUBNKBEES.NS,7985,35.92,286821.2,143.41060000000002,286946.1070800006
2019-06-03,SELL,INFRABEES.NS,862,335.45,289157.89999999997,144.57895,575959.4281300006
2019-06-03,SELL,BANKBEES.NS,929,322.54,299639.66000000003,149.81983000000002,875449.2683000006
2019-06-03,BUY,INFRABEES.NS,869,335.45,291506.05,145.753025,583797.4652750005
2019-06-03,BUY,BANKBEES.NS,904,322.54,291576.16000000003,145.78808,292075.5171950005
2019-06-03,BUY,CPSEETF.NS,10201,28.59,291646.59,145.823295,283.103900000453
2019-06-17,SELL,INFRABEES.NS,869,336.5,292418.5,146.20925,292555.39465000044
2019-06-17,SELL,BANKBEES.NS,904,307.71,278169.83999999997,139.08491999999998,570586.1497300004
2019-06-17,SELL,CPSEETF.NS,10201,27.74,282975.74,141.48787,853420.4018600003
2019-06-17,BUY,INFRABEES.NS,844,336.5,284006.0,142.00300000000001,569272.3988600003
2019-06-17,BUY,GOLDBEES.NS,9824,28.94,284306.56,142.15328,284823.6855800003
2019-06-17,BUY,CPSEETF.NS,10249,27.74,284307.26,142.15363000000002,374.27195000025677
2019-06-24,SELL,INFRABEES.NS,844,342.2,288816.8,144.4084,289046.66355000023
2019-06-24,SELL,GOLDBEES.NS,9824,30.01,294818.24,147.40912,583717.4944300002
2019-06-24,SELL,CPSEETF.NS,10249,27.96,286562.04000000004,143.28102,870136.2534100002
2019-06-24,BUY,GOLDBEES.NS,9660,30.01,289896.60000000003,144.94830000000002,580094.7051100002
2019-06-24,BUY,INFRABEES.NS,847,342.2,289843.39999999997,144.9217,290106.38341000024
2019-06-24,BUY,MON100.NS,5428,53.4,289855.2,144.9276,106.25581000023521
2019-07-01,SELL,GOLDBEES.NS,9660,29.59,285839.4,142.9197,285802.73611000023
2019-07-01,SELL,INFRABEES.NS,847,346.99,293900.53,146.95026500000003,579556.3158450003
2019-07-01,SELL,MON100.NS,5428,53.29,289258.12,144.62906,868669.8067850003
2019-07-01,BUY,GOLDBEES.NS,9780,29.59,289390.2,144.6951,579134.9116850002
2019-07-01,BUY,PSUBNKBEES.NS,8187,35.35,289410.45,144.705225,289579.7564600002
2019-07-01,BUY,INFRABEES.NS,834,346.99,289389.66000000003,144.69483000000002,45.40163000015309
2019-07-08,SELL,GOLDBEES.NS,9780,30.29,296236.2,148.1181,296133.48353000014
2019-07-08,SELL,PSUBNKBEES.NS,8187,34.27,280568.49000000005,140.28424500000003,576561.6892850002
2019-07-08,SELL,INFRABEES.NS,834,337.51,281483.33999999997,140.74167,857904.2876150002
2019-07-08,BUY,PSUBNKBEES.NS,8340,34.27,285811.80000000005,142.90590000000003,571949.5817150001
2019-07-08,BUY,GOLDBEES.NS,9436,30.29,285816.44,142.90822,285990.2334950001
2019-07-08,BUY,HNGSNGBEES.NS,953,299.8,285709.4,142.8547,137.97879500006093
2019-07-15,SELL,PSUBNKBEES.NS,8340,34.14,284727.6,142.3638,284723.21499500005
2019-07-15,SELL,GOLDBEES.NS,9436,30.52,287986.72,143.99336,572565.941635
2019-07-15,SELL,HNGSNGBEES.NS,953,301.53,287358.08999999997,143.67904499999997,859780.35259
2019-07-15,BUY,GOLDBEES.NS,9385,30.52,286430.2,143.2151,573206.93749
2019-07-15,BUY,MON100.NS,5288,54.16,286398.07999999996,143.19903999999997,286665.6584500001
2019-07-15,BUY,PSUBNKBEES.NS,8390,34.14,286434.6,143.2173,87.84115000010934
2019-07-22,SELL,GOLDBEES.NS,9385,30.86,289621.1,144.81054999999998,289564.1306000001
2019-07-22,SELL,MON100.NS,5288,53.61,283489.68,141.74484,572912.0657600001
2019-07-22,SELL,PSUBNKBEES.NS,8390,33.08,277541.2,138.7706,850314.4951600002
2019-07-22,BUY,GOLDBEES.NS,9180,30.86,283294.8,141.6474,566878.0477600002
2019-07-22,BUY,MON100.NS,5284,53.61,283275.24,141.63762,283461.17014000023
2019-07-22,BUY,LIQUIDBEES.NS,283,999.99,282997.17,141.498585,322.5015550002572
2019-09-03,SELL,GOLDBEES.NS,9180,34.45,316251.0,158.12550000000002,316415.37605500023
2019-09-03,SELL,MON100.NS,5284,54.97,290461.48,145.23074,606731.6253150002
2019-09-03,SELL,LIQUIDBEES.NS,283,1000.0,283000.0,141.5,889590.1253150002
2019-09-03,BUY,GOLDBEES.NS,8603,34.45,296373.35000000003,148.186675,593068.5886400002
2019-09-03,BUY,MON100.NS,5391,54.97,296343.27,148.171635,296577.1470050002
2019-09-03,BUY,JUNIORBEES.NS,1104,268.39,296302.56,148.15128,126.43572500022128
2019-09-09,SELL,GOLDBEES.NS,8603,33.69,289835.07,144.91753500000002,289816.5881900002
2019-09-09,SELL,MON100.NS,5391,55.89,301302.99,150.651495,590968.9266950001
2019-09-09,SELL,JUNIORBEES.NS,1104,270.96,299139.83999999997,149.56992,889959.1967750001
2019-09-09,BUY,GOLDBEES.NS,8800,33.69,296472.0,148.236,593338.960775
2019-09-09,BUY,MON100.NS,5305,55.89,296496.45,148.24822500000002,296694.26255000004
2019-09-09,BUY,DIVOPPBEES.NS,10217,29.02,296497.33999999997,148.24866999999998,48.67388000007486
2019-09-16,SELL,GOLDBEES.NS,8800,33.25,292600.0,146.3,292502.3738800001
2019-09-16,SELL,MON100.NS,5305,55.36,293684.8,146.8424,586040.33148
2019-09-16,SELL,DIVOPPBEES.NS,10217,28.8,294249.60000000003,147.12480000000002,880142.8066800002
2019-09-16,BUY,MON100.NS,5296,55.36,293186.56,146.59328,586809.6534000002
2019-09-16,BUY,GOLDBEES.NS,8819,33.25,293231.75,146.61587500000002,293431.28752500017
2019-09-16,BUY,JUNIORBEES.NS,1068,274.4,293059.19999999995,146.5296,225.5579250002047
2019-09-23,SELL,MON100.NS,5296,54.58,289055.68,144.52784,289136.7100850002
2019-09-23,SELL,GOLDBEES.NS,8819,33.08,291732.51999999996,145.86625999999998,580723.3638250001
2019-09-23,SELL,JUNIORBEES.NS,1068,288.56,308182.08,154.09104000000002,888751.3527850001
2019-09-23,BUY,JUNIORBEES.NS,1026,288.56,296062.56,148.03128,592540.7615050001
2019-09-23,BUY,BANKBEES.NS,943,313.68,295800.24,147.90012,296592.62138500006
2019-09-23,BUY,NIFTYBEES.NS,2407,123.0,296061.0,148.0305,383.59088500007056
2019-09-30,SELL,JUNIORBEES.NS,1026,285.54,292964.04000000004,146.48202000000003,293201.1488650001
2019-09-30,SELL,BANKBEES.NS,943,298.18,281183.74,140.59187,574244.2969950001
2019-09-30,SELL,NIFTYBEES.NS,2407,121.57,292618.99,146.309495,866716.9775
2019-09-30,BUY,BANKBEES.NS,968,298.18,288638.24,144.31912,577934.41838
2019-09-30,BUY,JUNIORBEES.NS,1011,285.54,288680.94,144.34047,289109.13791000005
2019-09-30,BUY,INFRABEES.NS,857,336.88,288706.16,144.35307999999998,258.6248300001025
2019-10-07,SELL,BANKBEES.NS,968,283.33,274263.44,137.13172,274384.9331100001
2019-10-07,SELL,JUNIORBEES.NS,1011,273.03,276033.32999999996,138.016665,550280.246445
2019-10-07,SELL,INFRABEES.NS,857,319.62,273914.34,136.95717000000002,824057.6292750001
2019-10-07,BUY,INFRABEES.NS,858,319.62,274233.96,137.11698,549686.5522950001
2019-10-07,BUY,NIF100BEES.NS,2349,116.84,274457.16000000003,137.22858000000002,275092.16371500003
2019-10-07,BUY,JUNIORBEES.NS,1005,273.03,274395.14999999997,137.19757499999997,559.8161400000681
2019-10-14,SELL,INFRABEES.NS,858,330.59,283646.22,141.82310999999999,284064.21303000004
2019-10-14,SELL,NIF100BEES.NS,2349,118.48,278309.52,139.15476,562234.57827
2019-10-14,SELL,JUNIORBEES.NS,1005,278.05,279440.25,139.720125,841535.1081450001
2019-10-14,BUY,INFRABEES.NS,848,330.59,280340.32,140.17016,561054.6179850001
2019-10-14,BUY,NIFTYBEES.NS,2338,119.89,280302.82,140.15141,280611.64657500014
2019-10-14,BUY,NIF100BEES.NS,2366,118.48,280323.68,140.16184,147.80473500012886
2019-10-22,SELL,INFRABEES.NS,848,342.0,290016.0,145.008,290018.79673500016
2019-10-22,SELL,NIFTYBEES.NS,2338,122.96,287480.48,143.74024,577355.5364950001
2019-10-22,SELL,NIF100BEES.NS,2366,121.52,287516.32,143.75816,864728.0983350001
2019-10-22,BUY,CPSEETF.NS,11616,24.8,288076.8,144.0384,576507.2599350001
2019-10-22,BUY,INFRABEES.NS,842,342.0,287964.0,143.982,288399.2779350001
2019-10-22,BUY,JUNIORBEES.NS,990,290.8,287892.0,143.946,363.331935000082
2019-10-29,SELL,CPSEETF.NS,11616,24.75,287496.0,143.748,287715.58393500006
2019-10-29,SELL,INFRABEES.NS,842,340.15,286406.3,143.20315,573978.6807850001
2019-10-29,SELL,JUNIORBEES.NS,990,293.9,290961.0,145.4805,864794.200285
2019-10-29,BUY,JUNIORBEES.NS,1470,293.9,432032.99999999994,216.01649999999998,432545.18378500006
2019-10-29,BUY,BANKBEES.NS,1419,304.45,432014.55,216.007275,314.6265100000892
2019-11-04,SELL,JUNIORBEES.NS,1470,297.04,436648.80000000005,218.32440000000003,436745.10211000015
2019-11-04,SELL,BANKBEES.NS,1419,310.14,440088.66,220.04433,876613.7177800001
2019-11-04,BUY,PSUBNKBEES.NS,10389,28.11,292034.79,146.017395,584432.910385
2019-11-04,BUY,JUNIORBEES.NS,983,297.04,291990.32,145.99516,292296.59522500006
2019-11-04,BUY,BANKBEES.NS,941,310.14,291841.74,145.92087,308.9343550000922
2019-11-11,SELL,PSUBNKBEES.NS,10389,27.11,281645.79,140.822895,281813.9014600001
2019-11-11,SELL,JUNIORBEES.NS,983,295.62,290594.46,145.29723,572263.0642300001
2019-11-11,SELL,BANKBEES.NS,941,316.5,297826.5,148.91325,869940.6509800002
2019-11-11,BUY,BANKBEES.NS,915,316.5,289597.5,144.79875,580198.3522300001
2019-11-11,BUY,MOM100.NS,16486,17.58,289823.87999999995,144.91194,290229.5602900001
2019-11-11,BUY,PSUBNKBEES.NS,10691,27.11,289833.01,144.916505,251.63378500012914
2019-11-18,SELL,BANKBEES.NS,915,315.7,288865.5,144.43275,288972.70103500015
2019-11-18,SELL,MOM100.NS,16486,17.61,290318.45999999996,145.15922999999998,579146.0018050001
2019-11-18,SELL,PSUBNKBEES.NS,10691,27.46,293574.86,146.78743,872574.0743750001
2019-11-18,BUY,BANKBEES.NS,920,315.7,290444.0,145.222,581984.852375
2019-11-18,BUY,PSUBNKBEES.NS,10586,27.46,290691.56,145.34578,291147.94659500004
2019-11-18,BUY,MON100.NS,4948,58.75,290695.0,145.3475,307.5990950000705
2019-12-09,SELL,BANKBEES.NS,920,319.85,294262.0,147.131,294422.4680950001
2019-12-09,SELL,PSUBNKBEES.NS,10586,27.07,286563.02,143.28151000000003,580842.206585
2019-12-09,SELL,MON100.NS,4948,58.79,290892.92,145.44646,871589.680125
2019-12-09,BUY,BANKBEES.NS,907,319.85,290103.95,145.051975,581340.6781499999
2019-12-09,BUY,MON100.NS,4939,58.79,290363.81,145.181905,290831.68624499993
2019-12-09,BUY,MOM100.NS,16555,17.54,290374.7,145.18735,311.79889499989804
2019-12-16,SELL,BANKBEES.NS,907,326.04,295718.28,147.85914000000002,295882.2197549999
2019-12-16,SELL,MON100.NS,4939,59.44,293574.16,146.78708,589309.592675
2019-12-16,SELL,MOM100.NS,16555,17.74,293685.69999999995,146.84284999999997,882848.4498249999
2019-12-16,BUY,BANKBEES.NS,902,326.04,294088.08,147.04404000000002,588613.3257849999
2019-12-16,BUY,PSUBNKBEES.NS,10504,28.0,294112.0,147.056,294354.2697849999
2019-12-16,BUY,MON100.NS,4948,59.44,294109.12,147.05456,98.09522499988088
2019-12-23,SELL,BANKBEES.NS,902,330.71,298300.42,149.15021,298249.3650149999
2019-12-23,SELL,PSUBNKBEES.NS,10504,27.82,292221.28,146.11064000000002,590324.5343749998
2019-12-23,SELL,MON100.NS,4948,60.67,300195.16000000003,150.09758000000002,890369.5967949999
2019-12-23,BUY,HNGSNGBEES.NS,844,351.39,296573.16,148.28658,593648.1502149999
2019-12-23,BUY,BANKBEES.NS,896,330.71,296316.16,148.15807999999998,297183.8321349999
2019-12-23,BUY,MON100.NS,4889,60.67,296615.63,148.307815,419.89431999990484
2020-01-06,SELL,HNGSNGBEES.NS,844,366.79,309570.76,154.78538,309835.8689399999
2020-01-06,SELL,BANKBEES.NS,896,319.18,285985.28,142.99264000000002,595678.1562999999
2020-01-06,SELL,MON100.NS,4889,61.65,301406.85,150.70342499999998,896934.3028749998
2020-01-06,BUY,HNGSNGBEES.NS,814,366.79,298567.06,149.28353,598217.9593449999
2020-01-06,BUY,GOLDBEES.NS,8266,36.15,298815.89999999997,149.40795,299252.6513949999
2020-01-06,BUY,MON100.NS,4847,61.65,298817.55,149.408775,285.69261999987066
2020-01-20,SELL,HNGSNGBEES.NS,814,374.91,305176.74000000005,152.58837000000003,305309.8442499999
2020-01-20,SELL,GOLDBEES.NS,8266,35.23,291211.18,145.60559,596375.41866
2020-01-20,SELL,MON100.NS,4847,65.38,316896.86,158.44843,913113.83023
2020-01-20,BUY,HNGSNGBEES.NS,811,374.91,304052.01,152.026005,608909.794225
2020-01-20,BUY,MOM100.NS,16087,18.91,304205.17,152.102585,304552.52164
2020-01-20,BUY,MON100.NS,4653,65.38,304213.13999999996,152.10656999999998,187.27507000003243
2020-02-03,SELL,HNGSNGBEES.NS,811,362.2,293744.2,146.87210000000002,293784.60297000007
2020-02-03,SELL,MOM100.NS,16087,18.73,301309.51,150.654755,594943.4582150001
2020-02-03,SELL,MON100.NS,4653,63.98,297698.94,148.84947,892493.548745
2020-02-03,BUY,GOLDBEES.NS,8280,35.91,297334.8,148.6674,595010.0813450001
2020-02-03,BUY,MOM100.NS,15875,18.73,297338.75,148.669375,297522.6619700001
2020-02-03,BUY,INFRABEES.NS,908,327.41,297288.28,148.64414000000002,85.73783000005642
2020-02-10,SELL,GOLDBEES.NS,8280,35.95,297666.0,148.833,297602.9048300001
2020-02-10,SELL,MOM100.NS,15875,19.15,304006.25,152.003125,601457.1517050001
2020-02-10,SELL,INFRABEES.NS,908,337.13,306114.04,153.05702,907418.134685
2020-02-10,BUY,MON100.NS,4561,66.27,302257.47,151.12873499999998,605009.5359500002
2020-02-10,BUY,MID150BEES.NS,4488,67.35,302266.8,151.1334,302591.6025500002
2020-02-10,BUY,MOM100.NS,15787,19.15,302321.05,151.160525,119.39202500018291
2020-02-17,SELL,MON100.NS,4561,68.3,311516.3,155.75815,311479.93387500016
2020-02-17,SELL,MID150BEES.NS,4488,66.3,297554.39999999997,148.7772,608885.5566750001
2020-02-17,SELL,MOM100.NS,15787,18.75,296006.25,148.003125,904743.8035500001
2020-02-17,BUY,MON100.NS,4413,68.3,301407.89999999997,150.70395,603185.1996000002
2020-02-17,BUY,MID150BEES.NS,4546,66.3,301399.8,150.69989999999999,301634.6997000002
2020-02-17,BUY,CONSUMBEES.NS,5471,55.09,301397.39,150.69869500000001,86.61100500012981
2020-02-24,SELL,MON100.NS,4413,65.97,291125.61,145.562805,291066.6582000001
2020-02-24,SELL,MID150BEES.NS,4546,66.1,300490.6,150.2453,591407.0129000001
2020-02-24,SELL,CONSUMBEES.NS,5471,54.16,296309.36,148.15467999999998,887568.2182200002
2020-02-24,BUY,MON100.NS,4482,65.97,295677.54,147.83876999999998,591742.8394500002
2020-02-24,BUY,GOLDBEES.NS,7664,38.58,295677.12,147.83856,295917.8808900002
2020-02-24,BUY,MID150BEES.NS,4473,66.1,295665.3,147.83265,104.74824000021908
2020-03-02,SELL,MON100.NS,4482,61.73,276673.86,138.33693,276640.2713100002
2020-03-02,SELL,GOLDBEES.NS,7664,37.03,283797.92,141.89896,560296.2923500002
2020-03-02,SELL,MID150BEES.NS,4473,62.56,279830.88,139.91544000000002,839987.2569100002
2020-03-02,BUY,GOLDBEES.NS,7557,37.03,279835.71,139.917855,560011.6290550001
2020-03-02,BUY,HNGSNGBEES.NS,752,372.0,279744.0,139.872,280127.75705500017
2020-03-02,BUY,LIQUIDBEES.NS,279,1000.0,279000.0,139.5,988.2570550001692
2020-04-07,SELL,GOLDBEES.NS,7557,39.67,299786.19,149.89309500000002,300624.55396000016
2020-04-07,SELL,HNGSNGBEES.NS,752,339.98,255664.96000000002,127.83248000000002,556161.6814800001
2020-04-07,SELL,LIQUIDBEES.NS,279,999.99,278997.21,139.49860500000003,835019.3928750001
2020-04-07,BUY,GOLDBEES.NS,7012,39.67,278166.04000000004,139.08302000000003,556714.2698550001
2020-04-07,BUY,DIVOPPBEES.NS,10590,26.27,278199.3,139.09965,278375.8702050001
2020-04-07,BUY,LIQUIDBEES.NS,278,999.99,277997.22000000003,138.99861,239.6515950000612
2020-04-13,SELL,GOLDBEES.NS,7012,42.49,297939.88,148.96994,298030.5616550001
2020-04-13,SELL,DIVOPPBEES.NS,10590,25.95,274810.5,137.40525,572703.656405
2020-04-13,SELL,LIQUIDBEES.NS,278,1000.0,278000.0,139.0,850564.656405
2020-04-13,BUY,GOLDBEES.NS,6669,42.49,283365.81,141.682905,567057.1635
2020-04-13,BUY,MON100.NS,4628,61.22,283326.16,141.66307999999998,283589.34042
2020-04-13,BUY,DIVOPPBEES.NS,10920,25.95,283374.0,141.687,73.65342000004603
2020-04-20,SELL,GOLDBEES.NS,6669,41.55,277096.94999999995,138.54847499999997,277032.054945
2020-04-20,SELL,MON100.NS,4628,66.1,305910.8,152.9554,582789.8995449999
2020-04-20,SELL,DIVOPPBEES.NS,10920,25.53,278787.60000000003,139.39380000000003,861438.105745
2020-04-20,BUY,MON100.NS,4341,66.1,286940.1,143.47005,574354.535695
2020-04-20,BUY,GOLDBEES.NS,6907,41.55,286985.85,143.49292499999999,287225.19276999997
2020-04-20,BUY,CONSUMBEES.NS,5307,54.07,286949.49,143.47474499999998,132.22802499996033
2020-05-04,SELL,MON100.NS,4341,64.1,278258.1,139.12904999999998,278251.19897499995
2020-05-04,SELL,GOLDBEES.NS,6907,42.73,295136.11,147.568055,573239.74092
2020-05-04,SELL,CONSUMBEES.NS,5307,51.8,274902.6,137.4513,848004.88962
2020-05-04,BUY,MON100.NS,4407,64.1,282488.69999999995,141.24434999999997,565374.94527
2020-05-04,BUY,GOLDBEES.NS,6611,42.73,282488.02999999997,141.244015,282745.67125500005
2020-05-04,BUY,INFRABEES.NS,1027,274.99,282414.73,141.20736499999998,189.73389000009047
2020-05-11,SELL,MON100.NS,4407,68.4,301438.80000000005,150.71940000000004,301477.81449000014
2020-05-11,SELL,GOLDBEES.NS,6611,41.17,272174.87,136.087435,573516.5970550001
2020-05-11,SELL,INFRABEES.NS,1027,281.0,288587.0,144.2935,861959.3035550001
2020-05-11,BUY,MON100.NS,4198,68.4,287143.2,143.57160000000002,574672.531955
2020-05-11,BUY,CONSUMBEES.NS,5447,52.72,287165.83999999997,143.58291999999997,287363.10903500003
2020-05-11,BUY,INFRABEES.NS,1021,281.0,286901.0,143.4505,318.65853500005323
2020-05-18,SELL,MON100.NS,4198,69.52,291844.95999999996,145.92247999999998,292017.696055
2020-05-18,SELL,CONSUMBEES.NS,5447,47.36,257969.91999999998,128.98496,549858.631095
2020-05-18,SELL,INFRABEES.NS,1021,272.78,278508.37999999995,139.25418999999997,828227.756905
2020-05-18,BUY,MON100.NS,3969,69.52,275924.88,137.96244000000002,552164.9144649999
2020-05-18,BUY,INFRABEES.NS,1011,272.78,275780.57999999996,137.89029,276246.44417499995
2020-05-18,BUY,JUNIORBEES.NS,1168,236.16,275834.88,137.91744,273.6467349999584
2020-06-08,SELL,MON100.NS,3969,73.03,289856.07,144.928035,289984.7887
2020-06-08,SELL,INFRABEES.NS,1011,309.09,312489.99,156.244995,602318.533705
2020-06-08,SELL,JUNIORBEES.NS,1168,264.21,308597.27999999997,154.29863999999998,910761.5150649999
2020-06-08,BUY,INFRABEES.NS,981,309.09,303217.29,151.608645,607392.61642
2020-06-08,BUY,PSUBNKBEES.NS,20081,15.11,303423.91,151.711955,303816.994465
2020-06-08,BUY,NIFTYBEES.NS,2806,108.1,303328.6,151.6643,336.7301650000154
2020-06-15,SELL,INFRABEES.NS,981,300.91,295192.71,147.59635500000002,295381.84381000005
2020-06-15,SELL,PSUBNKBEES.NS,20081,15.12,303624.72,151.81235999999998,598854.7514500001
2020-06-15,SELL,NIFTYBEES.NS,2806,104.51,293255.06,146.62753,891963.1839200001
2020-06-15,BUY,NIF100BEES.NS,2615,113.61,297090.15,148.54507500000003,594724.488845
2020-06-15,BUY,MID150BEES.NS,5503,54.0,297162.0,148.58100000000002,297413.90784500004
2020-06-15,BUY,MOM100.NS,19641,15.13,297168.33,148.584165,96.99368000001414
2020-06-22,SELL,NIF100BEES.NS,2615,111.77,292278.55,146.139275,292229.404405
2020-06-22,SELL,MID150BEES.NS,5503,58.02,319284.06,159.64203,611353.822375
2020-06-22,SELL,MOM100.NS,19641,15.59,306203.19,153.101595,917403.91078
2020-06-22,BUY,NIF100BEES.NS,2734,111.77,305579.18,152.78959,611671.94119
2020-06-22,BUY,PSUBNKBEES.NS,18925,16.15,305638.75,152.819375,305880.371815
2020-06-22,BUY,MOM100.NS,19605,15.59,305641.95,152.820975,85.60084000002826
2020-06-29,SELL,NIF100BEES.NS,2734,112.83,308477.22,154.23861,308408.58223
2020-06-29,SELL,PSUBNKBEES.NS,18925,16.02,303178.5,151.58925,611435.49298
2020-06-29,SELL,MOM100.NS,19605,15.29,299760.45,149.880225,911046.0627550001
2020-06-29,BUY,PSUBNKBEES.NS,18946,16.02,303514.92,151.75746,607379.3852950002
2020-06-29,BUY,MID150BEES.NS,5359,56.63,303480.17000000004,151.74008500000002,303747.4752100001
2020-06-29,BUY,BANKBEES.NS,1409,215.31,303371.79,151.685895,223.99931500013918
2020-07-20,SELL,PSUBNKBEES.NS,18946,15.87,300673.01999999996,150.33650999999998,300746.6828050001
2020-07-20,SELL,MID150BEES.NS,5359,58.51,313555.08999999997,156.77754499999998,614144.99526
2020-07-20,SELL,BANKBEES.NS,1409,224.39,316165.51,158.08275500000002,930152.422505
2020-07-20,BUY,NV20BEES.NS,5401,57.37,309855.37,154.927685,620142.12482
2020-07-20,BUY,NIFTYBEES.NS,2647,117.06,309857.82,154.92891,310129.37591
2020-07-20,BUY,DIVOPPBEES.NS,10962,28.27,309895.74,154.94787,78.68804000003729
2020-07-27,SELL,NV20BEES.NS,5401,58.3,314878.3,157.43914999999998,314799.54889000003
2020-07-27,SELL,NIFTYBEES.NS,2647,118.39,313378.33,156.689165,628021.1897250001
2020-07-27,SELL,DIVOPPBEES.NS,10962,27.53,301783.86,150.89193,929654.1577950001
2020-07-27,BUY,NIFTYBEES.NS,2616,118.39,309708.24,154.85412,619791.0636750001
2020-07-27,BUY,GOLDBEES.NS,6668,46.45,309728.60000000003,154.86430000000001,309907.59937500005
2020-07-27,BUY,NV20BEES.NS,5312,58.3,309689.6,154.8448,63.15457500005141
2020-08-10,SELL,NIFTYBEES.NS,2616,119.97,313841.52,156.92076,313747.75381500006
2020-08-10,SELL,GOLDBEES.NS,6668,48.4,322731.2,161.3656,636317.588215
2020-08-10,SELL,NV20BEES.NS,5312,58.93,313036.16,156.51808,949197.230135
2020-08-10,BUY,GOLDBEES.NS,6533,48.4,316197.2,158.0986,632841.931535
2020-08-10,BUY,MON100.NS,3851,82.1,316167.1,158.08355,316516.747985
2020-08-10,BUY,MID150BEES.NS,5042,62.72,316234.24,158.11712,124.39086500002304
2020-08-17,SELL,GOLDBEES.NS,6533,46.15,301497.95,150.748975,301471.59189000004
2020-08-17,SELL,MON100.NS,3851,82.66,318323.66,159.16182999999998,619636.0900600001
2020-08-17,SELL,MID150BEES.NS,5042,62.54,315326.68,157.66334,934805.10672
2020-08-17,BUY,MOM100.NS,18096,17.21,311432.16000000003,155.71608000000003,623217.23064
2020-08-17,BUY,MID150BEES.NS,4979,62.54,311386.66,155.69333,311674.87731
2020-08-17,BUY,NV20BEES.NS,5202,59.86,311391.72,155.69585999999998,127.46145000006072
2020-08-24,SELL,MOM100.NS,18096,18.09,327356.64,163.67832,327320.42313000007
2020-08-24,SELL,MID150BEES.NS,4979,65.68,327020.72000000003,163.51036000000002,654177.63277
2020-08-24,SELL,NV20BEES.NS,5202,60.88,316697.76,158.34888,970717.0438900001
2020-08-24,BUY,MOM100.NS,17877,18.09,323394.93,161.697465,647160.4164250002
2020-08-24,BUY,CPSEETF.NS,16835,19.21,323400.35000000003,161.70017500000003,323598.36625000014
2020-08-24,BUY,MID150BEES.NS,4924,65.68,323408.32,161.70416,28.34209000010742
2020-08-31,SELL,MOM100.NS,17877,17.56,313920.12,156.96006,313791.5020300001
2020-08-31,SELL,CPSEETF.NS,16835,18.57,312625.95,156.31297500000002,626261.1390550002
2020-08-31,SELL,MID150BEES.NS,4924,64.62,318188.88,159.09444,944290.9246150001
2020-08-31,BUY,BANKBEES.NS,1313,239.57,314555.41,157.277705,629578.2369100002
2020-08-31,BUY,MID150BEES.NS,4868,64.62,314570.16000000003,157.28508000000002,314850.7918300002
2020-08-31,BUY,PSUBNKBEES.NS,18726,16.8,314596.8,157.2984,96.69343000015942
2020-09-07,SELL,BANKBEES.NS,1313,231.37,303788.81,151.894405,303733.6090250001
2020-09-07,SELL,MID150BEES.NS,4868,64.82,315543.75999999995,157.77187999999998,619119.597145
2020-09-07,SELL,PSUBNKBEES.NS,18726,16.09,301301.34,150.65067000000002,920270.286475
2020-09-07,BUY,MID150BEES.NS,4730,64.82,306598.6,153.2993,613518.387175
2020-09-07,BUY,MOM100.NS,17560,17.46,306597.60000000003,153.29880000000003,306767.488375
2020-09-07,BUY,MON100.NS,3678,83.35,306561.3,153.28065,52.90772500005551
2020-09-14,SELL,MID150BEES.NS,4730,66.68,315396.4,157.6982,315291.6095250001
2020-09-14,SELL,MOM100.NS,17560,18.59,326440.4,163.2202,641568.7893250001
2020-09-14,SELL,MON100.NS,3678,80.98,297844.44,148.92222,939264.3071050001
2020-09-14,BUY,MOM100.NS,16833,18.59,312925.47,156.46273499999998,626182.3743700001
2020-09-14,BUY,MID150BEES.NS,4693,66.68,312929.24000000005,156.46462000000002,313096.66975000006
2020-09-14,BUY,NIFTYBEES.NS,2562,122.13,312897.06,156.44853,43.16122000006726
2020-09-21,SELL,MOM100.NS,16833,18.09,304508.97,152.254485,304399.87673500006
2020-09-21,SELL,MID150BEES.NS,4693,64.53,302839.29,151.419645,607087.74709
2020-09-21,SELL,NIFTYBEES.NS,2562,119.92,307235.04,153.61751999999998,914169.1695699999
2020-09-21,BUY,MOM100.NS,16836,18.09,304563.24,152.28162,609453.6479499999
2020-09-21,BUY,MID150BEES.NS,4719,64.53,304517.07,152.258535,304784.3194149999
2020-09-21,BUY,NV20BEES.NS,5080,59.95,304546.0,152.273,86.04641499993159
2020-09-28,SELL,MOM100.NS,16836,17.97,302542.92,151.27146,302477.6949549999
2020-09-28,SELL,MID150BEES.NS,4719,64.99,306687.81,153.343905,609012.1610499999
2020-09-28,SELL,NV20BEES.NS,5080,60.0,304800.0,152.4,913659.7610499999
2020-09-28,BUY,NIF100BEES.NS,2624,116.0,304384.0,152.192,609123.5690499998
2020-09-28,BUY,NV20BEES.NS,5073,60.0,304380.0,152.19,304591.3790499998
2020-09-28,BUY,LIQUIDBEES.NS,304,999.99,303996.96,151.99848,442.42056999978377
2020-10-05,SELL,NIF100BEES.NS,2624,116.29,305144.96,152.57248,305434.80808999983
2020-10-05,SELL,NV20BEES.NS,5073,61.4,311482.2,155.74110000000002,616761.2669899999
2020-10-05,SELL,LIQUIDBEES.NS,304,1000.0,304000.0,152.0,920609.2669899999
2020-10-05,BUY,ITBEES.NS,14696,20.87,306705.52,153.35276000000002,613750.39423
2020-10-05,BUY,MID150BEES.NS,4667,65.72,306715.24,153.35762,306881.79660999996
2020-10-05,BUY,NIF100BEES.NS,2637,116.29,306656.73000000004,153.32836500000002,71.7382449998986
2020-10-12,SELL,ITBEES.NS,14696,22.31,327867.76,163.93388000000002,327775.5643649999
2020-10-12,SELL,MID150BEES.NS,4667,65.09,303775.03,151.887515,631398.70685
2020-10-12,SELL,NIF100BEES.NS,2637,117.57,310032.08999999997,155.016045,941275.7808049999
2020-10-12,BUY,ITBEES.NS,14056,22.31,313589.36,156.79468,627529.626125
2020-10-12,BUY,BANKBEES.NS,1316,238.27,313563.32,156.78166000000002,313809.52446499997
2020-10-12,BUY,NIFTYBEES.NS,2470,126.96,313591.2,156.7956,61.528864999942016
2020-10-19,SELL,ITBEES.NS,14056,21.48,301922.88,150.96144,301833.44742499996
2020-10-19,SELL,BANKBEES.NS,1316,243.9,320972.4,160.48620000000003,622645.361225
2020-10-19,SELL,NIFTYBEES.NS,2470,126.81,313220.7,156.61035,935709.4508750001
2020-10-19,BUY,ITBEES.NS,14513,21.48,311739.24,155.86962,623814.3412550001
2020-10-19,BUY,BANKBEES.NS,1278,243.9,311704.2,155.8521,311954.28915500006
2020-10-19,BUY,NV20BEES.NS,4995,62.41,311737.95,155.868975,60.4701800000621
2020-10-26,SELL,ITBEES.NS,14513,21.43,311013.58999999997,155.50679499999998,310918.55338500004
2020-10-26,SELL,BANKBEES.NS,1278,242.43,309825.54000000004,154.91277000000002,620589.1806150001
2020-10-26,SELL,NV20BEES.NS,4995,62.91,314235.45,157.117725,934667.5128900001
2020-10-26,BUY,ITBEES.NS,14531,21.43,311399.33,155.699665,623112.4832250001
2020-10-26,BUY,BANKBEES.NS,1284,242.43,311280.12,155.64006,311676.7231650001
2020-10-26,BUY,NIFTYBEES.NS,2475,125.81,311379.75,155.689875,141.28329000010854
2020-11-02,SELL,ITBEES.NS,14531,20.94,304279.14,152.13957000000002,304268.2837200001
2020-11-02,SELL,BANKBEES.NS,1284,250.13,321166.92,160.58346,625274.6202600001
2020-11-02,SELL,NIFTYBEES.NS,2475,124.37,307815.75,153.907875,932936.4623850002
2020-11-02,BUY,BANKBEES.NS,1242,250.13,310661.46,155.33073000000002,622119.6716550002
2020-11-02,BUY,ITBEES.NS,14843,20.94,310812.42000000004,155.40621000000002,311151.84544500016
2020-11-02,BUY,NV20BEES.NS,5035,61.73,310810.55,155.405275,185.89017000014428
2020-11-09,SELL,BANKBEES.NS,1242,277.4,344530.8,172.2654,344544.42477000016
2020-11-09,SELL,ITBEES.NS,14843,22.05,327288.15,163.64407500000002,671668.9306950001
2020-11-09,SELL,NV20BEES.NS,5035,64.45,324505.75,162.25287500000002,996012.4278200001
2020-11-09,BUY,BANKBEES.NS,1196,277.4,331770.39999999997,165.8852,664076.14262
2020-11-09,BUY,NIFTYBEES.NS,2500,132.73,331825.0,165.9125,332085.2301200001
2020-11-09,BUY,MON100.NS,3692,89.86,331763.12,165.88156,156.22856000007596
2020-11-17,SELL,BANKBEES.NS,1196,293.58,351121.68,175.56084,351102.3477200001
2020-11-17,SELL,NIFTYBEES.NS,2500,137.39,343474.99999999994,171.73749999999998,694405.61022
2020-11-17,SELL,MON100.NS,3692,88.02,324969.83999999997,162.48492,1019212.9653
2020-11-17,BUY,BANKBEES.NS,1156,293.58,339378.48,169.68923999999998,679664.7960600001
2020-11-17,BUY,NIF100BEES.NS,2590,131.08,339497.2,169.7486,339997.8474600001
2020-11-17,BUY,NIFTYBEES.NS,2471,137.39,339490.68999999994,169.745345,337.41211500013014
2020-11-23,SELL,BANKBEES.NS,1156,292.12,337690.72000000003,168.84536000000003,337859.2867550002
2020-11-23,SELL,NIF100BEES.NS,2590,128.05,331649.50000000006,165.82475000000002,669342.9620050002
2020-11-23,SELL,NIFTYBEES.NS,2471,137.76,340404.95999999996,170.20247999999998,1009577.7195250002
2020-11-23,BUY,BANKBEES.NS,1151,292.12,336230.12,168.11506,673179.4844650002
2020-11-23,BUY,MID150BEES.NS,4573,73.55,336344.14999999997,168.17207499999998,336667.16239000025
2020-11-23,BUY,PSUBNKBEES.NS,20840,16.14,336357.60000000003,168.17880000000002,141.38359000021592
2020-12-01,SELL,BANKBEES.NS,1151,299.43,344643.93,172.321965,344612.9916250002
2020-12-01,SELL,MID150BEES.NS,4573,76.03,347685.19,173.84259500000002,692124.3390300001
2020-12-01,SELL,PSUBNKBEES.NS,20840,17.64,367617.60000000003,183.80880000000002,1059558.1302300002
2020-12-01,BUY,BANKBEES.NS,1178,299.43,352728.54,176.36427,706653.2259600002
2020-12-01,BUY,PSUBNKBEES.NS,20011,17.64,352994.04000000004,176.49702000000002,353482.68894000014
2020-12-01,BUY,CPSEETF.NS,18550,19.03,353006.5,176.50325,299.6856900001294
2020-12-07,SELL,BANKBEES.NS,1178,303.13,357087.14,178.54357000000002,357208.28212000016
2020-12-07,SELL,PSUBNKBEES.NS,20011,19.04,381009.44,190.50472,738027.2174000002
2020-12-07,SELL,CPSEETF.NS,18550,20.21,374895.5,187.44775,1112735.2696500001
2020-12-07,BUY,PSUBNKBEES.NS,19470,19.04,370708.8,185.3544,741841.1152500001
2020-12-07,BUY,CPSEETF.NS,18343,20.21,370712.03,185.356015,370943.7292350001
2020-12-07,BUY,MOM100.NS,17211,21.54,370724.94,185.36247,33.426765000098385
2020-12-14,SELL,PSUBNKBEES.NS,19470,20.36,396409.2,198.2046,396244.4221650001
2020-12-14,SELL,CPSEETF.NS,18343,21.1,387037.30000000005,193.51865000000004,783088.2035150002
2020-12-14,SELL,MOM100.NS,17211,21.58,371413.37999999995,185.70668999999998,1154315.8768250002
2020-12-14,BUY,PSUBNKBEES.NS,18888,20.36,384559.68,192.27984,769563.9169850003
2020-12-14,BUY,DIVOPPBEES.NS,11497,33.45,384574.65,192.287325,384796.97966000024
2020-12-14,BUY,CPSEETF.NS,18226,21.1,384568.60000000003,192.28430000000003,36.09536000021035
2020-12-21,SELL,PSUBNKBEES.NS,18888,18.02,340361.76,170.18088,340227.6744800002
2020-12-21,SELL,DIVOPPBEES.NS,11497,32.75,376526.75,188.263375,716566.1611050002
2020-12-21,SELL,CPSEETF.NS,18226,19.72,359416.72,179.70836,1075803.172745
2020-12-21,BUY,PSUBNKBEES.NS,19890,18.02,358417.8,179.2089,717206.1638450001
2020-12-21,BUY,CPSEETF.NS,18175,19.72,358411.0,179.2055,358615.9583450001
2020-12-21,BUY,MOM100.NS,17509,20.47,358409.23,179.204615,27.523730000131764
2020-12-28,SELL,PSUBNKBEES.NS,19890,19.15,380893.5,190.44675,380730.5769800001
2020-12-28,SELL,CPSEETF.NS,18175,20.5,372587.5,186.29375000000002,753131.7832300002
2020-12-28,SELL,MOM100.NS,17509,21.56,377494.04,188.74702,1130437.07621
2020-12-28,BUY,PSUBNKBEES.NS,19667,19.15,376623.05,188.311525,753625.714685
2020-12-28,BUY,DIVOPPBEES.NS,10782,34.93,376615.26,188.30763000000002,376822.147055
2020-12-28,BUY,ITBEES.NS,15486,24.32,376619.52,188.30976,14.317295000015292
2021-01-04,SELL,PSUBNKBEES.NS,19667,20.1,395306.7,197.65335000000002,395123.36394500005
2021-01-04,SELL,DIVOPPBEES.NS,10782,34.25,369283.5,184.64175,764222.222195
2021-01-04,SELL,ITBEES.NS,15486,25.35,392570.10000000003,196.28505,1156596.037145
2021-01-04,BUY,PSUBNKBEES.NS,19171,20.1,385337.10000000003,192.66855,771066.2685949999
2021-01-04,BUY,ITBEES.NS,15200,25.35,385320.0,192.66,385553.60859499994
2021-01-04,BUY,MID150BEES.NS,4732,81.43,385326.76,192.66338000000002,34.185214999946766
2021-01-11,SELL,PSUBNKBEES.NS,19171,19.82,379969.22000000003,189.98461000000003,379813.420605
2021-01-11,SELL,ITBEES.NS,15200,27.2,413440.0,206.72,793046.700605
2021-01-11,SELL,MID150BEES.NS,4732,84.12,398055.84,199.02792000000002,1190903.512685
2021-01-11,BUY,ITBEES.NS,14587,27.2,396766.39999999997,198.3832,793938.729485
2021-01-11,BUY,MOM100.NS,17102,23.2,396766.39999999997,198.3832,396973.9462850001
2021-01-11,BUY,MID150BEES.NS,4716,84.12,396709.92000000004,198.35496000000003,65.67132500000298
2021-01-18,SELL,ITBEES.NS,14587,26.6,388014.2,194.0071,387885.864225
2021-01-18,SELL,MOM100.NS,17102,22.42,383426.84,191.71342,771120.9908050001
2021-01-18,SELL,MID150BEES.NS,4716,81.76,385580.16000000003,192.79008000000002,1156508.360725
2021-01-18,BUY,ITBEES.NS,14485,26.6,385301.0,192.6505,771014.710225
2021-01-18,BUY,PSUBNKBEES.NS,18497,20.83,385292.50999999995,192.64625499999997,385529.55397000007
2021-01-18,BUY,INFRABEES.NS,955,403.37,385218.35,192.609175,118.59479500009911
2021-01-25,SELL,ITBEES.NS,14485,26.28,380665.8,190.3329,380594.0618950001
2021-01-25,SELL,PSUBNKBEES.NS,18497,20.21,373824.37,186.912185,754231.5197100001
2021-01-25,SELL,INFRABEES.NS,955,394.16,376422.80000000005,188.21140000000003,1130466.1083100003
2021-01-25,BUY,ITBEES.NS,14331,26.28,376618.68,188.30934,753659.1189700003
2021-01-25,BUY,NV20BEES.NS,4854,77.59,376621.86000000004,188.31093,376848.9480400003
2021-01-25,BUY,CONSUMBEES.NS,5583,67.45,376573.35000000003,188.28667500000003,87.31136500026332
2021-02-01,SELL,ITBEES.NS,14331,25.03,358704.93,179.352465,358612.88890000025
2021-02-01,SELL,NV20BEES.NS,4854,76.5,371331.0,185.6655,729758.2234000002
2021-02-01,SELL,CONSUMBEES.NS,5583,64.79,361722.57,180.861285,1091299.9321150002
2021-02-01,BUY,MOM100.NS,16009,22.71,363564.39,181.782195,727553.7599200002
2021-02-01,BUY,MON100.NS,3864,94.09,363563.76,181.78188,363808.2180400002
2021-02-01,BUY,DIVOPPBEES.NS,10523,34.55,363569.64999999997,181.78482499999998,56.78321500023594
2021-02-08,SELL,MOM100.NS,16009,23.66,378772.94,189.38647,378640.3367450002
2021-02-08,SELL,MON100.NS,3864,98.44,380372.16,190.18608,758822.3106650002
2021-02-08,SELL,DIVOPPBEES.NS,10523,35.76,376302.48,188.15124,1134936.6394250002
2021-02-08,BUY,PSUBNKBEES.NS,15314,24.69,378102.66000000003,189.05133,756644.9280950001
2021-02-08,BUY,BANKBEES.NS,1046,361.28,377898.87999999995,188.94943999999998,378557.09865500015
2021-02-08,BUY,INFRABEES.NS,888,425.36,377719.68,188.85984,648.5588150001713
2021-02-22,SELL,PSUBNKBEES.NS,15314,26.17,400767.38,200.38369,401215.5551250002
2021-02-22,SELL,BANKBEES.NS,1046,354.58,370890.68,185.44534,771920.7897850003
2021-02-22,SELL,INFRABEES.NS,888,423.91,376432.08,188.21604000000002,1148164.6537450003
2021-02-22,BUY,PSUBNKBEES.NS,14617,26.17,382526.89,191.26344500000002,765446.5003000002
2021-02-22,BUY,BANKBEES.NS,1078,354.58,382237.24,191.11862,383018.1416800002
2021-02-22,BUY,DIVOPPBEES.NS,10679,35.82,382521.78,191.26089000000002,305.1007900001714
2021-03-01,SELL,PSUBNKBEES.NS,14617,25.97,379603.49,189.801745,379718.78904500016
2021-03-01,SELL,BANKBEES.NS,1078,354.96,382646.88,191.32344,762174.3456050002
2021-03-01,SELL,DIVOPPBEES.NS,10679,36.59,390744.61000000004,195.37230500000004,1152723.5833
2021-03-01,BUY,PSUBNKBEES.NS,14788,25.97,384044.36,192.02218,768487.2011200001
2021-03-01,BUY,CPSEETF.NS,15902,24.15,384033.3,192.01665,384261.8844700001
2021-03-01,BUY,MOM100.NS,15282,25.13,384036.66,192.01833,33.206140000140294
2021-03-15,SELL,PSUBNKBEES.NS,14788,25.22,372953.36,186.47668,372800.0894600001
2021-03-15,SELL,CPSEETF.NS,15902,23.94,380693.88,190.34694000000002,753303.6225200001
2021-03-15,SELL,MOM100.NS,15282,24.97,381591.54,190.79577,1134704.36675
2021-03-15,BUY,CPSEETF.NS,15791,23.94,378036.54000000004,189.01827000000003,756478.80848
2021-03-15,BUY,MOM100.NS,15139,24.97,378020.82999999996,189.010415,378268.968065
2021-03-15,BUY,MID150BEES.NS,4116,91.83,377972.27999999997,188.98613999999998,107.70192500005942
2021-03-22,SELL,CPSEETF.NS,15791,23.33,368404.02999999997,184.202015,368327.52991000004
2021-03-22,SELL,MOM100.NS,15139,24.52,371208.27999999997,185.60414,739350.20577
2021-03-22,SELL,MID150BEES.NS,4116,89.94,370193.04,185.09652,1109358.14925
2021-03-22,BUY,CPSEETF.NS,15842,23.33,369593.86,184.79693,739579.49232
2021-03-22,BUY,DIVOPPBEES.NS,10079,36.67,369596.93,184.798465,369797.76385499997
2021-03-22,BUY,MID150BEES.NS,4109,89.94,369563.45999999996,184.78172999999998,49.522125000017695
2021-03-30,SELL,CPSEETF.NS,15842,22.83,361672.86,180.83643,361541.545695
2021-03-30,SELL,DIVOPPBEES.NS,10079,37.24,375341.96,187.67098000000001,736695.834715
2021-03-30,SELL,MID150BEES.NS,4109,90.41,371494.69,185.747345,1108004.77737
2021-03-30,BUY,DIVOPPBEES.NS,9912,37.24,369122.88,184.56144,738697.3359300001
2021-03-30,BUY,ITBEES.NS,13753,26.84,369130.52,184.56526000000002,369382.25067000004
2021-03-30,BUY,MOM100.NS,14897,24.78,369147.66000000003,184.57383000000002,50.01683999999659
2021-04-05,SELL,DIVOPPBEES.NS,9912,36.79,364662.48,182.33124,364530.16559999995
2021-04-05,SELL,ITBEES.NS,13753,26.71,367342.63,183.671315,731689.1242849999
2021-04-05,SELL,MOM100.NS,14897,25.35,377638.95,188.819475,1109139.2548099998
2021-04-05,BUY,MID150BEES.NS,4066,90.87,369477.42000000004,184.73871000000003,739477.0960999997
2021-04-05,BUY,DIVOPPBEES.NS,10044,36.79,369518.76,184.75938000000002,369773.5767199997
2021-04-05,BUY,MOM100.NS,14577,25.35,369526.95,184.763475,61.863244999723975
2021-04-12,SELL,MID150BEES.NS,4066,93.25,379154.5,189.57725,379026.78599499975
2021-04-12,SELL,DIVOPPBEES.NS,10044,36.9,370623.6,185.3118,749465.0741949996
2021-04-12,SELL,MOM100.NS,14577,24.9,362967.3,181.48365,1112250.8905449996
2021-04-12,BUY,MON100.NS,3629,102.1,370520.89999999997,185.26045,741544.7300949997
2021-04-12,BUY,ITBEES.NS,13791,26.87,370564.17000000004,185.28208500000002,370795.2780099996
2021-04-12,BUY,NV20BEES.NS,4545,81.53,370553.85,185.276925,56.15108499961207
2021-04-19,SELL,MON100.NS,3629,103.73,376436.17000000004,188.21808500000003,376304.10299999965
2021-04-19,SELL,ITBEES.NS,13791,26.48,365185.68,182.59284,741307.1901599996
2021-04-19,SELL,NV20BEES.NS,4545,80.28,364872.6,182.4363,1105997.3538599997
2021-04-19,BUY,MON100.NS,3552,103.73,368448.96,184.22448000000003,737364.1693799996
2021-04-19,BUY,HNGSNGBEES.NS,1012,364.07,368438.83999999997,184.21941999999999,368741.1099599997
2021-04-19,BUY,GOLDBEES.NS,8872,41.53,368454.16000000003,184.22708000000003,102.72287999966647
2021-05-10,SELL,MON100.NS,3552,99.33,352820.16,176.41008,352746.47279999964
2021-05-10,SELL,HNGSNGBEES.NS,1012,359.23,363540.76,181.77038000000002,716105.4624199996
2021-05-10,SELL,GOLDBEES.NS,8872,41.46,367833.12,183.91656,1083754.6658599996
2021-05-10,BUY,CPSEETF.NS,14606,24.72,361060.32,180.53016,722513.8156999996
2021-05-10,BUY,GOLDBEES.NS,8708,41.46,361033.68,180.51684,361299.6188599996
2021-05-10,BUY,JUNIORBEES.NS,954,378.15,360755.1,180.37754999999999,364.141309999628
2021-05-17,SELL,CPSEETF.NS,14606,25.1,366610.60000000003,183.30530000000002,366791.43600999966
2021-05-17,SELL,GOLDBEES.NS,8708,41.83,364255.64,182.12782,730864.9481899997
2021-05-17,SELL,JUNIORBEES.NS,954,377.68,360306.72000000003,180.15336000000002,1090991.5148299998
2021-05-17,BUY,CPSEETF.NS,14481,25.1,363473.10000000003,181.73655000000002,727336.6782799998
2021-05-17,BUY,PSUBNKBEES.NS,14568,24.95,363471.6,181.73579999999998,363683.34247999976
2021-05-17,BUY,JUNIORBEES.NS,962,377.68,363328.16000000003,181.66408,173.5183999997098
2021-05-31,SELL,CPSEETF.NS,14481,24.85,359852.85000000003,179.92642500000002,359846.44197499973
2021-05-31,SELL,PSUBNKBEES.NS,14568,26.51,386197.68000000005,193.09884000000002,745851.0231349998
2021-05-31,SELL,JUNIORBEES.NS,962,393.59,378633.57999999996,189.31678999999997,1124295.2863449997
2021-05-31,BUY,PSUBNKBEES.NS,14129,26.51,374559.79000000004,187.279895,749548.2164499997
2021-05-31,BUY,MOM100.NS,13801,27.14,374559.14,187.27957,374801.7968799997
2021-05-31,BUY,BANKBEES.NS,1051,356.12,374282.12,187.14106,332.535819999699
2021-06-07,SELL,PSUBNKBEES.NS,14129,27.37,386710.73000000004,193.35536500000003,386849.9104549997
2021-06-07,SELL,MOM100.NS,13801,28.36,391396.36,195.69818,778050.5722749997
2021-06-07,SELL,BANKBEES.NS,1051,356.02,374177.01999999996,187.08850999999999,1152040.5037649996
2021-06-07,BUY,PSUBNKBEES.NS,14023,27.37,383809.51,191.90475500000002,768039.0890099995
2021-06-07,BUY,CPSEETF.NS,14605,26.28,383819.4,191.90970000000002,384027.7793099995
2021-06-07,BUY,JUNIORBEES.NS,941,407.82,383758.62,191.87931,77.27999999950407
2021-06-14,SELL,PSUBNKBEES.NS,14023,27.21,381565.83,190.782915,381452.32708499953
2021-06-14,SELL,CPSEETF.NS,14605,26.8,391414.0,195.707,772670.6200849996
2021-06-14,SELL,JUNIORBEES.NS,941,409.77,385593.57,192.796785,1158071.3932999996
2021-06-14,BUY,PSUBNKBEES.NS,14179,27.21,385810.59,192.90529500000002,772067.8980049996
2021-06-14,BUY,CPSEETF.NS,14396,26.8,385812.8,192.9064,386062.19160499965
2021-06-14,BUY,MID150BEES.NS,3724,103.59,385769.16000000003,192.88458000000003,100.14702499960549
2021-06-21,SELL,PSUBNKBEES.NS,14179,27.18,385385.22,192.69261,385292.67441499955
2021-06-21,SELL,CPSEETF.NS,14396,25.98,374008.08,187.00404,759113.7503749996
2021-06-21,SELL,MID150BEES.NS,3724,101.79,379065.96,189.53298,1137990.1773949997
2021-06-21,BUY,ITBEES.NS,13178,28.77,379131.06,189.56553,758669.5518649996
2021-06-21,BUY,CONSUMBEES.NS,5520,68.68,379113.60000000003,189.5568,379366.3950649995
2021-06-21,BUY,MON100.NS,3666,103.41,379101.06,189.55053,75.78453499951866
2021-06-28,SELL,ITBEES.NS,13178,29.53,389146.34,194.57317,389027.55136499956
2021-06-28,SELL,CONSUMBEES.NS,5520,68.99,380824.8,190.4124,769661.9389649995
2021-06-28,SELL,MON100.NS,3666,105.41,386433.06,193.21653,1155901.7824349995
2021-06-28,BUY,ITBEES.NS,13041,29.53,385100.73000000004,192.55036500000003,770608.5020699995
2021-06-28,BUY,PSUBNKBEES.NS,13695,28.12,385103.4,192.5517,385312.55036999943
2021-06-28,BUY,MON100.NS,3653,105.41,385062.73,192.531365,57.28900499944575
2021-07-12,SELL,ITBEES.NS,13041,28.94,377406.54000000004,188.70327000000003,377275.1257349995
2021-07-12,SELL,PSUBNKBEES.NS,13695,27.05,370449.75,185.224875,747539.6508599995
2021-07-12,SELL,MON100.NS,3653,109.26,399126.78,199.56339000000003,1146466.8674699995
2021-07-12,BUY,MON100.NS,3495,109.26,381863.7,190.93185,764412.2356199995
2021-07-12,BUY,MID150BEES.NS,3653,104.55,381921.14999999997,190.96057499999998,382300.1250449995
2021-07-12,BUY,ITBEES.NS,13198,28.94,381950.12,190.97506,159.02998499950627
2021-07-26,SELL,MON100.NS,3495,110.85,387420.75,193.710375,387386.0696099995
2021-07-26,SELL,MID150BEES.NS,3653,105.62,385829.86000000004,192.91493000000003,773023.0146799996
2021-07-26,SELL,ITBEES.NS,13198,30.49,402407.01999999996,201.20351,1175228.8311699994
2021-07-26,BUY,MON100.NS,3532,110.85,391522.19999999995,195.76109999999997,783510.8700699995
2021-07-26,BUY,ITBEES.NS,12841,30.49,391522.08999999997,195.761045,391793.0190249995
2021-07-26,BUY,DIVOPPBEES.NS,9538,41.05,391534.89999999997,195.76745,62.35157499957131
2021-08-02,SELL,MON100.NS,3532,110.58,390568.56,195.28428,390435.62729499955
2021-08-02,SELL,ITBEES.NS,12841,31.33,402308.52999999997,201.15426499999998,792543.0030299996
2021-08-02,SELL,DIVOPPBEES.NS,9538,41.35,394396.3,197.19815,1186742.1048799995
2021-08-02,BUY,ITBEES.NS,12619,31.33,395353.26999999996,197.67663499999998,791191.1582449996
2021-08-02,BUY,MON100.NS,3575,110.58,395323.5,197.66175,395669.99649499956
2021-08-02,BUY,MID150BEES.NS,3677,107.5,395277.5,197.63875000000002,194.85774499957915
2021-08-09,SELL,ITBEES.NS,12619,32.0,403808.0,201.904,403800.9537449996
2021-08-09,SELL,MON100.NS,3575,110.82,396181.5,198.09075,799784.3629949996
2021-08-09,SELL,MID150BEES.NS,3677,106.04,389909.08,194.95454,1189498.4884549996
2021-08-09,BUY,ITBEES.NS,12384,32.0,396288.0,198.144,793012.3444549997
2021-08-09,BUY,MON100.NS,3576,110.82,396292.31999999995,198.14615999999998,396521.8782949997
2021-08-09,BUY,NV20BEES.NS,4334,91.44,396300.95999999996,198.15048,22.76781499973731
2021-08-16,SELL,ITBEES.NS,12384,33.19,411024.95999999996,205.51247999999998,410842.2153349997
2021-08-16,SELL,MON100.NS,3576,111.44,398509.44,199.25472,809152.4006149997
2021-08-16,SELL,NV20BEES.NS,4334,93.39,404752.26,202.37613000000002,1213702.2844849997
2021-08-16,BUY,ITBEES.NS,12183,33.19,404353.76999999996,202.176885,809146.3375999997
2021-08-16,BUY,NV20BEES.NS,4329,93.39,404285.31,202.142655,404658.88494499977
2021-08-16,BUY,NIFTYBEES.NS,2264,178.6,404350.39999999997,202.1752,106.3097449998022
2021-08-23,SELL,ITBEES.NS,12183,34.59,421409.97000000003,210.70498500000002,421305.5747599998
2021-08-23,SELL,NV20BEES.NS,4329,93.52,404848.07999999996,202.42404,825951.2307199998
2021-08-23,SELL,NIFTYBEES.NS,2264,178.1,403218.39999999997,201.6092,1228968.0215199997
2021-08-23,BUY,ITBEES.NS,11837,34.59,409441.83,204.72091500000002,819321.4706049997
2021-08-23,BUY,NV20BEES.NS,4378,93.52,409430.56,204.71528,409686.1953249997
2021-08-23,BUY,DIVOPPBEES.NS,9566,42.8,409424.8,204.7124,56.682924999680836
2021-09-06,SELL,ITBEES.NS,11837,36.04,426605.48,213.30274,426448.86018499965
2021-09-06,SELL,NV20BEES.NS,4378,97.59,427249.02,213.62451000000001,853484.2556749997
2021-09-06,SELL,DIVOPPBEES.NS,9566,44.64,427026.24,213.51312,1280296.9825549996
2021-09-06,BUY,ITBEES.NS,11835,36.04,426533.39999999997,213.2667,853550.3158549997
2021-09-06,BUY,CONSUMBEES.NS,5578,76.46,426493.87999999995,213.24693999999997,426843.1889149998
2021-09-06,BUY,JUNIORBEES.NS,957,445.33,426180.81,213.090405,449.2885099997511
2021-09-20,SELL,ITBEES.NS,11835,36.12,427480.19999999995,213.74009999999998,427715.7484099997
2021-09-20,SELL,CONSUMBEES.NS,5578,78.32,436868.95999999996,218.43447999999998,864366.2739299997
2021-09-20,SELL,JUNIORBEES.NS,957,444.26,425156.82,212.57841000000002,1289310.5155199997
2021-09-20,BUY,ITBEES.NS,11892,36.12,429539.04,214.76952,859556.7059999998
2021-09-20,BUY,CONSUMBEES.NS,5484,78.32,429506.87999999995,214.75343999999998,429835.0725599998
2021-09-20,BUY,INFRABEES.NS,847,506.7,429174.89999999997,214.58745,445.585109999869
2021-09-27,SELL,ITBEES.NS,11892,36.78,437387.76,218.69388,437614.6512299999
2021-09-27,SELL,CONSUMBEES.NS,5484,79.24,434552.16,217.27607999999998,871949.5351499999
2021-09-27,SELL,INFRABEES.NS,847,519.91,440363.76999999996,220.181885,1312093.1232649998
2021-09-27,BUY,ITBEES.NS,11885,36.78,437130.3,218.56515,874744.2581149999
2021-09-27,BUY,CONSUMBEES.NS,5516,79.24,437087.83999999997,218.54391999999999,437437.87419499987
2021-09-27,BUY,CPSEETF.NS,15365,28.45,437134.25,218.567125,85.05706999986432
2021-10-04,SELL,ITBEES.NS,11885,35.78,425245.3,212.62265,425117.7344199999
2021-10-04,SELL,CONSUMBEES.NS,5516,78.38,432344.07999999996,216.17203999999998,857245.6423799999
2021-10-04,SELL,CPSEETF.NS,15365,31.01,476468.65,238.234325,1333476.058055
2021-10-04,BUY,CPSEETF.NS,14326,31.01,444249.26,222.12463,889004.6734249999
2021-10-04,BUY,MOM100.NS,13707,32.41,444243.86999999994,222.12193499999998,444538.68149
2021-10-04,BUY,INFRABEES.NS,843,526.99,444252.57,222.126285,63.985204999975394
2021-10-11,SELL,CPSEETF.NS,14326,31.97,458002.22,229.00110999999998,457837.20409499994
2021-10-11,SELL,MOM100.NS,13707,33.15,454387.05,227.193525,911997.06057
2021-10-11,SELL,INFRABEES.NS,843,534.27,450389.61,225.194805,1362161.475765
2021-10-11,BUY,CPSEETF.NS,14195,31.97,453814.14999999997,226.907075,908120.4186900002
2021-10-11,BUY,MOM100.NS,13690,33.15,453823.5,226.91175,454070.00694000017
2021-10-11,BUY,MID150BEES.NS,3803,119.32,453773.95999999996,226.88698,69.15996000019368
2021-10-18,SELL,CPSEETF.NS,14195,32.55,462047.24999999994,231.02362499999998,461885.38633500016
2021-10-18,SELL,MOM100.NS,13690,34.88,477507.2,238.7536,939153.8327350002
2021-10-18,SELL,MID150BEES.NS,3803,123.87,471077.61000000004,235.53880500000002,1409995.9039300003
2021-10-18,BUY,CPSEETF.NS,14432,32.55,469761.6,234.8808,939999.4231300002
2021-10-18,BUY,MOM100.NS,13467,34.88,469728.96,234.86448000000001,470035.59865000023
2021-10-18,BUY,PSUBNKBEES.NS,15217,30.87,469748.79000000004,234.87439500000002,51.93425500020385
2021-10-25,SELL,CPSEETF.NS,14432,30.85,445227.2,222.61360000000002,445056.52065500023
2021-10-25,SELL,MOM100.NS,13467,32.15,432964.05,216.482025,877804.0886300002
2021-10-25,SELL,PSUBNKBEES.NS,15217,31.15,474009.55,237.004775,1351576.6338550001
2021-10-25,BUY,PSUBNKBEES.NS,14455,31.15,450273.25,225.136625,901078.2472300001
2021-10-25,BUY,BANKBEES.NS,1086,414.63,450288.18,225.14409,450564.9231400001
2021-10-25,BUY,CPSEETF.NS,14596,30.85,450286.60000000003,225.1433,53.179840000055265
2021-11-01,SELL,PSUBNKBEES.NS,14455,31.26,451863.30000000005,225.93165000000002,451690.5481900001
2021-11-01,SELL,BANKBEES.NS,1086,400.98,435464.28,217.73214000000002,886937.0960500002
2021-11-01,SELL,CPSEETF.NS,14596,29.95,437150.2,218.57510000000002,1323868.7209500002
2021-11-01,BUY,PSUBNKBEES.NS,14109,31.26,441047.34,220.52367,882600.8572800001
2021-11-01,BUY,MAFANG.NS,7612,57.94,441039.27999999997,220.51963999999998,441341.05764000013
2021-11-01,BUY,MON100.NS,3760,117.29,441010.4,220.5052,110.15244000009261
2021-11-29,SELL,PSUBNKBEES.NS,14109,28.14,397027.26,198.51363,396938.8988100001
2021-11-29,SELL,MAFANG.NS,7612,58.01,441572.12,220.78606,838290.2327500001
2021-11-29,SELL,MON100.NS,3760,119.52,449395.2,224.69760000000002,1287460.73515
2021-11-29,BUY,MON100.NS,3588,119.52,428837.76,214.41888,858408.5562700001
2021-11-29,BUY,MAFANG.NS,7394,58.01,428925.94,214.46297,429268.15330000006
2021-11-29,BUY,GOLDBEES.NS,10306,41.62,428935.72,214.46786,117.96544000011636
2021-12-06,SELL,MON100.NS,3588,116.57,418253.16,209.12658,418161.9988600001
2021-12-06,SELL,MAFANG.NS,7394,55.16,407853.04,203.92651999999998,825811.1123400001
2021-12-06,SELL,GOLDBEES.NS,10306,41.3,425637.8,212.81889999999999,1251236.09344
2021-12-06,BUY,MON100.NS,3576,116.57,416854.31999999995,208.42716,834173.3462799999
2021-12-06,BUY,ITBEES.NS,11667,35.73,416861.91,208.43095499999998,417103.005325
2021-12-06,BUY,GILT5YBEES.NS,8450,49.33,416838.5,208.41925,56.086074999999255
2021-12-13,SELL,MON100.NS,3576,121.98,436200.48000000004,218.10024,436038.46583500004
2021-12-13,SELL,ITBEES.NS,11667,36.83,429695.61,214.847805,865519.22803
2021-12-13,SELL,GILT5YBEES.NS,8450,49.39,417345.5,208.67275,1282656.05528
2021-12-13,BUY,MON100.NS,3503,121.98,427295.94,213.64797000000002,855146.46731
2021-12-13,BUY,MID150BEES.NS,3582,119.29,427296.78,213.64839,427636.03891999996
2021-12-13,BUY,ITBEES.NS,11602,36.83,427301.66,213.65082999999998,120.7280899999896
2021-12-20,SELL,MON100.NS,3503,116.68,408730.04000000004,204.36502000000002,408646.40307
2021-12-20,SELL,MID150BEES.NS,3582,111.2,398318.4,199.15920000000003,806765.64387
2021-12-20,SELL,ITBEES.NS,11602,36.75,426373.5,213.18675000000002,1232925.95712
2021-12-20,BUY,ITBEES.NS,11177,36.75,410754.75,205.377375,821965.829745
2021-12-20,BUY,GOLDBEES.NS,9812,41.86,410730.32,205.36516,411030.144585
2021-12-20,BUY,GILT5YBEES.NS,8338,49.26,410729.88,205.36494000000002,94.89964499999769
2021-12-27,SELL,ITBEES.NS,11177,38.83,434002.91,217.001455,433880.80818999995
2021-12-27,SELL,GOLDBEES.NS,9812,41.59,408081.08,204.04054000000002,841757.8476499999
2021-12-27,SELL,GILT5YBEES.NS,8338,49.33,411313.54,205.65677,1252865.73088
2021-12-27,BUY,ITBEES.NS,10749,38.83,417383.67,208.691835,835273.3690449999
2021-12-27,BUY,MON100.NS,3456,120.75,417312.0,208.656,417752.7130449999
2021-12-27,BUY,NV20BEES.NS,4218,98.95,417371.10000000003,208.68555000000003,172.9274949998944
2022-01-03,SELL,ITBEES.NS,10749,40.0,429960.0,214.98000000000002,429917.9474949999
2022-01-03,SELL,MON100.NS,3456,120.27,415653.12,207.82656,845363.2409349999
2022-01-03,SELL,NV20BEES.NS,4218,101.78,429308.04,214.65402,1274456.626915
2022-01-03,BUY,ITBEES.NS,10615,40.0,424600.0,212.3,849644.3269149999
2022-01-03,BUY,PHARMABEES.NS,29965,14.17,424604.05,212.302025,424827.9748899999
2022-01-03,BUY,NV20BEES.NS,4171,101.78,424524.38,212.26219,91.33269999991171
2022-01-10,SELL,ITBEES.NS,10615,39.08,414834.19999999995,207.41709999999998,414718.11559999984
2022-01-10,SELL,PHARMABEES.NS,29965,13.93,417412.45,208.70622500000002,831921.8593749999
2022-01-10,SELL,NV20BEES.NS,4171,102.35,426901.85,213.45092499999998,1258610.2584499998
2022-01-10,BUY,ITBEES.NS,10729,39.08,419289.32,209.64466000000002,839111.2937899998
2022-01-10,BUY,CPSEETF.NS,13388,31.32,419312.16000000003,209.65608000000003,419589.4777099998
2022-01-10,BUY,BANKBEES.NS,1087,385.71,419266.76999999996,209.63338499999998,113.07432499981951
2022-01-17,SELL,ITBEES.NS,10729,39.64,425297.56,212.64878000000002,425197.9855449998
2022-01-17,SELL,CPSEETF.NS,13388,32.22,431361.36,215.68068,856343.6648649998
2022-01-17,SELL,BANKBEES.NS,1087,385.3,418821.10000000003,209.41055000000003,1274955.354315
2022-01-17,BUY,CPSEETF.NS,13183,32.22,424756.26,212.37813,849986.7161849998
2022-01-17,BUY,NV20BEES.NS,4038,105.18,424716.84,212.35842000000002,425057.51776499976
2022-01-17,BUY,ITBEES.NS,10715,39.64,424742.60000000003,212.37130000000002,102.54646499973023
2022-01-24,SELL,CPSEETF.NS,13183,31.4,413946.19999999995,206.9731,413841.7733649997
2022-01-24,SELL,NV20BEES.NS,4038,97.79,394876.02,197.43801000000002,808520.3553549997
2022-01-24,SELL,ITBEES.NS,10715,35.73,382846.94999999995,191.42347499999997,1191175.8818799995
2022-01-24,BUY,CPSEETF.NS,12638,31.4,396833.19999999995,198.4166,794144.2652799996
2022-01-24,BUY,BANKBEES.NS,1066,372.15,396711.89999999997,198.35594999999998,397234.0093299996
2022-01-24,BUY,PSUBNKBEES.NS,13713,28.94,396854.22000000003,198.42711000000003,181.36221999960253
2022-02-21,SELL,CPSEETF.NS,12638,31.68,400371.83999999997,200.18591999999998,400353.01629999955
2022-02-21,SELL,BANKBEES.NS,1066,379.51,404557.66,202.27883,804708.3974699995
2022-02-21,SELL,PSUBNKBEES.NS,13713,30.41,417012.33,208.506165,1221512.2213049994
2022-02-21,BUY,GOLDBEES.NS,9442,43.1,406950.2,203.4751,814358.5462049994
2022-02-21,BUY,HNGSNGBEES.NS,1315,309.43,406900.45,203.45022500000002,407254.64597999945
2022-02-21,BUY,PSUBNKBEES.NS,13382,30.41,406946.62,203.47331,104.55266999948071
2022-02-28,SELL,GOLDBEES.NS,9442,43.59,411576.78,205.78839000000002,411475.5442799995
2022-02-28,SELL,HNGSNGBEES.NS,1315,298.91,393066.65,196.53332500000002,804345.6609549995
2022-02-28,SELL,PSUBNKBEES.NS,13382,29.1,389416.2,194.7081,1193567.1528549995
2022-02-28,BUY,GOLDBEES.NS,9122,43.59,397627.98000000004,198.81399000000002,795740.3588649995
2022-02-28,BUY,GILT5YBEES.NS,8004,49.68,397638.72,198.81936,397902.8195049995
2022-02-28,BUY,LIQUIDBEES.NS,397,1000.0,397000.0,198.5,704.3195049994974
2022-03-07,SELL,GOLDBEES.NS,9122,46.0,419612.0,209.806,420106.5135049995
2022-03-07,SELL,GILT5YBEES.NS,8004,49.17,393556.68,196.77834000000001,813466.4151649994
2022-03-07,SELL,LIQUIDBEES.NS,397,999.99,396996.03,198.498015,1210263.9471499994
2022-03-07,BUY,GOLDBEES.NS,8765,46.0,403190.0,201.595,806872.3521499995
2022-03-07,BUY,CPSEETF.NS,11779,34.23,403195.17,201.597585,403475.5845649995
2022-03-07,BUY,GILT5YBEES.NS,8200,49.17,403194.0,201.597,79.98756499949377
2022-03-14,SELL,GOLDBEES.NS,8765,44.64,391269.6,195.63479999999998,391153.95276499947
2022-03-14,SELL,CPSEETF.NS,11779,33.45,394007.55000000005,197.00377500000002,784964.4989899995
2022-03-14,SELL,GILT5YBEES.NS,8200,49.46,405572.0,202.786,1190333.7129899994
2022-03-14,BUY,GOLDBEES.NS,8883,44.64,396537.12,198.26856,793598.3244299995
2022-03-14,BUY,CPSEETF.NS,11855,33.45,396549.75000000006,198.27487500000004,396850.2995549994
2022-03-14,BUY,PHARMABEES.NS,29485,13.45,396573.25,198.28662500000002,78.76292999938596
2022-03-21,SELL,GOLDBEES.NS,8883,44.14,392095.62,196.04781,391978.33511999936
2022-03-21,SELL,CPSEETF.NS,11855,33.23,393941.64999999997,196.970825,785723.0142949993
2022-03-21,SELL,PHARMABEES.NS,29485,13.64,402175.4,201.0877,1187697.3265949993
2022-03-21,BUY,PHARMABEES.NS,29010,13.64,395696.4,197.84820000000002,791803.0783949993
2022-03-21,BUY,ITBEES.NS,10903,36.29,395669.87,197.834935,395935.3734599993
2022-03-21,BUY,GOLDBEES.NS,8964,44.14,395670.96,197.83548000000002,66.57797999924514
2022-03-28,SELL,PHARMABEES.NS,29010,13.63,395406.30000000005,197.70315000000002,395275.1748299993
2022-03-28,SELL,ITBEES.NS,10903,36.92,402538.76,201.26938,797612.6654499993
2022-03-28,SELL,GOLDBEES.NS,8964,44.49,398808.36000000004,199.40418000000003,1196221.6212699993
2022-03-28,BUY,MON100.NS,3527,112.99,398515.73,199.25786499999998,797506.6334049993
2022-03-28,BUY,MAFANG.NS,7856,50.73,398534.87999999995,199.26743999999997,398772.4859649993
2022-03-28,BUY,ITBEES.NS,10794,36.92,398514.48000000004,199.25724000000002,58.7487249992555
2022-04-04,SELL,MON100.NS,3527,115.85,408602.94999999995,204.30147499999998,408457.3972499992
2022-04-04,SELL,MAFANG.NS,7856,50.9,399870.39999999997,199.93519999999998,808127.8620499992
2022-04-04,SELL,ITBEES.NS,10794,37.31,402724.14,201.36207000000002,1210650.6399799993
2022-04-04,BUY,MON100.NS,3481,115.85,403273.85,201.636925,807175.1530549993
2022-04-04,BUY,DIVOPPBEES.NS,8631,46.73,403326.62999999995,201.66331499999998,403646.85973999935
2022-04-04,BUY,CPSEETF.NS,11553,34.91,403315.23,201.657615,129.97212499938905
2022-04-11,SELL,MON100.NS,3481,112.16,390428.95999999996,195.21447999999998,390363.7176449993
2022-04-11,SELL,DIVOPPBEES.NS,8631,47.01,405743.31,202.871655,795904.1559899993
2022-04-11,SELL,CPSEETF.NS,11553,36.43,420875.79,210.437895,1216569.5080949992
2022-04-11,BUY,CPSEETF.NS,11126,36.43,405320.18,202.66009,811046.6680049992
2022-04-11,BUY,JUNIORBEES.NS,874,463.53,405125.22,202.56260999999998,405718.8853949992
2022-04-11,BUY,PSUBNKBEES.NS,12682,31.96,405316.72000000003,202.65836000000002,199.5070349991438
2022-04-18,SELL,CPSEETF.NS,11126,37.15,413330.89999999997,206.66545,413323.74158499914
2022-04-18,SELL,JUNIORBEES.NS,874,455.58,398176.92,199.08846,811301.5731249992
2022-04-18,SELL,PSUBNKBEES.NS,12682,30.87,391493.34,195.74667000000002,1202599.1664549992
2022-04-18,BUY,CPSEETF.NS,10785,37.15,400662.75,200.331375,801736.0850799992
2022-04-18,BUY,JUNIORBEES.NS,879,455.58,400454.82,200.22741000000002,401081.0376699992
2022-04-18,BUY,MOM100.NS,12450,32.18,400641.0,200.3205,239.71716999920318
2022-04-25,SELL,CPSEETF.NS,10785,36.09,389230.65,194.615325,389275.7518449992
2022-04-25,SELL,JUNIORBEES.NS,879,443.78,390082.62,195.04131,779163.3305349993
2022-04-25,SELL,MOM100.NS,12450,31.32,389934.0,194.967,1168902.3635349993
2022-04-25,BUY,CPSEETF.NS,10790,36.09,389411.10000000003,194.70555000000002,779296.5579849993
2022-04-25,BUY,INFRABEES.NS,732,531.59,389123.88,194.56194,389978.1160449993
2022-04-25,BUY,JUNIORBEES.NS,877,443.78,389195.06,194.59753,588.458514999249
2022-05-02,SELL,CPSEETF.NS,10790,35.6,384124.0,192.062,384520.3965149993
2022-05-02,SELL,INFRABEES.NS,732,533.48,390507.36,195.25368,774832.5028349992
2022-05-02,SELL,JUNIORBEES.NS,877,446.39,391484.02999999997,195.74201499999998,1166120.7908199993
2022-05-02,BUY,CONSUMBEES.NS,5065,76.7,388485.5,194.24275,777441.0480699993
2022-05-02,BUY,INFRABEES.NS,728,533.48,388373.44,194.18672,388873.4213499993
2022-05-02,BUY,JUNIORBEES.NS,870,446.39,388359.3,194.17965,319.9416999993264
2022-05-09,SELL,CONSUMBEES.NS,5065,72.22,365794.3,182.89715,365931.34454999934
2022-05-09,SELL,INFRABEES.NS,728,507.87,369729.36,184.86468,735475.8398699993
2022-05-09,SELL,JUNIORBEES.NS,870,418.7,364269.0,182.1345,1099562.7053699994
2022-05-09,BUY,CPSEETF.NS,10210,35.88,366334.80000000005,183.16740000000001,733044.7379699994
2022-05-09,BUY,HNGSNGBEES.NS,1202,304.74,366297.48000000004,183.14874000000003,366564.1092299994
2022-05-09,BUY,DIVOPPBEES.NS,8344,43.9,366301.6,183.1508,79.35842999943998
2022-05-16,SELL,CPSEETF.NS,10210,33.99,347037.9,173.51895000000002,346943.73947999947
2022-05-16,SELL,HNGSNGBEES.NS,1202,299.62,360143.24,180.07162,706906.9078599995
2022-05-16,SELL,DIVOPPBEES.NS,8344,42.39,353702.16000000003,176.85108000000002,1060432.2167799994
2022-05-16,BUY,LIQUIDBEES.NS,353,1000.0,353000.0,176.5,707255.7167799994
2022-05-16,BUY,GILT5YBEES.NS,7160,49.34,353274.4,176.6372,353804.6795799994
2022-05-16,BUY,HNGSNGBEES.NS,1179,299.62,353251.98,176.62599,376.07358999946155
2022-05-23,SELL,LIQUIDBEES.NS,353,999.99,352996.47000000003,176.49823500000002,353196.0453549995
2022-05-23,SELL,GILT5YBEES.NS,7160,48.74,348978.4,174.4892,701999.9561549996
2022-05-23,SELL,HNGSNGBEES.NS,1179,295.04,347852.16000000003,173.92608,1049678.1900749996
2022-05-23,BUY,AUTOBEES.NS,3145,111.18,349661.10000000003,174.83055000000002,699842.2595249995
2022-05-23,BUY,LIQUIDBEES.NS,349,999.99,348996.51,174.498255,350671.25126999954
2022-05-23,BUY,GILT5YBEES.NS,7175,48.74,349709.5,174.85475,786.8965199995437
2022-05-30,SELL,AUTOBEES.NS,3145,115.43,363027.35000000003,181.51367500000003,363632.7328449996
2022-05-30,SELL,LIQUIDBEES.NS,349,999.99,348996.51,174.498255,712454.7445899996
2022-05-30,SELL,GILT5YBEES.NS,7175,48.79,350068.25,175.03412500000002,1062347.9604649995
2022-05-30,BUY,AUTOBEES.NS,3066,115.43,353908.38,176.95419,708262.6262749995
2022-05-30,BUY,LIQUIDBEES.NS,353,999.99,352996.47000000003,176.49823500000002,355089.6580399994
2022-05-30,BUY,BANKBEES.NS,979,361.43,353839.97000000003,176.91998500000003,1072.768054999411
2022-06-06,SELL,AUTOBEES.NS,3066,116.12,356023.92000000004,178.01196000000002,356918.6760949995
2022-06-06,SELL,LIQUIDBEES.NS,353,999.99,352996.47000000003,176.49823500000002,709738.6478599994
2022-06-06,SELL,BANKBEES.NS,979,356.47,348984.13,174.492065,1058548.2857949995
2022-06-06,BUY,AUTOBEES.NS,3037,116.12,352656.44,176.32822000000002,705715.5175749995
2022-06-06,BUY,MAFANG.NS,8562,41.19,352668.77999999997,176.33438999999998,352870.40318499954
2022-06-06,BUY,LIQUIDBEES.NS,352,999.99,351996.48,175.99823999999998,697.9249449995696
2022-06-13,SELL,AUTOBEES.NS,3037,112.01,340174.37,170.087185,340702.20775999955
2022-06-13,SELL,MAFANG.NS,8562,39.12,334945.44,167.47272,675480.1750399995
2022-06-13,SELL,LIQUIDBEES.NS,352,1000.0,352000.0,176.0,1027304.1750399995
2022-06-13,BUY,AUTOBEES.NS,3055,112.01,342190.55,171.095275,684942.5297649995
2022-06-13,BUY,CPSEETF.NS,9952,34.39,342249.28,171.12464000000003,342522.1251249995
2022-06-13,BUY,HNGSNGBEES.NS,1127,303.58,342134.66,171.06733,216.39779499953147
2022-06-20,SELL,AUTOBEES.NS,3055,107.94,329756.7,164.87835,329808.21944499953
2022-06-20,SELL,CPSEETF.NS,9952,31.44,312890.88,156.44544000000002,642542.6540049996
2022-06-20,SELL,HNGSNGBEES.NS,1127,302.97,341447.19,170.72359500000002,983819.1204099995
2022-06-20,BUY,GOLDBEES.NS,7480,43.82,327773.6,163.8868,655881.6336099996
2022-06-20,BUY,LIQUIDBEES.NS,327,999.99,326996.73,163.498365,328721.40524499957
2022-06-20,BUY,HNGSNGBEES.NS,1081,302.97,327510.57,163.75528500000001,1047.079959999537
2022-06-27,SELL,GOLDBEES.NS,7480,43.87,328147.6,164.0738,329030.6061599995
2022-06-27,SELL,LIQUIDBEES.NS,327,999.99,326996.73,163.498365,655863.8377949995
2022-06-27,SELL,HNGSNGBEES.NS,1081,308.21,333175.00999999995,166.587505,988872.2602899994
2022-06-27,BUY,AUTOBEES.NS,2815,117.03,329439.45,164.719725,659268.0905649995
2022-06-27,BUY,CONSUMBEES.NS,4486,73.44,329451.83999999997,164.72591999999997,329651.52464499953
2022-06-27,BUY,MAFANG.NS,8017,41.09,329418.53,164.70926500000002,68.28537999949185
2022-07-04,SELL,AUTOBEES.NS,2815,117.85,331747.75,165.873875,331650.1615049995
2022-07-04,SELL,CONSUMBEES.NS,4486,74.83,335687.38,167.84369,667169.6978149995
2022-07-04,SELL,MAFANG.NS,8017,39.58,317312.86,158.65643,984323.9013849995
2022-07-04,BUY,AUTOBEES.NS,2782,117.85,327858.7,163.92935,656301.2720349994
2022-07-04,BUY,CONSUMBEES.NS,4382,74.83,327905.06,163.95253,328232.25950499944
2022-07-04,BUY,GOLDBEES.NS,7339,44.68,327906.52,163.95326,161.78624499944272
2022-07-11,SELL,AUTOBEES.NS,2782,123.43,343382.26,171.69113000000002,343372.35511499946
2022-07-11,SELL,CONSUMBEES.NS,4382,78.04,341971.28,170.98564000000002,685172.6494749994
2022-07-11,SELL,GOLDBEES.NS,7339,43.56,319686.84,159.84342,1004699.6460549994
2022-07-11,BUY,AUTOBEES.NS,2711,123.43,334618.73000000004,167.309365,669913.6066899993
2022-07-11,BUY,CONSUMBEES.NS,4289,78.04,334713.56000000006,167.35678000000004,335032.6899099993
2022-07-11,BUY,PSUBNKBEES.NS,11354,29.48,334715.92,167.35796,149.4119499993394
2022-08-01,SELL,AUTOBEES.NS,2711,130.73,354409.02999999997,177.204515,354381.2374349993
2022-08-01,SELL,CONSUMBEES.NS,4289,82.96,355815.43999999994,177.90771999999998,710018.7697149992
2022-08-01,SELL,PSUBNKBEES.NS,11354,31.48,357423.92,178.71196,1067263.9777549992
2022-08-01,BUY,PSUBNKBEES.NS,11295,31.48,355566.6,177.7833,711519.5944549992
2022-08-01,BUY,CONSUMBEES.NS,4286,82.96,355566.56,177.78328,355775.2511749992
2022-08-01,BUY,BANKBEES.NS,929,382.53,355370.37,177.685185,227.19598999922164
2022-08-08,SELL,PSUBNKBEES.NS,11295,31.3,353533.5,176.76675,353583.9292399992
2022-08-08,SELL,CONSUMBEES.NS,4286,84.19,360838.33999999997,180.41916999999998,714241.8500699992
2022-08-08,SELL,BANKBEES.NS,929,386.46,359021.33999999997,179.51066999999998,1073083.6793999993
2022-08-08,BUY,MOM100.NS,10837,32.99,357512.63,178.756315,715392.2930849993
2022-08-08,BUY,CONSUMBEES.NS,4246,84.19,357470.74,178.73537,357742.8177149993
2022-08-08,BUY,MON100.NS,3483,102.63,357460.29,178.730145,103.79756999935489
2022-08-16,SELL,MOM100.NS,10837,33.19,359680.02999999997,179.840015,359603.9875549993
2022-08-16,SELL,CONSUMBEES.NS,4246,84.87,360358.02,180.17901,719781.8285449992
2022-08-16,SELL,MON100.NS,3483,105.24,366550.92,183.27546,1086149.4730849992
2022-08-16,BUY,BANKBEES.NS,911,397.06,361721.66,180.86083,724246.9522549992
2022-08-16,BUY,MOM100.NS,10902,33.19,361837.37999999995,180.91868999999997,362228.65356499923
2022-08-16,BUY,MID150BEES.NS,3020,119.81,361826.2,180.91310000000001,221.54046499921242
2022-08-22,SELL,BANKBEES.NS,911,387.38,352903.18,176.45159,352948.2688749992
2022-08-22,SELL,MOM100.NS,10902,32.29,352025.58,176.01279000000002,704797.8360849991
2022-08-22,SELL,MID150BEES.NS,3020,117.22,354004.4,177.00220000000002,1058625.233884999
2022-08-22,BUY,JUNIORBEES.NS,788,447.21,352401.48,176.20074,706047.5531449991
2022-08-22,BUY,MID150BEES.NS,3008,117.22,352597.76,176.29888,353273.49426499906
2022-08-22,BUY,BANKBEES.NS,910,387.38,352515.8,176.2579,581.436364999041
2022-08-29,SELL,JUNIORBEES.NS,788,452.93,356908.84,178.45442000000003,357311.82194499904
2022-08-29,SELL,MID150BEES.NS,3008,118.76,357230.08,178.61504000000002,714363.286904999
2022-08-29,SELL,BANKBEES.NS,910,387.78,352879.8,176.4399,1067066.647004999
2022-08-29,BUY,CPSEETF.NS,9734,36.52,355485.68000000005,177.74284000000003,711403.2241649989
2022-08-29,BUY,PSUBNKBEES.NS,10932,32.52,355508.64,177.75432,355716.82984499884
2022-08-29,BUY,MOM100.NS,10871,32.7,355481.7,177.74085000000002,57.388994998822454
2022-09-05,SELL,CPSEETF.NS,9734,37.0,360158.0,180.079,360035.3099949988
2022-09-05,SELL,PSUBNKBEES.NS,10932,33.7,368408.4,184.20420000000001,728259.5057949988
2022-09-05,SELL,MOM100.NS,10871,33.45,363634.95,181.817475,1091712.638319999
2022-09-05,BUY,CPSEETF.NS,9830,37.0,363710.0,181.855,727820.783319999
2022-09-05,BUY,PSUBNKBEES.NS,10792,33.7,363690.4,181.8452,363948.538119999
2022-09-05,BUY,JUNIORBEES.NS,788,461.05,363307.4,181.65370000000001,459.48441999894567
2022-09-12,SELL,CPSEETF.NS,9830,37.2,365676.0,182.838,365952.64641999896
2022-09-12,SELL,PSUBNKBEES.NS,10792,35.22,380094.24,190.04712,745856.839299999
2022-09-12,SELL,JUNIORBEES.NS,788,472.03,371959.63999999996,185.97982,1117630.4994799988
2022-09-12,BUY,PSUBNKBEES.NS,10572,35.22,372345.83999999997,186.17291999999998,745098.486559999
2022-09-12,BUY,CPSEETF.NS,10009,37.2,372334.80000000005,186.16740000000001,372577.5191599989
2022-09-12,BUY,BANKBEES.NS,907,410.22,372069.54000000004,186.03477,321.9443899988546
2022-09-26,SELL,PSUBNKBEES.NS,10572,32.7,345704.4,172.8522,345853.49218999885
2022-09-26,SELL,CPSEETF.NS,10009,34.55,345810.94999999995,172.90547499999997,691491.5367149988
2022-09-26,SELL,BANKBEES.NS,907,391.54,355126.78,177.56339000000003,1046440.7533249988
2022-09-26,BUY,PSUBNKBEES.NS,10661,32.7,348614.7,174.30735,697651.7459749987
2022-09-26,BUY,CONSUMBEES.NS,4070,85.65,348595.5,174.29775,348881.94822499866
2022-09-26,BUY,MID150BEES.NS,2970,117.38,348618.6,174.30929999999998,89.03892499866197
2022-10-03,SELL,PSUBNKBEES.NS,10661,32.32,344563.52,172.28176000000002,344480.2771649987
2022-10-03,SELL,CONSUMBEES.NS,4070,84.33,343223.1,171.61155,687531.7656149988
2022-10-03,SELL,MID150BEES.NS,2970,117.25,348232.5,174.11625,1035590.1493649988
2022-10-03,BUY,PHARMABEES.NS,25980,13.28,345014.39999999997,172.50719999999998,690403.2421649988
2022-10-03,BUY,SILVERBEES.NS,6065,56.88,344977.2,172.48860000000002,345253.5535649988
2022-10-03,BUY,CONSUMBEES.NS,4091,84.33,344994.02999999997,172.49701499999998,87.02654999884544
2022-10-10,SELL,PHARMABEES.NS,25980,13.18,342416.39999999997,171.20819999999998,342332.2183499988
2022-10-10,SELL,SILVERBEES.NS,6065,58.25,353286.25,176.643125,695441.8252249989
2022-10-10,SELL,CONSUMBEES.NS,4091,84.73,346630.43,173.315215,1041898.9400099989
2022-10-10,BUY,SILVERBEES.NS,5959,58.25,347111.75,173.55587500000001,694613.6341349988
2022-10-10,BUY,PHARMABEES.NS,26337,13.18,347121.66,173.56082999999998,347318.41330499883
2022-10-10,BUY,GOLDBEES.NS,7937,43.73,347085.00999999995,173.54250499999998,59.860799998859875
2022-10-17,SELL,SILVERBEES.NS,5959,55.52,330843.68,165.42184,330738.1189599988
2022-10-17,SELL,PHARMABEES.NS,26337,13.11,345278.07,172.639035,675843.5499249988
2022-10-17,SELL,GOLDBEES.NS,7937,43.24,343195.88,171.59794,1018867.8319849988
2022-10-17,BUY,PHARMABEES.NS,25892,13.11,339444.12,169.72206,679253.9899249987
2022-10-17,BUY,ITBEES.NS,11721,28.96,339440.16000000003,169.72008000000002,339644.1098449987
2022-10-17,BUY,SILVERBEES.NS,6114,55.52,339449.28,169.72464000000002,25.10520499869017
2022-10-24,SELL,PHARMABEES.NS,25892,13.43,347729.56,173.86478,347580.8004249987
2022-10-24,SELL,ITBEES.NS,11721,29.63,347293.23,173.646615,694700.3838099986
2022-10-24,SELL,SILVERBEES.NS,6114,56.93,348070.02,174.03501,1042596.3687999987
2022-10-24,BUY,PSUBNKBEES.NS,9342,37.18,347335.56,173.66778,695087.1410199986
2022-10-24,BUY,BANKBEES.NS,833,416.7,347111.1,173.55554999999998,347802.4854699986
2022-10-24,BUY,ITBEES.NS,11723,29.63,347352.49,173.676245,276.31922499864595
2022-10-31,SELL,PSUBNKBEES.NS,9342,38.27,357518.34,178.75917,357615.9000549987
2022-10-31,SELL,BANKBEES.NS,833,417.25,347569.25,173.784625,705011.3654299987
2022-10-31,SELL,ITBEES.NS,11723,29.81,349462.63,174.731315,1054299.2641149987
2022-10-31,BUY,PSUBNKBEES.NS,9178,38.27,351242.06000000006,175.62103000000002,702881.5830849987
2022-10-31,BUY,CPSEETF.NS,9243,38.0,351234.0,175.617,351471.9660849986
2022-10-31,BUY,BANKBEES.NS,841,417.25,350907.25,175.45362500000002,389.2624599986011
2022-11-07,SELL,PSUBNKBEES.NS,9178,40.99,376206.22000000003,188.10311000000002,376407.3793499986
2022-11-07,SELL,CPSEETF.NS,9243,38.86,359182.98,179.59149,735410.7678599986
2022-11-07,SELL,BANKBEES.NS,841,421.16,354195.56,177.09778,1089429.2300799987
2022-11-07,BUY,PSUBNKBEES.NS,8854,40.99,362925.46,181.46273000000002,726322.3073499987
2022-11-07,BUY,CPSEETF.NS,9340,38.86,362952.4,181.4762,363188.43114999874
2022-11-07,BUY,PHARMABEES.NS,27127,13.38,362959.26,181.47963000000001,47.691519998712465
2022-11-14,SELL,PSUBNKBEES.NS,8854,41.53,367706.62,183.85331,367570.45820999873
2022-11-14,SELL,CPSEETF.NS,9340,38.03,355200.2,177.6001,722593.0581099987
2022-11-14,SELL,PHARMABEES.NS,27127,13.16,356991.32,178.49566000000002,1079405.8824499988
2022-11-14,BUY,PSUBNKBEES.NS,8659,41.53,359608.27,179.804135,719617.8083149988
2022-11-14,BUY,SILVERBEES.NS,5880,61.15,359562.0,179.781,359876.02731499873
2022-11-14,BUY,ITBEES.NS,11585,31.04,359598.39999999997,179.79919999999998,97.8281149987597
2022-11-21,SELL,PSUBNKBEES.NS,8659,43.33,375194.47,187.59723499999998,375104.70087999874
2022-11-21,SELL,SILVERBEES.NS,5880,59.93,352388.4,176.19420000000002,727316.9066799987
2022-11-21,SELL,ITBEES.NS,11585,30.45,352763.25,176.381625,1079903.7750549987
2022-11-21,BUY,PSUBNKBEES.NS,8303,43.33,359768.99,179.884495,719954.9005599987
2022-11-21,BUY,ITBEES.NS,11815,30.45,359766.75,179.883375,360008.2671849987
2022-11-21,BUY,BANKBEES.NS,840,428.05,359562.0,179.781,266.48618499870645
2022-12-05,SELL,PSUBNKBEES.NS,8303,46.09,382685.27,191.342635,382760.4135499987
2022-12-05,SELL,ITBEES.NS,11815,32.23,380797.44999999995,190.39872499999998,763367.4648249988
2022-12-05,SELL,BANKBEES.NS,840,437.9,367836.0,183.918,1131019.5468249987
2022-12-05,BUY,PSUBNKBEES.NS,8175,46.09,376785.75,188.392875,754045.4039499987
2022-12-05,BUY,HNGSNGBEES.NS,1370,274.93,376654.10000000003,188.32705,377202.9768999986
2022-12-05,BUY,SILVERBEES.NS,5787,65.11,376791.57,188.39578500000002,223.01111499860417
2022-12-26,SELL,PSUBNKBEES.NS,8175,46.44,379647.0,189.8235,379680.1876149986
2022-12-26,SELL,HNGSNGBEES.NS,1370,277.37,379996.9,189.99845000000002,759487.0891649986
2022-12-26,SELL,SILVERBEES.NS,5787,66.72,386108.64,193.05432000000002,1145402.6748449986
2022-12-26,BUY,HNGSNGBEES.NS,1375,277.37,381383.75,190.691875,763828.2329699986
2022-12-26,BUY,SILVERBEES.NS,5719,66.72,381571.68,190.78584,382065.7671299986
2022-12-26,BUY,GOLDBEES.NS,8173,46.69,381597.37,190.798685,277.59844499861356
2023-01-02,SELL,HNGSNGBEES.NS,1375,289.96,398695.0,199.3475,398773.25094499864
2023-01-02,SELL,SILVERBEES.NS,5719,67.67,387004.73,193.502365,785584.4785799986
2023-01-02,SELL,GOLDBEES.NS,8173,47.17,385520.41000000003,192.760205,1170912.1283749987
2023-01-02,BUY,HNGSNGBEES.NS,1345,289.96,389996.19999999995,194.9981,780720.9302749988
2023-01-02,BUY,SILVERBEES.NS,5764,67.67,390049.88,195.02494000000002,390476.0253349988
2023-01-02,BUY,PSUBNKBEES.NS,8086,48.24,390068.64,195.03432,212.35101499879966
2023-01-09,SELL,HNGSNGBEES.NS,1345,302.82,407292.89999999997,203.64645,407301.60456499876
2023-01-09,SELL,SILVERBEES.NS,5764,67.95,391663.8,195.8319,798769.5726649987
2023-01-09,SELL,PSUBNKBEES.NS,8086,47.89,387238.54,193.61927,1185814.4933949986
2023-01-09,BUY,HNGSNGBEES.NS,1304,302.82,394877.27999999997,197.43864,790739.7747549986
2023-01-09,BUY,SILVERBEES.NS,5814,67.95,395061.3,197.53065,395480.94410499866
2023-01-09,BUY,GOLDBEES.NS,8211,48.11,395031.21,197.51560500000002,252.21849999862025
2023-01-23,SELL,HNGSNGBEES.NS,1304,314.03,409495.11999999994,204.74755999999996,409542.59093999857
2023-01-23,SELL,SILVERBEES.NS,5814,67.52,392561.27999999997,196.28063999999998,801907.5902999985
2023-01-23,SELL,GOLDBEES.NS,8211,48.77,400450.47000000003,200.22523500000003,1202157.8350649986
2023-01-23,BUY,HNGSNGBEES.NS,1275,314.03,400388.24999999994,200.19412499999999,801569.3909399987
2023-01-23,BUY,GOLDBEES.NS,8212,48.77,400499.24000000005,200.24962000000002,400869.9013199986
2023-01-23,BUY,CPSEETF.NS,10235,39.13,400495.55000000005,200.24777500000002,174.10354499856476
2023-01-30,SELL,HNGSNGBEES.NS,1275,308.63,393503.25,196.751625,393480.6019199986
2023-01-30,SELL,GOLDBEES.NS,8212,48.77,400499.24000000005,200.24962000000002,793779.5922999986
2023-01-30,SELL,CPSEETF.NS,10235,37.66,385450.1,192.72504999999998,1179036.9672499986
2023-01-30,BUY,HNGSNGBEES.NS,1272,308.63,392577.36,196.28868,786263.3185699986
2023-01-30,BUY,MAFANG.NS,9169,42.84,392799.96,196.39998000000003,393266.9585899986
2023-01-30,BUY,MON100.NS,4124,95.25,392811.0,196.40550000000002,259.55308999860426
2023-02-13,SELL,HNGSNGBEES.NS,1272,309.27,393391.44,196.69572,393454.2973699986
2023-02-13,SELL,MAFANG.NS,9169,45.64,418473.16000000003,209.23658000000003,811718.2207899985
2023-02-13,SELL,MON100.NS,4124,99.36,409760.64,204.88032,1221273.9804699984
2023-02-13,BUY,MAFANG.NS,8915,45.64,406880.6,203.44029999999998,814189.9401699984
2023-02-13,BUY,MON100.NS,4095,99.36,406879.2,203.4396,407107.30056999845
2023-02-13,BUY,ITBEES.NS,12872,31.61,406883.92,203.44196,19.93860999844037
2023-02-27,SELL,MAFANG.NS,8915,44.58,397430.7,198.71535,397251.92325999844
2023-02-27,SELL,MON100.NS,4095,98.02,401391.89999999997,200.69594999999998,798443.1273099984
2023-02-27,SELL,ITBEES.NS,12872,31.15,400962.8,200.4814,1199205.4459099984
2023-02-27,BUY,MAFANG.NS,8962,44.58,399525.95999999996,199.76298,799479.7229299984
2023-02-27,BUY,MON100.NS,4076,98.02,399529.51999999996,199.76476,399750.43816999847
2023-02-27,BUY,CPSEETF.NS,10132,39.43,399504.76,199.75238000000002,45.92578999843681
2023-03-13,SELL,MAFANG.NS,8962,43.31,388144.22000000003,194.07211,387996.07367999846
2023-03-13,SELL,MON100.NS,4076,95.6,389665.6,194.8328,777466.8408799984
2023-03-13,SELL,CPSEETF.NS,10132,40.07,405989.24,202.99462,1183253.0862599984
2023-03-13,BUY,CPSEETF.NS,9838,40.07,394208.66,197.10433,788847.3219299985
2023-03-13,BUY,INFRABEES.NS,747,527.17,393795.99,196.897995,394854.43393499847
2023-03-13,BUY,GILT5YBEES.NS,7725,51.03,394206.75,197.103375,450.58055999845965
2023-03-20,SELL,CPSEETF.NS,9838,39.7,390568.60000000003,195.28430000000003,390823.8962599985
2023-03-20,SELL,INFRABEES.NS,747,525.62,392638.14,196.31907,783265.7171899985
2023-03-20,SELL,GILT5YBEES.NS,7725,51.16,395211.0,197.6055,1178279.1116899985
2023-03-20,BUY,MAFANG.NS,8409,46.68,392532.12,196.26606,785550.7256299986
2023-03-20,BUY,MON100.NS,3905,100.52,392530.6,196.2653,392823.8603299986
2023-03-20,BUY,CPSEETF.NS,9888,39.7,392553.60000000003,196.2768,73.98352999857161
2023-03-27,SELL,MAFANG.NS,8409,48.5,407836.5,203.91825,407706.5652799986
2023-03-27,SELL,MON100.NS,3905,102.35,399676.75,199.838375,807183.4769049985
2023-03-27,SELL,CPSEETF.NS,9888,38.58,381479.04,190.73952,1188471.7773849985
2023-03-27,BUY,MAFANG.NS,8164,48.5,395954.0,197.977,792319.8003849986
2023-03-27,BUY,SILVERBEES.NS,5787,68.42,395946.54000000004,197.97327,396175.2871149985
2023-03-27,BUY,GOLDBEES.NS,7856,50.4,395942.39999999997,197.97119999999998,34.915914998506196
2023-04-03,SELL,MAFANG.NS,8164,50.48,412118.72,206.05936,411947.57655499846
2023-04-03,SELL,SILVERBEES.NS,5787,70.39,407346.93,203.673465,819090.8330899985
2023-04-03,SELL,GOLDBEES.NS,7856,50.8,399084.8,199.5424,1217976.0906899986
2023-04-03,BUY,SILVERBEES.NS,5764,70.39,405727.96,202.86398000000003,812045.2667099985
2023-04-03,BUY,MAFANG.NS,8038,50.48,405758.24,202.87912,406084.1475899985
2023-04-03,BUY,MON100.NS,3876,104.68,405739.68000000005,202.86984000000004,141.59774999844376
2023-04-10,SELL,SILVERBEES.NS,5764,73.24,422155.36,211.07768,422085.88006999844
2023-04-10,SELL,MAFANG.NS,8038,49.09,394585.42000000004,197.29271000000003,816474.0073599985
2023-04-10,SELL,MON100.NS,3876,103.65,401747.4,200.8737,1218020.5336599986
2023-04-10,BUY,SILVERBEES.NS,5540,73.24,405749.6,202.8748,812068.0588599986
2023-04-10,BUY,GOLDBEES.NS,7898,51.38,405799.24000000005,202.89962000000003,406065.91923999856
2023-04-10,BUY,MAFANG.NS,8266,49.09,405777.94,202.88897,85.09026999853086
2023-04-24,SELL,SILVERBEES.NS,5540,73.67,408131.8,204.0659,408012.82436999853
2023-04-24,SELL,GOLDBEES.NS,7898,51.26,404851.48,202.42574,812661.8786299985
2023-04-24,SELL,MAFANG.NS,8266,48.39,399991.74,199.99587,1212453.6227599985
2023-04-24,BUY,SILVERBEES.NS,5483,73.67,403932.61,201.966305,808319.0464549985
2023-04-24,BUY,PHARMABEES.NS,32084,12.59,403937.56,201.96878,404179.51767499855
2023-04-24,BUY,BANKBEES.NS,937,431.09,403931.32999999996,201.96566499999997,46.22200999857159
2023-05-02,SELL,SILVERBEES.NS,5483,72.99,400204.17,200.102085,400050.28992499853
2023-05-02,SELL,PHARMABEES.NS,32084,12.72,408108.48000000004,204.05424000000002,807954.7156849985
2023-05-02,SELL,BANKBEES.NS,937,437.85,410265.45,205.13272500000002,1218015.0329599986
2023-05-02,BUY,PSUBNKBEES.NS,8758,46.33,405758.14,202.87907,812054.0138899985
2023-05-02,BUY,SILVERBEES.NS,5559,72.99,405751.41,202.87570499999998,406099.72818499856
2023-05-02,BUY,BANKBEES.NS,926,437.85,405449.10000000003,202.72455000000002,447.9036349985399
2023-05-08,SELL,PSUBNKBEES.NS,8758,45.51,398576.57999999996,199.28829,398825.1953449985
2023-05-08,SELL,SILVERBEES.NS,5559,75.25,418314.75,209.157375,816930.7879699985
2023-05-08,SELL,BANKBEES.NS,926,437.54,405162.04000000004,202.58102000000002,1221890.2469499987
2023-05-08,BUY,SILVERBEES.NS,5409,75.25,407027.25,203.513625,814659.4833249986
2023-05-08,BUY,PSUBNKBEES.NS,8945,45.51,407086.94999999995,203.54347499999997,407368.9898499987
2023-05-08,BUY,MOM100.NS,11799,34.5,407065.5,203.53275,99.95709999866085
2023-05-15,SELL,SILVERBEES.NS,5409,71.83,388528.47,194.26423499999999,388434.1628649986
2023-05-15,SELL,PSUBNKBEES.NS,8945,44.41,397247.44999999995,198.62372499999998,785482.9891399986
2023-05-15,SELL,MOM100.NS,11799,34.56,407773.44,203.88672,1193052.5424199984
2023-05-15,BUY,AUTOBEES.NS,2805,141.66,397356.3,198.67815,795497.5642699985
2023-05-15,BUY,MAFANG.NS,7646,51.98,397439.07999999996,198.71954,397859.7647299985
2023-05-15,BUY,CONSUMBEES.NS,4663,85.24,397474.12,198.73706,186.90766999847256
2023-05-22,SELL,AUTOBEES.NS,2805,140.31,393569.55,196.784775,393559.67289499845
2023-05-22,SELL,MAFANG.NS,7646,55.27,422594.42000000004,211.29721000000004,815942.7956849985
2023-05-22,SELL,CONSUMBEES.NS,4663,84.45,393790.35000000003,196.89517500000002,1209536.2505099985
2023-05-22,BUY,MAFANG.NS,7291,55.27,402973.57,201.486785,806361.1937249985
2023-05-22,BUY,AUTOBEES.NS,2872,140.31,402970.32,201.48516,403189.3885649985
2023-05-22,BUY,MON100.NS,3637,110.77,402870.49,201.435245,117.46331999852555
2023-06-19,SELL,MAFANG.NS,7291,63.6,463707.60000000003,231.85380000000004,463593.2095199986
2023-06-19,SELL,AUTOBEES.NS,2872,148.15,425486.8,212.7434,888867.2661199986
2023-06-19,SELL,MON100.NS,3637,120.18,437094.66000000003,218.54733000000002,1325743.3787899986
2023-06-19,BUY,MAFANG.NS,6944,63.6,441638.4,220.81920000000002,883884.1595899985
2023-06-19,BUY,MON100.NS,3675,120.18,441661.5,220.83075,442001.8288399985
2023-06-19,BUY,MID150BEES.NS,3273,134.91,441560.43,220.780215,220.6186249985476
2023-07-03,SELL,MAFANG.NS,6944,62.87,436569.27999999997,218.28464,436571.6139849985
2023-07-03,SELL,MON100.NS,3675,120.9,444307.5,222.15375,880656.9602349985
2023-07-03,SELL,MID150BEES.NS,3273,137.13,448826.49,224.413245,1329259.0369899985
2023-07-03,BUY,PHARMABEES.NS,32184,13.76,442851.83999999997,221.42592,886185.7710699986
2023-07-03,BUY,MAFANG.NS,7044,62.87,442856.27999999997,221.42813999999998,443108.0629299987
2023-07-03,BUY,AUTOBEES.NS,2898,152.78,442756.44,221.37822,130.24470999866026
2023-07-10,SELL,PHARMABEES.NS,32184,13.9,447357.60000000003,223.67880000000002,447264.1659099987
2023-07-10,SELL,MAFANG.NS,7044,62.9,443067.6,221.53379999999999,890110.2321099987
2023-07-10,SELL,AUTOBEES.NS,2898,155.66,451102.68,225.55134,1340987.3607699987
2023-07-10,BUY,PSUBNKBEES.NS,9073,49.24,446754.52,223.37726,894009.4635099987
2023-07-10,BUY,AUTOBEES.NS,2870,155.66,446744.2,223.37210000000002,447041.89140999876
2023-07-10,BUY,PHARMABEES.NS,32141,13.9,446759.9,223.37995,58.611459998763166
2023-07-17,SELL,PSUBNKBEES.NS,9073,49.83,452107.58999999997,226.05379499999998,451940.1476649987
2023-07-17,SELL,AUTOBEES.NS,2870,157.45,451881.49999999994,225.94074999999998,903595.7069149986
2023-07-17,SELL,PHARMABEES.NS,32141,14.22,457045.02,228.52251,1360412.2044049986
2023-07-17,BUY,MAFANG.NS,6936,65.34,453198.24000000005,226.59912000000003,906987.3652849984
2023-07-17,BUY,ITBEES.NS,13911,32.58,453220.38,226.61019000000002,453540.37509499845
2023-07-17,BUY,PSUBNKBEES.NS,9095,49.83,453203.85,226.601925,109.92316999845207
2023-07-24,SELL,MAFANG.NS,6936,63.94,443487.83999999997,221.74391999999997,443376.01924999844
2023-07-24,SELL,ITBEES.NS,13911,31.41,436944.51,218.47225500000002,880102.0569949985
2023-07-24,SELL,PSUBNKBEES.NS,9095,50.88,462753.60000000003,231.37680000000003,1342624.2801949985
2023-07-24,BUY,PSUBNKBEES.NS,8791,50.88,447286.08,223.64304,895114.5571549984
2023-07-24,BUY,PHARMABEES.NS,30785,14.53,447306.05,223.65302499999999,447584.8541299984
2023-07-24,BUY,AUTOBEES.NS,2826,158.27,447271.02,223.63551,90.19861999840941
2023-07-31,SELL,PSUBNKBEES.NS,8791,51.38,451681.58,225.84079000000003,451545.93782999844
2023-07-31,SELL,PHARMABEES.NS,30785,15.24,469163.4,234.5817,920474.7561299985
2023-07-31,SELL,AUTOBEES.NS,2826,158.81,448797.06,224.39853,1369047.4175999984
2023-07-31,BUY,PHARMABEES.NS,29929,15.24,456117.96,228.05898000000002,912701.3986199985
2023-07-31,BUY,PSUBNKBEES.NS,8877,51.38,456100.26,228.05013,456373.0884899985
2023-07-31,BUY,CPSEETF.NS,9560,47.71,456107.60000000003,228.05380000000002,37.434689998452086
2023-08-07,SELL,PHARMABEES.NS,29929,15.73,470783.17,235.391585,470585.21310499846
2023-08-07,SELL,PSUBNKBEES.NS,8877,49.0,434973.0,217.4865,905340.7266049985
2023-08-07,SELL,CPSEETF.NS,9560,46.79,447312.39999999997,223.65619999999998,1352429.4704049984
2023-08-07,BUY,PHARMABEES.NS,28644,15.73,450570.12,225.28506000000002,901634.0653449984
2023-08-07,BUY,CPSEETF.NS,9629,46.79,450540.91,225.270455,450867.8848899984
2023-08-07,BUY,MID150BEES.NS,3111,144.82,450535.01999999996,225.26751,107.59737999847857
2023-08-14,SELL,PHARMABEES.NS,28644,15.56,445700.64,222.85032,445585.38705999847
2023-08-14,SELL,CPSEETF.NS,9629,47.27,455162.83,227.58141500000002,900520.6356449984
2023-08-14,SELL,MID150BEES.NS,3111,144.68,450099.48000000004,225.04974,1350395.0659049985
2023-08-14,BUY,PHARMABEES.NS,28914,15.56,449901.84,224.95092000000002,900268.2749849984
2023-08-14,BUY,CPSEETF.NS,9517,47.27,449868.59,224.93429500000002,450174.7506899984
2023-08-14,BUY,PSUBNKBEES.NS,8942,50.31,449872.02,224.93601,77.79467999836197
2023-08-28,SELL,PHARMABEES.NS,28914,15.41,445564.74,222.78237,445419.7523099984
2023-08-28,SELL,CPSEETF.NS,9517,48.0,456816.0,228.40800000000002,902007.3443099984
2023-08-28,SELL,PSUBNKBEES.NS,8942,50.78,454074.76,227.03738,1355855.0669299983
2023-08-28,BUY,MID150BEES.NS,3040,148.58,451683.2,225.8416,903946.0253299983
2023-08-28,BUY,MOM100.NS,10985,41.12,451703.19999999995,225.8516,452016.9737299984
2023-08-28,BUY,CPSEETF.NS,9410,48.0,451680.0,225.84,111.13372999837156
2023-09-18,SELL,MID150BEES.NS,3040,155.12,471564.8,235.7824,471440.15132999833
2023-09-18,SELL,MOM100.NS,10985,43.25,475101.25,237.550625,946303.8507049984
2023-09-18,SELL,CPSEETF.NS,9410,52.71,496001.10000000003,248.00055000000003,1442056.9501549983
2023-09-18,BUY,PSUBNKBEES.NS,8272,58.08,480437.76,240.21888,961378.9712749983
2023-09-18,BUY,CPSEETF.NS,9114,52.71,480398.94,240.19947000000002,480739.8318049983
2023-09-18,BUY,ITBEES.NS,13797,34.82,480411.54,240.20577,88.08603499829769
2023-10-03,SELL,PSUBNKBEES.NS,8272,59.8,494665.6,247.3328,494506.3532349983
2023-10-03,SELL,CPSEETF.NS,9114,52.88,481948.32,240.97416,976213.6990749983
2023-10-03,SELL,ITBEES.NS,13797,33.35,460129.95,230.064975,1436113.5840999982
2023-10-03,BUY,PSUBNKBEES.NS,8001,59.8,478459.8,239.2299,957414.5541999983
2023-10-03,BUY,CPSEETF.NS,9048,52.88,478458.24000000005,239.22912000000002,478717.08507999824
2023-10-03,BUY,DIVOPPBEES.NS,8263,57.9,478427.7,239.21385,50.171229998231865
2023-10-16,SELL,PSUBNKBEES.NS,8001,56.49,451976.49,225.988245,451800.6729849982
2023-10-16,SELL,CPSEETF.NS,9048,53.92,487868.16000000003,243.93408000000002,939424.8989049983
2023-10-16,SELL,DIVOPPBEES.NS,8263,58.62,484377.06,242.18853000000001,1423559.7703749985
2023-10-16,BUY,CPSEETF.NS,8796,53.92,474280.32,237.14016,949042.3102149984
2023-10-16,BUY,PSUBNKBEES.NS,8395,56.49,474233.55,237.116775,474571.64343999844
2023-10-16,BUY,AUTOBEES.NS,2825,167.83,474119.75000000006,237.05987500000003,214.83356499840738
2023-10-23,SELL,CPSEETF.NS,8796,52.58,462493.68,231.24684,462477.2667249984
2023-10-23,SELL,PSUBNKBEES.NS,8395,52.76,442920.2,221.4601,905176.0066249984
2023-10-23,SELL,AUTOBEES.NS,2825,165.35,467113.75,233.556875,1372056.1997499983
2023-10-23,BUY,CPSEETF.NS,8693,52.58,457077.94,228.53897,914749.7207799982
2023-10-23,BUY,GOLDBEES.NS,8869,51.54,457108.26,228.55413000000001,457412.9066499982
2023-10-23,BUY,AUTOBEES.NS,2764,165.35,457027.39999999997,228.5137,156.99294999823906
2023-10-30,SELL,CPSEETF.NS,8693,53.04,461076.72,230.53835999999998,461003.1745899982
2023-10-30,SELL,GOLDBEES.NS,8869,52.02,461365.38,230.68269,922137.8718999983
2023-10-30,SELL,AUTOBEES.NS,2764,163.03,450614.92,225.30746,1372527.4844399984
2023-10-30,BUY,GOLDBEES.NS,8790,52.02,457255.80000000005,228.62790000000004,915043.0565399984
2023-10-30,BUY,CPSEETF.NS,8621,53.04,457257.83999999997,228.62892,457556.58761999843
2023-10-30,BUY,GILT5YBEES.NS,8608,53.12,457256.95999999996,228.62848,70.9991399984574
2023-11-13,SELL,GOLDBEES.NS,8790,50.93,447674.7,223.83735000000001,447521.8617899985
2023-11-13,SELL,CPSEETF.NS,8621,56.65,488379.64999999997,244.18982499999998,935657.3219649985
2023-11-13,SELL,GILT5YBEES.NS,8608,53.41,459753.27999999997,229.87663999999998,1395180.7253249986
2023-11-13,BUY,CPSEETF.NS,8205,56.65,464813.25,232.406625,930135.0686999985
2023-11-13,BUY,MAFANG.NS,7145,65.05,464782.25,232.39112500000002,465120.4275749985
2023-11-13,BUY,PHARMABEES.NS,29550,15.73,464821.5,232.41075,66.5168249985436
2023-11-20,SELL,CPSEETF.NS,8205,56.99,467602.95,233.801475,467435.66534999857
2023-11-20,SELL,MAFANG.NS,7145,67.42,481715.9,240.85795000000002,948910.7073999986
2023-11-20,SELL,PHARMABEES.NS,29550,16.04,473982.0,236.991,1422655.7163999986
2023-11-20,BUY,MAFANG.NS,7030,67.42,473962.60000000003,236.98130000000003,948456.1350999987
2023-11-20,BUY,CPSEETF.NS,8316,56.99,473928.84,236.96442000000002,474290.3306799987
2023-11-20,BUY,MON100.NS,3694,128.29,473903.25999999995,236.95163,150.11904999869876
2023-12-04,SELL,MAFANG.NS,7030,68.26,479867.80000000005,239.93390000000002,479777.98514999874
2023-12-04,SELL,CPSEETF.NS,8316,60.71,504864.36,252.43218,984389.9129699988
2023-12-04,SELL,MON100.NS,3694,129.73,479222.61999999994,239.61130999999997,1463372.9216599986
2023-12-04,BUY,CPSEETF.NS,8030,60.71,487501.3,243.75065,975627.8710099986
2023-12-04,BUY,MAFANG.NS,7142,68.26,487512.92000000004,243.75646000000003,487871.19454999856
2023-12-04,BUY,MOM100.NS,10340,47.15,487531.0,243.7655,96.42904999858001
2023-12-11,SELL,CPSEETF.NS,8030,62.67,503240.10000000003,251.62005000000002,503084.9089999986
2023-12-11,SELL,MAFANG.NS,7142,69.01,492869.42000000004,246.43471000000002,995707.8942899986
2023-12-11,SELL,MOM100.NS,10340,47.66,492804.39999999997,246.4022,1488265.8920899986
2023-12-11,BUY,CPSEETF.NS,7911,62.67,495782.37,247.891185,992235.6309049986
2023-12-11,BUY,JUNIORBEES.NS,911,543.84,495438.24000000005,247.71912000000003,496549.67178499856
2023-12-11,BUY,INFRABEES.NS,684,724.68,495681.11999999994,247.84055999999998,620.7112249986385
2023-12-18,SELL,CPSEETF.NS,7911,64.33,508914.63,254.457315,509280.88390999864
2023-12-18,SELL,JUNIORBEES.NS,911,556.22,506716.42000000004,253.35821,1015743.9456999986
2023-12-18,SELL,INFRABEES.NS,684,747.2,511084.80000000005,255.54240000000001,1526573.2032999988
2023-12-18,BUY,CPSEETF.NS,7906,64.33,508592.98,254.29649,1017725.9268099988
2023-12-18,BUY,ITBEES.NS,13433,37.86,508573.38,254.28669000000002,508898.2601199988
2023-12-18,BUY,PSUBNKBEES.NS,7974,63.78,508581.72000000003,254.29086,62.24925999878906
2023-12-26,SELL,CPSEETF.NS,7906,66.27,523930.62,261.96531,523730.9039499988
2023-12-26,SELL,ITBEES.NS,13433,37.55,504409.14999999997,252.20457499999998,1027887.8493749988
2023-12-26,SELL,PSUBNKBEES.NS,7974,61.99,494308.26,247.15413,1521948.955244999
2023-12-26,BUY,CPSEETF.NS,7651,66.27,507031.76999999996,253.515885,1014663.669359999
2023-12-26,BUY,ITBEES.NS,13503,37.55,507037.64999999997,253.518825,507372.50053499907
2023-12-26,BUY,JUNIORBEES.NS,909,557.59,506849.31000000006,253.42465500000003,269.7658799990313
2024-01-01,SELL,CPSEETF.NS,7651,67.17,513917.67000000004,256.958835,513930.4770449991
2024-01-01,SELL,ITBEES.NS,13503,37.68,508793.04,254.39651999999998,1022469.120524999
2024-01-01,SELL,JUNIORBEES.NS,909,568.13,516430.17,258.215085,1538641.0754399989
2024-01-01,BUY,CPSEETF.NS,7631,67.17,512574.27,256.28713500000003,1025810.5183049989
2024-01-01,BUY,JUNIORBEES.NS,902,568.13,512453.26,256.22663,513101.03167499887
2024-01-01,BUY,INFRABEES.NS,676,757.41,512009.16,256.00458,835.8670949988882
2024-01-23,SELL,CPSEETF.NS,7631,68.79,524936.49,262.468245,525509.8888499988
2024-01-23,SELL,JUNIORBEES.NS,902,566.94,511379.88000000006,255.68994000000004,1036634.0789099989
2024-01-23,SELL,INFRABEES.NS,676,780.86,527861.36,263.93068,1564231.5082299989
2024-01-23,BUY,CPSEETF.NS,7575,68.79,521084.25000000006,260.54212500000006,1042886.7161049988
2024-01-23,BUY,PSUBNKBEES.NS,8082,64.48,521127.36000000004,260.56368000000003,521498.79242499877
2024-01-23,BUY,INFRABEES.NS,667,780.86,520833.62,260.41681,404.7556149987504
2024-01-29,SELL,CPSEETF.NS,7575,74.32,562974.0,281.487,563097.2686149988
2024-01-29,SELL,PSUBNKBEES.NS,8082,67.29,543837.78,271.91889000000003,1106663.129724999
2024-01-29,SELL,INFRABEES.NS,667,821.3,547807.1,273.90355,1654196.326174999
2024-01-29,BUY,CPSEETF.NS,7415,74.32,551082.7999999999,275.54139999999995,1102837.9847749989
2024-01-29,BUY,MAFANG.NS,7260,75.91,551106.6,275.5533,551455.8314749988
2024-01-29,BUY,MON100.NS,3890,141.65,551018.5,275.50925,161.82222499884665
2024-02-05,SELL,CPSEETF.NS,7415,79.19,587193.85,293.596925,587062.0752999989
2024-02-05,SELL,MAFANG.NS,7260,78.58,570490.7999999999,285.24539999999996,1157267.6298999987
2024-02-05,SELL,MON100.NS,3890,141.81,551640.9,275.82045,1708632.7094499986
2024-02-05,BUY,CPSEETF.NS,7188,79.19,569217.72,284.60886,1139130.3805899986
2024-02-05,BUY,PSUBNKBEES.NS,7791,73.06,569210.46,284.60523,569635.3153599986
2024-02-05,BUY,INFRABEES.NS,694,819.98,569066.12,284.53306,284.66229999857023
2024-02-12,SELL,CPSEETF.NS,7188,74.99,539028.12,269.51406000000003,539043.2682399986
2024-02-12,SELL,PSUBNKBEES.NS,7791,73.54,572950.14,286.47507,1111706.9331699987
2024-02-12,SELL,INFRABEES.NS,694,818.41,567976.5399999999,283.98826999999994,1679399.4848999986
2024-02-12,BUY,PSUBNKBEES.NS,7608,73.54,559492.3200000001,279.74616000000003,1119627.4187399987
2024-02-12,BUY,CPSEETF.NS,7461,74.99,559500.39,279.750195,559847.2785449987
2024-02-12,BUY,MAFANG.NS,6882,81.3,559506.6,279.75329999999997,60.9252449987689
2024-03-18,SELL,PSUBNKBEES.NS,7608,75.3,572882.4,286.44120000000004,572656.8840449988
2024-03-18,SELL,CPSEETF.NS,7461,76.54,571064.9400000001,285.53247000000005,1143436.2915749988
2024-03-18,SELL,MAFANG.NS,6882,82.92,570655.4400000001,285.32772000000006,1713806.4038549988
2024-03-18,BUY,HNGSNGBEES.NS,2246,254.17,570865.82,285.43291,1142655.150944999
2024-03-18,BUY,GOLDBEES.NS,10287,55.5,570928.5,285.46425,571441.186694999
2024-03-18,BUY,SILVERBEES.NS,7858,72.66,570962.28,285.48114000000004,193.4255549989175
2024-03-26,SELL,HNGSNGBEES.NS,2246,242.41,544452.86,272.22643,544374.0591249989
2024-03-26,SELL,GOLDBEES.NS,10287,56.3,579158.1,289.57905,1123242.580074999
2024-03-26,SELL,SILVERBEES.NS,7858,72.83,572298.14,286.14907,1695254.5710049989
2024-03-26,BUY,GOLDBEES.NS,10032,56.3,564801.6,282.4008,1130170.5702049988
2024-03-26,BUY,AUTOBEES.NS,2638,214.05,564663.9,282.33195,565224.3382549988
2024-03-26,BUY,MON100.NS,3772,149.71,564706.12,282.35306,235.86519499879796
2024-04-01,SELL,GOLDBEES.NS,10032,58.32,585066.24,292.53312,585009.5720749988
2024-04-01,SELL,AUTOBEES.NS,2638,217.5,573765.0,286.8825,1158487.6895749988
2024-04-01,SELL,MON100.NS,3772,150.1,566177.2,283.0886,1724381.8009749986
2024-04-01,BUY,MAFANG.NS,6508,88.27,574461.1599999999,287.23058,1149633.4103949987
2024-04-01,BUY,AUTOBEES.NS,2641,217.5,574417.5,287.20875,574928.7016449987
2024-04-01,BUY,GOLDBEES.NS,9850,58.32,574452.0,287.226,189.47564499871805
2024-04-08,SELL,MAFANG.NS,6508,97.12,632056.9600000001,316.02848000000006,631930.4071649988
2024-04-08,SELL,AUTOBEES.NS,2641,223.58,590474.78,295.23739,1222109.9497749987
2024-04-08,SELL,GOLDBEES.NS,9850,60.21,593068.5,296.53425,1814881.9155249987
2024-04-08,BUY,MAFANG.NS,6225,97.12,604572.0,302.286,1210007.6295249988
2024-04-08,BUY,SILVERBEES.NS,7508,80.53,604619.24,302.30962,605086.0799049989
2024-04-08,BUY,GOLDBEES.NS,10042,60.21,604628.8200000001,302.31441000000007,154.9454949988285
2024-05-06,SELL,MAFANG.NS,6225,96.8,602580.0,301.29,602433.6554949988
2024-05-06,SELL,SILVERBEES.NS,7508,79.78,598988.24,299.49412,1201122.4013749987
2024-05-06,SELL,GOLDBEES.NS,10042,60.72,609750.24,304.87512,1810567.7662549987
2024-05-06,BUY,HNGSNGBEES.NS,2150,280.47,603010.5000000001,301.50525000000005,1207255.7610049986
2024-05-06,BUY,CPSEETF.NS,6911,87.28,603192.08,301.59603999999996,603762.0849649986
2024-05-06,BUY,JUNIORBEES.NS,872,691.28,602796.16,301.39808000000005,664.5268849986605
2024-05-13,SELL,HNGSNGBEES.NS,2150,329.17,707715.5,353.85775,708026.1691349987
2024-05-13,SELL,CPSEETF.NS,6911,84.52,584117.72,292.05886,1291851.8302749987
2024-05-13,SELL,JUNIORBEES.NS,872,685.45,597712.4,298.8562,1889265.3740749988
2024-05-13,BUY,HNGSNGBEES.NS,1912,329.17,629373.04,314.68652000000003,1259577.6475549988
2024-05-13,BUY,SILVERBEES.NS,7678,81.97,629365.66,314.68283,629897.3047249988
2024-05-13,BUY,AUTOBEES.NS,2757,228.29,629395.53,314.697765,187.0769599986961
2024-05-21,SELL,HNGSNGBEES.NS,1912,310.82,594287.84,297.14392,594177.7730399987
2024-05-21,SELL,SILVERBEES.NS,7678,91.03,698928.34,349.46416999999997,1292756.6488699988
2024-05-21,SELL,AUTOBEES.NS,2757,237.47,654704.79,327.352395,1947134.0864749989
2024-05-21,BUY,HNGSNGBEES.NS,2087,310.82,648681.34,324.34067,1298128.405804999
2024-05-21,BUY,SILVERBEES.NS,7126,91.03,648679.78,324.33989,649124.285914999
2024-05-21,BUY,JUNIORBEES.NS,893,726.45,648719.8500000001,324.35992500000003,80.07598999887705
2024-05-27,SELL,HNGSNGBEES.NS,2087,319.48,666754.76,333.37738,666501.4586099989
2024-05-27,SELL,SILVERBEES.NS,7126,88.97,634000.22,317.00011,1300184.678499999
2024-05-27,SELL,JUNIORBEES.NS,893,736.19,657417.67,328.708835,1957273.639664999
2024-05-27,BUY,HNGSNGBEES.NS,2041,319.48,652058.68,326.02934000000005,1304888.930324999
2024-05-27,BUY,CPSEETF.NS,6985,93.35,652049.75,326.024875,652513.1554499989
2024-05-27,BUY,SILVERBEES.NS,7329,88.97,652061.13,326.030565,125.99488499888685
2024-06-10,SELL,HNGSNGBEES.NS,2041,309.59,631873.19,315.93659499999995,631683.2482899989
2024-06-10,SELL,CPSEETF.NS,6985,90.42,631583.7000000001,315.79185000000007,1262951.156439999
2024-06-10,SELL,SILVERBEES.NS,7329,87.34,640114.86,320.05743,1902745.959009999
2024-06-10,BUY,AUTOBEES.NS,2494,254.15,633850.1,316.92505,1268578.9339599991
2024-06-10,BUY,HNGSNGBEES.NS,2047,309.59,633730.73,316.865365,634531.3385949992
2024-06-10,BUY,SILVERBEES.NS,7258,87.34,633913.72,316.95686,300.6617349991575
2024-06-18,SELL,AUTOBEES.NS,2494,261.93,653253.42,326.62671,653227.4550249992
2024-06-18,SELL,HNGSNGBEES.NS,2047,305.24,624826.28,312.41314,1277741.3218849993
2024-06-18,SELL,SILVERBEES.NS,7258,86.26,626075.0800000001,313.03754000000004,1903503.3643449992
2024-06-18,BUY,AUTOBEES.NS,2421,261.93,634132.53,317.06626500000004,1269053.7680799991
2024-06-18,BUY,MID150BEES.NS,2971,213.45,634159.95,317.079975,634576.7381049992
2024-06-18,BUY,JUNIORBEES.NS,824,768.89,633565.36,316.78268,694.5954249992501
2024-06-24,SELL,AUTOBEES.NS,2421,257.7,623891.7,311.94585,624274.3495749992
2024-06-24,SELL,MID150BEES.NS,2971,213.35,633862.85,316.931425,1257820.2681499992
2024-06-24,SELL,JUNIORBEES.NS,824,761.94,627838.56,313.91928,1885344.9088699992
2024-06-24,BUY,MON100.NS,3892,161.36,628013.12,314.00656,1257017.7823099992
2024-06-24,BUY,MID150BEES.NS,2944,213.35,628102.4,314.0512,628601.3311099992
2024-06-24,BUY,MOM100.NS,10571,59.42,628128.8200000001,314.06441000000007,158.4466999991564
2024-07-01,SELL,MON100.NS,3892,161.94,630270.48,315.13524,630113.7914599992
2024-07-01,SELL,MID150BEES.NS,2944,216.04,636021.76,318.01088,1265817.5405799993
2024-07-01,SELL,MOM100.NS,10571,60.15,635845.65,317.92282500000005,1901345.2677549995
2024-07-01,BUY,ITBEES.NS,16114,39.31,633441.3400000001,316.72067000000004,1267587.2070849994
2024-07-01,BUY,MON100.NS,3911,161.94,633347.34,316.67367,633923.1934149994
2024-07-01,BUY,BANKBEES.NS,1174,539.28,633114.72,316.55736,491.9160549994558
2024-07-08,SELL,ITBEES.NS,16114,40.23,648266.22,324.13311,648434.0029449994
2024-07-08,SELL,MON100.NS,3911,167.53,655209.83,327.604915,1303316.2280299994
2024-07-08,SELL,BANKBEES.NS,1174,537.7,631259.8,315.6299,1934260.3981299994
2024-07-08,BUY,ITBEES.NS,16018,40.23,644404.1399999999,322.20206999999994,1289534.0560599994
2024-07-08,BUY,MID150BEES.NS,2941,219.07,644284.87,322.142435,644927.0436249994
2024-07-08,BUY,MOM100.NS,10578,60.92,644411.76,322.20588000000004,193.07774499931838
2024-07-15,SELL,ITBEES.NS,16018,41.61,666508.98,333.25449,666368.8032549993
2024-07-15,SELL,MID150BEES.NS,2941,219.68,646078.88,323.03944,1312124.6438149994
2024-07-15,SELL,MOM100.NS,10578,61.66,652239.48,326.11974,1964038.0040749994
2024-07-15,BUY,ITBEES.NS,15725,41.61,654317.25,327.15862500000003,1309393.5954499994
2024-07-15,BUY,CPSEETF.NS,6357,102.92,654262.4400000001,327.13122000000004,654804.0242299994
2024-07-15,BUY,NV20BEES.NS,4158,157.36,654302.88,327.15144000000004,173.99278999934904
2024-07-22,SELL,ITBEES.NS,15725,42.42,667054.5,333.52725,666894.9655399993
2024-07-22,SELL,CPSEETF.NS,6357,99.59,633093.63,316.546815,1299672.0487249992
2024-07-22,SELL,NV20BEES.NS,4158,158.33,658336.14,329.16807,1957679.0206549992
2024-07-22,BUY,ITBEES.NS,15375,42.42,652207.5,326.10375,1305145.4169049992
2024-07-22,BUY,NV20BEES.NS,4119,158.33,652161.27,326.08063500000003,652658.0662699991
2024-07-22,BUY,DIVOPPBEES.NS,7734,84.33,652208.22,326.10411,123.74215999920852
2024-07-29,SELL,ITBEES.NS,15375,43.71,672041.25,336.020625,671828.9715349992
2024-07-29,SELL,NV20BEES.NS,4119,161.56,665465.64,332.73282,1336961.8787149992
2024-07-29,SELL,DIVOPPBEES.NS,7734,86.77,671079.1799999999,335.53959,2007705.5191249992
2024-07-29,BUY,ITBEES.NS,15303,43.71,668894.13,334.447065,1338476.9420599993
2024-07-29,BUY,PHARMABEES.NS,30280,22.09,668885.2,334.44259999999997,669257.2994599994
2024-07-29,BUY,NV20BEES.NS,4140,161.56,668858.4,334.42920000000004,64.47025999939069
2024-08-05,SELL,ITBEES.NS,15303,41.3,632013.8999999999,316.00694999999996,631762.3633099993
2024-08-05,SELL,PHARMABEES.NS,30280,22.25,673730.0,336.865,1305155.4983099992
2024-08-05,SELL,NV20BEES.NS,4140,156.41,647537.4,323.7687,1952369.1296099992
2024-08-05,BUY,PHARMABEES.NS,29234,22.25,650456.5,325.22825,1301587.401359999
2024-08-05,BUY,CPSEETF.NS,6494,100.15,650374.1000000001,325.18705000000006,650888.114309999
2024-08-05,BUY,ITBEES.NS,15749,41.3,650433.7,325.21684999999997,129.19745999912266
2024-08-12,SELL,PHARMABEES.NS,29234,22.64,661857.76,330.92888,661656.0285799991
2024-08-12,SELL,CPSEETF.NS,6494,102.9,668232.6000000001,334.1163000000001,1329554.5122799992
2024-08-12,SELL,ITBEES.NS,15749,41.81,658465.6900000001,329.23284500000005,1987690.9694349994
2024-08-12,BUY,PHARMABEES.NS,29250,22.64,662220.0,331.11,1325139.8594349995
2024-08-12,BUY,CPSEETF.NS,6435,102.9,662161.5,331.08075,662647.2786849996
2024-08-12,BUY,CONSUMBEES.NS,5134,128.98,662183.32,331.09166,132.86702499957755
2024-08-19,SELL,PHARMABEES.NS,29250,22.73,664852.5,332.42625,664652.9407749996
2024-08-19,SELL,CPSEETF.NS,6435,102.83,661711.05,330.85552500000006,1326033.1352499996
2024-08-19,SELL,CONSUMBEES.NS,5134,130.44,669678.96,334.83948,1995377.2557699997
2024-08-19,BUY,ITBEES.NS,15084,44.07,664751.88,332.37594,1330292.9998299996
2024-08-19,BUY,PHARMABEES.NS,29247,22.73,664784.31,332.39215500000006,665176.2976749996
2024-08-19,BUY,CONSUMBEES.NS,5096,130.44,664722.24,332.36112,121.6965549995657
2024-09-23,SELL,ITBEES.NS,15084,44.94,677874.96,338.93748,677657.7190749996
2024-09-23,SELL,PHARMABEES.NS,29247,23.55,688766.85,344.383425,1366080.1856499994
2024-09-23,SELL,CONSUMBEES.NS,5096,143.44,730970.24,365.48512,2096684.9405299993
2024-09-23,BUY,CONSUMBEES.NS,4869,143.44,698409.36,349.20468,1397926.3758499995
2024-09-23,BUY,SILVERBEES.NS,8184,85.35,698504.3999999999,349.25219999999996,699072.7236499996
2024-09-23,BUY,BANKBEES.NS,1255,556.57,698495.3500000001,349.2476750000001,228.1259749995079
2024-09-30,SELL,CONSUMBEES.NS,4869,141.81,690472.89,345.236445,690355.7795299995
2024-09-30,SELL,SILVERBEES.NS,8184,88.04,720519.3600000001,360.25968000000006,1410514.8798499997
2024-09-30,SELL,BANKBEES.NS,1255,544.78,683698.9,341.84945000000005,2093871.9303999997
2024-09-30,BUY,HNGSNGBEES.NS,1900,367.12,697528.0,348.764,1395995.1663999998
2024-09-30,BUY,CONSUMBEES.NS,4919,141.81,697563.39,348.781695,698082.9947049997
2024-09-30,BUY,AUTOBEES.NS,2523,276.44,697458.12,348.72906,276.1456449996913
2024-10-07,SELL,HNGSNGBEES.NS,1900,409.58,778202.0,389.101,778089.0446449997
2024-10-07,SELL,CONSUMBEES.NS,4919,135.3,665540.7000000001,332.77035000000006,1443296.9742949996
2024-10-07,SELL,AUTOBEES.NS,2523,264.31,666854.13,333.427065,2109817.6772299996
2024-10-07,BUY,HNGSNGBEES.NS,1716,409.58,702839.28,351.41964,1406626.9775899996
2024-10-07,BUY,SILVERBEES.NS,7860,89.43,702919.8,351.4599,703355.7176899995
2024-10-07,BUY,GOLDBEES.NS,11015,63.81,702867.15,351.433575,137.1341149994405
2024-10-14,SELL,HNGSNGBEES.NS,1716,359.51,616919.16,308.45958,616747.8345349994
2024-10-14,SELL,SILVERBEES.NS,7860,88.39,694745.4,347.3727,1311145.8618349996
2024-10-14,SELL,GOLDBEES.NS,11015,63.98,704739.7,352.36985,2015533.1919849995
2024-10-14,BUY,HNGSNGBEES.NS,1867,359.51,671205.1699999999,335.602585,1343992.4193999995
2024-10-14,BUY,SILVERBEES.NS,7597,88.39,671498.83,335.749415,672157.8399849996
2024-10-14,BUY,MON100.NS,4049,165.82,671405.1799999999,335.70259,416.95739499968477
2024-10-21,SELL,HNGSNGBEES.NS,1867,326.5,609575.5,304.78775,609687.6696449997
2024-10-21,SELL,SILVERBEES.NS,7597,94.64,718980.08,359.49003999999996,1328308.2596049998
2024-10-21,SELL,MON100.NS,4049,165.29,669259.21,334.62960499999997,1997232.8399999999
2024-10-21,BUY,SILVERBEES.NS,7030,94.64,665319.2,332.6596,1331580.9803999998
2024-10-21,BUY,HNGSNGBEES.NS,2038,326.5,665407.0,332.7035,665841.2768999998
2024-10-21,BUY,GOLDBEES.NS,10114,65.79,665400.06,332.70003,108.51686999981757
2024-10-28,SELL,SILVERBEES.NS,7030,93.63,658218.9,329.10945000000004,657998.3074199999
2024-10-28,SELL,HNGSNGBEES.NS,2038,327.96,668382.48,334.19124,1326046.5961799999
2024-10-28,SELL,GOLDBEES.NS,10114,65.78,665298.92,332.64946000000003,1991012.8667199998
2024-10-28,BUY,SILVERBEES.NS,7084,93.63,663274.9199999999,331.63746,1327406.30926
2024-10-28,BUY,GOLDBEES.NS,10084,65.78,663325.52,331.66276,663749.1265
2024-10-28,BUY,MON100.NS,3962,167.42,663318.0399999999,331.65901999999994,99.42748000007123
2024-11-11,SELL,SILVERBEES.NS,7084,88.48,626792.3200000001,313.39616000000007,626578.3513200001
2024-11-11,SELL,GOLDBEES.NS,10084,64.49,650317.1599999999,325.15858,1276570.35274
2024-11-11,SELL,MON100.NS,3962,175.43,695053.66,347.52683,1971276.48591
2024-11-11,BUY,HNGSNGBEES.NS,1827,359.38,656587.26,328.29363,1314360.93228
2024-11-11,BUY,MAFANG.NS,5846,112.34,656739.64,328.36982,657292.92246
2024-11-11,BUY,MON100.NS,3743,175.43,656634.49,328.317245,330.115214999998
2024-11-18,SELL,HNGSNGBEES.NS,1827,329.95,602818.65,301.409325,602847.35589
2024-11-18,SELL,MAFANG.NS,5846,110.25,644521.5,322.26075000000003,1247046.5951399999
2024-11-18,SELL,MON100.NS,3743,169.09,632903.87,316.451935,1879634.0132049997
2024-11-18,BUY,MAFANG.NS,5680,110.25,626220.0,313.11,1253100.9032049999
2024-11-18,BUY,MON100.NS,3703,169.09,626140.27,313.070135,626647.5630699998
2024-11-18,BUY,ITBEES.NS,14085,44.46,626219.1,313.10955,115.35351999977138
2024-12-09,SELL,MAFANG.NS,5680,130.44,740899.2,370.4496,740644.1039199997
2024-12-09,SELL,MON100.NS,3703,183.21,678426.63,339.213315,1418731.5206049997
2024-12-09,SELL,ITBEES.NS,14085,48.09,677347.65,338.673825,2095740.4967799997
2024-12-09,BUY,MAFANG.NS,5352,130.44,698114.88,349.05744,1397276.5593399997
2024-12-09,BUY,PSUBNKBEES.NS,8811,79.24,698183.6399999999,349.09182,698743.8275199998
2024-12-09,BUY,MON100.NS,3811,183.21,698213.31,349.10665500000005,181.41086499975063
2024-12-16,SELL,MAFANG.NS,5352,133.76,715883.5199999999,357.94175999999993,715706.9891049997
2024-12-16,SELL,PSUBNKBEES.NS,8811,78.37,690518.0700000001,345.25903500000004,1405879.8000699999
2024-12-16,SELL,MON100.NS,3811,207.47,790668.17,395.334085,2196152.635985
2024-12-16,BUY,MAFANG.NS,5470,133.76,731667.2,365.8336,1464119.602385
2024-12-16,BUY,MON100.NS,3526,207.47,731539.22,365.76961,732214.6127750002
2024-12-16,BUY,ITBEES.NS,14895,49.12,731642.3999999999,365.8212,206.39157500024885
2024-12-23,SELL,MAFANG.NS,5470,132.57,725157.8999999999,362.57894999999996,725001.7126250002
2024-12-23,SELL,MON100.NS,3526,208.9,736581.4,368.2907,1461214.8219250003
2024-12-23,SELL,ITBEES.NS,14895,47.01,700213.95,350.106975,2161078.66495
2024-12-23,BUY,MAFANG.NS,5431,132.57,719987.6699999999,359.993835,1440731.0011150003
2024-12-23,BUY,MON100.NS,3446,208.9,719869.4,359.9347,720501.6664150003
2024-12-23,BUY,HNGSNGBEES.NS,2078,346.33,719673.74,359.83687,468.0895450003445
2024-12-30,SELL,MAFANG.NS,5431,136.73,742580.6299999999,371.29031499999996,742677.4292300002
2024-12-30,SELL,MON100.NS,3446,215.63,743060.98,371.53049,1485366.87874
2024-12-30,SELL,HNGSNGBEES.NS,2078,341.15,708909.7,354.45484999999996,2193922.12389
2024-12-30,BUY,MON100.NS,3389,215.63,730770.07,365.38503499999996,1462786.6688549998
2024-12-30,BUY,MAFANG.NS,5345,136.73,730821.85,365.410925,731599.4079299999
2024-12-30,BUY,PHARMABEES.NS,30828,23.71,730931.88,365.46594,302.0619899998419
2025-01-13,SELL,MON100.NS,3389,189.55,642384.9500000001,321.19247500000006,642365.8195149999
2025-01-13,SELL,MAFANG.NS,5345,131.06,700515.7000000001,350.25785,1342531.2616649999
2025-01-13,SELL,PHARMABEES.NS,30828,22.3,687464.4,343.73220000000003,2029651.929465
2025-01-13,BUY,MAFANG.NS,5159,131.06,676138.54,338.06927,1353175.3201950002
2025-01-13,BUY,GOLDBEES.NS,10206,66.25,676147.5,338.07375,676689.7464450002
2025-01-13,BUY,MON100.NS,3567,189.55,676124.8500000001,338.0624250000001,226.83402000006754
2025-02-03,SELL,MAFANG.NS,5159,134.32,692956.88,346.47844000000003,692837.2355800001
2025-02-03,SELL,GOLDBEES.NS,10206,69.64,710745.84,355.37291999999997,1403227.70266
2025-02-03,SELL,MON100.NS,3567,203.39,725492.13,362.746065,2128357.086595
2025-02-03,BUY,GOLDBEES.NS,10182,69.64,709074.48,354.53724,1418928.0693549998
2025-02-03,BUY,HNGSNGBEES.NS,2018,351.24,708802.3200000001,354.40116000000006,709771.3481949997
2025-02-03,BUY,SILVERBEES.NS,7832,90.53,709030.96,354.51547999999997,385.87271499983035
2025-03-03,SELL,GOLDBEES.NS,10182,71.36,726587.52,363.29376,726610.0989549998
2025-03-03,SELL,HNGSNGBEES.NS,2018,431.38,870524.84,435.26242,1596699.6765349996
2025-03-03,SELL,SILVERBEES.NS,7832,91.41,715923.12,357.96156,2312264.8349749995
2025-03-03,BUY,HNGSNGBEES.NS,1785,431.38,770013.3,385.00665000000004,1541866.5283249994
2025-03-03,BUY,GOLDBEES.NS,10795,71.36,770331.2,385.1656,771150.1627249995
2025-03-03,BUY,GILT5YBEES.NS,12919,59.63,770359.9700000001,385.17998500000004,405.0127399993362
2025-03-10,SELL,HNGSNGBEES.NS,1785,435.94,778152.9,389.07645,778168.8362899993
2025-03-10,SELL,GOLDBEES.NS,10795,72.17,779075.15,389.537575,1556854.4487149995
2025-03-10,SELL,GILT5YBEES.NS,12919,59.81,772685.39,386.342695,2329153.4960199995
2025-03-10,BUY,HNGSNGBEES.NS,1780,435.94,775973.2,387.9866,1552792.3094199996
2025-03-10,BUY,SILVERBEES.NS,8246,94.1,775948.6,387.97429999999997,776455.7351199996
2025-03-10,BUY,GOLDBEES.NS,10752,72.17,775971.84,387.98591999999996,95.90919999964535
2025-03-24,SELL,HNGSNGBEES.NS,1780,409.21,728393.7999999999,364.19689999999997,728125.5122999996
2025-03-24,SELL,SILVERBEES.NS,8246,94.18,776608.28,388.30414,1504345.4881599997
2025-03-24,SELL,GOLDBEES.NS,10752,73.0,784896.0,392.44800000000004,2288849.04016
2025-03-24,BUY,CPSEETF.NS,8639,88.27,762564.5299999999,381.28226499999994,1525903.227895
2025-03-24,BUY,INFRABEES.NS,869,877.42,762477.98,381.23899,763044.008905
2025-03-24,BUY,GOLDBEES.NS,10446,73.0,762558.0,381.279,104.7299050000729
2025-04-01,SELL,CPSEETF.NS,8639,86.39,746323.21,373.161605,746054.7783
2025-04-01,SELL,INFRABEES.NS,869,864.97,751658.93,375.829465,1497337.878835
2025-04-01,SELL,GOLDBEES.NS,10446,76.72,801417.12,400.70856000000003,2298354.290275
2025-04-01,BUY,CPSEETF.NS,8863,86.39,765674.57,382.837285,1532296.88299
2025-04-01,BUY,INFRABEES.NS,885,864.97,765498.4500000001,382.749225,766415.683765
2025-04-01,BUY,BANKBEES.NS,1467,521.86,765568.62,382.78431,464.2794549999526
2025-04-07,SELL,CPSEETF.NS,8863,82.0,726766.0,363.383,726866.8964549999
2025-04-07,SELL,INFRABEES.NS,885,821.05,726629.25,363.31462500000004,1453132.83183
2025-04-07,SELL,BANKBEES.NS,1467,513.46,753245.8200000001,376.62291000000005,2206002.02892
2025-04-07,BUY,PSUBNKBEES.NS,10870,67.61,734920.7,367.46035,1470713.86857
2025-04-07,BUY,BANKBEES.NS,1431,513.46,734761.26,367.38063,735585.2279399999
2025-04-07,BUY,CPSEETF.NS,8963,82.0,734966.0,367.483,251.74493999988772
2025-04-15,SELL,PSUBNKBEES.NS,10870,69.56,756117.2000000001,378.05860000000007,755990.88634
2025-04-15,SELL,BANKBEES.NS,1431,536.28,767416.6799999999,383.70833999999996,1523023.858
2025-04-15,SELL,CPSEETF.NS,8963,87.39,783276.57,391.638285,2305908.789715
2025-04-15,BUY,GOLDBEES.NS,9892,77.66,768212.72,384.10636,1537311.9633550001
2025-04-15,BUY,CPSEETF.NS,8791,87.39,768245.49,384.122745,768682.3506100002
2025-04-15,BUY,PSUBNKBEES.NS,11044,69.56,768220.64,384.11032,77.60029000020586
2025-04-21,SELL,GOLDBEES.NS,9892,81.07,801944.44,400.97222,801621.0680700002
2025-04-21,SELL,CPSEETF.NS,8791,90.4,794706.4,397.3532,1595930.1148700002
2025-04-21,SELL,PSUBNKBEES.NS,11044,74.18,819243.92,409.62196,2414764.4129100004
2025-04-21,BUY,BANKBEES.NS,1420,566.23,804046.6,402.0233,1610315.7896100003
2025-04-21,BUY,PSUBNKBEES.NS,10845,74.18,804482.1000000001,402.24105000000003,805431.4485600003
2025-04-21,BUY,GOLDBEES.NS,9923,81.07,804457.61,402.228805,571.6097550003324
2025-05-05,SELL,BANKBEES.NS,1420,562.35,798537.0,399.2685,798709.3412550003
2025-05-05,SELL,PSUBNKBEES.NS,10845,72.86,790166.7,395.08335,1588480.9579050003
2025-05-05,SELL,GOLDBEES.NS,9923,79.58,789672.34,394.83617,2377758.4617350004
2025-05-05,BUY,BANKBEES.NS,1408,562.35,791788.8,395.8944,1585573.7673350004
2025-05-05,BUY,PSUBNKBEES.NS,10872,72.86,792133.92,396.06696000000005,793043.7803750004
2025-05-05,BUY,INFRABEES.NS,864,916.29,791674.5599999999,395.83727999999996,973.3830950005213
2025-05-12,SELL,BANKBEES.NS,1408,567.97,799701.76,399.85088,800275.2922150005
2025-05-12,SELL,PSUBNKBEES.NS,10872,71.97,782457.84,391.22892,1582341.9032950005
2025-05-12,SELL,INFRABEES.NS,864,926.73,800694.72,400.34736,2382636.2759350007
2025-05-12,BUY,GOLDBEES.NS,10179,77.98,793758.42,396.87921000000006,1588480.9767250007
2025-05-12,BUY,MAFANG.NS,6208,127.85,793692.7999999999,396.84639999999996,794391.3303250007
2025-05-12,BUY,AUTOBEES.NS,3330,238.35,793705.5,396.85275,288.97757500072476
2025-05-19,SELL,GOLDBEES.NS,10179,78.32,797219.2799999999,398.60963999999996,797109.6479350006
2025-05-19,SELL,MAFANG.NS,6208,134.8,836838.4,418.41920000000005,1633529.6287350007
2025-05-19,SELL,AUTOBEES.NS,3330,244.83,815283.9,407.64195,2448405.8867850006
2025-05-19,BUY,MAFANG.NS,6051,134.8,815674.8,407.83740000000006,1632323.2493850007
2025-05-19,BUY,AUTOBEES.NS,3331,244.83,815528.7300000001,407.76436500000005,816386.7550200006
2025-05-19,BUY,MOM100.NS,13344,61.13,815718.7200000001,407.85936000000004,260.17566000053193
2025-05-26,SELL,MAFANG.NS,6051,135.55,820213.05,410.10652500000003,820063.1191350006
2025-05-26,SELL,AUTOBEES.NS,3331,242.76,808633.5599999999,404.31678,1628292.3623550006
2025-05-26,SELL,MOM100.NS,13344,61.2,816652.8,408.32640000000004,2444536.8359550005
2025-05-26,BUY,MAFANG.NS,6008,135.55,814384.4,407.1922,1629745.2437550004
2025-05-26,BUY,AUTOBEES.NS,3354,242.76,814217.0399999999,407.10851999999994,815121.0952350005
2025-05-26,BUY,MID150BEES.NS,3769,216.07,814367.83,407.183915,346.0813200005796
2025-06-02,SELL,MAFANG.NS,6008,135.68,815165.4400000001,407.58272000000005,815103.9386000007
2025-06-02,SELL,AUTOBEES.NS,3354,238.11,798620.9400000001,399.31047000000007,1613325.5681300007
2025-06-02,SELL,MID150BEES.NS,3769,218.67,824167.23,412.083615,2437080.7145150006
2025-06-02,BUY,MAFANG.NS,5984,135.68,811909.12,405.95456,1624765.6399550005
2025-06-02,BUY,PSUBNKBEES.NS,10208,79.54,811944.3200000001,405.97216000000003,812415.3477950004
2025-06-02,BUY,MOM100.NS,13096,62.0,811952.0,405.976,57.37179500039201
2025-06-09,SELL,MAFANG.NS,5984,135.68,811909.12,405.95456,811560.5372350004
2025-06-09,SELL,PSUBNKBEES.NS,10208,80.63,823071.0399999999,411.53551999999996,1634220.0417150003
2025-06-09,SELL,MOM100.NS,13096,64.05,838798.7999999999,419.39939999999996,2472599.442315
2025-06-09,BUY,SILVERBEES.NS,7998,102.99,823714.0199999999,411.85700999999995,1648473.5653050002
2025-06-09,BUY,MAFANG.NS,6071,135.68,823713.28,411.85664,824348.4286650001
2025-06-09,BUY,MOM100.NS,12861,64.05,823747.0499999999,411.873525,189.50514000025578
2025-06-16,SELL,SILVERBEES.NS,7998,103.57,828352.86,414.17643,828128.1887100002
2025-06-16,SELL,MAFANG.NS,6071,134.81,818431.51,409.215755,1646150.4829550004
2025-06-16,SELL,MOM100.NS,12861,63.13,811914.93,405.957465,2457659.4554900005
2025-06-16,BUY,SILVERBEES.NS,7905,103.57,818720.85,409.360425,1638529.2450650006
2025-06-16,BUY,ITBEES.NS,19248,42.54,818809.9199999999,409.40495999999996,819309.9201050007
2025-06-16,BUY,MID150BEES.NS,3681,222.4,818654.4,409.3272,246.1929050006438
2025-06-23,SELL,SILVERBEES.NS,7905,103.76,820222.8,410.11140000000006,820058.8815050006
2025-06-23,SELL,ITBEES.NS,19248,41.84,805336.3200000001,402.66816000000006,1624992.5333450008
2025-06-23,SELL,MID150BEES.NS,3681,219.5,807979.5,403.98975,2432568.043595001
2025-06-23,BUY,SILVERBEES.NS,7810,103.76,810365.6000000001,405.18280000000004,1621797.260795001
2025-06-23,BUY,ITBEES.NS,19370,41.84,810440.8,405.22040000000004,810951.2403950009
2025-06-23,BUY,MAFANG.NS,6023,134.54,810334.4199999999,405.16720999999995,211.65318500099238
2025-06-30,SELL,SILVERBEES.NS,7810,102.47,800290.7,400.14535,800102.2078350009
2025-06-30,SELL,ITBEES.NS,19370,42.41,821481.7,410.74084999999997,1621173.166985001
2025-06-30,SELL,MAFANG.NS,6023,140.96,849002.0800000001,424.50104000000005,2469750.745945001
2025-06-30,BUY,MON100.NS,4264,192.97,822824.08,411.41204,1646515.253905001
2025-06-30,BUY,INFRABEES.NS,849,969.11,822774.39,411.387195,823329.4767100011
2025-06-30,BUY,SILVERBEES.NS,8030,102.47,822834.1,411.41705,83.95966000109911
2025-07-07,SELL,MON100.NS,4264,191.93,818389.52,409.19476000000003,818064.2849000011
2025-07-07,SELL,INFRABEES.NS,849,973.27,826306.23,413.153115,1643957.3617850011
2025-07-07,SELL,SILVERBEES.NS,8030,103.79,833433.7000000001,416.71685,2476974.3449350013
2025-07-07,BUY,MAFANG.NS,5419,152.28,825205.32,412.60265999999996,1651356.4222750014
2025-07-07,BUY,MON100.NS,4299,191.93,825107.0700000001,412.55353500000007,825836.7987400014
2025-07-07,BUY,SILVERBEES.NS,7951,103.79,825234.29,412.61714500000005,189.89159500133246
2025-07-28,SELL,MAFANG.NS,5419,154.23,835772.37,417.886185,835544.3754100014
2025-07-28,SELL,MON100.NS,4299,204.99,881252.01,440.626005,1716355.7594050015
2025-07-28,SELL,SILVERBEES.NS,7951,109.05,867056.5499999999,433.52827499999995,2582978.7811300014
2025-07-28,BUY,HNGSNGBEES.NS,1951,441.0,860391.0,430.1955,1722157.5856300015
2025-07-28,BUY,MON100.NS,4198,204.99,860548.02,430.27401000000003,861179.2916200014
2025-07-28,BUY,MAFANG.NS,5579,154.23,860449.1699999999,430.224585,299.8970350015443
2025-08-25,SELL,HNGSNGBEES.NS,1951,463.73,904737.23,452.368615,904584.7584200015
2025-08-25,SELL,MON100.NS,4198,203.4,853873.2000000001,426.93660000000006,1758031.0218200015
2025-08-25,SELL,MAFANG.NS,5579,153.73,857659.6699999999,428.82983499999995,2615261.8619850017
2025-08-25,BUY,HNGSNGBEES.NS,1878,463.73,870884.9400000001,435.44247,1743941.4795150016
2025-08-25,BUY,AUTOBEES.NS,3339,260.88,871078.32,435.53916,872427.6203550017
2025-08-25,BUY,CONSUMBEES.NS,6411,135.9,871254.9,435.62745,737.0929050015984
2025-09-01,SELL,HNGSNGBEES.NS,1878,477.73,897176.9400000001,448.58847000000003,897465.4444350017
2025-09-01,SELL,AUTOBEES.NS,3339,263.37,879392.43,439.69621500000005,1776418.1782200017
2025-09-01,SELL,CONSUMBEES.NS,6411,135.84,870870.24,435.43512,2646852.9831000017
2025-09-01,BUY,HNGSNGBEES.NS,1845,477.73,881411.85,440.705925,1765000.4271750017
2025-09-01,BUY,SILVERBEES.NS,7436,118.59,881835.24,440.91762,882724.2695550018
2025-09-01,BUY,GOLDBEES.NS,10181,86.61,881776.41,440.888205,506.9713500017533
2025-09-08,SELL,HNGSNGBEES.NS,1845,490.39,904769.5499999999,452.384775,904824.1365750016
2025-09-08,SELL,SILVERBEES.NS,7436,120.25,894179.0,447.0895,1798556.0470750015
2025-09-08,SELL,GOLDBEES.NS,10181,89.98,916086.38,458.04319000000004,2714184.3838850018
2025-09-08,BUY,HNGSNGBEES.NS,1843,490.39,903788.77,451.894385,1809943.7195000018
2025-09-08,BUY,AUTOBEES.NS,3231,279.86,904227.66,452.11383,905263.9456700017
2025-09-08,BUY,SILVERBEES.NS,7519,120.25,904159.75,452.079875,652.1157950016204
2025-09-29,SELL,HNGSNGBEES.NS,1843,528.93,974817.9899999999,487.40899499999995,974982.6968000015
2025-09-29,SELL,AUTOBEES.NS,3231,271.24,876376.4400000001,438.18822000000006,1850920.9485800015
2025-09-29,SELL,SILVERBEES.NS,7519,139.06,1045592.14,522.79607,2895990.2925100015
2025-09-29,BUY,SILVERBEES.NS,6938,139.06,964798.28,482.39914000000005,1930709.6133700013
2025-09-29,BUY,HNGSNGBEES.NS,1824,528.93,964768.32,482.38416,965458.9092100014
2025-09-29,BUY,GOLDBEES.NS,10060,95.9,964754.0,482.377,222.53221000137273
2025-10-06,SELL,SILVERBEES.NS,6938,143.67,996782.46,498.39123,996506.6009800014
2025-10-06,SELL,HNGSNGBEES.NS,1824,563.54,1027896.96,513.94848,2023889.6125000012
2025-10-06,SELL,GOLDBEES.NS,10060,99.22,998153.2,499.0766,3021543.735900001
2025-10-06,BUY,SILVERBEES.NS,7006,143.67,1006552.0199999999,503.27601,2014488.4398900012
2025-10-06,BUY,MON100.NS,4183,240.61,1006471.63,503.235815,1007513.5740750012
2025-10-06,BUY,HNGSNGBEES.NS,1786,563.54,1006482.44,503.24122,527.8928550012643
2025-10-13,SELL,SILVERBEES.NS,7006,164.34,1151366.04,575.68302,1151318.2498350013
2025-10-13,SELL,MON100.NS,4183,233.7,977567.1,488.78355,2128396.566285001
2025-10-13,SELL,HNGSNGBEES.NS,1786,529.37,945454.8200000001,472.72741,3073378.658875001
2025-10-13,BUY,SILVERBEES.NS,6230,164.34,1023838.2000000001,511.91910000000007,2049028.539775001
2025-10-13,BUY,MON100.NS,4381,233.7,1023839.7,511.91985,1024676.919925001
2025-10-13,BUY,GOLDBEES.NS,9975,102.65,1023933.75,511.966875,231.2030500009423
2025-10-27,SELL,SILVERBEES.NS,6230,138.85,865035.5,432.51775000000004,864834.185300001
2025-10-27,SELL,MON100.NS,4381,245.29,1074615.49,537.307745,1938912.3675550008
2025-10-27,SELL,GOLDBEES.NS,9975,100.14,998896.5,499.44825000000003,2937309.419305001
2025-10-27,BUY,MON100.NS,3989,245.29,978461.8099999999,489.230905,1958358.378400001
2025-10-27,BUY,PSUBNKBEES.NS,10967,89.23,978585.41,489.292705,979283.6756950009
2025-10-27,BUY,GOLDBEES.NS,9772,100.14,978568.08,489.28404,226.31165500089992
2025-11-03,SELL,MON100.NS,3989,245.44,979060.16,489.53008,978796.9415750009
2025-11-03,SELL,PSUBNKBEES.NS,10967,93.13,1021356.71,510.678355,1999642.973220001
2025-11-03,SELL,GOLDBEES.NS,9772,100.05,977688.6,488.8443,2976842.728920001
2025-11-03,BUY,PSUBNKBEES.NS,10649,93.13,991741.37,495.870685,1984605.488235001
2025-11-03,BUY,MON100.NS,4040,245.44,991577.6,495.7888,992532.099435001
2025-11-03,BUY,MAFANG.NS,5627,176.23,991646.21,495.823105,390.0663300011074
2025-11-10,SELL,PSUBNKBEES.NS,10649,93.06,990995.9400000001,495.49797000000007,990890.5083600011
2025-11-10,SELL,MON100.NS,4040,239.87,969074.8,484.53740000000005,1959480.7709600013
2025-11-10,SELL,MAFANG.NS,5627,171.86,967056.2200000001,483.52811,2926053.4628500016
2025-11-10,BUY,PSUBNKBEES.NS,10475,93.06,974803.5,487.40175,1950762.5611000017
2025-11-10,BUY,BANKBEES.NS,1629,598.17,974418.9299999999,487.20946499999997,975856.4216350018
2025-11-10,BUY,MAFANG.NS,5672,171.86,974789.92,487.39496,579.1066750017926
2025-11-17,SELL,PSUBNKBEES.NS,10475,94.56,990516.0,495.25800000000004,990599.8486750018
2025-11-17,SELL,BANKBEES.NS,1629,607.83,990155.0700000001,495.07753500000007,1980259.8411400018
2025-11-17,SELL,MAFANG.NS,5672,171.13,970649.36,485.32468,2950423.876460002
2025-11-17,BUY,PSUBNKBEES.NS,10395,94.56,982951.2000000001,491.47560000000004,1966981.2008600016
2025-11-17,BUY,SILVERBEES.NS,6600,148.92,982871.9999999999,491.436,983617.7648600017
2025-11-17,BUY,GOLDBEES.NS,9642,101.94,982905.48,491.45274,220.83212000178173
2025-11-24,SELL,PSUBNKBEES.NS,10395,93.08,967566.6,483.7833,967303.6488200017
2025-11-24,SELL,SILVERBEES.NS,6600,147.08,970728.0000000001,485.3640000000001,1937546.284820002
2025-11-24,SELL,GOLDBEES.NS,9642,102.23,985701.66,492.85083000000003,2922755.093990002
2025-11-24,BUY,PSUBNKBEES.NS,10461,93.08,973709.88,486.85494,1948558.359050002
2025-11-24,BUY,ITBEES.NS,23943,40.67,973761.81,486.88090500000004,974309.6681450019
2025-11-24,BUY,INFRABEES.NS,984,989.55,973717.2,486.85859999999997,105.60954500187654
2025-12-01,SELL,PSUBNKBEES.NS,10461,95.28,996724.08,498.36204,996331.3275050018
2025-12-01,SELL,ITBEES.NS,23943,41.18,985972.74,492.98637,1981811.0811350017
2025-12-01,SELL,INFRABEES.NS,984,995.78,979847.52,489.92376,2961168.677375002
2025-12-01,BUY,SILVERBEES.NS,5935,166.21,986456.3500000001,493.2281750000001,1974219.0992000017
2025-12-01,BUY,PSUBNKBEES.NS,10354,95.28,986529.12,493.26456,987196.7146400016
2025-12-01,BUY,ITBEES.NS,23957,41.18,986549.26,493.27463,154.18001000164077
2025-12-08,SELL,SILVERBEES.NS,5935,170.84,1013935.4,506.96770000000004,1013582.6123100016
2025-12-08,SELL,PSUBNKBEES.NS,10354,90.83,940453.82,470.22691,1953566.2054000017
2025-12-08,SELL,ITBEES.NS,23957,42.37,1015058.09,507.529045,2968116.766355002
2025-12-08,BUY,SILVERBEES.NS,5788,170.84,988821.92,494.41096000000005,1978800.435395002
2025-12-08,BUY,ITBEES.NS,23339,42.37,988873.4299999999,494.436715,989432.568680002
2025-12-08,BUY,GOLDBEES.NS,9254,106.85,988789.8999999999,494.39494999999994,148.27373000211082
2026-01-05,SELL,SILVERBEES.NS,5788,225.54,1305425.52,652.71276,1304921.080970002
2026-01-05,SELL,ITBEES.NS,23339,41.51,968801.8899999999,484.400945,2273238.570025002
2026-01-05,SELL,GOLDBEES.NS,9254,112.92,1044961.68,522.4808400000001,3317677.769185002
2026-01-05,BUY,SILVERBEES.NS,4900,225.54,1105146.0,552.573,2211979.196185002
2026-01-05,BUY,GOLDBEES.NS,9788,112.92,1105260.96,552.63048,1106165.605705002
2026-01-05,BUY,AUTOBEES.NS,3722,296.93,1105173.46,552.58673,439.5589750020299
2026-01-12,SELL,SILVERBEES.NS,4900,243.35,1192415.0,596.2075,1192258.351475002
2026-01-12,SELL,GOLDBEES.NS,9788,116.76,1142846.8800000001,571.42344,2334533.808035002
2026-01-12,SELL,AUTOBEES.NS,3722,287.45,1069888.9,534.94445,3403887.763585002
2026-01-12,BUY,SILVERBEES.NS,4660,243.35,1134011.0,567.0055,2269309.758085002
2026-01-12,BUY,GOLDBEES.NS,9712,116.76,1133973.12,566.98656,1134769.651525002
2026-01-12,BUY,PSUBNKBEES.NS,11772,96.33,1133996.76,566.99838,205.89314500195906
2026-01-27,SELL,SILVERBEES.NS,4660,317.85,1481181.0,740.5905,1480646.302645002
2026-01-27,SELL,GOLDBEES.NS,9712,131.45,1276642.4,638.3212,2756650.381445002
2026-01-27,SELL,PSUBNKBEES.NS,11772,99.69,1173550.68,586.77534,3929614.286105002
2026-01-27,BUY,SILVERBEES.NS,4118,317.85,1308906.3,654.45315,2620053.532955002
2026-01-27,BUY,GOLDBEES.NS,9959,131.45,1309110.5499999998,654.5552749999999,1310288.4276800023
2026-01-27,BUY,HNGSNGBEES.NS,2385,548.74,1308744.9,654.37245,889.1552300024778
2026-02-09,SELL,SILVERBEES.NS,4118,243.7,1003556.6,501.7783,1003943.9769300024
2026-02-09,SELL,GOLDBEES.NS,9959,127.98,1274552.82,637.27641,2277859.5205200026
2026-02-09,SELL,HNGSNGBEES.NS,2385,545.13,1300135.05,650.067525,3577344.5029950025
2026-02-09,BUY,CPSEETF.NS,11932,99.88,1191768.16,595.8840799999999,2384980.4589150026
2026-02-09,BUY,GOLDBEES.NS,9312,127.98,1191749.76,595.87488,1192634.8240350026
2026-02-09,BUY,HNGSNGBEES.NS,2186,545.13,1191654.18,595.82709,384.8169450026471
2026-02-16,SELL,CPSEETF.NS,11932,100.45,1198569.4000000001,599.2847,1198354.9322450028
2026-02-16,SELL,GOLDBEES.NS,9312,126.92,1181879.04,590.93952,2379643.0327250026
2026-02-16,SELL,HNGSNGBEES.NS,2186,542.24,1185336.6400000001,592.6683200000001,3564387.004405003
2026-02-16,BUY,GOLDBEES.NS,9356,126.92,1187463.52,593.73176,2376329.7526450027
2026-02-16,BUY,PSUBNKBEES.NS,11494,103.31,1187445.1400000001,593.7225700000001,1188290.8900750026
2026-02-16,BUY,CPSEETF.NS,11822,100.45,1187519.9000000001,593.7599500000001,177.23012500233017
2026-03-09,SELL,GOLDBEES.NS,9356,131.35,1228910.5999999999,614.4553,1228473.3748250022
2026-03-09,SELL,PSUBNKBEES.NS,11494,98.35,1130434.9,565.21745,2358343.0573750017
2026-03-09,SELL,CPSEETF.NS,11822,102.2,1208208.4000000001,604.1042000000001,3565947.353175002
2026-03-09,BUY,CPSEETF.NS,11624,102.2,1187972.8,593.9864,2377380.566775002
2026-03-09,BUY,GOLDBEES.NS,9044,131.35,1187929.4,593.9647,1188857.2020750022
2026-03-09,BUY,PHARMABEES.NS,50491,23.53,1188053.23,594.026615,209.94546000217088
2026-03-16,SELL,CPSEETF.NS,11624,101.05,1174605.2,587.3026,1174227.842860002
2026-03-16,SELL,GOLDBEES.NS,9044,127.22,1150577.68,575.2888399999999,2324230.234020002
2026-03-16,SELL,PHARMABEES.NS,50491,23.16,1169371.56,584.68578,3493017.1082400023
2026-03-16,BUY,CPSEETF.NS,11516,101.05,1163691.8,581.8459,2328743.462340002
2026-03-16,BUY,PHARMABEES.NS,50248,23.16,1163743.68,581.87184,1164417.910500002
2026-03-16,BUY,MAFANG.NS,7233,160.89,1163717.3699999999,581.8586849999999,118.68181500211358
2026-03-23,SELL,CPSEETF.NS,11516,99.75,1148721.0,574.3605,1148265.3213150022
2026-03-23,SELL,PHARMABEES.NS,50248,22.72,1141634.56,570.8172800000001,2289329.064035002
2026-03-23,SELL,MAFANG.NS,7233,158.06,1143247.98,571.62399,3432005.4200450024
2026-03-23,BUY,CPSEETF.NS,11462,99.75,1143334.5,571.66725,2288099.2527950024
2026-03-23,BUY,PHARMABEES.NS,50327,22.72,1143429.44,571.7147199999999,1144098.0980750024
2026-03-23,BUY,LTGILTBEES.NS,39225,29.15,1143408.75,571.704375,117.64370000245981
2026-03-30,SELL,CPSEETF.NS,11462,100.0,1146200.0,573.1,1145744.5437000024
2026-03-30,SELL,PHARMABEES.NS,50327,22.8,1147455.6,573.7278,2292626.4159000022
2026-03-30,SELL,LTGILTBEES.NS,39225,28.96,1135956.0,567.9780000000001,3428014.437900002
2026-03-30,BUY,MON100.NS,4932,231.54,1141955.28,570.9776400000001,2285488.180260002
2026-03-30,BUY,PHARMABEES.NS,50092,22.8,1142097.6,571.0488,1142819.531460002
2026-03-30,BUY,LIQUIDBEES.NS,1142,1000.0,1142000.0,571.0,248.5314600020647
2026-04-06,SELL,MON100.NS,4932,242.18,1194431.76,597.21588,1194083.075580002
2026-04-06,SELL,PHARMABEES.NS,50092,22.44,1124064.48,562.03224,2317585.5233400017
2026-04-06,SELL,LIQUIDBEES.NS,1142,999.99,1141988.58,570.9942900000001,3459003.109050002
2026-04-06,BUY,MON100.NS,4758,242.18,1152292.44,576.14622,2306134.522830002
2026-04-06,BUY,LIQUIDBEES.NS,1152,999.99,1151988.48,575.99424,1153570.048590002
2026-04-06,BUY,CPSEETF.NS,11331,101.7,1152362.7,576.18135,631.1672400021926
2026-04-13,SELL,MON100.NS,4758,255.05,1213527.9000000001,606.7639500000001,1213552.3032900023
2026-04-13,SELL,LIQUIDBEES.NS,1152,1000.0,1152000.0,576.0,2364976.303290002
2026-04-13,SELL,CPSEETF.NS,11331,103.45,1172191.95,586.095975,3536582.157315002
2026-04-13,BUY,MON100.NS,4619,255.05,1178075.95,589.037975,2357917.169340002
2026-04-13,BUY,HNGSNGBEES.NS,2264,520.3,1177959.2,588.9796,1179368.989740002
2026-04-13,BUY,MAFANG.NS,7261,162.27,1178242.47,589.121235,537.3985050020274
2026-04-20,SELL,MON100.NS,4619,285.16,1317154.04,658.5770200000001,1317032.861485002
2026-04-20,SELL,HNGSNGBEES.NS,2264,533.91,1208772.24,604.38612,2525200.715365002
2026-04-20,SELL,MAFANG.NS,7261,175.9,1277209.9000000001,638.60495,3801772.010415002
2026-04-20,BUY,MON100.NS,4441,285.16,1266395.56,633.1977800000001,2534743.2526350017
2026-04-20,BUY,MAFANG.NS,7200,175.9,1266480.0,633.24,1267630.0126350017
2026-04-20,BUY,JUNIORBEES.NS,1674,756.55,1266464.7,633.23235,532.080285001779
2026-05-11,SELL,MON100.NS,4441,315.16,1399625.56,699.8127800000001,1399457.8275050018
2026-05-11,SELL,MAFANG.NS,7200,188.14,1354608.0,677.304,2753388.523505002
2026-05-11,SELL,JUNIORBEES.NS,1674,758.9,1270398.5999999999,635.1993,4023151.9242050014
2026-05-11,BUY,MON100.NS,4253,315.16,1340375.4800000002,670.1877400000001,2682106.256465001
2026-05-11,BUY,MAFANG.NS,7124,188.14,1340309.3599999999,670.15468,1341126.7417850012
2026-05-11,BUY,MOM100.NS,20339,65.9,1340340.1,670.1700500000001,116.47173500107601
2026-05-18,SELL,MON100.NS,4253,331.62,1410379.86,705.1899300000001,1409791.141805001
2026-05-18,SELL,MAFANG.NS,7124,197.89,1409768.3599999999,704.8841799999999,2818854.617625001
2026-05-18,SELL,MOM100.NS,20339,65.05,1323051.95,661.525975,4141245.041650001
2026-05-18,BUY,MON100.NS,4160,331.62,1379539.2,689.7696,2761016.072050001
2026-05-18,BUY,MAFANG.NS,6972,197.89,1379689.0799999998,689.8445399999999,1380637.1475100012
2026-05-18,BUY,SILVERBEES.NS,5450,253.16,1379722.0,689.861,225.28651000116952
2026-06-08,SELL,MON100.NS,4160,330.89,1376502.4,688.2511999999999,1376039.435310001
2026-06-08,SELL,MAFANG.NS,6972,202.2,1409738.4,704.8692,2785072.966110001
2026-06-08,SELL,SILVERBEES.NS,5450,227.93,1242218.5,621.10925,4026670.3568600006
2026-06-08,BUY,MON100.NS,4054,330.89,1341428.06,670.7140300000001,2684571.5828300007
2026-06-08,BUY,MAFANG.NS,6634,202.2,1341394.7999999998,670.6973999999999,1342506.085430001
2026-06-08,BUY,PHARMABEES.NS,54094,24.8,1341531.2,670.7656,304.11983000091277
2026-06-15,SELL,MON100.NS,4054,330.19,1338590.26,669.29513,1338225.084700001
2026-06-15,SELL,MAFANG.NS,6634,192.04,1273993.3599999999,636.99668,2611581.448020001
2026-06-15,SELL,PHARMABEES.NS,54094,24.85,1344235.9000000001,672.1179500000001,3955145.230070001
2026-06-15,BUY,BANKBEES.NS,2234,589.68,1317345.1199999999,658.67256,2637141.437510001
2026-06-15,BUY,PHARMABEES.NS,53027,24.85,1317720.9500000002,658.8604750000001,1318761.6270350008
2026-06-15,BUY,PSUBNKBEES.NS,13732,95.96,1317722.72,658.86136,380.0456750008743
2026-06-22,SELL,BANKBEES.NS,2234,598.96,1338076.6400000001,669.0383200000001,1337787.647355001
2026-06-22,SELL,PHARMABEES.NS,53027,25.39,1346355.53,673.177765,2683469.999590001
2026-06-22,SELL,PSUBNKBEES.NS,13732,97.88,1344088.16,672.04408,4026886.115510001
2026-06-22,BUY,BANKBEES.NS,2239,598.96,1341071.4400000002,670.5357200000001,2685144.1397900004
2026-06-22,BUY,PSUBNKBEES.NS,13706,97.88,1341543.28,670.77164,1342930.0881500004
2026-06-22,BUY,JUNIORBEES.NS,1705,786.83,1341545.1500000001,670.7725750000001,714.1655750002246
2026-06-29,SELL,BANKBEES.NS,2239,598.0,1338922.0,669.461,1338966.7045750003
2026-06-29,SELL,PSUBNKBEES.NS,13706,95.52,1309197.1199999999,654.5985599999999,2647509.226015
2026-06-29,SELL,JUNIORBEES.NS,1705,772.96,1317896.8,658.9484,3964747.0776150003
2026-06-29,BUY,BANKBEES.NS,2208,598.0,1320384.0,660.192,2643702.8856150005
2026-06-29,BUY,PSUBNKBEES.NS,13828,95.52,1320850.56,660.42528,1322191.9003350004
2026-06-29,BUY,PHARMABEES.NS,51000,25.9,1320900.0,660.45,631.4503350004088
2026-07-06,SELL,BANKBEES.NS,2208,603.04,1331512.3199999998,665.7561599999999,1331478.0141750001
2026-07-06,SELL,PSUBNKBEES.NS,13828,93.3,1290152.4,645.0762,2620985.337975
2026-07-06,SELL,PHARMABEES.NS,51000,26.53,1353030.0,676.515,3973338.8229750004
2026-07-06,BUY,PHARMABEES.NS,49897,26.53,1323767.4100000001,661.8837050000001,2648909.5292700003
2026-07-06,BUY,BANKBEES.NS,2195,603.04,1323672.7999999998,661.8363999999999,1324574.8928700006
2026-07-06,BUY,CONSUMBEES.NS,10033,131.94,1323754.02,661.87701,158.99586000060663
2026-07-20,SELL,PHARMABEES.NS,49897,26.77,1335742.69,667.871345,1335233.8145150004
2026-07-20,SELL,BANKBEES.NS,2195,600.21,1317460.9500000002,658.7304750000001,2652036.0340400003
2026-07-20,SELL,CONSUMBEES.NS,10033,130.7,1311313.0999999999,655.6565499999999,3962693.4774900004
2026-07-20,BUY,BANKBEES.NS,2199,600.21,1319861.79,659.9308950000001,2642171.7565950006
2026-07-20,BUY,ITBEES.NS,40773,32.38,1320229.74,660.11487,1321281.9017250007
2026-07-20,BUY,PHARMABEES.NS,49317,26.77,1320216.09,660.1080450000001,405.7036800007336
2026-07-27,SELL,BANKBEES.NS,2199,591.44,1300576.56,650.28828,1300331.9754000008
2026-07-27,SELL,ITBEES.NS,40773,32.7,1333277.1,666.63855,2632942.436850001
2026-07-27,SELL,PHARMABEES.NS,49317,26.72,1317750.24,658.87512,3950033.8017300013
2026-07-27,BUY,AUTOBEES.NS,4613,285.24,1315812.12,657.90606,2633563.7756700013
2026-07-27,BUY,PHARMABEES.NS,49252,26.72,1316013.44,658.00672,1316892.3289500014
2026-07-27,BUY,ITBEES.NS,40245,32.7,1316011.5,658.00575,222.82320000138134
