date,action,ticker,units,price,gross,cost,cash_after
2018-01-01,BUY,MON100.NS,4130,48.4,199892.0,99.946,800008.054
2018-01-01,BUY,MOM100.NS,9169,21.8,199884.2,99.94210000000001,600023.9119
2018-01-01,BUY,INFRABEES.NS,537,371.7,199602.9,99.80145,400321.21044999996
2018-01-01,BUY,JUNIORBEES.NS,633,315.5,199711.5,99.85575,200509.85469999997
2018-01-01,BUY,NIF100BEES.NS,1801,110.94,199802.94,99.90147,607.0132299999532
2018-01-15,SELL,INFRABEES.NS,537,372.42,199989.54,99.99477,200496.55845999997
2018-01-15,SELL,NIF100BEES.NS,1801,115.02,207151.02,103.57551,407544.00295
2018-01-15,BUY,CPSEETF.NS,6570,31.0,203670.0,101.83500000000001,203772.16795
2018-01-15,BUY,DIVOPPBEES.NS,6936,29.36,203640.96,101.82048,29.387470000016037
2018-01-22,SELL,CPSEETF.NS,6570,30.31,199136.69999999998,99.56835,199066.51912
2018-01-22,SELL,DIVOPPBEES.NS,6936,29.59,205236.24,102.61811999999999,404200.141
2018-01-22,SELL,JUNIORBEES.NS,633,320.11,202629.63,101.31481500000001,606728.456185
2018-01-22,BUY,BANKBEES.NS,737,274.16,202055.92,101.02796000000001,404571.508225
2018-01-22,BUY,NIFTYBEES.NS,1790,112.88,202055.19999999998,101.02759999999999,202415.280625
2018-01-22,BUY,GOLDBEES.NS,7514,26.9,202126.59999999998,101.06329999999998,187.61732500002836
2018-01-29,SELL,GOLDBEES.NS,7514,27.15,204005.09999999998,102.00254999999999,204090.714775
2018-01-29,BUY,NIF100BEES.NS,1743,116.98,203896.14,101.94807000000002,92.6267049999733
2018-02-05,SELL,MOM100.NS,9169,22.11,202726.59,101.363295,202717.85340999998
2018-02-05,SELL,NIF100BEES.NS,1743,112.16,195494.88,97.74744,398114.98597
2018-02-05,BUY,GOLDBEES.NS,7320,27.18,198957.6,99.4788,199057.90716999996
2018-02-05,BUY,LIQUIDBEES.NS,198,1000.0,198000.0,99.0,958.9071699999622
2018-02-12,SELL,BANKBEES.NS,737,261.59,192791.83,96.395915,193654.34125499995
2018-02-12,SELL,NIFTYBEES.NS,1790,109.14,195360.6,97.6803,388917.26095499995
2018-02-12,BUY,DIVOPPBEES.NS,6669,29.14,194334.66,97.16733,194485.43362499995
2018-02-12,BUY,CPSEETF.NS,6485,29.97,194355.44999999998,97.177725,32.805899999977555
2018-03-12,SELL,CPSEETF.NS,6485,28.98,187935.3,93.96764999999999,187874.13824999996
2018-03-12,BUY,NIFTYBEES.NS,1738,107.99,187686.62,93.84331,93.67493999996805
2018-03-19,SELL,DIVOPPBEES.NS,6669,30.0,200070.0,100.035,200063.63993999996
2018-03-19,BUY,JUNIORBEES.NS,692,288.63,199731.96,99.86598,231.8139599999704
2018-04-02,SELL,NIFTYBEES.NS,1738,105.81,183897.78,91.94889,184037.64506999997
2018-04-02,SELL,MON100.NS,4130,51.55,212901.5,106.45075,396832.69432
2018-04-02,BUY,MOM100.NS,9730,20.38,198297.4,99.1487,198436.14562000002
2018-04-02,BUY,BANKBEES.NS,806,245.96,198243.76,99.12188,93.26374000002397
2018-04-09,SELL,GOLDBEES.NS,7320,27.38,200421.6,100.2108,200414.65294000003
2018-04-09,SELL,MOM100.NS,9730,20.45,198978.5,99.48925,399293.66369
2018-04-09,SELL,LIQUIDBEES.NS,198,1000.0,198000.0,99.0,597194.6636900001
2018-04-09,BUY,PSUBNKBEES.NS,5870,33.89,198934.30000000002,99.46715,398160.89654000005
2018-04-09,BUY,NIFTYBEES.NS,1853,107.36,198938.08,99.46903999999999,199123.34750000006
2018-04-09,BUY,INFRABEES.NS,576,345.0,198720.0,99.36,303.98750000007567
2018-04-16,SELL,PSUBNKBEES.NS,5870,32.52,190892.40000000002,95.44620000000002,191100.9413000001
2018-04-16,SELL,NIFTYBEES.NS,1853,108.94,201865.82,100.93291,392865.8283900001
2018-04-16,BUY,HNGSNGBEES.NS,568,345.6,196300.80000000002,98.1504,196466.87799000007
2018-04-16,BUY,NIF100BEES.NS,1761,111.44,196245.84,98.12292,122.9150700000755
2018-04-23,SELL,BANKBEES.NS,806,252.85,203797.1,101.89855,203818.11652000007
2018-04-23,SELL,HNGSNGBEES.NS,568,361.5,205332.0,102.666,409047.4505200001
2018-04-23,BUY,MON100.NS,3886,52.6,204403.6,102.2018,204541.64872000006
2018-04-23,BUY,NIFTYBEES.NS,1867,109.47,204380.49,102.190245,58.9684750000597
2018-04-30,SELL,MON100.NS,3886,50.11,194727.46,97.36373,194689.06474500004
2018-04-30,SELL,NIF100BEES.NS,1761,114.0,200754.0,100.377,395342.687745
2018-04-30,BUY,BANKBEES.NS,760,259.83,197470.8,98.7354,197773.152345
2018-04-30,BUY,MOM100.NS,9539,20.71,197552.69,98.776345,121.68600000001607
2018-05-07,SELL,INFRABEES.NS,576,351.0,202176.0,101.08800000000001,202196.59800000003
2018-05-07,SELL,JUNIORBEES.NS,692,305.34,211295.27999999997,105.64763999999998,413386.23036
2018-05-07,BUY,LIQUIDBEES.NS,206,999.99,205997.94,102.99897,207285.29139
2018-05-07,BUY,GOLDBEES.NS,7402,27.91,206589.82,103.29491,592.1764799999946
2018-05-14,SELL,LIQUIDBEES.NS,206,1000.0,206000.0,103.0,206489.17648
2018-05-14,BUY,CPSEETF.NS,7368,28.01,206377.68000000002,103.18884000000001,8.30763999998453
2018-05-21,SELL,CPSEETF.NS,7368,27.34,201441.12,100.72056,201348.70708
2018-05-21,SELL,GOLDBEES.NS,7402,27.61,204369.22,102.18461,405615.74247
2018-05-21,BUY,MON100.NS,3668,55.26,202693.68,101.34684,202820.71563
2018-05-21,BUY,LIQUIDBEES.NS,202,1000.0,202000.0,101.0,719.7156299999915
2018-05-28,SELL,NIFTYBEES.NS,1867,111.05,207330.35,103.665175,207946.400455
2018-05-28,SELL,MOM100.NS,9539,20.45,195072.55,97.53627499999999,402921.41417999996
2018-05-28,BUY,PSUBNKBEES.NS,6003,33.54,201340.62,100.67031,201480.12386999998
2018-05-28,BUY,GOLDBEES.NS,7290,27.62,201349.80000000002,100.67490000000001,29.648969999951078
2018-06-04,SELL,GOLDBEES.NS,7290,27.53,200693.7,100.34685,200623.00211999996
2018-06-04,SELL,LIQUIDBEES.NS,202,1000.0,202000.0,101.0,402522.00211999996
2018-06-04,BUY,NIFTYBEES.NS,1826,110.12,201079.12,100.53956,201342.34255999996
2018-06-04,BUY,CPSEETF.NS,7336,27.42,201153.12000000002,100.57656000000001,88.64599999994971
2018-06-18,SELL,CPSEETF.NS,7336,26.75,196238.0,98.119,196228.52699999994
2018-06-18,BUY,DIVOPPBEES.NS,6628,29.59,196122.52,98.06125999999999,7.945739999966463
2018-06-25,SELL,DIVOPPBEES.NS,6628,29.16,193272.48,96.63624,193183.78949999998
2018-06-25,BUY,LIQUIDBEES.NS,193,1000.0,193000.0,96.5,87.2894999999844
2018-07-02,SELL,PSUBNKBEES.NS,6003,31.05,186393.15,93.196575,186387.24292499997
2018-07-02,BUY,NIF100BEES.NS,1659,112.28,186272.52,93.13626,21.586664999980712
2018-07-09,SELL,MON100.NS,3668,56.61,207645.48,103.82274000000001,207563.243925
2018-07-09,BUY,GOLDBEES.NS,7582,27.36,207443.52,103.72176,16.00216500001261
2018-07-16,SELL,GOLDBEES.NS,7582,27.0,204714.0,102.357,204627.64516500002
2018-07-16,SELL,LIQUIDBEES.NS,193,1000.0,193000.0,96.5,397531.145165
2018-07-16,BUY,MON100.NS,3397,58.48,198656.56,99.32828,198775.256885
2018-07-16,BUY,MOM100.NS,10325,19.24,198652.99999999997,99.32649999999998,22.930385000043316
2018-07-23,SELL,MOM100.NS,10325,19.29,199169.25,99.584625,199092.59576000005
2018-07-23,BUY,HNGSNGBEES.NS,587,338.44,198664.28,99.33214,328.9836200000427
2018-07-30,SELL,BANKBEES.NS,760,284.0,215840.0,107.92,216061.06362000003
2018-07-30,SELL,MON100.NS,3397,60.58,205790.25999999998,102.89513,421748.42849
2018-07-30,BUY,PSUBNKBEES.NS,5867,35.92,210742.64,105.37132000000001,210900.41717
2018-07-30,BUY,JUNIORBEES.NS,696,302.7,210679.19999999998,105.33959999999999,115.87757000001147
2018-08-06,SELL,NIFTYBEES.NS,1826,118.74,216819.24,108.40962,216826.70795
2018-08-06,SELL,HNGSNGBEES.NS,587,349.0,204863.0,102.4315,421587.27645
2018-08-06,BUY,CPSEETF.NS,7630,27.61,210664.3,105.33215,210817.6443
2018-08-06,BUY,MOM100.NS,10056,20.95,210673.19999999998,105.33659999999999,39.107700000022305
2018-08-13,SELL,NIF100BEES.NS,1659,119.18,197719.62000000002,98.85981000000001,197659.86789000005
2018-08-13,BUY,BANKBEES.NS,697,283.13,197341.61,98.670805,219.5870850000647
2018-08-20,SELL,CPSEETF.NS,7630,27.21,207612.30000000002,103.80615000000002,207728.0809350001
2018-08-20,SELL,BANKBEES.NS,697,288.34,200972.97999999998,100.48648999999999,408600.57444500003
2018-08-20,BUY,HNGSNGBEES.NS,575,355.0,204125.0,102.0625,204373.51194500003
2018-08-20,BUY,NIFTYBEES.NS,1697,120.27,204098.19,102.04909500000001,173.27285000003758
2018-08-27,SELL,HNGSNGBEES.NS,575,329.32,189359.0,94.6795,189437.59335000004
2018-08-27,BUY,INFRABEES.NS,570,331.8,189126.0,94.563,217.03035000004456
2018-09-03,SELL,NIFTYBEES.NS,1697,120.77,204946.69,102.47334500000001,205061.24700500004
2018-09-03,SELL,MOM100.NS,10056,20.83,209466.47999999998,104.73324,414422.993765
2018-09-03,BUY,DIVOPPBEES.NS,6337,32.68,207093.16,103.54658,207226.28718500002
2018-09-03,BUY,NIF100BEES.NS,1704,121.5,207036.0,103.518,86.76918500001193
2018-09-10,SELL,PSUBNKBEES.NS,5867,34.13,200240.71000000002,100.12035500000002,200227.35883000004
2018-09-10,SELL,JUNIORBEES.NS,696,308.19,214500.24,107.25012,414620.34871000005
2018-09-10,BUY,GOLDBEES.NS,7623,27.18,207193.13999999998,103.59657,207323.61214000007
2018-09-10,BUY,NIFTYBEES.NS,1731,119.65,207114.15000000002,103.55707500000001,105.90506500005722
2018-09-17,SELL,NIFTYBEES.NS,1731,118.96,205919.75999999998,102.95988,205922.70518500003
2018-09-17,SELL,NIF100BEES.NS,1704,121.68,207342.72,103.67136,413161.753825
2018-09-17,BUY,MON100.NS,3229,63.94,206462.25999999998,103.23113,206596.26269500004
2018-09-17,BUY,LIQUIDBEES.NS,206,1000.0,206000.0,103.0,493.2626950000413
2018-09-24,SELL,INFRABEES.NS,570,315.0,179550.0,89.775,179953.48769500005
2018-09-24,SELL,DIVOPPBEES.NS,6337,30.46,193025.02000000002,96.51251,372881.99518500007
2018-09-24,BUY,NIF100BEES.NS,1600,116.44,186304.0,93.152,186484.84318500006
2018-09-24,BUY,CPSEETF.NS,6906,26.98,186323.88,93.16194,67.80124500006787
2018-10-01,SELL,NIF100BEES.NS,1600,115.39,184624.0,92.312,184599.48924500006
2018-10-01,BUY,HNGSNGBEES.NS,534,345.5,184497.0,92.2485,10.240745000075549
2018-10-08,SELL,CPSEETF.NS,6906,24.04,166020.24,83.01012,165947.47062500007
2018-10-08,BUY,MOM100.NS,8970,18.49,165855.3,82.92765,9.242975000088336
2018-10-15,SELL,MOM100.NS,8970,18.8,168636.0,84.318,168560.9249750001
2018-10-15,SELL,HNGSNGBEES.NS,534,315.5,168477.0,84.2385,336953.6864750001
2018-10-15,BUY,BANKBEES.NS,650,258.71,168161.5,84.08075,168708.10572500012
2018-10-15,BUY,CPSEETF.NS,6653,25.31,168387.43,84.193715,236.4820100001234
2018-10-22,SELL,MON100.NS,3229,62.2,200843.80000000002,100.42190000000001,200979.86011000015
2018-10-22,BUY,MOM100.NS,10517,19.1,200874.7,100.43735000000001,4.722760000149719
2018-11-05,SELL,CPSEETF.NS,6653,24.92,165792.76,82.89638000000001,165714.58638000017
2018-11-05,SELL,GOLDBEES.NS,7623,28.44,216798.12,108.39906,382404.30732000014
2018-11-05,SELL,LIQUIDBEES.NS,206,999.99,205997.94,102.99897,588299.2483500001
2018-11-05,BUY,PSUBNKBEES.NS,5898,33.23,195990.53999999998,97.99526999999999,392210.71308000013
2018-11-05,BUY,INFRABEES.NS,628,311.7,195747.6,97.8738,196365.23928000013
2018-11-05,BUY,JUNIORBEES.NS,699,280.33,195950.66999999998,97.97533499999999,316.59394500014605
2018-11-19,SELL,MOM100.NS,10517,19.21,202031.57,101.01578500000001,202247.14816000016
2018-11-19,BUY,NIFTYBEES.NS,1801,112.24,202144.24,101.07212,1.8360400001693051
2018-12-10,SELL,PSUBNKBEES.NS,5898,31.19,183958.62,91.97931,183868.47673000017
2018-12-10,SELL,JUNIORBEES.NS,699,272.71,190624.28999999998,95.31214499999999,374397.4545850002
2018-12-10,BUY,LIQUIDBEES.NS,187,1000.0,187000.0,93.5,187303.95458500017
2018-12-10,BUY,GOLDBEES.NS,6658,28.1,187089.80000000002,93.54490000000001,120.6096850001486
2018-12-17,SELL,INFRABEES.NS,628,316.23,198592.44,99.29622,198613.75346500016
2018-12-17,SELL,NIFTYBEES.NS,1801,113.64,204665.64,102.33282000000001,403177.0606450002
2018-12-17,SELL,LIQUIDBEES.NS,187,1000.0,187000.0,93.5,590083.5606450002
2018-12-17,BUY,DIVOPPBEES.NS,6696,29.36,196594.56,98.29728,393390.7033650002
2018-12-17,BUY,PSUBNKBEES.NS,5984,32.85,196574.4,98.2872,196718.0161650002
2018-12-17,BUY,JUNIORBEES.NS,682,288.14,196511.47999999998,98.25573999999999,108.2804250002373
2018-12-24,SELL,BANKBEES.NS,650,272.74,177281.0,88.6405,177300.63992500023
2018-12-24,SELL,GOLDBEES.NS,6658,27.88,185625.03999999998,92.81251999999999,362832.8674050002
2018-12-24,BUY,CPSEETF.NS,7548,24.02,181302.96,90.65147999999999,181439.2559250002
2018-12-24,BUY,INFRABEES.NS,567,319.7,181269.9,90.63495,78.72097500020755
2019-01-07,SELL,DIVOPPBEES.NS,6696,28.8,192844.80000000002,96.42240000000001,192827.09857500021
2019-01-07,SELL,JUNIORBEES.NS,682,285.5,194711.0,97.3555,387440.74307500024
2019-01-07,BUY,GOLDBEES.NS,6861,28.22,193617.41999999998,96.80870999999999,193726.51436500024
2019-01-07,BUY,BANKBEES.NS,694,278.74,193445.56,96.72278,184.2315850002342
2019-01-14,SELL,INFRABEES.NS,567,316.25,179313.75,89.656875,179408.32471000025
2019-01-14,BUY,MON100.NS,3939,45.52,179303.28,89.65164,15.39307000025292
2019-01-21,SELL,CPSEETF.NS,7548,23.77,179415.96,89.70797999999999,179341.64509000024
2019-01-21,BUY,NIF100BEES.NS,1564,114.57,179187.47999999998,89.59374,64.57135000024573
2019-01-28,SELL,BANKBEES.NS,694,271.08,188129.52,94.06475999999999,188100.02659000023
2019-01-28,SELL,PSUBNKBEES.NS,5984,32.05,191787.19999999998,95.89359999999999,379791.3329900002
2019-01-28,SELL,NIF100BEES.NS,1564,110.95,173525.80000000002,86.76290000000002,553230.3700900002
2019-01-28,BUY,HNGSNGBEES.NS,591,311.5,184096.5,92.04825,369041.8218400002
2019-01-28,BUY,LIQUIDBEES.NS,184,999.99,183998.16,91.99908,184951.6627600002
2019-01-28,BUY,NIFTYBEES.NS,1648,111.78,184213.44,92.10672000000001,646.1160400001972
2019-02-04,SELL,LIQUIDBEES.NS,184,999.99,183998.16,91.99908,184552.2769600002
2019-02-04,SELL,HNGSNGBEES.NS,591,316.0,186756.0,93.378,371214.8989600002
2019-02-04,BUY,NIF100BEES.NS,1629,113.85,185461.65,92.730825,185660.5181350002
2019-02-04,BUY,DIVOPPBEES.NS,6414,28.92,185492.88,92.74644,74.89169500020216
2019-02-18,SELL,DIVOPPBEES.NS,6414,28.22,181003.08,90.50153999999999,180987.4701550002
2019-02-18,SELL,NIF100BEES.NS,1629,111.13,181030.77,90.515385,361927.7247700002
2019-02-18,BUY,LIQUIDBEES.NS,180,999.99,179998.2,89.99910000000001,181839.5256700002
2019-02-18,BUY,BANKBEES.NS,665,271.81,180753.65,90.376825,995.4988450001983
2019-02-25,SELL,BANKBEES.NS,665,275.94,183500.1,91.75005,184403.8487950002
2019-02-25,SELL,NIFTYBEES.NS,1648,113.65,187295.2,93.64760000000001,371605.4011950002
2019-02-25,BUY,CPSEETF.NS,7819,23.75,185701.25,92.85062500000001,185811.30057000022
2019-02-25,BUY,DIVOPPBEES.NS,6432,28.87,185691.84,92.84592,26.614650000235997
2019-03-05,SELL,GOLDBEES.NS,6861,28.48,195401.28,97.70064,195330.19401000024
2019-03-05,SELL,LIQUIDBEES.NS,180,999.99,179998.2,89.99910000000001,375238.39491000026
2019-03-05,BUY,JUNIORBEES.NS,663,282.6,187363.80000000002,93.68190000000001,187780.91301000025
2019-03-05,BUY,INFRABEES.NS,615,304.43,187224.45,93.61222500000001,462.85078500024974
2019-03-11,SELL,DIVOPPBEES.NS,6432,30.0,192960.0,96.48,193326.37078500024
2019-03-11,SELL,MON100.NS,3939,48.74,191986.86000000002,95.99343,385217.2373550002
2019-03-11,BUY,PSUBNKBEES.NS,5798,33.2,192493.6,96.24680000000001,192627.39055500022
2019-03-11,BUY,MOM100.NS,10491,18.35,192509.85,96.254925,21.285630000231322
2019-03-18,SELL,JUNIORBEES.NS,663,288.6,191341.80000000002,95.67090000000002,191267.41473000025
2019-03-18,BUY,BANKBEES.NS,637,299.88,191023.56,95.51178,148.34295000025304
2019-03-25,SELL,MOM100.NS,10491,18.21,191041.11000000002,95.52055500000002,191093.93239500027
2019-03-25,BUY,NIFTYBEES.NS,1607,118.81,190927.67,95.463835,70.79856000025757
2019-04-08,SELL,CPSEETF.NS,7819,26.74,209080.06,104.54003,209046.31853000025
2019-04-08,SELL,INFRABEES.NS,615,330.86,203478.9,101.73945,412423.47908000025
2019-04-08,BUY,MON100.NS,3967,51.95,206085.65000000002,103.04282500000001,206234.78625500022
2019-04-08,BUY,NIF100BEES.NS,1708,120.66,206087.28,103.04364,44.46261500022956
2019-04-15,SELL,BANKBEES.NS,637,306.35,195144.95,97.57247500000001,195091.84014000025
2019-04-15,BUY,CPSEETF.NS,7163,27.22,194976.86,97.48843,17.491710000263993
2019-04-22,SELL,PSUBNKBEES.NS,5798,34.64,200842.72,100.42136,200759.79035000026
2019-04-22,BUY,DIVOPPBEES.NS,6609,30.36,200649.24,100.32462,10.225730000267504
2019-05-06,SELL,NIF100BEES.NS,1708,120.4,205643.2,102.8216,205550.60413000028
2019-05-06,BUY,LIQUIDBEES.NS,205,999.99,204997.95,102.498975,450.15515500027686
2019-05-13,SELL,CPSEETF.NS,7163,25.91,185593.33,92.79666499999999,185950.68849000026
2019-05-13,SELL,NIFTYBEES.NS,1607,117.22,188372.54,94.18627000000001,374229.0422200003
2019-05-13,BUY,GOLDBEES.NS,6617,28.26,186996.42,93.49821000000001,187139.1240100003
2019-05-13,BUY,HNGSNGBEES.NS,675,276.96,186948.0,93.474,97.65001000030315
2019-05-20,SELL,DIVOPPBEES.NS,6609,30.51,201640.59,100.820295,201637.4197150003
2019-05-20,SELL,HNGSNGBEES.NS,675,299.9,202432.49999999997,101.21624999999999,403968.70346500026
2019-05-20,BUY,BANKBEES.NS,643,313.81,201779.83,100.889915,202087.98355000027
2019-05-20,BUY,NIFTYBEES.NS,1629,123.93,201881.97,100.940985,105.07256500027142
2019-05-27,SELL,GOLDBEES.NS,6617,28.1,185937.7,92.96885,185949.80371500028
2019-05-27,SELL,MON100.NS,3967,50.47,200214.49,100.10724499999999,386064.1864700003
2019-05-27,SELL,LIQUIDBEES.NS,205,1000.0,205000.0,102.5,590961.6864700003
2019-05-27,BUY,PSUBNKBEES.NS,5261,37.42,196866.62,98.43331,393996.6331600003
2019-05-27,BUY,INFRABEES.NS,568,346.48,196800.64,98.40032000000001,197097.59284000032
2019-05-27,BUY,CPSEETF.NS,7034,27.99,196881.66,98.44083,117.49201000030735
2019-06-03,SELL,NIFTYBEES.NS,1629,126.8,206557.19999999998,103.2786,206571.4134100003
2019-06-03,BUY,MOM100.NS,10994,18.78,206467.32,103.23366,0.8597500002942979
2019-06-10,SELL,PSUBNKBEES.NS,5261,33.83,177979.63,88.98981500000001,177891.4999350003
2019-06-10,SELL,MOM100.NS,10994,18.55,203938.7,101.96935,381728.2305850003
2019-06-10,BUY,GOLDBEES.NS,6623,28.8,190742.4,95.3712,190890.45938500031
2019-06-10,BUY,NIFTYBEES.NS,1518,125.67,190767.06,95.38353000000001,28.015855000325246
2019-06-17,SELL,BANKBEES.NS,643,307.71,197857.53,98.928765,197786.61709000033
2019-06-17,SELL,NIFTYBEES.NS,1518,123.08,186835.44,93.41772,384528.63937000034
2019-06-17,BUY,NIF100BEES.NS,1589,120.89,192094.21,96.047105,192338.38226500034
2019-06-17,BUY,MON100.NS,3704,51.87,192126.47999999998,96.06324,115.8390250003722
2019-06-24,SELL,NIF100BEES.NS,1589,121.03,192316.67,96.15833500000001,192336.3506900004
2019-06-24,BUY,HNGSNGBEES.NS,649,296.0,192104.0,96.052,136.29869000040344
2019-07-01,SELL,INFRABEES.NS,568,346.99,197090.32,98.54516000000001,197128.0735300004
2019-07-01,BUY,PSUBNKBEES.NS,5573,35.35,197005.55000000002,98.50277500000001,24.02075500038336
2019-07-08,SELL,CPSEETF.NS,7034,26.35,185345.90000000002,92.67295000000001,185277.2478050004
2019-07-08,BUY,BANKBEES.NS,592,312.69,185112.48,92.55624,72.21156500038342
2019-07-15,SELL,BANKBEES.NS,592,311.03,184129.75999999998,92.06487999999999,184109.90668500037
2019-07-15,SELL,HNGSNGBEES.NS,649,301.53,195692.96999999997,97.84648499999999,379705.0302000004
2019-07-15,BUY,LIQUIDBEES.NS,189,1000.0,189000.0,94.5,190610.5302000004
2019-07-15,BUY,JUNIORBEES.NS,680,278.9,189651.99999999997,94.826,863.7042000004149
2019-07-22,SELL,PSUBNKBEES.NS,5573,33.08,184354.84,92.17742,185126.36678000042
2019-07-22,BUY,NIF100BEES.NS,1567,118.04,184968.68000000002,92.48434000000002,65.20244000040111
2019-07-29,SELL,NIF100BEES.NS,1567,116.76,182962.92,91.48146000000001,182936.6409800004
2019-07-29,BUY,DIVOPPBEES.NS,6370,28.7,182819.0,91.40950000000001,26.231480000395095
2019-08-13,SELL,DIVOPPBEES.NS,6370,28.22,179761.4,89.8807,179697.75078000038
2019-08-13,BUY,NIF100BEES.NS,1581,113.54,179506.74000000002,89.75337000000002,101.25741000036942
2019-08-19,SELL,NIF100BEES.NS,1581,115.18,182099.58000000002,91.04979000000002,182109.7876200004
2019-08-19,BUY,NIFTYBEES.NS,1553,117.13,181902.88999999998,90.95144499999999,115.94617500039749
2019-08-26,SELL,JUNIORBEES.NS,680,267.85,182138.00000000003,91.06900000000002,182162.87717500044
2019-08-26,BUY,DIVOPPBEES.NS,6377,28.55,182063.35,91.031675,8.495500000426546
2019-09-03,SELL,NIFTYBEES.NS,1553,114.52,177849.56,88.92478,177769.13072000042
2019-09-03,SELL,LIQUIDBEES.NS,189,1000.0,189000.0,94.5,366674.6307200004
2019-09-03,BUY,JUNIORBEES.NS,682,268.39,183041.97999999998,91.52099,183541.12973000045
2019-09-03,BUY,NIF100BEES.NS,1619,113.14,183173.66,91.58683,275.88290000046254
2019-09-09,SELL,NIF100BEES.NS,1619,115.02,186217.38,93.10869000000001,186400.15421000047
2019-09-09,BUY,CPSEETF.NS,7904,23.57,186297.28,93.14864,9.725570000475273
2019-09-16,SELL,DIVOPPBEES.NS,6377,28.8,183657.6,91.8288,183575.4967700005
2019-09-16,SELL,GOLDBEES.NS,6623,33.25,220214.75,110.107375,403680.13939500053
2019-09-16,BUY,INFRABEES.NS,638,316.07,201652.66,100.82633,201926.65306500052
2019-09-16,BUY,MOM100.NS,12080,16.7,201736.0,100.868,89.78506500052754
2019-09-23,SELL,MON100.NS,3704,54.58,202164.32,101.08216,202153.02290500054
2019-09-23,SELL,MOM100.NS,12080,17.54,211883.19999999998,105.9416,413930.28130500054
2019-09-23,BUY,BANKBEES.NS,659,313.68,206715.12,103.35756,207111.80374500054
2019-09-23,BUY,NIFTYBEES.NS,1681,123.0,206763.0,103.3815,245.42224500054726
2019-09-30,SELL,CPSEETF.NS,7904,23.83,188352.31999999998,94.17616,188503.56608500052
2019-09-30,BUY,NIF100BEES.NS,1583,119.01,188392.83000000002,94.19641500000002,16.53967000049306
2019-10-07,SELL,BANKBEES.NS,659,283.33,186714.47,93.357235,186637.6524350005
2019-10-07,SELL,NIFTYBEES.NS,1681,117.57,197635.16999999998,98.817585,384174.0048500005
2019-10-07,SELL,JUNIORBEES.NS,682,273.03,186206.46,93.10323,570287.3616200004
2019-10-07,BUY,CPSEETF.NS,8239,23.06,189991.34,94.99567,380201.02595000045
2019-10-07,BUY,DIVOPPBEES.NS,6574,28.9,189988.59999999998,94.9943,190117.43165000048
2019-10-07,BUY,GOLDBEES.NS,5654,33.6,189974.4,94.9872,48.04445000048145
2019-10-14,SELL,CPSEETF.NS,8239,23.51,193698.89,96.849445,193650.0850050005
2019-10-14,BUY,NIFTYBEES.NS,1614,119.89,193502.46,96.75122999999999,50.87377500050934
2019-10-22,SELL,DIVOPPBEES.NS,6574,29.45,193604.3,96.80215,193558.3716250005
2019-10-22,SELL,GOLDBEES.NS,5654,33.67,190370.18000000002,95.18509000000002,383833.3665350005
2019-10-22,BUY,CPSEETF.NS,7734,24.8,191803.2,95.9016,191934.26493500048
2019-10-22,BUY,JUNIORBEES.NS,659,290.8,191637.2,95.8186,201.24633500046912
2019-10-29,SELL,INFRABEES.NS,638,340.15,217015.69999999998,108.50784999999999,217108.43848500046
2019-10-29,SELL,NIFTYBEES.NS,1614,124.68,201233.52000000002,100.61676000000001,418241.3417250005
2019-10-29,BUY,MON100.NS,3692,56.6,208967.2,104.48360000000001,209169.65812500045
2019-10-29,BUY,BANKBEES.NS,686,304.45,208852.69999999998,104.42635,212.53177500047605
2019-11-04,SELL,NIF100BEES.NS,1583,124.9,197716.7,98.85835,197830.3734250005
2019-11-04,SELL,MON100.NS,3692,56.97,210333.24,105.16662,408058.4468050005
2019-11-04,BUY,PSUBNKBEES.NS,7254,28.11,203909.94,101.95497,204046.5518350005
2019-11-04,BUY,MOM100.NS,11527,17.69,203912.63,101.956315,31.96552000049269
2019-11-11,SELL,CPSEETF.NS,7734,24.27,187704.18,93.85209,187642.29343000049
2019-11-11,BUY,NIFTYBEES.NS,1482,126.49,187458.18,93.72909,90.38434000048437
2019-11-18,SELL,JUNIORBEES.NS,659,292.41,192698.19,96.349095,192692.22524500047
2019-11-18,BUY,MON100.NS,3278,58.75,192582.5,96.29125,13.433995000465075
2019-12-02,SELL,NIFTYBEES.NS,1482,127.63,189147.66,94.57383,189066.52016500046
2019-12-02,BUY,INFRABEES.NS,548,344.81,188955.88,94.47794,16.16222500044387
2019-12-09,SELL,INFRABEES.NS,548,334.01,183037.47999999998,91.51874,182962.12348500043
2019-12-09,SELL,PSUBNKBEES.NS,7254,27.07,196365.78,98.18289,379229.7205950004
2019-12-09,BUY,LIQUIDBEES.NS,189,999.99,188998.11000000002,94.49905500000001,190137.11154000042
2019-12-09,BUY,GOLDBEES.NS,5701,33.24,189501.24000000002,94.75062000000001,541.1209200003941
2019-12-16,SELL,GOLDBEES.NS,5701,33.44,190641.43999999997,95.32072,191087.24020000038
2019-12-16,SELL,MOM100.NS,11527,17.74,204488.97999999998,102.24449,395473.9757100004
2019-12-16,SELL,LIQUIDBEES.NS,189,1000.0,189000.0,94.5,584379.4757100004
2019-12-16,BUY,PSUBNKBEES.NS,6953,28.0,194684.0,97.342,389598.1337100004
2019-12-16,BUY,NIFTYBEES.NS,1526,127.53,194610.78,97.30539,194890.04832000038
2019-12-16,BUY,NIF100BEES.NS,1559,124.87,194672.33000000002,97.33616500000001,120.38215500037768
2019-12-23,SELL,PSUBNKBEES.NS,6953,27.82,193432.46,96.71623,193456.12592500038
2019-12-23,BUY,HNGSNGBEES.NS,550,351.39,193264.5,96.63225,94.99367500038352
2019-12-30,SELL,NIFTYBEES.NS,1526,130.26,198776.75999999998,99.38838,198772.36529500037
2019-12-30,BUY,GOLDBEES.NS,5792,34.3,198665.59999999998,99.33279999999999,7.432495000393828
2020-01-06,SELL,BANKBEES.NS,686,319.18,218957.48,109.47874,218855.4337550004
2020-01-06,SELL,NIF100BEES.NS,1559,124.97,194828.23,97.41411500000001,413586.2496400004
2020-01-06,BUY,CPSEETF.NS,8955,23.08,206681.4,103.3407,206801.5089400004
2020-01-06,BUY,MOM100.NS,11534,17.92,206689.28000000003,103.34464000000001,8.884300000383519
2020-01-13,SELL,CPSEETF.NS,8955,23.62,211517.1,105.75855,211420.2257500004
2020-01-13,BUY,INFRABEES.NS,612,344.8,211017.6,105.50880000000001,297.11695000037435
2020-01-20,SELL,GOLDBEES.NS,5792,35.23,204052.15999999997,102.02608,204247.25087000034
2020-01-20,BUY,JUNIORBEES.NS,682,299.07,203965.74,101.98286999999999,179.5280000003404
2020-02-03,SELL,JUNIORBEES.NS,682,286.7,195529.4,97.7647,195611.16330000033
2020-02-03,SELL,HNGSNGBEES.NS,550,362.2,199210.0,99.605,394721.5583000003
2020-02-03,BUY,GOLDBEES.NS,5493,35.91,197253.62999999998,98.626815,197369.30148500035
2020-02-03,BUY,LIQUIDBEES.NS,197,1000.0,197000.0,98.5,270.80148500035284
2020-02-10,SELL,INFRABEES.NS,612,337.13,206323.56,103.16178000000001,206491.19970500036
2020-02-10,SELL,LIQUIDBEES.NS,197,999.99,196998.03,98.499015,403390.73069000035
2020-02-10,BUY,JUNIORBEES.NS,670,300.46,201308.19999999998,100.6541,201981.87659000035
2020-02-10,BUY,HNGSNGBEES.NS,577,349.17,201471.09,100.735545,410.0510450003494
2020-02-17,SELL,JUNIORBEES.NS,670,293.4,196577.99999999997,98.28899999999999,196889.76204500033
2020-02-17,SELL,HNGSNGBEES.NS,577,354.0,204258.0,102.129,401045.6330450004
2020-02-17,BUY,NIF100BEES.NS,1601,125.15,200365.15000000002,100.18257500000001,200580.30047000034
2020-02-17,BUY,LIQUIDBEES.NS,200,999.99,199998.0,99.999,482.30147000032593
2020-02-24,SELL,MOM100.NS,11534,18.77,216493.18,108.24659,216867.23488000032
2020-02-24,SELL,LIQUIDBEES.NS,200,1000.0,200000.0,100.0,416767.23488000035
2020-02-24,BUY,JUNIORBEES.NS,711,292.68,208095.48,104.04774,208567.70714000033
2020-02-24,BUY,NIFTYBEES.NS,1656,125.73,208208.88,104.10444000000001,254.72270000033313
2020-03-02,SELL,NIF100BEES.NS,1601,115.87,185507.87,92.753935,185669.83876500034
2020-03-02,SELL,NIFTYBEES.NS,1656,118.39,196053.84,98.02692,381625.65184500034
2020-03-02,SELL,MON100.NS,3278,61.73,202350.94,101.17547,583875.4163750004
2020-03-02,SELL,JUNIORBEES.NS,711,275.84,196122.24,98.06112,779899.5952550004
2020-03-02,BUY,HNGSNGBEES.NS,523,372.0,194556.0,97.278,585246.3172550004
2020-03-02,BUY,LIQUIDBEES.NS,194,1000.0,194000.0,97.0,391149.31725500035
2020-03-02,BUY,INFRABEES.NS,638,305.41,194851.58000000002,97.42579,196200.31146500033
2020-03-02,BUY,BANKBEES.NS,661,294.45,194631.44999999998,97.31572499999999,1471.5457400003506
2020-03-09,SELL,INFRABEES.NS,638,289.11,184452.18000000002,92.22609000000001,185831.49965000036
2020-03-09,SELL,BANKBEES.NS,661,271.61,179534.21000000002,89.76710500000002,365275.94254500035
2020-03-09,BUY,DIVOPPBEES.NS,6831,26.72,182524.31999999998,91.26216,182660.36038500036
2020-03-09,BUY,MON100.NS,3005,60.74,182523.7,91.26185000000001,45.39853500033496
2020-03-16,SELL,MON100.NS,3005,55.26,166056.3,83.02815,166018.67038500033
2020-03-16,BUY,MOM100.NS,10938,15.17,165929.46,82.96473,6.245655000326224
2020-03-23,SELL,MOM100.NS,10938,12.37,135303.06,67.65153,135241.65412500032
2020-03-23,BUY,MON100.NS,2682,50.39,135145.98,67.57299,28.101135000324575
2020-03-30,SELL,DIVOPPBEES.NS,6831,26.4,180338.4,90.1692,180276.33193500031
2020-03-30,BUY,CPSEETF.NS,11677,15.43,180176.11,90.088055,10.133880000328645
2020-04-07,SELL,HNGSNGBEES.NS,523,339.98,177809.54,88.90477,177730.76911000034
2020-04-07,BUY,DIVOPPBEES.NS,6762,26.27,177637.74,88.81887,4.210240000364138
2020-04-13,SELL,LIQUIDBEES.NS,194,1000.0,194000.0,97.0,193907.21024000036
2020-04-13,BUY,JUNIORBEES.NS,818,236.77,193677.86000000002,96.83893,132.51131000035093
2020-04-20,SELL,DIVOPPBEES.NS,6762,25.53,172633.86000000002,86.31693000000001,172680.05438000037
2020-04-20,BUY,CONSUMBEES.NS,3192,54.07,172591.44,86.29572,2.3186600003682543
2020-04-27,SELL,CPSEETF.NS,11677,16.31,190451.87,95.22593499999999,190358.96272500037
2020-04-27,BUY,INFRABEES.NS,701,271.3,190181.30000000002,95.09065000000001,82.57207500035292
2020-05-04,SELL,CONSUMBEES.NS,3192,51.8,165345.59999999998,82.6728,165345.49927500033
2020-05-04,SELL,GOLDBEES.NS,5493,42.73,234715.88999999998,117.357945,399944.0313300003
2020-05-04,BUY,NIFTYBEES.NS,2022,98.8,199773.6,99.88680000000001,200070.5445300003
2020-05-04,BUY,BANKBEES.NS,1003,199.2,199797.59999999998,99.8988,173.0457300003327
2020-05-11,SELL,BANKBEES.NS,1003,191.42,191994.25999999998,95.99713,192071.3086000003
2020-05-11,SELL,JUNIORBEES.NS,818,242.14,198070.52,99.03526,390042.7933400003
2020-05-11,BUY,CONSUMBEES.NS,3697,52.72,194905.84,97.45292,195039.50042000032
2020-05-11,BUY,NIF100BEES.NS,1937,100.58,194823.46,97.41172999999999,118.62869000033243
2020-05-18,SELL,CONSUMBEES.NS,3697,47.36,175089.91999999998,87.54495999999999,175121.00373000032
2020-05-18,SELL,NIFTYBEES.NS,2022,93.93,189926.46000000002,94.96323000000001,364952.5005000003
2020-05-18,BUY,HNGSNGBEES.NS,519,351.0,182169.0,91.0845,182692.41600000032
2020-05-18,BUY,MID150BEES.NS,3737,48.8,182365.59999999998,91.18279999999999,235.63320000033127
2020-05-26,SELL,HNGSNGBEES.NS,519,350.0,181650.0,90.825,181794.80820000032
2020-05-26,SELL,NIF100BEES.NS,1937,102.21,197980.77,98.990385,379676.5878150003
2020-05-26,SELL,MID150BEES.NS,3737,49.0,183113.0,91.5565,562698.0313150003
2020-05-26,BUY,NV20BEES.NS,3749,50.0,187450.0,93.72500000000001,375154.3063150003
2020-05-26,BUY,MOM100.NS,13624,13.76,187466.24,93.73312,187594.3331950003
2020-05-26,BUY,LIQUIDBEES.NS,187,1000.0,187000.0,93.5,500.83319500030484
2020-06-01,SELL,MON100.NS,2682,70.14,188115.48,94.05774000000001,188522.25545500033
2020-06-01,SELL,MOM100.NS,13624,14.46,197003.04,98.50152,385426.7939350003
2020-06-01,SELL,LIQUIDBEES.NS,187,1000.0,187000.0,93.5,572333.2939350003
2020-06-01,BUY,CPSEETF.NS,10896,17.5,190680.0,95.34,381557.95393500035
2020-06-01,BUY,JUNIORBEES.NS,750,254.16,190620.0,95.31,190842.64393500035
2020-06-01,BUY,NIFTYBEES.NS,1826,104.42,190670.92,95.33546000000001,76.38847500033444
2020-06-08,SELL,NV20BEES.NS,3749,53.6,200946.4,100.4732,200922.31527500032
2020-06-08,SELL,JUNIORBEES.NS,750,264.21,198157.49999999997,99.07874999999999,398980.7365250003
2020-06-08,BUY,PSUBNKBEES.NS,13195,15.11,199376.44999999998,99.68822499999999,199504.59830000033
2020-06-08,BUY,BANKBEES.NS,931,214.02,199252.62,99.62631,152.3519900003448
2020-06-15,SELL,CPSEETF.NS,10896,17.27,188173.91999999998,94.08695999999999,188232.18503000034
2020-06-15,SELL,NIFTYBEES.NS,1826,104.51,190835.26,95.41763,378972.02740000037
2020-06-15,SELL,INFRABEES.NS,701,300.91,210937.91,105.46895500000001,589804.4684450004
2020-06-15,BUY,MID150BEES.NS,3638,54.0,196452.0,98.226,393254.24244500033
2020-06-15,BUY,NIF100BEES.NS,1729,113.61,196431.69,98.215845,196724.33660000033
2020-06-15,BUY,MOM100.NS,12987,15.13,196493.31,98.246655,132.77994500033674
2020-06-29,SELL,NIF100BEES.NS,1729,112.83,195083.07,97.54153500000001,195118.30841000035
2020-06-29,BUY,NIFTYBEES.NS,1777,109.74,195007.97999999998,97.50398999999999,12.824420000368264
2020-07-06,SELL,MOM100.NS,12987,15.97,207402.39,103.70119500000001,207311.51322500038
2020-07-06,BUY,INFRABEES.NS,644,321.32,206930.08,103.46504,277.9681850003835
2020-07-13,SELL,INFRABEES.NS,644,316.41,203768.04,101.88402,203944.1241650004
2020-07-13,BUY,MON100.NS,2535,80.4,203814.0,101.907,28.217165000387467
2020-07-20,SELL,BANKBEES.NS,931,224.39,208907.09,104.453545,208830.8536200004
2020-07-20,SELL,PSUBNKBEES.NS,13195,15.87,209404.65,104.702325,418130.80129500036
2020-07-20,SELL,MID150BEES.NS,3638,58.51,212859.38,106.42969000000001,630883.7516050003
2020-07-20,BUY,NV20BEES.NS,3663,57.37,210146.31,105.073155,420632.36845000036
2020-07-20,BUY,DIVOPPBEES.NS,7435,28.27,210187.44999999998,105.09372499999999,210339.82472500036
2020-07-20,BUY,CONSUMBEES.NS,4037,52.06,210166.22,105.08311,68.52161500035436
2020-07-27,SELL,MON100.NS,2535,77.59,196690.65,98.345325,196660.82629000035
2020-07-27,BUY,GOLDBEES.NS,4231,46.45,196529.95,98.264975,32.61131500033662
2020-08-03,SELL,DIVOPPBEES.NS,7435,28.05,208551.75,104.275875,208480.08544000034
2020-08-03,SELL,CONSUMBEES.NS,4037,51.84,209278.08000000002,104.63904000000001,417653.5264000003
2020-08-03,BUY,MOM100.NS,12812,16.29,208707.47999999998,104.35373999999999,208841.69266000035
2020-08-03,BUY,MON100.NS,2591,80.54,208679.14,104.33957000000001,58.21309000032488
2020-08-10,SELL,NV20BEES.NS,3663,58.93,215860.59,107.930295,215810.87279500032
2020-08-10,SELL,NIFTYBEES.NS,1777,119.97,213186.69,106.593345,428890.9694500003
2020-08-10,BUY,MID150BEES.NS,3417,62.72,214314.24,107.15711999999999,214469.57233000034
2020-08-10,BUY,DIVOPPBEES.NS,7470,28.69,214314.30000000002,107.15715000000002,48.11518000031356
2020-08-17,SELL,DIVOPPBEES.NS,7470,28.51,212969.7,106.48485000000001,212911.33033000032
2020-08-17,SELL,GOLDBEES.NS,4231,46.15,195260.65,97.630325,408074.3500050003
2020-08-17,BUY,JUNIORBEES.NS,713,285.93,203868.09,101.934045,204104.3259600003
2020-08-17,BUY,CONSUMBEES.NS,3809,53.54,203933.86,101.96692999999999,68.49903000032646
2020-08-24,SELL,CONSUMBEES.NS,3809,54.66,208199.93999999997,104.09996999999998,208164.3390600003
2020-08-24,SELL,JUNIORBEES.NS,713,289.23,206220.99000000002,103.11049500000001,414282.21856500034
2020-08-24,BUY,CPSEETF.NS,10777,19.21,207026.17,103.513085,207152.5354800003
2020-08-24,BUY,PSUBNKBEES.NS,12662,16.35,207023.7,103.51185000000001,25.323630000289995
2020-08-31,SELL,MON100.NS,2591,87.22,225987.02,112.99351,225899.35012000028
2020-08-31,BUY,BANKBEES.NS,942,239.57,225674.94,112.83747000000001,111.57265000027837
2020-09-07,SELL,CPSEETF.NS,10777,17.99,193878.22999999998,96.93911499999999,193892.86353500027
2020-09-07,SELL,PSUBNKBEES.NS,12662,16.09,203731.58,101.86578999999999,397522.57774500025
2020-09-07,BUY,NIF100BEES.NS,1643,120.9,198638.7,99.31935000000001,198784.55839500023
2020-09-07,BUY,MON100.NS,2383,83.35,198623.05,99.311525,62.196870000247145
2020-09-14,SELL,BANKBEES.NS,942,222.75,209830.5,104.91525,209787.78162000026
2020-09-14,SELL,MON100.NS,2383,80.98,192975.34,96.48767,402666.6339500003
2020-09-14,SELL,NIF100BEES.NS,1643,116.6,191573.8,95.7869,594144.6470500003
2020-09-14,SELL,MID150BEES.NS,3417,66.68,227845.56000000003,113.92278000000002,821876.2842700003
2020-09-14,BUY,NIFTYBEES.NS,1681,122.13,205300.53,102.650265,616473.1040050003
2020-09-14,BUY,CONSUMBEES.NS,3732,55.02,205334.64,102.66732,411035.7966850003
2020-09-14,BUY,INFRABEES.NS,616,333.25,205282.0,102.641,205651.1556850003
2020-09-14,BUY,LIQUIDBEES.NS,205,999.99,204997.95,102.498975,550.7067100002896
2020-09-21,SELL,INFRABEES.NS,616,326.28,200988.47999999998,100.49423999999999,201438.69247000027
2020-09-21,SELL,CONSUMBEES.NS,3732,53.63,200147.16,100.07358,401485.7788900003
2020-09-21,SELL,LIQUIDBEES.NS,205,1000.0,205000.0,102.5,606383.2788900003
2020-09-21,BUY,MID150BEES.NS,3130,64.53,201978.9,100.98945,404303.3894400003
2020-09-21,BUY,NV20BEES.NS,3369,59.95,201971.55000000002,100.985775,202230.85366500026
2020-09-21,BUY,JUNIORBEES.NS,719,280.98,202024.62000000002,101.01231000000001,105.22135500024888
2020-09-28,SELL,NIFTYBEES.NS,1681,119.75,201299.75,100.64987500000001,201304.32148000025
2020-09-28,SELL,JUNIORBEES.NS,719,281.34,202283.46,101.14173,403486.6397500002
2020-09-28,SELL,MID150BEES.NS,3130,64.99,203418.69999999998,101.70934999999999,606803.6304000001
2020-09-28,BUY,LIQUIDBEES.NS,202,999.99,201997.98,100.99899,404704.65141000017
2020-09-28,BUY,NIF100BEES.NS,1742,116.0,202072.0,101.036,202531.61541000017
2020-09-28,BUY,CONSUMBEES.NS,3839,52.65,202123.35,101.06167500000001,307.20373500016285
2020-10-05,SELL,NV20BEES.NS,3369,61.4,206856.6,103.42830000000001,207060.37543500017
2020-10-05,SELL,CONSUMBEES.NS,3839,53.99,207267.61000000002,103.63380500000001,414224.35163000016
2020-10-05,SELL,LIQUIDBEES.NS,202,1000.0,202000.0,101.0,616123.3516300002
2020-10-05,BUY,MID150BEES.NS,3123,65.72,205243.56,102.62178,410777.1698500002
2020-10-05,BUY,NIFTYBEES.NS,1677,122.38,205231.25999999998,102.61563,205443.2942200002
2020-10-05,BUY,JUNIORBEES.NS,722,284.16,205163.52000000002,102.58176000000002,177.19246000019484
2020-10-12,SELL,MOM100.NS,12812,17.55,224850.6,112.42530000000001,224915.3671600002
2020-10-12,SELL,JUNIORBEES.NS,722,284.67,205531.74000000002,102.76587,430344.34129000024
2020-10-12,SELL,MID150BEES.NS,3123,65.09,203276.07,101.638035,633518.7732550002
2020-10-12,BUY,BANKBEES.NS,885,238.27,210868.95,105.434475,422544.38878000027
2020-10-12,BUY,NV20BEES.NS,3373,62.56,211014.88,105.50744,211424.00134000028
2020-10-12,BUY,MON100.NS,2493,84.66,211057.38,105.52869,261.0926500002679
2020-10-19,SELL,NIF100BEES.NS,1742,117.5,204685.0,102.3425,204843.75015000027
2020-10-19,BUY,DIVOPPBEES.NS,7306,28.02,204714.12,102.35706,27.273090000264347
2020-10-26,SELL,DIVOPPBEES.NS,7306,28.73,209901.38,104.95069000000001,209823.70240000027
2020-10-26,BUY,CPSEETF.NS,12717,16.49,209703.33,104.851665,15.520735000289278
2020-11-02,SELL,NV20BEES.NS,3373,61.73,208215.28999999998,104.10764499999999,208126.70309000026
2020-11-02,SELL,NIFTYBEES.NS,1677,124.37,208568.49000000002,104.28424500000001,416590.9088450003
2020-11-02,SELL,MON100.NS,2493,81.73,203752.89,101.876445,620241.9224000003
2020-11-02,BUY,HNGSNGBEES.NS,639,323.0,206397.0,103.1985,413741.7239000003
2020-11-02,BUY,INFRABEES.NS,646,319.63,206480.98,103.24049000000001,207157.50341000027
2020-11-02,BUY,MOM100.NS,11635,17.76,206637.6,103.31880000000001,416.5846100002527
2020-11-09,SELL,CPSEETF.NS,12717,17.2,218732.4,109.3662,219039.61841000026
2020-11-09,SELL,INFRABEES.NS,646,333.95,215731.69999999998,107.86585,434663.45256000024
2020-11-09,BUY,PSUBNKBEES.NS,14319,15.17,217219.23,108.609615,217335.61294500023
2020-11-09,BUY,MID150BEES.NS,3171,68.49,217181.78999999998,108.59089499999999,45.232050000253366
2020-11-17,SELL,PSUBNKBEES.NS,14319,15.83,226669.77,113.334885,226601.66716500025
2020-11-17,SELL,MOM100.NS,11635,19.23,223741.05000000002,111.87052500000001,450230.84664000024
2020-11-17,SELL,HNGSNGBEES.NS,639,342.08,218589.12,109.29456,668710.6720800002
2020-11-17,BUY,NIF100BEES.NS,1699,131.08,222704.92,111.35246000000001,445894.39962000016
2020-11-17,BUY,CONSUMBEES.NS,3884,57.36,222786.24,111.39312,222996.76650000017
2020-11-17,BUY,INFRABEES.NS,636,350.1,222663.6,111.3318,221.83470000015222
2020-11-23,SELL,CONSUMBEES.NS,3884,56.66,220067.43999999997,110.03371999999999,220179.24098000012
2020-11-23,SELL,NIF100BEES.NS,1699,128.05,217556.95,108.77847500000001,437627.41250500013
2020-11-23,BUY,PSUBNKBEES.NS,13550,16.14,218697.0,109.3485,218821.06400500014
2020-11-23,BUY,MOM100.NS,10951,19.97,218691.47,109.345735,20.248270000127377
2020-12-01,SELL,INFRABEES.NS,636,360.17,229068.12000000002,114.53406000000001,228973.83421000015
2020-12-01,BUY,CPSEETF.NS,12026,19.03,228854.78000000003,114.42739000000002,4.62682000012137
2020-12-07,SELL,BANKBEES.NS,885,303.13,268270.05,134.13502499999998,268140.5417950001
2020-12-07,BUY,DIVOPPBEES.NS,8231,32.56,268001.36000000004,134.00068000000002,5.181115000043064
2020-12-14,SELL,MID150BEES.NS,3171,77.89,246989.19,123.494595,246870.87652000005
2020-12-14,BUY,CONSUMBEES.NS,3859,63.93,246705.87,123.352935,41.65358500005095
2020-12-21,SELL,DIVOPPBEES.NS,8231,32.75,269565.25,134.782625,269472.1209600001
2020-12-21,SELL,MOM100.NS,10951,20.47,224166.97,112.083485,493527.0074750001
2020-12-21,BUY,NV20BEES.NS,3482,70.82,246595.24,123.29762,246808.46985500012
2020-12-21,BUY,ITBEES.NS,10718,23.01,246621.18000000002,123.31059000000002,63.97926500008907
2020-12-28,SELL,CPSEETF.NS,12026,20.5,246533.0,123.26650000000001,246473.7127650001
2020-12-28,SELL,PSUBNKBEES.NS,13550,19.15,259482.49999999997,129.74124999999998,505826.4715150001
2020-12-28,BUY,DIVOPPBEES.NS,7236,34.93,252753.48,126.37674000000001,252946.61477500008
2020-12-28,BUY,NIFTYBEES.NS,1710,147.78,252703.8,126.3519,116.46287500008475
2021-01-04,SELL,DIVOPPBEES.NS,7236,34.25,247833.0,123.9165,247825.5463750001
2021-01-04,SELL,CONSUMBEES.NS,3859,64.21,247786.38999999998,123.89319499999999,495488.04318000004
2021-01-04,BUY,PSUBNKBEES.NS,12319,20.1,247611.90000000002,123.80595000000001,247752.33723
2021-01-04,BUY,MID150BEES.NS,3040,81.43,247547.2,123.7736,81.3636300000071
2021-01-11,SELL,PSUBNKBEES.NS,12319,19.82,244162.58000000002,122.08129000000001,244121.86234000002
2021-01-11,SELL,NIFTYBEES.NS,1710,154.38,263989.8,131.9949,507979.66744
2021-01-11,BUY,MOM100.NS,10942,23.2,253854.4,126.9272,253998.34024
2021-01-11,BUY,JUNIORBEES.NS,707,358.63,253551.41,126.775705,320.15453499997966
2021-01-18,SELL,MOM100.NS,10942,22.42,245319.64,122.65982000000001,245517.134715
2021-01-18,SELL,JUNIORBEES.NS,707,345.44,244226.08,122.11304,489621.101675
2021-01-18,SELL,MID150BEES.NS,3040,81.76,248550.40000000002,124.27520000000001,738047.226475
2021-01-18,BUY,PSUBNKBEES.NS,11804,20.83,245877.31999999998,122.93865999999998,492046.96781500004
2021-01-18,BUY,INFRABEES.NS,609,403.37,245652.33000000002,122.82616500000002,246271.81165000002
2021-01-18,BUY,NIF100BEES.NS,1671,147.1,245804.09999999998,122.90204999999999,344.8096000000369
2021-01-25,SELL,NV20BEES.NS,3482,77.59,270168.38,135.08419,270378.10541
2021-01-25,SELL,PSUBNKBEES.NS,11804,20.21,238558.84,119.27942,508817.66599
2021-01-25,SELL,NIF100BEES.NS,1671,147.6,246639.59999999998,123.31979999999999,755333.94619
2021-01-25,BUY,MON100.NS,2593,97.04,251624.72000000003,125.81236000000001,503583.41383
2021-01-25,BUY,CONSUMBEES.NS,3730,67.45,251588.5,125.79425,251869.11957999997
2021-01-25,BUY,HNGSNGBEES.NS,703,357.66,251434.98,125.71749000000001,308.4220899999491
2021-02-01,SELL,ITBEES.NS,10718,25.03,268271.54000000004,134.13577,268445.82632
2021-02-01,SELL,CONSUMBEES.NS,3730,64.79,241666.7,120.83335000000001,509991.69297
2021-02-01,SELL,INFRABEES.NS,609,399.36,243210.24000000002,121.60512000000001,753080.32785
2021-02-01,BUY,LIQUIDBEES.NS,250,999.99,249997.5,124.99875,502957.8291
2021-02-01,BUY,MOM100.NS,11048,22.71,250900.08000000002,125.45004000000002,251932.29905999996
2021-02-01,BUY,DIVOPPBEES.NS,7261,34.55,250867.55,125.433775,939.3152849999606
2021-02-08,SELL,DIVOPPBEES.NS,7261,35.76,259653.36,129.82667999999998,260462.84860499995
2021-02-08,SELL,MOM100.NS,11048,23.66,261395.68,130.69783999999999,521727.83076499996
2021-02-08,SELL,LIQUIDBEES.NS,250,999.99,249997.5,124.99875,771600.3320149999
2021-02-08,SELL,HNGSNGBEES.NS,703,361.52,254148.56,127.07428,1025621.8177349999
2021-02-08,BUY,PSUBNKBEES.NS,10379,24.69,256257.51,128.128755,769236.1789799999
2021-02-08,BUY,BANKBEES.NS,709,361.28,256147.52,128.07376,512960.5852199999
2021-02-08,BUY,INFRABEES.NS,602,425.36,256066.72,128.03336000000002,256765.8318599999
2021-02-08,BUY,NIFTYBEES.NS,1591,161.03,256198.73,128.099365,439.00249499987694
2021-02-15,SELL,MON100.NS,2593,98.68,255877.24000000002,127.93862000000001,256188.3038749999
2021-02-15,BUY,DIVOPPBEES.NS,7073,36.2,256042.6,128.0213,17.682574999897042
2021-02-22,SELL,INFRABEES.NS,602,423.91,255193.82,127.59691000000001,255083.9056649999
2021-02-22,SELL,NIFTYBEES.NS,1591,157.18,250073.38,125.03669000000001,505032.2489749999
2021-02-22,BUY,CPSEETF.NS,11262,22.41,252381.42,126.19071000000001,252524.63826499987
2021-02-22,BUY,MOM100.NS,10377,24.32,252368.64,126.18432000000001,29.813944999856176
2021-03-01,SELL,BANKBEES.NS,709,354.96,251666.63999999998,125.83332,251570.62062499984
2021-03-01,SELL,DIVOPPBEES.NS,7073,36.59,258801.07000000004,129.40053500000002,510242.2900899999
2021-03-01,BUY,MID150BEES.NS,2821,90.39,254990.19,127.495095,255124.6049949999
2021-03-01,BUY,INFRABEES.NS,586,434.47,254599.42,127.29971,397.88528499990935
2021-03-08,SELL,PSUBNKBEES.NS,10379,26.03,270165.37,135.082685,270428.17259999993
2021-03-08,BUY,JUNIORBEES.NS,733,368.33,269985.89,134.99294500000002,307.2896549999132
2021-03-15,SELL,INFRABEES.NS,586,432.87,253661.82,126.83091,253842.27874499993
2021-03-15,SELL,JUNIORBEES.NS,733,362.5,265712.5,132.85625,519421.92249499995
2021-03-15,BUY,DIVOPPBEES.NS,6887,37.69,259571.03,129.785515,259721.10697999995
2021-03-15,BUY,ITBEES.NS,9877,26.28,259567.56,129.78378,23.76319999995758
2021-03-22,SELL,MOM100.NS,10377,24.52,254444.04,127.22202,254340.58117999998
2021-03-22,SELL,MID150BEES.NS,2821,89.94,253720.74,126.86037,507934.46080999996
2021-03-22,BUY,NV20BEES.NS,3148,80.63,253823.24,126.91162,253984.30918999997
2021-03-22,BUY,LIQUIDBEES.NS,253,1000.0,253000.0,126.5,857.8091899999708
2021-03-30,SELL,CPSEETF.NS,11262,22.83,257111.46,128.55573,257840.71345999997
2021-03-30,BUY,HNGSNGBEES.NS,744,345.94,257379.36,128.68968,332.6637799999735
2021-04-05,SELL,NV20BEES.NS,3148,85.94,270539.12,135.26956,270736.51422
2021-04-05,SELL,LIQUIDBEES.NS,253,1000.0,253000.0,126.5,523610.01422
2021-04-05,BUY,MON100.NS,2710,96.55,261650.5,130.82525,261828.68897000002
2021-04-05,BUY,MID150BEES.NS,2879,90.87,261614.73,130.807365,83.15160500002094
2021-04-12,SELL,DIVOPPBEES.NS,6887,36.9,254130.3,127.06515,254086.386455
2021-04-12,SELL,MID150BEES.NS,2879,93.25,268466.75,134.233375,522418.90307999996
2021-04-12,BUY,NV20BEES.NS,3202,81.53,261059.06,130.52953,261229.31354999996
2021-04-12,BUY,GOLDBEES.NS,6447,40.49,261039.03,130.519515,59.764034999971045
2021-04-19,SELL,ITBEES.NS,9877,26.48,261542.96,130.77148,261471.95255499997
2021-04-19,BUY,CONSUMBEES.NS,4074,64.14,261306.36000000002,130.65318000000002,34.93937499995809
2021-04-26,SELL,NV20BEES.NS,3202,79.43,254334.86000000002,127.16743000000001,254242.63194499997
2021-04-26,SELL,CONSUMBEES.NS,4074,63.21,257517.54,128.75877,511631.413175
2021-04-26,BUY,LIQUIDBEES.NS,255,999.99,254997.45,127.49872500000001,256506.46444999997
2021-04-26,BUY,JUNIORBEES.NS,709,360.14,255339.25999999998,127.66963,1039.5348200000008
2021-05-03,SELL,GOLDBEES.NS,6447,40.69,262328.43,131.164215,263236.800605
2021-05-03,SELL,JUNIORBEES.NS,709,366.46,259820.13999999998,129.91007,522927.03053499997
2021-05-03,SELL,LIQUIDBEES.NS,255,1000.0,255000.0,127.5,777799.5305349999
2021-05-03,BUY,CPSEETF.NS,11203,23.13,259125.38999999998,129.562695,518544.5778399999
2021-05-03,BUY,MOM100.NS,10146,25.54,259128.84,129.56442,259286.17341999992
2021-05-03,BUY,MID150BEES.NS,2804,92.4,259089.6,129.5448,67.02861999991
2021-05-10,SELL,MON100.NS,2710,99.33,269184.3,134.59215,269116.7364699999
2021-05-10,SELL,HNGSNGBEES.NS,744,359.23,267267.12,133.63356,536250.2229099999
2021-05-10,BUY,JUNIORBEES.NS,708,378.15,267730.2,133.8651,268386.1578099999
2021-05-10,BUY,DIVOPPBEES.NS,7167,37.39,267974.13,133.987065,278.0407449998893
2021-05-17,SELL,DIVOPPBEES.NS,7167,37.48,268619.16,134.30957999999998,268762.89116499986
2021-05-17,SELL,MOM100.NS,10146,25.93,263085.77999999997,131.54289,531717.1282749998
2021-05-17,SELL,MID150BEES.NS,2804,94.08,263800.32,131.90016,795385.5481149998
2021-05-17,BUY,PSUBNKBEES.NS,10621,24.95,264993.95,132.49697500000002,530259.1011399997
2021-05-17,BUY,INFRABEES.NS,615,430.27,264616.05,132.308025,265510.7431149997
2021-05-17,BUY,GOLDBEES.NS,6335,41.83,264993.05,132.496525,385.1965899997158
2021-05-24,SELL,INFRABEES.NS,615,436.0,268140.0,134.07,268391.1265899997
2021-05-24,SELL,GOLDBEES.NS,6335,42.2,267337.0,133.6685,535594.4580899996
2021-05-24,BUY,BANKBEES.NS,763,350.8,267660.4,133.83020000000002,267800.2278899996
2021-05-24,BUY,MOM100.NS,9994,26.78,267639.32,133.81966,27.088229999586474
2021-05-31,SELL,CPSEETF.NS,11203,24.85,278394.55,139.197275,278282.4409549996
2021-05-31,BUY,ITBEES.NS,10154,27.39,278118.06,139.05903,25.3219249995891
2021-06-07,SELL,ITBEES.NS,10154,27.56,279844.24,139.92212,279729.6398049996
2021-06-07,SELL,MOM100.NS,9994,28.36,283429.83999999997,141.71491999999998,563017.7648849995
2021-06-07,SELL,BANKBEES.NS,763,356.02,271643.26,135.82163,834525.2032549995
2021-06-07,BUY,INFRABEES.NS,596,466.24,277879.04,138.93952,556507.2237349995
2021-06-07,BUY,MID150BEES.NS,2737,101.57,277997.08999999997,138.99854499999998,278371.1351899996
2021-06-07,BUY,CPSEETF.NS,10579,26.28,278016.12,139.00806,216.00712999957614
2021-06-14,SELL,INFRABEES.NS,596,464.13,276621.48,138.31073999999998,276699.1763899996
2021-06-14,SELL,JUNIORBEES.NS,708,409.77,290117.16,145.05857999999998,566671.2778099995
2021-06-14,BUY,ITBEES.NS,9867,28.7,283182.89999999997,141.59144999999998,283346.78635999956
2021-06-14,BUY,DIVOPPBEES.NS,6842,41.39,283190.38,141.59519,14.811169999535196
2021-06-21,SELL,CPSEETF.NS,10579,25.98,274842.42,137.42121,274719.8099599995
2021-06-21,SELL,PSUBNKBEES.NS,10621,27.18,288678.77999999997,144.33938999999998,563254.2505699995
2021-06-21,SELL,MID150BEES.NS,2737,101.79,278599.23000000004,139.29961500000002,841714.1809549995
2021-06-21,BUY,MON100.NS,2711,103.41,280344.51,140.172255,561229.4986999995
2021-06-21,BUY,CONSUMBEES.NS,4083,68.68,280420.44,140.21022,280668.8484799995
2021-06-21,BUY,NV20BEES.NS,3225,86.93,280349.25,140.174625,179.42385499953525
2021-06-28,SELL,DIVOPPBEES.NS,6842,40.02,273816.84,136.90842,273859.35543499957
2021-06-28,BUY,PSUBNKBEES.NS,9734,28.12,273720.08,136.86004,2.415394999552518
2021-07-05,SELL,CONSUMBEES.NS,4083,69.55,283972.64999999997,141.986325,283833.0790699995
2021-07-05,BUY,MID150BEES.NS,2744,103.35,283592.39999999997,141.7962,98.88286999956472
2021-07-12,SELL,ITBEES.NS,9867,28.94,285550.98000000004,142.77549000000002,285507.0873799996
2021-07-12,SELL,NV20BEES.NS,3225,87.04,280704.0,140.352,566070.7353799995
2021-07-12,SELL,PSUBNKBEES.NS,9734,27.05,263304.7,131.65235,829243.7830299996
2021-07-12,BUY,MOM100.NS,9546,28.94,276261.24,138.13062,552844.4124099996
2021-07-12,BUY,CONSUMBEES.NS,3980,69.4,276212.0,138.106,276494.3064099996
2021-07-12,BUY,JUNIORBEES.NS,676,408.46,276118.95999999996,138.05947999999998,237.28692999965278
2021-07-19,SELL,CONSUMBEES.NS,3980,68.98,274540.4,137.27020000000002,274640.41672999965
2021-07-19,SELL,JUNIORBEES.NS,676,408.03,275828.27999999997,137.91413999999997,550330.7825899996
2021-07-19,BUY,BANKBEES.NS,777,353.8,274902.60000000003,137.45130000000003,275290.73128999956
2021-07-19,BUY,ITBEES.NS,9257,29.71,275025.47000000003,137.51273500000002,127.74855499953264
2021-07-26,SELL,BANKBEES.NS,777,351.52,273131.04,136.56552,273122.2230349995
2021-07-26,SELL,MID150BEES.NS,2744,105.62,289821.28,144.91064000000003,562798.5923949995
2021-07-26,BUY,DIVOPPBEES.NS,6851,41.05,281233.55,140.616775,281424.42561999947
2021-07-26,BUY,INFRABEES.NS,609,461.11,280815.99,140.407995,468.027624999464
2021-08-02,SELL,INFRABEES.NS,609,464.41,282825.69,141.412845,283152.3047799995
2021-08-02,SELL,MON100.NS,2711,110.58,299782.38,149.89119,582784.7935899994
2021-08-02,BUY,MID150BEES.NS,2709,107.5,291217.5,145.60875000000001,291421.6848399994
2021-08-02,BUY,JUNIORBEES.NS,699,416.48,291119.52,145.55976,156.60507999942638
2021-08-09,SELL,MOM100.NS,9546,29.03,277120.38,138.56019,277138.42488999944
2021-08-09,SELL,JUNIORBEES.NS,699,415.48,290420.52,145.21026,567413.7346299994
2021-08-09,SELL,MID150BEES.NS,2709,106.04,287262.36000000004,143.63118000000003,854532.4634499995
2021-08-09,BUY,NIF100BEES.NS,1680,169.46,284692.8,142.3464,569697.3170499995
2021-08-09,BUY,NV20BEES.NS,3113,91.44,284652.72,142.32636,284902.2706899995
2021-08-09,BUY,NIFTYBEES.NS,1623,175.41,284690.43,142.345215,69.49547499953769
2021-08-23,SELL,NIF100BEES.NS,1680,172.37,289581.60000000003,144.79080000000002,289506.30467499956
2021-08-23,BUY,CONSUMBEES.NS,3979,72.71,289313.08999999997,144.656545,48.55812999961199
2021-08-30,SELL,NIFTYBEES.NS,1623,182.57,296311.11,148.155555,296211.5125749996
2021-08-30,BUY,NIF100BEES.NS,1678,176.38,295965.64,147.98282,97.88975499960361
2021-09-06,SELL,NV20BEES.NS,3113,97.59,303797.67,151.898835,303743.6609199996
2021-09-06,SELL,DIVOPPBEES.NS,6851,44.64,305828.64,152.91432,609419.3865999996
2021-09-06,BUY,JUNIORBEES.NS,683,445.33,304160.39,152.080195,305106.9164049996
2021-09-06,BUY,INFRABEES.NS,605,502.64,304097.2,152.04860000000002,857.6678049996262
2021-09-13,SELL,ITBEES.NS,9257,35.77,331122.89,165.56144500000002,331814.99635999964
2021-09-13,SELL,NIF100BEES.NS,1678,182.3,305899.4,152.9497,637561.4466599997
2021-09-13,BUY,MOM100.NS,10321,30.87,318609.27,159.30463500000002,318792.87202499964
2021-09-13,BUY,MID150BEES.NS,2839,112.22,318592.58,159.29629,40.99573499959661
2021-09-20,SELL,MOM100.NS,10321,30.95,319434.95,159.717475,319316.2282599996
2021-09-20,SELL,MID150BEES.NS,2839,111.86,317570.54,158.78527,636727.9829899996
2021-09-20,BUY,CPSEETF.NS,11592,27.45,318200.39999999997,159.10019999999997,318368.48278999963
2021-09-20,BUY,PSUBNKBEES.NS,12319,25.83,318199.76999999996,159.09988499999997,9.612904999696184
2021-09-27,SELL,PSUBNKBEES.NS,12319,25.79,317707.01,158.853505,317557.7693999997
2021-09-27,SELL,JUNIORBEES.NS,683,449.26,306844.58,153.42229,624248.9271099997
2021-09-27,BUY,ITBEES.NS,8482,36.78,311967.96,155.98398,312124.98312999966
2021-09-27,BUY,NV20BEES.NS,3114,100.16,311898.24,155.94912,70.7940099996631
2021-10-04,SELL,ITBEES.NS,8482,35.78,303485.96,151.74298000000002,303405.0110299997
2021-10-04,SELL,NV20BEES.NS,3114,99.93,311182.02,155.59101,614431.4400199997
2021-10-04,SELL,CONSUMBEES.NS,3979,78.38,311874.01999999996,155.93701,926149.5230099997
2021-10-04,BUY,PSUBNKBEES.NS,11055,27.91,308545.05,154.272525,617450.2004849997
2021-10-04,BUY,MOM100.NS,9520,32.41,308543.19999999995,154.27159999999998,308752.72888499976
2021-10-04,BUY,MID150BEES.NS,2640,116.84,308457.60000000003,154.2288,140.9000849997392
2021-10-25,SELL,CPSEETF.NS,11592,30.85,357613.2,178.8066,357575.29348499974
2021-10-25,SELL,MOM100.NS,9520,32.15,306068.0,153.034,663490.2594849998
2021-10-25,SELL,INFRABEES.NS,605,528.8,319924.0,159.96200000000002,983254.2974849998
2021-10-25,SELL,MID150BEES.NS,2640,115.6,305184.0,152.592,1288285.7054849998
2021-10-25,BUY,MAFANG.NS,5695,56.52,321881.4,160.94070000000002,966243.3647849998
2021-10-25,BUY,BANKBEES.NS,776,414.63,321752.88,160.87644,644329.6083449997
2021-10-25,BUY,MON100.NS,2834,113.58,321885.72,160.94286,322282.94548499974
2021-10-25,BUY,HNGSNGBEES.NS,993,324.04,321771.72000000003,160.88586,350.3396249997313
2021-11-01,SELL,BANKBEES.NS,776,400.98,311160.48000000004,155.58024000000003,311355.2393849998
2021-11-01,BUY,GOLDBEES.NS,7538,41.28,311168.64,155.58432000000002,31.015064999752212
2021-11-08,SELL,GOLDBEES.NS,7538,41.5,312827.0,156.4135,312701.6015649997
2021-11-08,SELL,HNGSNGBEES.NS,993,317.96,315734.27999999997,157.86713999999998,628278.0144249997
2021-11-08,BUY,INFRABEES.NS,575,545.76,313812.0,156.906,314309.1084249997
2021-11-08,BUY,NIF100BEES.NS,1666,188.43,313924.38,156.96219,227.7662349996972
2021-11-15,SELL,NIF100BEES.NS,1666,190.09,316689.94,158.34497000000002,316759.3612649997
2021-11-15,BUY,GOLDBEES.NS,7423,42.65,316590.95,158.295475,10.11578999971971
2021-11-22,SELL,INFRABEES.NS,575,526.7,302852.5,151.42625,302711.1895399997
2021-11-22,SELL,PSUBNKBEES.NS,11055,29.35,324464.25,162.232125,627013.2074149997
2021-11-22,BUY,CONSUMBEES.NS,3954,79.24,313314.95999999996,156.65748,313541.58993499976
2021-11-22,BUY,ITBEES.NS,8601,36.43,313334.43,156.667215,50.49271999974735
2021-11-29,SELL,ITBEES.NS,8601,35.61,306281.61,153.140805,306178.96191499976
2021-11-29,SELL,CONSUMBEES.NS,3954,76.09,300859.86,150.42992999999998,606888.3919849998
2021-11-29,BUY,GILT5YBEES.NS,6144,49.36,303267.83999999997,151.63392,303468.9180649998
2021-11-29,BUY,LIQUIDBEES.NS,303,999.99,302996.97000000003,151.49848500000002,320.44957999978215
2021-12-06,SELL,GOLDBEES.NS,7423,41.3,306569.89999999997,153.28494999999998,306737.06462999975
2021-12-06,SELL,MAFANG.NS,5695,55.16,314136.19999999995,157.0681,620716.1965299997
2021-12-06,BUY,ITBEES.NS,8681,35.73,310172.12999999995,155.08606499999996,310388.9804649998
2021-12-06,BUY,CPSEETF.NS,10508,29.52,310196.16,155.09807999999998,37.722384999797214
2021-12-13,SELL,CPSEETF.NS,10508,29.87,313873.96,156.93698,313754.7454049998
2021-12-13,SELL,GILT5YBEES.NS,6144,49.39,303452.16000000003,151.72608000000002,617055.1793249999
2021-12-13,SELL,LIQUIDBEES.NS,303,999.99,302996.97000000003,151.49848500000002,919900.65084
2021-12-13,BUY,MID150BEES.NS,2569,119.29,306456.01,153.228005,613291.4128350001
2021-12-13,BUY,PSUBNKBEES.NS,10171,30.13,306452.23,153.226115,306685.9567200001
2021-12-13,BUY,NV20BEES.NS,3135,97.75,306446.25,153.223125,86.48359500005608
2021-12-20,SELL,PSUBNKBEES.NS,10171,26.93,273905.02999999997,136.95251499999998,273854.56108
2021-12-20,SELL,MON100.NS,2834,116.68,330671.12,165.33556000000002,604360.34552
2021-12-20,SELL,MID150BEES.NS,2569,111.2,285672.8,142.8364,889890.30912
2021-12-20,BUY,GOLDBEES.NS,7082,41.86,296452.52,148.22626000000002,593289.56286
2021-12-20,BUY,GILT5YBEES.NS,6018,49.26,296446.68,148.22334,296694.6595199999
2021-12-20,BUY,LIQUIDBEES.NS,296,1000.0,296000.0,148.0,546.6595199999283
2021-12-27,SELL,GILT5YBEES.NS,6018,49.33,296867.94,148.43397000000002,297266.1655499999
2021-12-27,SELL,LIQUIDBEES.NS,296,999.99,295997.04,147.99851999999998,593115.2070299999
2021-12-27,BUY,MON100.NS,2454,120.75,296320.5,148.16025,296646.5467799999
2021-12-27,BUY,DIVOPPBEES.NS,6613,44.82,296394.66,148.19733,103.6894499999471
2022-01-03,SELL,GOLDBEES.NS,7082,41.73,295531.86,147.76593,295487.78351999994
2022-01-03,SELL,MON100.NS,2454,120.27,295142.58,147.57129,590482.79223
2022-01-03,BUY,PHARMABEES.NS,20825,14.17,295090.25,147.545125,295244.997105
2022-01-03,BUY,MID150BEES.NS,2488,118.59,295051.92,147.52596,45.55114500003401
2022-01-10,SELL,PHARMABEES.NS,20825,13.93,290092.25,145.046125,289992.75502000004
2022-01-10,SELL,DIVOPPBEES.NS,6613,46.35,306512.55,153.256275,596352.048745
2022-01-10,SELL,NV20BEES.NS,3135,102.35,320867.25,160.433625,917058.86512
2022-01-10,SELL,MID150BEES.NS,2488,119.68,297763.84,148.88192,1214673.8232
2022-01-10,BUY,BANKBEES.NS,786,385.71,303168.06,151.58403,911354.1791699999
2022-01-10,BUY,CPSEETF.NS,9690,31.32,303490.8,151.7454,607711.63377
2022-01-10,BUY,NIFTYBEES.NS,1561,194.35,303380.35,151.69017499999998,304179.593595
2022-01-10,BUY,PSUBNKBEES.NS,10113,30.01,303491.13,151.745565,536.7180299999891
2022-01-17,SELL,ITBEES.NS,8681,39.64,344114.84,172.05742,344479.50061
2022-01-17,BUY,INFRABEES.NS,623,551.86,343808.78,171.90439,498.8162199999788
2022-01-24,SELL,NIFTYBEES.NS,1561,185.79,290018.19,145.009095,290371.997125
2022-01-24,BUY,HNGSNGBEES.NS,952,304.82,290188.64,145.09432,38.262805000005756
2022-01-31,SELL,INFRABEES.NS,623,526.58,328059.34,164.02967,327933.573135
2022-01-31,BUY,LIQUIDBEES.NS,327,1000.0,327000.0,163.5,770.0731350000133
2022-02-07,SELL,LIQUIDBEES.NS,327,1000.0,327000.0,163.5,327606.573135
2022-02-07,BUY,GOLDBEES.NS,7865,41.63,327419.95,163.70997500000001,22.913159999996424
2022-02-14,SELL,BANKBEES.NS,786,372.2,292549.2,146.27460000000002,292425.83856
2022-02-14,BUY,GILT5YBEES.NS,5862,49.86,292279.32,146.13966000000002,0.3789000000106171
2022-02-21,SELL,CPSEETF.NS,9690,31.68,306979.2,153.4896,306826.08930000005
2022-02-21,SELL,PSUBNKBEES.NS,10113,30.41,307536.33,153.768165,614208.651135
2022-02-21,BUY,LIQUIDBEES.NS,306,1000.0,306000.0,153.0,308055.65113500005
2022-02-21,BUY,CONSUMBEES.NS,4114,74.6,306904.39999999997,153.45219999999998,997.7989350000862
2022-02-28,SELL,CONSUMBEES.NS,4114,73.13,300856.82,150.42841,301704.1905250001
2022-02-28,BUY,DIVOPPBEES.NS,6996,43.1,301527.60000000003,150.76380000000003,25.82672500004992
2022-03-07,SELL,DIVOPPBEES.NS,6996,43.21,302297.16000000003,151.14858,302171.8381450001
2022-03-07,SELL,HNGSNGBEES.NS,952,289.84,275927.68,137.96384,577961.5543050001
2022-03-07,BUY,CPSEETF.NS,8438,34.23,288832.74,144.41637,288984.39793500013
2022-03-07,BUY,ITBEES.NS,8266,34.94,288814.04,144.40702,25.950915000168607
2022-03-14,SELL,GILT5YBEES.NS,5862,49.46,289934.52,144.96726,289815.5036550002
2022-03-14,SELL,LIQUIDBEES.NS,306,1000.0,306000.0,153.0,595662.5036550001
2022-03-14,BUY,PHARMABEES.NS,22132,13.45,297675.39999999997,148.83769999999998,297838.2659550002
2022-03-14,BUY,NV20BEES.NS,3007,98.99,297662.93,148.831465,26.5044900001958
2022-03-21,SELL,CPSEETF.NS,8438,33.23,280394.74,140.19737,280281.0471200002
2022-03-21,SELL,GOLDBEES.NS,7865,44.14,347161.1,173.58055,627268.5665700001
2022-03-21,BUY,NIFTYBEES.NS,1690,185.38,313292.2,156.64610000000002,313819.7204700001
2022-03-21,BUY,NIF100BEES.NS,1747,179.34,313306.98,156.65349,356.0869800001383
2022-03-28,SELL,NV20BEES.NS,3007,100.72,302865.04,151.43251999999998,303069.69446000014
2022-03-28,SELL,NIFTYBEES.NS,1690,186.32,314880.8,157.4404,617793.0540600001
2022-03-28,SELL,NIF100BEES.NS,1747,180.14,314704.57999999996,157.35228999999998,932340.28177
2022-03-28,BUY,MON100.NS,2749,112.99,310609.51,155.304755,621575.4670150001
2022-03-28,BUY,MAFANG.NS,6123,50.73,310619.79,155.30989499999998,310800.36712000007
2022-03-28,BUY,HNGSNGBEES.NS,991,313.18,310361.38,155.18069,283.8064300000551
2022-04-04,SELL,ITBEES.NS,8266,37.31,308404.46,154.20223000000001,308534.0642000001
2022-04-04,SELL,PHARMABEES.NS,22132,13.83,306085.56,153.04278,614466.5814200001
2022-04-04,SELL,HNGSNGBEES.NS,991,314.67,311837.97000000003,155.91898500000002,926148.632435
2022-04-04,BUY,DIVOPPBEES.NS,6603,46.73,308558.19,154.279095,617436.16334
2022-04-04,BUY,PSUBNKBEES.NS,9921,31.1,308543.10000000003,154.27155000000002,308738.79178999993
2022-04-04,BUY,MOM100.NS,9597,32.15,308543.55,154.271775,40.97001499996986
2022-04-11,SELL,DIVOPPBEES.NS,6603,47.01,310407.02999999997,155.20351499999998,310292.79649999994
2022-04-11,SELL,MON100.NS,2749,112.16,308327.83999999997,154.16392,618466.4725799998
2022-04-11,SELL,MAFANG.NS,6123,47.38,290107.74,145.05387,908429.1587099999
2022-04-11,BUY,JUNIORBEES.NS,652,463.53,302221.56,151.11078,606056.4879299998
2022-04-11,BUY,CPSEETF.NS,8307,36.43,302624.01,151.312005,303281.1659249998
2022-04-11,BUY,MID150BEES.NS,2539,119.17,302572.63,151.286315,557.2496099998243
2022-04-18,SELL,MID150BEES.NS,2539,116.18,294981.02,147.49051,295390.77909999987
2022-04-18,BUY,HNGSNGBEES.NS,935,315.56,295048.6,147.52429999999998,194.65479999990202
2022-04-25,SELL,PSUBNKBEES.NS,9921,29.9,296637.89999999997,148.31894999999997,296684.2358499999
2022-04-25,SELL,MOM100.NS,9597,31.32,300578.04,150.28902,597111.9868299998
2022-04-25,SELL,HNGSNGBEES.NS,935,305.4,285549.0,142.7745,882518.2123299998
2022-04-25,BUY,INFRABEES.NS,553,531.59,293969.27,146.98463500000003,588401.9576949998
2022-04-25,BUY,CONSUMBEES.NS,3873,75.9,293960.7,146.98035000000002,294294.2773449997
2022-04-25,BUY,GOLDBEES.NS,6548,44.9,294005.2,147.0026,142.07474499969976
2022-05-02,SELL,CPSEETF.NS,8307,35.6,295729.2,147.8646,295723.41014499974
2022-05-02,SELL,GOLDBEES.NS,6548,44.16,289159.68,144.57984,584738.5103049998
2022-05-02,BUY,DIVOPPBEES.NS,6560,44.54,292182.4,146.09120000000001,292410.0191049997
2022-05-02,BUY,LIQUIDBEES.NS,292,999.99,291997.08,145.99854000000002,266.9405649997061
2022-05-09,SELL,INFRABEES.NS,553,507.87,280852.11,140.426055,280978.6245099997
2022-05-09,SELL,CONSUMBEES.NS,3873,72.22,279708.06,139.85403,560546.8304799998
2022-05-09,SELL,JUNIORBEES.NS,652,418.7,272992.39999999997,136.4962,833402.7342799997
2022-05-09,BUY,CPSEETF.NS,7738,35.88,277639.44,138.81972000000002,555624.4745599998
2022-05-09,BUY,GOLDBEES.NS,6250,44.42,277625.0,138.8125,277860.66205999977
2022-05-09,BUY,HNGSNGBEES.NS,911,304.74,277618.14,138.80907000000002,103.71298999973806
2022-05-16,SELL,CPSEETF.NS,7738,33.99,263014.62,131.50731,262986.8256799997
2022-05-16,SELL,DIVOPPBEES.NS,6560,42.39,278078.4,139.03920000000002,540926.1864799997
2022-05-16,BUY,GILT5YBEES.NS,5478,49.34,270284.52,135.14226000000002,270506.5242199997
2022-05-16,BUY,PHARMABEES.NS,21319,12.68,270324.92,135.16245999999998,46.44175999966683
2022-05-23,SELL,HNGSNGBEES.NS,911,295.04,268781.44,134.39072000000002,268693.49103999964
2022-05-23,BUY,CONSUMBEES.NS,3619,74.2,268529.8,134.26489999999998,29.426139999646693
2022-05-30,SELL,PHARMABEES.NS,21319,12.76,272030.44,136.01522,271923.85091999965
2022-05-30,SELL,CONSUMBEES.NS,3619,74.76,270556.44,135.27822,542345.0126999996
2022-05-30,BUY,BANKBEES.NS,749,361.43,270711.07,135.355535,271498.5871649996
2022-05-30,BUY,NIFTYBEES.NS,1502,180.43,271005.86,135.50293,357.22423499962315
2022-06-06,SELL,LIQUIDBEES.NS,292,999.99,291997.08,145.99854000000002,292208.30569499964
2022-06-06,SELL,GOLDBEES.NS,6250,44.0,275000.0,137.5,567070.8056949996
2022-06-06,SELL,GILT5YBEES.NS,5478,48.56,266011.68,133.00584,832949.4798549996
2022-06-06,BUY,MAFANG.NS,6737,41.19,277497.02999999997,138.748515,555313.7013399997
2022-06-06,BUY,PSUBNKBEES.NS,9865,28.13,277502.45,138.751225,277672.50011499965
2022-06-06,BUY,ITBEES.NS,9021,30.76,277485.96,138.74298000000002,47.79713499965146
2022-06-13,SELL,ITBEES.NS,9021,28.82,259985.22,129.99261,259903.02452499967
2022-06-13,SELL,NIFTYBEES.NS,1502,171.87,258148.74000000002,129.07437000000002,517922.6901549997
2022-06-13,SELL,BANKBEES.NS,749,338.36,253431.64,126.71582000000001,771227.6143349997
2022-06-13,BUY,CPSEETF.NS,7471,34.39,256927.69,128.463845,514171.46048999974
2022-06-13,BUY,HNGSNGBEES.NS,846,303.58,256828.68,128.41434,257214.36614999975
2022-06-13,BUY,LIQUIDBEES.NS,256,1000.0,256000.0,128.0,1086.3661499997543
2022-06-20,SELL,CPSEETF.NS,7471,31.44,234888.24000000002,117.44412000000001,235857.16202999977
2022-06-20,SELL,PSUBNKBEES.NS,9865,25.57,252248.05,126.124025,487979.0880049998
2022-06-20,SELL,MAFANG.NS,6737,38.21,257420.77000000002,128.710385,745271.1476199998
2022-06-20,BUY,GOLDBEES.NS,5666,43.82,248284.12,124.14206,496862.88555999985
2022-06-20,BUY,GILT5YBEES.NS,5101,48.67,248265.67,124.13283500000001,248473.08272499984
2022-06-20,BUY,MON100.NS,2693,92.17,248213.81,124.106905,135.1658199998492
2022-06-27,SELL,GOLDBEES.NS,5666,43.87,248567.41999999998,124.28371,248578.30210999984
2022-06-27,SELL,MON100.NS,2693,94.45,254353.85,127.17692500000001,502804.9751849999
2022-06-27,SELL,GILT5YBEES.NS,5101,48.79,248877.79,124.438895,751558.3262899999
2022-06-27,BUY,MAFANG.NS,6093,41.09,250361.37000000002,125.18068500000001,501071.77560499986
2022-06-27,BUY,CONSUMBEES.NS,3409,73.44,250356.96,125.17848,250589.63712499986
2022-06-27,BUY,PSUBNKBEES.NS,9121,27.45,250371.44999999998,125.18572499999999,93.00139999989187
2022-07-04,SELL,PSUBNKBEES.NS,9121,27.52,251009.91999999998,125.50496,250977.41643999988
2022-07-04,SELL,MAFANG.NS,6093,39.58,241160.94,120.58047,492017.7759699999
2022-07-04,SELL,HNGSNGBEES.NS,846,297.94,252057.24,126.02862,743948.9873499998
2022-07-04,BUY,GOLDBEES.NS,5547,44.68,247839.96,123.91998,495985.10736999987
2022-07-04,BUY,GILT5YBEES.NS,5078,48.81,247857.18000000002,123.92859000000001,248003.99877999985
2022-07-04,BUY,PHARMABEES.NS,20134,12.31,247849.54,123.92477000000001,30.534009999828413
2022-07-11,SELL,PHARMABEES.NS,20134,12.61,253889.74,126.94487,253793.3291399998
2022-07-11,SELL,LIQUIDBEES.NS,256,999.99,255997.44,127.99872,509662.77041999984
2022-07-11,SELL,GOLDBEES.NS,5547,43.56,241627.32,120.81366000000001,751169.2767599998
2022-07-11,SELL,GILT5YBEES.NS,5078,48.74,247501.72,123.75086,998547.2458999997
2022-07-11,BUY,AUTOBEES.NS,2021,123.43,249452.03000000003,124.72601500000002,748970.4898849997
2022-07-11,BUY,PSUBNKBEES.NS,8463,29.48,249489.24,124.74462,499356.5052649997
2022-07-11,BUY,MAFANG.NS,5970,41.79,249486.3,124.74315,249745.4621149997
2022-07-11,BUY,BANKBEES.NS,695,358.74,249324.30000000002,124.66215000000001,296.4999649997044
2022-07-18,SELL,BANKBEES.NS,695,357.55,248497.25,124.248625,248669.5013399997
2022-07-18,SELL,PSUBNKBEES.NS,8463,29.53,249912.39,124.95619500000001,498456.9351449997
2022-07-18,SELL,MAFANG.NS,5970,41.02,244889.40000000002,122.44470000000001,743223.8904449998
2022-07-18,BUY,JUNIORBEES.NS,595,416.01,247525.94999999998,123.762975,495574.1774699998
2022-07-18,BUY,MOM100.NS,8204,30.18,247596.72,123.79836,247853.65910999983
2022-07-18,BUY,MID150BEES.NS,2259,109.57,247518.62999999998,123.75931499999999,211.26979499985464
2022-07-25,SELL,AUTOBEES.NS,2021,125.43,253494.03000000003,126.74701500000002,253578.55277999988
2022-07-25,SELL,JUNIORBEES.NS,595,423.76,252137.19999999998,126.06859999999999,505589.68417999987
2022-07-25,BUY,PSUBNKBEES.NS,8211,30.77,252652.47,126.326235,252810.88794499988
2022-07-25,BUY,BANKBEES.NS,682,370.3,252544.6,126.2723,140.01564499986125
2022-08-01,SELL,CONSUMBEES.NS,3409,82.96,282810.63999999996,141.40532,282809.2503249998
2022-08-01,BUY,MON100.NS,2823,100.13,282666.99,141.333495,0.9268299997784197
2022-08-08,SELL,BANKBEES.NS,682,386.46,263565.72,131.78286,263434.8639699998
2022-08-08,SELL,PSUBNKBEES.NS,8211,31.3,257004.30000000002,128.50215,520310.6618199998
2022-08-08,BUY,ITBEES.NS,8393,30.98,260015.14,130.00757000000002,260165.5142499998
2022-08-08,BUY,MAFANG.NS,5877,44.24,259998.48,129.99924000000001,37.0350099997886
2022-08-16,SELL,ITBEES.NS,8393,31.01,260266.93000000002,130.133465,260173.83154499982
2022-08-16,SELL,MID150BEES.NS,2259,119.81,270650.79,135.325395,530689.2961499998
2022-08-16,BUY,CPSEETF.NS,7393,35.87,265186.91,132.59345499999998,265369.79269499984
2022-08-16,BUY,BANKBEES.NS,667,397.06,264839.02,132.41951,398.35318499983987
2022-08-22,SELL,CPSEETF.NS,7393,35.24,260529.32,130.26466,260797.40852499986
2022-08-22,SELL,MOM100.NS,8204,32.29,264907.16,132.45358,525572.1149449998
2022-08-22,SELL,MAFANG.NS,5877,43.66,256589.81999999998,128.29491,782033.6400349998
2022-08-22,SELL,BANKBEES.NS,667,387.38,258382.46,129.19123,1040286.9088049998
2022-08-22,BUY,JUNIORBEES.NS,581,447.21,259829.00999999998,129.914505,780327.9842999998
2022-08-22,BUY,MID150BEES.NS,2217,117.22,259876.74,129.93837,520321.3059299998
2022-08-22,BUY,NIF100BEES.NS,1404,185.13,259922.52,129.96126,260268.8246699998
2022-08-22,BUY,INFRABEES.NS,496,523.11,259462.56,129.73128,676.5333899997931
2022-08-29,SELL,MON100.NS,2823,98.32,277557.36,138.77868,278095.11470999976
2022-08-29,SELL,NIF100BEES.NS,1404,183.62,257802.48,128.90124,535768.6934699998
2022-08-29,BUY,CPSEETF.NS,7331,36.52,267728.12,133.86406,267906.70940999984
2022-08-29,BUY,PSUBNKBEES.NS,8233,32.52,267737.16000000003,133.86858,35.68082999979379
2022-09-05,SELL,INFRABEES.NS,496,535.04,265379.83999999997,132.68991999999997,265282.8309099998
2022-09-05,BUY,CONSUMBEES.NS,3058,86.7,265128.60000000003,132.56430000000003,21.666609999723732
2022-09-12,SELL,CONSUMBEES.NS,3058,87.42,267330.36,133.66518,267218.3614299997
2022-09-12,SELL,JUNIORBEES.NS,581,472.03,274249.43,137.124715,541330.6667149997
2022-09-12,BUY,BANKBEES.NS,659,410.22,270334.98000000004,135.16749000000002,270860.51922499965
2022-09-12,BUY,MOM100.NS,7871,34.37,270526.26999999996,135.26313499999998,198.9860899996711
2022-09-19,SELL,MOM100.NS,7871,33.64,264780.44,132.39022,264847.0358699997
2022-09-19,SELL,MID150BEES.NS,2217,122.0,270474.0,135.237,535185.7988699996
2022-09-19,BUY,JUNIORBEES.NS,571,468.16,267319.36,133.65968,267732.7791899996
2022-09-19,BUY,INFRABEES.NS,493,542.15,267279.95,133.63997500000002,319.1892149996129
2022-09-26,SELL,CPSEETF.NS,7331,34.55,253286.05,126.643025,253478.5961899996
2022-09-26,SELL,JUNIORBEES.NS,571,447.52,255533.91999999998,127.76696,508884.7492299996
2022-09-26,SELL,INFRABEES.NS,493,510.13,251494.09,125.747045,760253.0921849996
2022-09-26,SELL,BANKBEES.NS,659,391.54,258024.86000000002,129.01243000000002,1018148.9397549996
2022-09-26,BUY,SILVERBEES.NS,4603,55.26,254361.78,127.18089,763659.9788649996
2022-09-26,BUY,CONSUMBEES.NS,2970,85.65,254380.50000000003,127.19025000000002,509152.28861499956
2022-09-26,BUY,PHARMABEES.NS,20191,12.6,254406.6,127.2033,254618.48531499956
2022-09-26,BUY,LIQUIDBEES.NS,254,1000.0,254000.0,127.0,491.4853149995615
2022-10-03,SELL,CONSUMBEES.NS,2970,84.33,250460.1,125.23005,250826.35526499955
2022-10-03,SELL,PSUBNKBEES.NS,8233,32.32,266090.56,133.04528,516783.86998499953
2022-10-03,BUY,GOLDBEES.NS,5986,43.14,258236.04,129.11802,258418.71196499953
2022-10-03,BUY,GILT5YBEES.NS,5234,49.34,258245.56000000003,129.12278,44.029184999497375
2022-10-10,SELL,LIQUIDBEES.NS,254,999.99,253997.46,126.99873,253914.4904549995
2022-10-10,SELL,GILT5YBEES.NS,5234,49.13,257146.42,128.57321000000002,510932.3372449995
2022-10-10,BUY,ITBEES.NS,8810,28.98,255313.80000000002,127.65690000000001,255490.88034499946
2022-10-10,BUY,MID150BEES.NS,2121,120.34,255241.14,127.62057000000001,122.11977499944624
2022-10-17,SELL,SILVERBEES.NS,4603,55.52,255558.56000000003,127.77928000000001,255552.90049499949
2022-10-17,SELL,MID150BEES.NS,2121,118.69,251741.49,125.870745,507168.5197499995
2022-10-17,BUY,NV20BEES.NS,2561,98.95,253410.95,126.705475,253630.8642749995
2022-10-17,BUY,LIQUIDBEES.NS,253,999.99,252997.47,126.498735,506.89553999950294
2022-10-24,SELL,PHARMABEES.NS,20191,13.43,271165.13,135.58256500000002,271536.44297499955
2022-10-24,SELL,NV20BEES.NS,2561,99.59,255049.99000000002,127.52499500000002,526458.9079799996
2022-10-24,SELL,GOLDBEES.NS,5986,43.48,260271.27999999997,130.13564,786600.0523399995
2022-10-24,SELL,LIQUIDBEES.NS,253,999.99,252997.47,126.498735,1039471.0236049995
2022-10-24,BUY,PSUBNKBEES.NS,6985,37.18,259702.3,129.85115,779638.8724549995
2022-10-24,BUY,BANKBEES.NS,623,416.7,259604.1,129.80205,519904.97040499945
2022-10-24,BUY,DIVOPPBEES.NS,5611,46.29,259733.19,129.86659500000002,260041.91380999945
2022-10-24,BUY,CPSEETF.NS,7019,37.0,259703.0,129.85150000000002,209.06230999945547
2022-10-31,SELL,ITBEES.NS,8810,29.81,262626.1,131.31305,262703.84925999946
2022-10-31,SELL,DIVOPPBEES.NS,5611,46.93,263324.23,131.662115,525896.4171449994
2022-10-31,BUY,AUTOBEES.NS,1940,135.41,262695.39999999997,131.34769999999997,263069.6694449994
2022-10-31,BUY,INFRABEES.NS,482,545.11,262743.02,131.37151,195.2779349993798
2022-11-07,SELL,BANKBEES.NS,623,421.16,262382.68,131.19134,262446.76659499935
2022-11-07,SELL,AUTOBEES.NS,1940,135.53,262928.2,131.4641,525243.5024949994
2022-11-07,BUY,MID150BEES.NS,2128,123.35,262488.8,131.24439999999998,262623.4580949994
2022-11-07,BUY,NIFTYBEES.NS,1321,198.62,262377.02,131.18851,115.24958499940112
2022-11-14,SELL,CPSEETF.NS,7019,38.03,266932.57,133.466285,266914.35329999943
2022-11-14,SELL,INFRABEES.NS,482,549.79,264998.77999999997,132.49938999999998,531780.6339099994
2022-11-14,SELL,MID150BEES.NS,2128,121.54,258637.12000000002,129.31856000000002,790288.4353499995
2022-11-14,BUY,SILVERBEES.NS,4305,61.15,263250.75,131.625375,526906.0599749994
2022-11-14,BUY,ITBEES.NS,8482,31.04,263281.27999999997,131.64064,263493.13933499943
2022-11-14,BUY,BANKBEES.NS,618,425.65,263051.7,131.52585000000002,309.91348499944434
2022-11-21,SELL,ITBEES.NS,8482,30.45,258276.9,129.13845,258457.67503499944
2022-11-21,SELL,NIFTYBEES.NS,1321,198.55,262284.55,131.14227499999998,520611.08275999944
2022-11-21,SELL,BANKBEES.NS,618,428.05,264534.9,132.26745000000003,785013.7153099994
2022-11-21,BUY,HNGSNGBEES.NS,1028,254.18,261297.04,130.64852000000002,523586.02678999945
2022-11-21,BUY,MAFANG.NS,6924,37.77,261519.48,130.75974000000002,261935.78704999943
2022-11-21,BUY,GOLDBEES.NS,5837,44.8,261497.59999999998,130.7488,307.43824999945355
2022-11-28,SELL,GOLDBEES.NS,5837,45.12,263365.44,131.68272000000002,263541.19552999944
2022-11-28,BUY,ITBEES.NS,8338,31.59,263397.42,131.69871,12.07681999943452
2022-12-12,SELL,ITBEES.NS,8338,30.27,252391.26,126.19563000000001,252277.14118999944
2022-12-12,BUY,GOLDBEES.NS,5458,46.19,252105.02,126.05251,46.0686799994437
2022-12-19,SELL,MAFANG.NS,6924,38.35,265535.4,132.76770000000002,265448.70097999944
2022-12-19,BUY,LTGILTBEES.NS,11555,22.96,265302.8,132.6514,13.249579999479465
2022-12-26,SELL,PSUBNKBEES.NS,6985,46.44,324383.39999999997,162.1917,324234.4578799994
2022-12-26,BUY,LIQUIDBEES.NS,324,1000.0,324000.0,162.0,72.45787999941967
2023-01-02,SELL,LIQUIDBEES.NS,324,1000.0,324000.0,162.0,323910.4578799994
2023-01-02,BUY,PSUBNKBEES.NS,6711,48.24,323738.64,161.86932000000002,9.948559999407735
2023-01-09,SELL,LTGILTBEES.NS,11555,23.04,266227.2,133.11360000000002,266104.03495999944
2023-01-09,SELL,PSUBNKBEES.NS,6711,47.89,321389.79,160.694895,587333.1300649995
2023-01-09,BUY,LIQUIDBEES.NS,293,999.99,292997.07,146.498535,294189.5615299994
2023-01-09,BUY,GILT5YBEES.NS,5823,50.4,293479.2,146.7396,563.6219299994409
2023-01-16,SELL,GILT5YBEES.NS,5823,50.56,294410.88,147.20544,294827.29648999945
2023-01-16,SELL,SILVERBEES.NS,4305,68.26,293859.30000000005,146.92965000000004,588539.6668399995
2023-01-16,SELL,LIQUIDBEES.NS,293,1000.0,293000.0,146.5,881393.1668399995
2023-01-16,BUY,AUTOBEES.NS,2282,128.68,293647.76,146.82388,587598.5829599996
2023-01-16,BUY,DIVOPPBEES.NS,6074,48.34,293617.16000000003,146.80858,293834.6143799995
2023-01-16,BUY,MAFANG.NS,7641,38.43,293643.63,146.82181500000002,44.162564999540336
2023-01-23,SELL,AUTOBEES.NS,2282,129.26,294971.32,147.48566,294867.99690499954
2023-01-23,SELL,MAFANG.NS,7641,39.58,302430.77999999997,151.21538999999999,597147.5615149995
2023-01-23,BUY,CPSEETF.NS,7626,39.13,298405.38,149.20269000000002,298592.9788249995
2023-01-23,BUY,ITBEES.NS,9546,31.26,298407.96,149.20398,35.814844999462366
2023-01-30,SELL,CPSEETF.NS,7626,37.66,287195.16,143.59758,287087.37726499944
2023-01-30,SELL,DIVOPPBEES.NS,6074,48.47,294406.77999999997,147.20338999999998,581346.9538749994
2023-01-30,SELL,GOLDBEES.NS,5458,48.77,266186.66000000003,133.09333,847400.5205449995
2023-01-30,BUY,MAFANG.NS,6590,42.84,282315.60000000003,141.1578,564943.7627449995
2023-01-30,BUY,MON100.NS,2964,95.25,282321.0,141.1605,282481.6022449995
2023-01-30,BUY,AUTOBEES.NS,2139,131.98,282305.22,141.15260999999998,35.22963499953039
2023-02-06,SELL,HNGSNGBEES.NS,1028,305.35,313899.80000000005,156.9499,313778.07973499957
2023-02-06,BUY,NV20BEES.NS,2931,107.0,313617.0,156.8085,4.271234999585431
2023-02-20,SELL,AUTOBEES.NS,2139,132.96,284401.44,142.20072000000002,284263.51051499957
2023-02-20,BUY,CPSEETF.NS,7328,38.77,284106.56,142.05328,14.89723499957472
2023-02-27,SELL,NV20BEES.NS,2931,104.14,305234.34,152.61717000000002,305096.6200649996
2023-02-27,BUY,LTGILTBEES.NS,13144,23.2,304940.8,152.47039999999998,3.3496649996377528
2023-03-06,SELL,ITBEES.NS,9546,31.42,299935.32,149.96766,299788.7020049996
2023-03-06,SELL,LTGILTBEES.NS,13144,23.18,304677.92,152.33896,604314.2830449996
2023-03-06,SELL,MON100.NS,2964,98.87,293050.68,146.52534,897218.4377049996
2023-03-06,SELL,MAFANG.NS,6590,45.55,300174.5,150.08725,1197242.8504549996
2023-03-06,BUY,PSUBNKBEES.NS,6819,43.87,299149.52999999997,149.57476499999999,897943.7456899995
2023-03-06,BUY,INFRABEES.NS,556,537.66,298938.95999999996,149.46947999999998,598855.3162099996
2023-03-06,BUY,BANKBEES.NS,715,417.84,298755.6,149.37779999999998,299950.3384099996
2023-03-06,BUY,MID150BEES.NS,2504,119.43,299052.72000000003,149.52636,748.09204999957
2023-03-13,SELL,BANKBEES.NS,715,401.21,286865.14999999997,143.43257499999999,287469.80947499955
2023-03-13,SELL,MID150BEES.NS,2504,116.23,291039.92,145.51996,578364.2095149995
2023-03-13,BUY,MOM100.NS,9035,31.99,289029.64999999997,144.51482499999997,289190.04468999954
2023-03-13,BUY,GILT5YBEES.NS,5664,51.03,289033.92,144.51695999999998,11.607729999581352
2023-03-20,SELL,INFRABEES.NS,556,525.62,292244.72000000003,146.12236000000001,292110.20536999963
2023-03-20,SELL,PSUBNKBEES.NS,6819,40.09,273373.71,136.686855,565347.2285149996
2023-03-20,SELL,MOM100.NS,9035,31.51,284692.85000000003,142.346425,849897.7320899996
2023-03-20,SELL,GILT5YBEES.NS,5664,51.16,289770.24,144.88512,1139523.0869699996
2023-03-20,BUY,MAFANG.NS,6099,46.68,284701.32,142.35066,854679.4163099995
2023-03-20,BUY,GOLDBEES.NS,5592,50.91,284688.72,142.34436,569848.3519499996
2023-03-20,BUY,SILVERBEES.NS,4212,67.59,284689.08,142.34454000000002,285016.92740999954
2023-03-20,BUY,MON100.NS,2832,100.52,284672.64,142.33632,201.95108999952208
2023-03-27,SELL,CPSEETF.NS,7328,38.58,282714.24,141.35712,282774.8339699995
2023-03-27,BUY,LTGILTBEES.NS,12047,23.46,282622.62,141.31131,10.9026599994977
2023-04-03,SELL,LTGILTBEES.NS,12047,23.46,282622.62,141.31131,282492.2113499995
2023-04-03,BUY,PHARMABEES.NS,23143,12.2,282344.6,141.17229999999998,6.439049999520648
2023-04-17,SELL,MON100.NS,2832,103.8,293961.6,146.9808,293821.0582499995
2023-04-17,SELL,MAFANG.NS,6099,49.01,298911.99,149.455995,592583.5922549994
2023-04-17,BUY,BANKBEES.NS,693,427.05,295945.65,147.97282500000003,296489.9694299994
2023-04-17,BUY,AUTOBEES.NS,2258,131.14,296114.12,148.05706,227.79236999939894
2023-04-24,SELL,GOLDBEES.NS,5592,51.26,286645.92,143.32296,286730.38940999936
2023-04-24,BUY,PSUBNKBEES.NS,6511,44.01,286549.11,143.274555,38.004854999366216
2023-05-02,SELL,PHARMABEES.NS,23143,12.72,294378.96,147.18948,294269.7753749994
2023-05-02,SELL,SILVERBEES.NS,4212,72.99,307433.88,153.71694,601549.9384349994
2023-05-02,BUY,MOM100.NS,8826,34.06,300613.56,150.30678,300786.07165499945
2023-05-02,BUY,INFRABEES.NS,538,557.91,300155.57999999996,150.07779,480.41386499948567
2023-05-08,SELL,BANKBEES.NS,693,437.54,303215.22000000003,151.60761000000002,303544.0262549995
2023-05-08,BUY,SILVERBEES.NS,4031,75.25,303332.75,151.66637500000002,59.60987999953795
2023-05-15,SELL,INFRABEES.NS,538,563.01,302899.38,151.44969,302807.54018999956
2023-05-15,SELL,PSUBNKBEES.NS,6511,44.41,289153.50999999995,144.576755,591816.4734349996
2023-05-15,SELL,SILVERBEES.NS,4031,71.83,289546.73,144.77336499999998,881218.4300699995
2023-05-15,BUY,MAFANG.NS,5648,51.98,293583.04,146.79152,587488.5985499995
2023-05-15,BUY,CONSUMBEES.NS,3444,85.24,293566.56,146.78328,293775.25526999956
2023-05-15,BUY,JUNIORBEES.NS,677,433.05,293174.85000000003,146.58742500000002,453.81784499954665
2023-05-22,SELL,CONSUMBEES.NS,3444,84.45,290845.8,145.4229,291154.19494499953
2023-05-22,SELL,MOM100.NS,8826,34.68,306085.68,153.04284,597086.8321049996
2023-05-22,SELL,JUNIORBEES.NS,677,433.16,293249.32,146.62466,890189.5274449997
2023-05-22,BUY,MON100.NS,2677,110.77,296531.29,148.265645,593509.9717999997
2023-05-22,BUY,CPSEETF.NS,6986,42.45,296555.7,148.27785,296805.9939499997
2023-05-22,BUY,ITBEES.NS,9797,30.27,296555.19,148.277595,102.52635499968892
2023-05-29,SELL,CPSEETF.NS,6986,42.41,296276.25999999995,148.13813,296230.64822499966
2023-05-29,BUY,JUNIORBEES.NS,668,443.11,295997.48,147.99874,85.16948499967111
2023-06-05,SELL,ITBEES.NS,9797,30.63,300082.11,150.041055,300017.2384299997
2023-06-05,SELL,JUNIORBEES.NS,668,449.08,299985.44,149.99272,599852.6857099996
2023-06-05,BUY,CONSUMBEES.NS,3394,88.31,299724.14,149.86207000000002,299978.68363999965
2023-06-05,BUY,MOM100.NS,8301,36.11,299749.11,149.874555,79.69908499968005
2023-06-12,SELL,CONSUMBEES.NS,3394,88.33,299792.02,149.89601000000002,299721.8230749997
2023-06-12,BUY,MID150BEES.NS,2274,131.71,299508.54000000004,149.75427000000002,63.52880499965977
2023-06-19,SELL,AUTOBEES.NS,2258,148.15,334522.7,167.26135000000002,334418.9674549997
2023-06-19,BUY,JUNIORBEES.NS,721,463.28,334024.88,167.01244,227.0750149996602
2023-06-26,SELL,JUNIORBEES.NS,721,455.07,328105.47,164.05273499999998,328168.49227999966
2023-06-26,BUY,PHARMABEES.NS,24278,13.51,327995.77999999997,163.99788999999998,8.714389999688137
2023-07-03,SELL,MON100.NS,2677,120.9,323649.3,161.82465,323496.18973999965
2023-07-03,SELL,MAFANG.NS,5648,62.87,355089.76,177.54488,678408.4048599997
2023-07-03,BUY,AUTOBEES.NS,2219,152.78,339018.82,169.50941,339220.07544999965
2023-07-03,BUY,CPSEETF.NS,7673,44.18,338993.14,169.49657000000002,57.43887999962317
2023-07-10,SELL,MOM100.NS,8301,38.19,317015.19,158.507595,316914.12128499965
2023-07-10,SELL,MID150BEES.NS,2274,137.33,312288.42000000004,156.14421000000002,629046.3970749998
2023-07-10,BUY,PSUBNKBEES.NS,6384,49.24,314348.16000000003,157.17408000000003,314541.0629949997
2023-07-10,BUY,DIVOPPBEES.NS,5781,54.37,314312.97,157.15648499999998,70.93650999973761
2023-07-17,SELL,CPSEETF.NS,7673,44.32,340067.36,170.03368,339968.26282999973
2023-07-17,SELL,DIVOPPBEES.NS,5781,55.48,320729.88,160.36494000000002,660537.7778899998
2023-07-17,SELL,PHARMABEES.NS,24278,14.22,345233.16000000003,172.61658000000003,1005598.3213099998
2023-07-17,BUY,ITBEES.NS,10283,32.58,335020.13999999996,167.51006999999998,670410.6712399998
2023-07-17,BUY,SILVERBEES.NS,4539,73.81,335023.59,167.511795,335219.5694449998
2023-07-17,BUY,MAFANG.NS,5127,65.34,334998.18,167.49909,53.89035499980673
2023-07-24,SELL,ITBEES.NS,10283,31.41,322989.03,161.494515,322881.4258399998
2023-07-24,SELL,MAFANG.NS,5127,63.94,327820.38,163.91019,650537.8956499998
2023-07-24,BUY,PHARMABEES.NS,22374,14.53,325094.22,162.54711,325281.1285399999
2023-07-24,BUY,BANKBEES.NS,695,467.53,324933.35,162.46667499999998,185.31186499993782
2023-07-31,SELL,BANKBEES.NS,695,464.52,322841.39999999997,161.42069999999998,322865.2911649999
2023-07-31,SELL,SILVERBEES.NS,4539,72.68,329894.52,164.94726,652594.8639049999
2023-07-31,SELL,AUTOBEES.NS,2219,158.81,352399.39,176.19969500000002,1004818.05421
2023-07-31,BUY,CPSEETF.NS,7016,47.71,334733.36,167.36668,669917.32753
2023-07-31,BUY,INFRABEES.NS,530,631.03,334445.89999999997,167.22295,335304.20458
2023-07-31,BUY,MID150BEES.NS,2312,144.75,334662.0,167.33100000000002,474.87358000001404
2023-08-07,SELL,PSUBNKBEES.NS,6384,49.0,312816.0,156.40800000000002,313134.46558
2023-08-07,BUY,MOM100.NS,7771,40.27,312938.17000000004,156.46908500000004,39.82649499998661
2023-08-14,SELL,INFRABEES.NS,530,622.44,329893.2,164.94660000000002,329768.079895
2023-08-14,BUY,ITBEES.NS,10126,32.55,329601.3,164.80065,1.9792449999949895
2023-08-21,SELL,ITBEES.NS,10126,32.46,328689.96,164.34498000000002,328527.594265
2023-08-21,BUY,PSUBNKBEES.NS,6457,50.85,328338.45,164.169225,24.97503999999026
2023-08-28,SELL,PHARMABEES.NS,22374,15.41,344783.34,172.39167,344635.92337000003
2023-08-28,SELL,PSUBNKBEES.NS,6457,50.78,327886.46,163.94323,672358.4401400001
2023-08-28,BUY,SILVERBEES.NS,4635,72.48,335944.80000000005,167.97240000000002,336245.66774
2023-08-28,BUY,ITBEES.NS,10402,32.3,335984.6,167.9923,93.07544000004418
2023-09-04,SELL,ITBEES.NS,10402,33.82,351795.64,175.89782000000002,351712.81762000005
2023-09-04,BUY,AUTOBEES.NS,2166,162.23,351390.18,175.69509,146.94253000005847
2023-09-11,SELL,SILVERBEES.NS,4635,70.61,327277.35,163.63867499999998,327260.65385500004
2023-09-11,SELL,AUTOBEES.NS,2166,166.48,360595.68,180.29784,687676.036015
2023-09-11,BUY,ITBEES.NS,10025,34.28,343657.0,171.8285,343847.20751499996
2023-09-11,BUY,DIVOPPBEES.NS,5863,58.61,343630.43,171.815215,44.962299999955576
2023-09-18,SELL,DIVOPPBEES.NS,5863,58.82,344861.66,172.43083,344734.1914699999
2023-09-18,SELL,MOM100.NS,7771,43.25,336095.75,168.047875,680661.8935949999
2023-09-18,SELL,MID150BEES.NS,2312,155.12,358637.44,179.31872,1039120.0148749999
2023-09-18,BUY,PSUBNKBEES.NS,5960,58.08,346156.8,173.0784,692790.1364749998
2023-09-18,BUY,AUTOBEES.NS,2057,168.24,346069.68,173.03484,346547.42163499986
2023-09-18,BUY,NV20BEES.NS,2891,119.74,346168.33999999997,173.08417,205.9974649999058
2023-09-25,SELL,NV20BEES.NS,2891,118.1,341427.1,170.71355,341462.3839149999
2023-09-25,BUY,DIVOPPBEES.NS,5867,58.17,341283.39,170.641695,8.352219999884255
2023-10-03,SELL,ITBEES.NS,10025,33.35,334333.75,167.166875,334174.9353449999
2023-10-03,SELL,AUTOBEES.NS,2057,162.56,334385.92,167.19296,668393.6623849999
2023-10-03,BUY,INFRABEES.NS,515,648.13,333786.95,166.893475,334439.8189099999
2023-10-03,BUY,MOM100.NS,7708,43.33,333987.64,166.99382,285.1850899999263
2023-10-09,SELL,MOM100.NS,7708,42.43,327050.44,163.52522000000002,327172.0998699999
2023-10-09,BUY,NV20BEES.NS,2786,117.37,326992.82,163.49641,15.783459999889601
2023-10-16,SELL,NV20BEES.NS,2786,118.36,329750.96,164.87548,329601.8679799999
2023-10-16,SELL,PSUBNKBEES.NS,5960,56.49,336680.4,168.3402,666113.92778
2023-10-16,SELL,DIVOPPBEES.NS,5867,58.62,343923.54,171.96177,1009865.50601
2023-10-16,BUY,AUTOBEES.NS,2004,167.83,336331.32,168.16566,673366.02035
2023-10-16,BUY,CONSUMBEES.NS,3575,94.11,336443.25,168.22162500000002,336754.548725
2023-10-16,BUY,MON100.NS,2765,121.68,336445.2,168.2226,141.12612500000978
2023-10-23,SELL,INFRABEES.NS,515,635.03,327040.45,163.520225,327018.05590000004
2023-10-23,SELL,MON100.NS,2765,117.3,324334.5,162.16725,651190.3886500001
2023-10-23,BUY,GOLDBEES.NS,6314,51.54,325423.56,162.71178,325604.1168700001
2023-10-23,BUY,SILVERBEES.NS,4588,70.92,325380.96,162.69048,60.46639000007417
2023-10-30,SELL,CONSUMBEES.NS,3575,91.52,327184.0,163.592,327080.87439000007
2023-10-30,SELL,AUTOBEES.NS,2004,163.03,326712.12,163.35606,653629.63833
2023-10-30,BUY,GILT5YBEES.NS,6149,53.12,326634.88,163.31744,326831.44088999997
2023-10-30,BUY,LIQUIDBEES.NS,326,999.99,325996.74,162.99837,671.7025199999916
2023-11-06,SELL,LIQUIDBEES.NS,326,999.99,325996.74,162.99837,326505.44415
2023-11-06,SELL,SILVERBEES.NS,4588,70.77,324692.76,162.34638,651035.85777
2023-11-06,SELL,GILT5YBEES.NS,6149,53.35,328049.15,164.02457500000003,978920.9831950001
2023-11-06,BUY,MON100.NS,2655,122.82,326087.1,163.04354999999998,652670.8396450002
2023-11-06,BUY,MAFANG.NS,5162,63.18,326135.16,163.06758,326372.6120650002
2023-11-06,BUY,JUNIORBEES.NS,679,479.7,325716.3,162.85815,493.4539150002529
2023-11-13,SELL,GOLDBEES.NS,6314,50.93,321572.02,160.78601,321904.6879050003
2023-11-13,SELL,JUNIORBEES.NS,679,488.53,331711.87,165.855935,653450.7019700003
2023-11-13,BUY,PHARMABEES.NS,20760,15.73,326554.8,163.2774,326732.6245700003
2023-11-13,BUY,MID150BEES.NS,2086,156.52,326500.72000000003,163.25036000000003,68.65421000024071
2023-11-20,SELL,PHARMABEES.NS,20760,16.04,332990.39999999997,166.49519999999998,332892.5590100002
2023-11-20,SELL,MID150BEES.NS,2086,159.73,333196.77999999997,166.59839,665922.7406200002
2023-11-20,BUY,MOM100.NS,7468,44.56,332774.08,166.38704,332982.27358000015
2023-11-20,BUY,DIVOPPBEES.NS,5499,60.51,332744.49,166.372245,71.41133500018623
2023-11-28,SELL,DIVOPPBEES.NS,5499,61.13,336153.87,168.076935,336057.20440000016
2023-11-28,BUY,PHARMABEES.NS,20810,16.14,335873.4,167.9367,15.86770000011893
2023-12-04,SELL,PHARMABEES.NS,20810,16.49,343156.89999999997,171.57844999999998,343001.1892500001
2023-12-04,SELL,MON100.NS,2655,129.73,344433.14999999997,172.21657499999998,687262.122675
2023-12-04,SELL,MAFANG.NS,5162,68.26,352358.12000000005,176.17906000000002,1039444.0636150001
2023-12-04,BUY,DIVOPPBEES.NS,5435,63.71,346263.85,173.131925,693007.0816900001
2023-12-04,BUY,JUNIORBEES.NS,658,525.72,345923.76,172.96188,346910.3598100001
2023-12-04,BUY,SILVERBEES.NS,4608,75.15,346291.2,173.1456,446.0142100001103
2023-12-11,SELL,DIVOPPBEES.NS,5435,64.86,352514.1,176.25705,352783.8571600001
2023-12-11,SELL,SILVERBEES.NS,4608,70.35,324172.8,162.0864,676794.57076
2023-12-11,SELL,MOM100.NS,7468,47.66,355924.87999999995,177.96244,1032541.48832
2023-12-11,BUY,INFRABEES.NS,474,724.68,343498.31999999995,171.74916,688871.41916
2023-12-11,BUY,PSUBNKBEES.NS,5576,61.69,343983.44,171.99172000000002,344715.98744000006
2023-12-11,BUY,BANKBEES.NS,712,482.69,343675.27999999997,171.83764,868.8698000001023
2023-12-18,SELL,BANKBEES.NS,712,488.15,347562.8,173.7814,348257.8884000001
2023-12-18,SELL,JUNIORBEES.NS,658,556.22,365992.76,182.99638000000002,714067.6520200002
2023-12-18,BUY,ITBEES.NS,9425,37.86,356830.5,178.41525000000001,357058.73677000013
2023-12-18,BUY,DIVOPPBEES.NS,5311,67.18,356792.98000000004,178.39649000000003,87.36028000008082
2023-12-26,SELL,PSUBNKBEES.NS,5576,61.99,345656.24,172.82812,345570.77216000005
2023-12-26,BUY,JUNIORBEES.NS,619,557.59,345148.21,172.574105,249.98805500002345
2024-01-01,SELL,ITBEES.NS,9425,37.68,355134.0,177.567,355206.42105500004
2024-01-01,BUY,PSUBNKBEES.NS,5545,64.02,354990.89999999997,177.49544999999998,38.025605000089854
2024-01-08,SELL,INFRABEES.NS,474,763.68,361984.31999999995,180.99215999999998,361841.353445
2024-01-08,SELL,DIVOPPBEES.NS,5311,68.03,361307.33,180.65366500000002,722968.02978
2024-01-08,SELL,PSUBNKBEES.NS,5545,63.27,350832.15,175.416075,1073624.763705
2024-01-08,BUY,PHARMABEES.NS,20474,17.47,357680.77999999997,178.84038999999999,715765.143315
2024-01-08,BUY,MOM100.NS,7151,50.02,357693.02,178.84651000000002,357893.276805
2024-01-08,BUY,MID150BEES.NS,2009,178.02,357642.18,178.82109,72.27571499999613
2024-01-15,SELL,MOM100.NS,7151,51.0,364701.0,182.3505,364590.925215
2024-01-15,SELL,MID150BEES.NS,2009,181.13,363890.17,181.945085,728299.15013
2024-01-15,BUY,ITBEES.NS,9277,39.23,363936.70999999996,181.96835499999997,364180.471775
2024-01-15,BUY,INFRABEES.NS,459,792.67,363835.52999999997,181.917765,163.02400999999372
2024-01-23,SELL,PHARMABEES.NS,20474,17.77,363822.98,181.91149,363804.09251999995
2024-01-23,SELL,JUNIORBEES.NS,619,566.94,350935.86000000004,175.46793000000002,714564.48459
2024-01-23,BUY,PSUBNKBEES.NS,5538,64.48,357090.24000000005,178.54512000000003,357295.69946999993
2024-01-23,BUY,DIVOPPBEES.NS,5173,69.02,357040.45999999996,178.52023,76.7192399999476
2024-01-29,SELL,ITBEES.NS,9277,38.69,358927.13,179.46356500000002,358824.38567499997
2024-01-29,SELL,DIVOPPBEES.NS,5173,71.23,368472.79000000004,184.23639500000002,727112.93928
2024-01-29,BUY,MAFANG.NS,4786,75.91,363305.26,181.65263000000002,363626.02665
2024-01-29,BUY,MON100.NS,2565,141.65,363332.25,181.666125,112.11052500002552
2024-02-05,SELL,MON100.NS,2565,141.81,363742.65,181.871325,363672.88920000003
2024-02-05,BUY,DIVOPPBEES.NS,4954,73.36,363425.44,181.71272000000002,65.7364800000214
2024-02-12,SELL,INFRABEES.NS,459,818.41,375650.19,187.825095,375528.10138500005
2024-02-12,SELL,DIVOPPBEES.NS,4954,72.21,357728.33999999997,178.86417,733077.577215
2024-02-12,BUY,PHARMABEES.NS,19292,18.99,366355.07999999996,183.17754,366539.3196750001
2024-02-12,BUY,JUNIORBEES.NS,610,599.64,365780.39999999997,182.8902,576.0294750001049
2024-02-19,SELL,JUNIORBEES.NS,610,624.16,380737.6,190.3688,381123.2606750001
2024-02-19,BUY,AUTOBEES.NS,1829,208.25,380889.25,190.444625,43.566050000081304
2024-02-26,SELL,PHARMABEES.NS,19292,19.29,372142.68,186.07134,372000.17471000005
2024-02-26,BUY,HNGSNGBEES.NS,1479,251.25,371598.75,185.799375,215.62533500004793
2024-03-04,SELL,CPSEETF.NS,7016,83.67,587028.72,293.51436,586950.830975
2024-03-04,BUY,JUNIORBEES.NS,920,637.01,586049.2,293.02459999999996,608.6063750000903
2024-03-11,SELL,MAFANG.NS,4786,85.57,409538.01999999996,204.76900999999998,409941.85736500006
2024-03-11,SELL,HNGSNGBEES.NS,1479,249.76,369395.04,184.69752,779152.199845
2024-03-11,BUY,GOLDBEES.NS,6951,56.01,389325.51,194.662755,389632.02709000005
2024-03-11,BUY,CPSEETF.NS,4706,82.73,389327.38,194.66369,109.98340000002645
2024-03-18,SELL,CPSEETF.NS,4706,76.54,360197.24000000005,180.09862000000004,360127.1247800001
2024-03-18,SELL,PSUBNKBEES.NS,5538,75.3,417011.39999999997,208.5057,776930.01908
2024-03-18,SELL,AUTOBEES.NS,1829,207.61,379718.69,189.85934500000002,1156458.849735
2024-03-18,SELL,JUNIORBEES.NS,920,621.81,572065.2,286.0326,1728238.0171349999
2024-03-18,BUY,SILVERBEES.NS,5943,72.66,431818.38,215.90919,1296203.727945
2024-03-18,BUY,HNGSNGBEES.NS,1699,254.17,431834.82999999996,215.91741499999998,864152.9805300001
2024-03-18,BUY,LTGILTBEES.NS,17008,25.39,431833.12,215.91656,432103.9439700001
2024-03-18,BUY,GILT5YBEES.NS,7841,55.07,431803.87,215.901935,84.17203500011237
2024-03-26,SELL,LTGILTBEES.NS,17008,25.4,432003.19999999995,216.00159999999997,431871.37043500005
2024-03-26,SELL,GILT5YBEES.NS,7841,55.07,431803.87,215.901935,863459.3385000001
2024-03-26,SELL,HNGSNGBEES.NS,1699,242.41,411854.58999999997,205.927295,1275108.001205
2024-03-26,BUY,MON100.NS,2837,149.71,424727.27,212.36363500000002,850168.36757
2024-03-26,BUY,AUTOBEES.NS,1984,214.05,424675.2,212.3376,425280.82996999996
2024-03-26,BUY,MAFANG.NS,4954,85.74,424755.95999999996,212.37797999999998,312.49199000000954
2024-04-01,SELL,SILVERBEES.NS,5943,74.03,439960.29,219.980145,440052.801845
2024-04-01,BUY,JUNIORBEES.NS,670,655.78,439372.6,219.6863,460.5155450000311
2024-04-08,SELL,AUTOBEES.NS,1984,223.58,443582.72000000003,221.79136000000003,443821.4441850001
2024-04-08,SELL,MON100.NS,2837,148.31,420755.47000000003,210.37773500000003,864366.5364500001
2024-04-08,BUY,SILVERBEES.NS,5364,80.53,431962.92,215.98146,432187.63499000017
2024-04-08,BUY,MID150BEES.NS,2273,190.04,431960.92,215.98046,10.734530000190716
2024-04-15,SELL,MID150BEES.NS,2273,187.6,426414.8,213.2074,426212.32713000017
2024-04-15,BUY,CPSEETF.NS,5063,84.13,425950.19,212.975095,49.16203500016127
2024-04-29,SELL,GOLDBEES.NS,6951,61.3,426096.3,213.04815,425932.41388500016
2024-04-29,SELL,SILVERBEES.NS,5364,79.43,426062.52,213.03126,851781.9026250001
2024-04-29,BUY,HNGSNGBEES.NS,1607,264.81,425549.67,212.774835,426019.45779000013
2024-04-29,BUY,PSUBNKBEES.NS,5087,83.67,425629.29000000004,212.814645,177.35314500011737
2024-05-06,SELL,MAFANG.NS,4954,96.8,479547.2,239.77360000000002,479484.7795450001
2024-05-06,BUY,AUTOBEES.NS,2097,228.45,479059.64999999997,239.529825,185.59972000017297
2024-05-13,SELL,CPSEETF.NS,5063,84.52,427924.75999999995,213.96237999999997,427896.39734000014
2024-05-13,SELL,PSUBNKBEES.NS,5087,77.54,394445.98000000004,197.22299,822145.1543500002
2024-05-13,SELL,JUNIORBEES.NS,670,685.45,459251.50000000006,229.62575000000004,1281167.0286000003
2024-05-13,BUY,SILVERBEES.NS,5207,81.97,426817.79,213.408895,854135.8297050004
2024-05-13,BUY,GOLDBEES.NS,6980,61.15,426827.0,213.4135,427095.41620500037
2024-05-13,BUY,MON100.NS,2901,147.1,426737.1,213.36855,144.94765500037465
2024-05-21,SELL,GOLDBEES.NS,6980,62.63,437157.4,218.57870000000003,437083.7689550004
2024-05-21,SELL,MON100.NS,2901,150.69,437151.69,218.57584500000002,874016.8831100004
2024-05-21,BUY,JUNIORBEES.NS,601,726.45,436596.45,218.298225,437202.1348850004
2024-05-21,BUY,CPSEETF.NS,4713,92.67,436753.71,218.376855,230.04803000041284
2024-06-03,SELL,AUTOBEES.NS,2097,243.34,510283.98,255.14199,510258.8860400004
2024-06-03,BUY,MOM100.NS,8958,56.93,509978.94,254.98947,24.956570000445936
2024-06-10,SELL,CPSEETF.NS,4713,90.42,426149.46,213.07473000000002,425961.3418400005
2024-06-10,SELL,JUNIORBEES.NS,601,742.9,446482.89999999997,223.24145,872221.0003900004
2024-06-10,SELL,MOM100.NS,8958,56.85,509262.3,254.63115,1381228.6692400004
2024-06-10,SELL,HNGSNGBEES.NS,1607,309.59,497511.12999999995,248.755565,1878491.0436750003
2024-06-10,BUY,AUTOBEES.NS,1846,254.15,469160.9,234.58045,1409095.5632250002
2024-06-10,BUY,ITBEES.NS,12706,36.94,469359.63999999996,234.67981999999998,939501.2434050002
2024-06-10,BUY,CONSUMBEES.NS,3843,122.13,469345.58999999997,234.67279499999998,469920.9806100002
2024-06-10,BUY,MON100.NS,3040,154.37,469284.8,234.6424,401.5382100002025
2024-06-18,SELL,ITBEES.NS,12706,37.13,471773.78,235.88689000000002,471939.4313200002
2024-06-18,SELL,CONSUMBEES.NS,3843,124.01,476570.43,238.285215,948271.5761050002
2024-06-18,SELL,SILVERBEES.NS,5207,86.26,449155.82,224.57791,1397202.8181950003
2024-06-18,BUY,MID150BEES.NS,2180,213.45,465321.0,232.6605,931649.1576950003
2024-06-18,BUY,MOM100.NS,7845,59.33,465443.85,232.721925,465972.5857700003
2024-06-18,BUY,JUNIORBEES.NS,605,768.89,465178.45,232.589225,561.5465450002812
2024-06-24,SELL,AUTOBEES.NS,1846,257.7,475714.19999999995,237.85709999999997,476037.8894450002
2024-06-24,SELL,JUNIORBEES.NS,605,761.94,460973.7,230.48685,936781.1025950003
2024-06-24,BUY,BANKBEES.NS,884,529.16,467777.43999999994,233.88871999999998,468769.77387500036
2024-06-24,BUY,ITBEES.NS,12490,37.48,468125.19999999995,234.06259999999997,410.51127500040457
2024-07-01,SELL,MID150BEES.NS,2180,216.04,470967.2,235.48360000000002,471142.22767500044
2024-07-01,BUY,NIFTYBEES.NS,1755,268.3,470866.5,235.43325000000002,40.294425000436604
2024-07-08,SELL,BANKBEES.NS,884,537.7,475326.80000000005,237.66340000000002,475129.43102500046
2024-07-08,SELL,NIFTYBEES.NS,1755,270.04,473920.2,236.9601,948812.6709250004
2024-07-08,BUY,CPSEETF.NS,4761,99.58,474100.38,237.05019000000001,474475.24073500047
2024-07-08,BUY,NV20BEES.NS,3079,153.98,474104.42,237.05221,133.768525000487
2024-07-15,SELL,MON100.NS,3040,168.93,513547.2,256.7736,513424.1949250005
2024-07-15,SELL,MOM100.NS,7845,61.66,483722.69999999995,241.86135,996905.0335750005
2024-07-15,BUY,DIVOPPBEES.NS,5897,84.47,498119.58999999997,249.05979499999998,498536.3837800005
2024-07-15,BUY,MAFANG.NS,4927,101.1,498119.69999999995,249.05984999999998,167.62393000052543
2024-07-22,SELL,CPSEETF.NS,4761,99.59,474147.99,237.073995,474078.53993500053
2024-07-22,SELL,MAFANG.NS,4927,98.13,483486.50999999995,241.74325499999998,957323.3066800005
2024-07-22,BUY,NIFTYBEES.NS,1756,272.45,478422.19999999995,239.2111,478661.89558000054
2024-07-22,BUY,PHARMABEES.NS,22749,21.03,478411.47000000003,239.20573500000003,11.219845000479836
2024-07-29,SELL,NIFTYBEES.NS,1756,276.68,485850.08,242.92504000000002,485618.3748050005
2024-07-29,BUY,CPSEETF.NS,4726,102.7,485360.2,242.6801,15.494705000484828
2024-08-12,SELL,ITBEES.NS,12490,41.81,522206.9,261.10345,521961.2912550005
2024-08-12,SELL,DIVOPPBEES.NS,5897,84.5,498296.5,249.14825000000002,1020008.6430050004
2024-08-12,SELL,NV20BEES.NS,3079,157.09,483680.11,241.840055,1503446.9129500005
2024-08-12,BUY,CONSUMBEES.NS,3883,128.98,500829.33999999997,250.41467,1002367.1582800006
2024-08-12,BUY,LTGILTBEES.NS,18966,26.41,500892.06,250.44603,501224.65225000057
2024-08-12,BUY,GILT5YBEES.NS,8727,57.39,500842.53,250.421265,131.700985000527
2024-08-19,SELL,CPSEETF.NS,4726,102.83,485974.58,242.98729,485863.2936950005
2024-08-19,SELL,LTGILTBEES.NS,18966,26.48,502219.68,251.10984,987831.8638550006
2024-08-19,SELL,GILT5YBEES.NS,8727,57.5,501802.5,250.90125,1489383.4626050005
2024-08-19,BUY,ITBEES.NS,11259,44.07,496184.13,248.09206500000002,992951.2405400005
2024-08-19,BUY,MON100.NS,3126,158.7,496096.19999999995,248.04809999999998,496606.9924400005
2024-08-19,BUY,MOM100.NS,7991,62.09,496161.19,248.08059500000002,197.72184500051662
2024-08-26,SELL,MOM100.NS,7991,63.13,504471.83,252.235915,504417.3159300005
2024-08-26,BUY,JUNIORBEES.NS,631,798.22,503676.82,251.83841,488.6575200004736
2024-09-02,SELL,MON100.NS,3126,159.96,500034.96,250.01748,500273.6000400005
2024-09-02,SELL,JUNIORBEES.NS,631,802.49,506371.19,253.185595,1006391.6044450005
2024-09-02,BUY,DIVOPPBEES.NS,5674,88.64,502943.36,251.47168,503196.7727650005
2024-09-02,BUY,NV20BEES.NS,3039,165.45,502802.55,251.401275,142.82149000052596
2024-09-09,SELL,NV20BEES.NS,3039,161.11,489613.29000000004,244.80664500000003,489511.30484500056
2024-09-09,SELL,DIVOPPBEES.NS,5674,86.46,490574.04,245.28701999999998,979840.0578250005
2024-09-09,BUY,HNGSNGBEES.NS,1739,281.57,489650.23,244.82511499999998,489945.0027100005
2024-09-09,BUY,GOLDBEES.NS,8139,60.16,489642.24,244.82112,57.94159000052605
2024-09-16,SELL,GOLDBEES.NS,8139,62.05,505024.94999999995,252.512475,504830.3791150005
2024-09-16,SELL,HNGSNGBEES.NS,1739,282.88,491928.32,245.96416000000002,996512.7349550005
2024-09-16,BUY,SILVERBEES.NS,5774,86.24,497949.75999999995,248.97487999999998,498314.0000750005
2024-09-16,BUY,MOM100.NS,7717,64.53,497978.01,248.98900500000002,87.0010700005223
2024-09-23,SELL,PHARMABEES.NS,22749,23.55,535738.9500000001,267.869475,535558.0815950006
2024-09-23,SELL,MOM100.NS,7717,65.01,501682.17000000004,250.84108500000002,1036989.4105100005
2024-09-23,SELL,ITBEES.NS,11259,44.94,505979.45999999996,252.98972999999998,1542715.8807800005
2024-09-23,BUY,BANKBEES.NS,923,556.57,513714.11000000004,256.857055,1028744.9137250005
2024-09-23,BUY,GOLDBEES.NS,8183,62.81,513974.23000000004,256.987115,514513.6966100004
2024-09-23,BUY,NIFTYBEES.NS,1776,289.34,513867.83999999997,256.93392,388.92269000044325
2024-09-30,SELL,BANKBEES.NS,923,544.78,502831.94,251.41597000000002,502969.4467200005
2024-09-30,SELL,GOLDBEES.NS,8183,63.55,520029.64999999997,260.014825,1022739.0818950004
2024-09-30,SELL,NIFTYBEES.NS,1776,288.38,512162.88,256.08144,1534645.8804550003
2024-09-30,BUY,HNGSNGBEES.NS,1392,367.12,511031.04,255.51551999999998,1023359.3249350004
2024-09-30,BUY,AUTOBEES.NS,1849,276.44,511137.56,255.56878,511966.1961550004
2024-09-30,BUY,MON100.NS,3135,163.08,511255.80000000005,255.62790000000004,454.7682550003519
2024-10-07,SELL,CONSUMBEES.NS,3883,135.3,525369.9,262.68495,525561.9833050004
2024-10-07,SELL,AUTOBEES.NS,1849,264.31,488709.19,244.35459500000002,1014026.8187100004
2024-10-07,BUY,GOLDBEES.NS,7941,63.81,506715.21,253.357605,507058.2511050003
2024-10-07,BUY,NV20BEES.NS,3087,164.14,506700.17999999993,253.35008999999997,104.7210150003666
2024-10-14,SELL,NV20BEES.NS,3087,162.89,502841.42999999993,251.42071499999997,502694.7303000003
2024-10-14,BUY,MAFANG.NS,5169,97.2,502426.8,251.2134,16.71690000029048
2024-10-21,SELL,HNGSNGBEES.NS,1392,326.5,454488.0,227.244,454277.4729000003
2024-10-21,BUY,PHARMABEES.NS,19288,23.54,454039.51999999996,227.01976,10.933140000328422
2024-10-28,SELL,PHARMABEES.NS,19288,23.33,449989.04,224.99452,449774.9786200003
2024-10-28,BUY,GILT5YBEES.NS,7734,58.12,449500.07999999996,224.75003999999998,50.148580000328366
2024-11-04,SELL,GILT5YBEES.NS,7734,58.19,450041.45999999996,225.02073,449866.5878500003
2024-11-04,BUY,PSUBNKBEES.NS,5978,75.21,449605.37999999995,224.80268999999998,36.405160000373144
2024-11-11,SELL,GOLDBEES.NS,7941,64.49,512115.08999999997,256.057545,511895.43761500035
2024-11-11,SELL,SILVERBEES.NS,5774,88.48,510883.52,255.44176000000002,1022523.5158550004
2024-11-11,BUY,HNGSNGBEES.NS,1421,359.38,510678.98,255.33948999999998,511589.1963650004
2024-11-11,BUY,ITBEES.NS,11145,45.85,510998.25,255.499125,335.44724000041606
2024-11-18,SELL,PSUBNKBEES.NS,5978,72.69,434540.82,217.27041,434658.9968300004
2024-11-18,SELL,HNGSNGBEES.NS,1421,329.95,468858.95,234.429475,903283.5173550004
2024-11-18,BUY,GILT5YBEES.NS,7740,58.32,451396.8,225.6984,451661.0189550004
2024-11-18,BUY,LIQUIDBEES.NS,451,1000.0,451000.0,225.5,435.5189550003852
2024-11-25,SELL,LIQUIDBEES.NS,451,999.99,450995.49,225.497745,451205.5112100004
2024-11-25,BUY,GOLDBEES.NS,7004,64.38,450917.51999999996,225.45875999999998,62.53245000040624
2024-12-02,SELL,GOLDBEES.NS,7004,63.76,446575.04,223.28752,446414.2849300004
2024-12-02,SELL,GILT5YBEES.NS,7740,58.8,455112.0,227.556,901298.7289300004
2024-12-02,BUY,JUNIORBEES.NS,592,759.95,449890.4,224.94520000000003,451183.3837300004
2024-12-02,BUY,PSUBNKBEES.NS,5941,75.81,450387.21,225.19360500000002,570.9801250004093
2024-12-09,SELL,MON100.NS,3135,183.21,574363.35,287.181675,574647.1484500004
2024-12-09,BUY,MOM100.NS,9092,63.17,574341.64,287.17082,18.33763000043109
2024-12-16,SELL,PSUBNKBEES.NS,5941,78.37,465596.17000000004,232.79808500000001,465381.70954500046
2024-12-16,BUY,MON100.NS,2242,207.47,465147.74,232.57387,1.395675000443589
2024-12-23,SELL,ITBEES.NS,11145,47.01,523926.44999999995,261.96322499999997,523665.8824500004
2024-12-23,SELL,JUNIORBEES.NS,592,735.77,435575.83999999997,217.78791999999999,959023.9345300004
2024-12-23,SELL,MOM100.NS,9092,61.18,556248.5599999999,278.12428,1514994.3702500004
2024-12-23,BUY,HNGSNGBEES.NS,1457,346.33,504602.81,252.30140500000002,1010139.2588450004
2024-12-23,BUY,PHARMABEES.NS,21974,22.97,504742.77999999997,252.37139,505144.10745500046
2024-12-23,BUY,GILT5YBEES.NS,8597,58.71,504729.87,252.364935,161.872520000441
2025-01-06,SELL,GILT5YBEES.NS,8597,58.85,505933.45,252.96672500000003,505842.35579500045
2025-01-06,SELL,HNGSNGBEES.NS,1457,333.5,485909.5,242.95475000000002,991508.9010450004
2025-01-06,BUY,AUTOBEES.NS,2070,239.33,495413.10000000003,247.70655000000002,495848.0944950004
2025-01-06,BUY,CONSUMBEES.NS,3923,126.29,495435.67000000004,247.71783500000004,164.70666000031633
2025-01-13,SELL,PHARMABEES.NS,21974,22.3,490020.2,245.01010000000002,489939.8965600003
2025-01-13,SELL,CONSUMBEES.NS,3923,121.02,474761.45999999996,237.38073,964463.9758300004
2025-01-13,SELL,AUTOBEES.NS,2070,229.07,474174.89999999997,237.08745,1438401.7883800003
2025-01-13,SELL,MON100.NS,2242,189.55,424971.10000000003,212.48555000000002,1863160.4028300003
2025-01-13,BUY,GOLDBEES.NS,7027,66.25,465538.75,232.769375,1397388.8834550004
2025-01-13,BUY,SILVERBEES.NS,5333,87.29,465517.57,232.75878500000002,931638.5546700003
2025-01-13,BUY,ITBEES.NS,9823,47.39,465511.97000000003,232.755985,465893.8286850003
2025-01-13,BUY,GILT5YBEES.NS,7928,58.72,465532.16,232.76608,128.90260500035947
2025-01-20,SELL,ITBEES.NS,9823,45.64,448321.72000000003,224.16086,448226.4617450004
2025-01-20,BUY,LTGILTBEES.NS,16398,27.32,447993.36,223.99668,9.105065000418108
2025-01-27,SELL,LTGILTBEES.NS,16398,27.44,449961.12,224.98056,449745.2445050004
2025-01-27,SELL,GILT5YBEES.NS,7928,59.29,470051.12,235.02556,919561.3389450004
2025-01-27,BUY,MON100.NS,2190,209.79,459440.1,229.72005,459891.51889500045
2025-01-27,BUY,HNGSNGBEES.NS,1298,353.92,459388.16000000003,229.69408,273.664815000433
2025-02-03,SELL,MON100.NS,2190,203.39,445424.1,222.71205,445475.05276500044
2025-02-03,SELL,MAFANG.NS,5169,134.32,694300.08,347.15004,1139427.9827250005
2025-02-03,BUY,CONSUMBEES.NS,4499,126.56,569393.4400000001,284.69672,569749.8460050004
2025-02-03,BUY,AUTOBEES.NS,2390,238.17,569226.2999999999,284.61314999999996,238.9328550004866
2025-02-10,SELL,CONSUMBEES.NS,4499,122.12,549417.88,274.70894,549382.1039150005
2025-02-10,BUY,MAFANG.NS,3839,143.02,549053.78,274.52689000000004,53.79702500044368
2025-02-17,SELL,AUTOBEES.NS,2390,223.78,534834.2,267.4171,534620.5799250004
2025-02-17,BUY,LTGILTBEES.NS,19388,27.56,534333.28,267.16664000000003,20.133285000454634
2025-03-03,SELL,SILVERBEES.NS,5333,91.41,487489.52999999997,243.744765,487265.9185200004
2025-03-03,SELL,MAFANG.NS,3839,130.61,501411.79000000004,250.70589500000003,988427.0026250004
2025-03-03,BUY,GILT5YBEES.NS,8283,59.63,493915.29000000004,246.957645,494264.7549800004
2025-03-03,BUY,LIQUIDBEES.NS,493,999.99,492995.07,246.497535,1023.1874450003961
2025-03-10,SELL,LTGILTBEES.NS,19388,27.65,536078.2,268.03909999999996,536833.3483450003
2025-03-10,SELL,LIQUIDBEES.NS,493,1000.0,493000.0,246.5,1029586.8483450003
2025-03-10,BUY,CPSEETF.NS,6411,80.25,514482.75,257.241375,514846.8569700003
2025-03-10,BUY,SILVERBEES.NS,5467,94.1,514444.69999999995,257.22235,144.9346200003638
2025-03-17,SELL,GILT5YBEES.NS,8283,59.83,495571.89,247.785945,495469.03867500037
2025-03-17,BUY,LTGILTBEES.NS,17858,27.73,495202.34,247.60117000000002,19.097505000361707
2025-03-24,SELL,LTGILTBEES.NS,17858,27.84,497166.72,248.58336,496937.23414500034
2025-03-24,SELL,GOLDBEES.NS,7027,73.0,512971.0,256.4855,1009651.7486450004
2025-03-24,SELL,SILVERBEES.NS,5467,94.18,514882.06000000006,257.44103,1524276.3676150003
2025-03-24,SELL,HNGSNGBEES.NS,1298,409.21,531154.58,265.57729,2055165.3703250003
2025-03-24,BUY,INFRABEES.NS,585,877.42,513290.69999999995,256.64535,1541618.0249750004
2025-03-24,BUY,JUNIORBEES.NS,754,680.56,513142.23999999993,256.57111999999995,1028219.2138550004
2025-03-24,BUY,PHARMABEES.NS,23153,22.18,513533.54,256.76677,514428.9070850005
2025-03-24,BUY,MOM100.NS,9103,56.41,513500.23,256.750115,671.9269700004952
2025-04-01,SELL,PHARMABEES.NS,23153,21.2,490843.6,245.4218,491270.10517000046
2025-04-01,SELL,MOM100.NS,9103,55.01,500756.02999999997,250.37801499999998,991775.7571550005
2025-04-01,BUY,PSUBNKBEES.NS,7142,69.39,495583.38,247.79169000000002,495944.5854650005
2025-04-01,BUY,BANKBEES.NS,949,521.86,495245.14,247.62257000000002,451.8228950004559
2025-04-07,SELL,INFRABEES.NS,585,821.05,480314.25,240.157125,480525.9157700004
2025-04-07,SELL,JUNIORBEES.NS,754,640.0,482560.0,241.28,962844.6357700004
2025-04-07,BUY,GOLDBEES.NS,6517,73.83,481150.11,240.575055,481453.9507150004
2025-04-07,BUY,CONSUMBEES.NS,4095,117.5,481162.5,240.58125,50.86946500040358
2025-04-21,SELL,CPSEETF.NS,6411,90.4,579554.4,289.7772,579315.4922650005
2025-04-21,BUY,INFRABEES.NS,642,901.61,578833.62,289.41681,192.4554550005123
2025-04-28,SELL,INFRABEES.NS,642,901.96,579058.3200000001,289.52916000000005,578961.2462950005
2025-04-28,BUY,MOM100.NS,9925,58.3,578627.5,289.31375,44.432545000570826
2025-05-05,SELL,CONSUMBEES.NS,4095,126.23,516911.85000000003,258.45592500000004,516697.8266200006
2025-05-05,SELL,PSUBNKBEES.NS,7142,72.86,520366.12,260.18306,1036803.7635600006
2025-05-05,SELL,MOM100.NS,9925,58.54,581009.5,290.50475,1617522.7588100005
2025-05-05,SELL,GOLDBEES.NS,6517,79.58,518622.86,259.31143,2135886.3073800006
2025-05-05,BUY,MAFANG.NS,4294,124.29,533701.26,266.85063,1601918.1967500006
2025-05-05,BUY,AUTOBEES.NS,2307,231.28,533562.96,266.78148,1068088.4552700007
2025-05-05,BUY,INFRABEES.NS,582,916.29,533280.78,266.64039,534541.0348800007
2025-05-05,BUY,NIFTYBEES.NS,1945,274.39,533688.5499999999,266.844275,585.640605000779
2025-05-12,SELL,INFRABEES.NS,582,926.73,539356.86,269.67843,539672.8221750008
2025-05-12,SELL,BANKBEES.NS,949,567.97,539003.53,269.50176500000003,1078406.850410001
2025-05-12,BUY,ITBEES.NS,13039,41.33,538901.87,269.450935,539235.5294750009
2025-05-12,BUY,GOLDBEES.NS,6911,77.98,538919.78,269.45989000000003,46.28958500083536
2025-05-19,SELL,GOLDBEES.NS,6911,78.32,541269.5199999999,270.63475999999997,541045.1748250007
2025-05-19,SELL,NIFTYBEES.NS,1945,279.21,543063.45,271.531725,1083837.0931000006
2025-05-19,BUY,MON100.NS,3033,178.54,541511.82,270.75591,542054.5171900007
2025-05-19,BUY,MOM100.NS,8860,61.13,541611.8,270.8059,171.91129000065848
2025-05-26,SELL,AUTOBEES.NS,2307,242.76,560047.32,280.02366,559939.2076300007
2025-05-26,SELL,MON100.NS,3033,177.73,539055.09,269.527545,1098724.7700850007
2025-05-26,BUY,MID150BEES.NS,2541,216.07,549033.87,274.516935,549416.3831500007
2025-05-26,BUY,CPSEETF.NS,5919,92.76,549046.4400000001,274.52322000000004,95.41993000067305
2025-06-02,SELL,CPSEETF.NS,5919,91.8,543364.2,271.6821,543187.9378300007
2025-06-02,SELL,ITBEES.NS,13039,40.3,525471.7,262.73584999999997,1068396.9019800005
2025-06-02,BUY,PSUBNKBEES.NS,6712,79.54,533872.4800000001,266.93624000000005,534257.4857400005
2025-06-02,BUY,MON100.NS,2991,178.51,533923.4099999999,266.96170499999994,67.11403500055894
2025-06-09,SELL,MON100.NS,2991,180.51,539905.4099999999,269.952705,539702.5713300005
2025-06-09,SELL,MAFANG.NS,4294,135.68,582609.92,291.30496000000005,1122021.1863700007
2025-06-09,BUY,SILVERBEES.NS,5444,102.99,560677.5599999999,280.33878,561063.2875900008
2025-06-09,BUY,BANKBEES.NS,959,584.42,560458.7799999999,280.22938999999997,324.27820000087377
2025-06-16,SELL,BANKBEES.NS,959,573.98,550446.8200000001,275.22341000000006,550495.874790001
2025-06-16,SELL,PSUBNKBEES.NS,6712,77.66,521253.92,260.62696,1071489.1678300009
2025-06-16,SELL,MOM100.NS,8860,63.13,559331.8,279.6659,1630541.301930001
2025-06-16,BUY,GOLDBEES.NS,6537,83.09,543159.3300000001,271.57966500000003,1087110.3922650008
2025-06-16,BUY,ITBEES.NS,12770,42.54,543235.8,271.6179,543602.9743650008
2025-06-16,BUY,PHARMABEES.NS,24187,22.46,543240.02,271.62001000000004,91.33435500087216
2025-06-23,SELL,PHARMABEES.NS,24187,22.03,532839.61,266.419805,532664.5245500009
2025-06-23,SELL,MID150BEES.NS,2541,219.5,557749.5,278.87475,1090135.149800001
2025-06-23,BUY,INFRABEES.NS,581,936.62,544176.22,272.08811,545686.841690001
2025-06-23,BUY,NIFTYBEES.NS,1939,280.86,544587.54,272.29377000000005,827.007920000935
2025-06-30,SELL,ITBEES.NS,12770,42.41,541575.7,270.78785,542131.9200700009
2025-06-30,SELL,GOLDBEES.NS,6537,79.99,522894.62999999995,261.447315,1064765.1027550008
2025-06-30,SELL,SILVERBEES.NS,5444,102.47,557846.68,278.92334000000005,1622332.8594150008
2025-06-30,BUY,MON100.NS,2800,192.97,540316.0,270.158,1081746.7014150007
2025-06-30,BUY,NIF100BEES.NS,1964,275.07,540237.48,270.11874,541239.1026750008
2025-06-30,BUY,CONSUMBEES.NS,4127,130.94,540389.38,270.19469,579.52798500075
2025-07-07,SELL,CONSUMBEES.NS,4127,131.26,541710.02,270.85501,542018.6929750007
2025-07-07,SELL,NIFTYBEES.NS,1939,286.07,554689.73,277.34486499999997,1096431.0781100006
2025-07-07,SELL,NIF100BEES.NS,1964,274.27,538666.2799999999,269.33313999999996,1634828.0249700006
2025-07-07,BUY,MAFANG.NS,3576,152.28,544553.28,272.27664000000004,1090002.4683300005
2025-07-07,BUY,PHARMABEES.NS,23857,22.83,544655.3099999999,272.327655,545074.8306750006
2025-07-07,BUY,ITBEES.NS,12876,42.3,544654.7999999999,272.32739999999995,147.7032750006765
2025-07-14,SELL,INFRABEES.NS,581,954.61,554628.41,277.314205,554498.7990700008
2025-07-14,SELL,ITBEES.NS,12876,40.49,521349.24000000005,260.67462,1075587.3644500007
2025-07-14,BUY,SILVERBEES.NS,4885,110.02,537447.7,268.72384999999997,537870.9406000008
2025-07-14,BUY,BANKBEES.NS,919,584.64,537284.16,268.64208,318.1385200007353
2025-07-21,SELL,BANKBEES.NS,919,586.09,538616.7100000001,269.30835500000006,538665.5401650008
2025-07-21,BUY,HNGSNGBEES.NS,1305,412.53,538351.6499999999,269.175825,44.71434000087902
2025-08-04,SELL,PHARMABEES.NS,23857,22.74,542508.1799999999,271.25408999999996,542281.6402500009
2025-08-04,SELL,SILVERBEES.NS,4885,108.09,528019.65,264.00982500000003,1070037.280425001
2025-08-04,BUY,GOLDBEES.NS,6424,83.23,534669.52,267.33476,535100.4256650009
2025-08-04,BUY,GILT5YBEES.NS,8511,62.83,534746.13,267.373065,86.9226000008639
2025-08-11,SELL,GILT5YBEES.NS,8511,62.62,532958.82,266.47941,532779.2631900008
2025-08-11,BUY,SILVERBEES.NS,4862,109.52,532486.24,266.24312,26.780070000793785
2025-08-18,SELL,GOLDBEES.NS,6424,82.75,531586.0,265.793,531346.9870700008
2025-08-18,BUY,AUTOBEES.NS,2061,257.56,530831.16,265.41558000000003,250.4114900007844
2025-08-25,SELL,SILVERBEES.NS,4862,112.05,544787.1,272.39355,544765.1179400007
2025-08-25,SELL,MON100.NS,2800,203.4,569520.0,284.76,1114000.3579400007
2025-08-25,SELL,MAFANG.NS,3576,153.73,549738.48,274.86924,1663463.9687000006
2025-08-25,BUY,CONSUMBEES.NS,4078,135.9,554200.2000000001,277.10010000000005,1108986.6686000004
2025-08-25,BUY,JUNIORBEES.NS,761,727.87,553909.07,276.95453499999996,554800.6440650005
2025-08-25,BUY,INFRABEES.NS,587,943.06,553576.22,276.78811,947.6359550005291
2025-09-01,SELL,INFRABEES.NS,587,926.15,543650.0499999999,271.825025,544325.8609300004
2025-09-01,SELL,JUNIORBEES.NS,761,716.46,545226.06,272.61303000000004,1089279.3079000004
2025-09-01,BUY,SILVERBEES.NS,4590,118.59,544328.1,272.16405,544679.0438500004
2025-09-01,BUY,GOLDBEES.NS,6285,86.61,544343.85,272.171925,63.02192500035744
2025-09-15,SELL,CONSUMBEES.NS,4078,137.35,560113.2999999999,280.05665,559896.2652750002
2025-09-15,BUY,MAFANG.NS,3364,166.34,559567.76,279.78388,48.721395000233315
2025-09-22,SELL,MAFANG.NS,3364,169.89,571509.96,285.75498,571272.9264150002
2025-09-22,BUY,PSUBNKBEES.NS,6944,82.22,570935.6799999999,285.46783999999997,51.77857500023674
2025-09-29,SELL,PSUBNKBEES.NS,6944,82.53,573088.3200000001,286.54416000000003,572853.5544150003
2025-09-29,SELL,AUTOBEES.NS,2061,271.24,559025.64,279.51282000000003,1131599.6815950004
2025-09-29,BUY,MAFANG.NS,3360,168.27,565387.2000000001,282.69360000000006,565929.7879950004
2025-09-29,BUY,MON100.NS,2572,219.83,565402.76,282.70138000000003,244.32661500037648
2025-10-06,SELL,MAFANG.NS,3360,169.23,568612.7999999999,284.3064,568572.8202150003
2025-10-06,BUY,PSUBNKBEES.NS,6686,84.99,568243.14,284.12157,45.558645000332035
2025-10-13,SELL,HNGSNGBEES.NS,1305,529.37,690827.85,345.413925,690527.9947200003
2025-10-13,BUY,BANKBEES.NS,1180,584.58,689804.4,344.9022,378.69252000027336
2025-10-20,SELL,PSUBNKBEES.NS,6686,87.49,584958.14,292.47907000000004,585044.3534500003
2025-10-20,BUY,CONSUMBEES.NS,4171,140.17,584649.07,292.32453499999997,102.95891500031576
2025-10-27,SELL,CONSUMBEES.NS,4171,139.98,583856.58,291.92829,583667.6106250003
2025-10-27,SELL,GOLDBEES.NS,6285,100.14,629379.9,314.68995,1212732.8206750003
2025-10-27,SELL,SILVERBEES.NS,4590,138.85,637321.5,318.66075,1849735.6599250003
2025-10-27,BUY,PSUBNKBEES.NS,6906,89.23,616222.38,308.11119,1233205.1687350003
2025-10-27,BUY,ITBEES.NS,15550,39.63,616246.5,308.12325,616650.5454850004
2025-10-27,BUY,NIFTYBEES.NS,2100,293.35,616035.0,308.0175,307.5279850004008
2025-11-03,SELL,BANKBEES.NS,1180,600.1,708118.0,354.059,708071.4689850004
2025-11-03,SELL,NIFTYBEES.NS,2100,291.35,611835.0,305.9175,1319600.5514850004
2025-11-03,BUY,MAFANG.NS,3742,176.23,659452.6599999999,329.72632999999996,659818.1651550005
2025-11-03,BUY,INFRABEES.NS,666,988.97,658654.02,329.32701000000003,834.8181450004922
2025-11-10,SELL,ITBEES.NS,15550,39.23,610026.5,305.01325,610556.3048950005
2025-11-10,SELL,MON100.NS,2572,239.87,616945.64,308.47282,1227193.4720750004
2025-11-10,SELL,INFRABEES.NS,666,972.36,647591.76,323.79588,1874461.4361950005
2025-11-10,BUY,MOM100.NS,9649,64.72,624483.28,312.24164,1249665.9145550006
2025-11-10,BUY,BANKBEES.NS,1044,598.17,624489.48,312.24474,624864.1898150006
2025-11-10,BUY,DIVOPPBEES.NS,7772,80.35,624480.2,312.2401,71.74971500062384
2025-11-17,SELL,BANKBEES.NS,1044,607.83,634574.52,317.28726,634328.9824550006
2025-11-17,SELL,DIVOPPBEES.NS,7772,81.41,632718.52,316.35926,1266731.1431950005
2025-11-17,SELL,MAFANG.NS,3742,171.13,640368.46,320.18423,1906779.4189650004
2025-11-17,BUY,SILVERBEES.NS,4265,148.92,635143.7999999999,317.57189999999997,1271318.0470650005
2025-11-17,BUY,HNGSNGBEES.NS,1207,525.9,634761.2999999999,317.38064999999995,636239.3664150006
2025-11-17,BUY,PHARMABEES.NS,27148,23.4,635263.2,317.6316,658.5348150007194
2025-11-24,SELL,PHARMABEES.NS,27148,23.03,625218.4400000001,312.60922000000005,625564.3655950008
2025-11-24,SELL,SILVERBEES.NS,4265,147.08,627296.2000000001,313.64810000000006,1252546.9174950009
2025-11-24,SELL,MOM100.NS,9649,64.69,624193.8099999999,312.096905,1876428.6305900007
2025-11-24,SELL,HNGSNGBEES.NS,1207,498.57,601773.99,300.886995,2477901.7335950006
2025-11-24,BUY,ITBEES.NS,15224,40.67,619160.0800000001,309.58004000000005,1858432.0735550006
2025-11-24,BUY,INFRABEES.NS,625,989.55,618468.75,309.234375,1239654.0891800006
2025-11-24,BUY,AUTOBEES.NS,2202,281.1,618982.2000000001,309.4911,620362.3980800005
2025-11-24,BUY,DIVOPPBEES.NS,7644,81.0,619164.0,309.582,888.8160800004844
2025-12-01,SELL,INFRABEES.NS,625,995.78,622362.5,311.18125000000003,622940.1348300005
2025-12-01,SELL,DIVOPPBEES.NS,7644,81.88,625890.72,312.94536,1248517.9094700003
2025-12-01,BUY,SILVERBEES.NS,3753,166.21,623786.13,311.89306500000004,624419.8864050003
2025-12-01,BUY,GOLDBEES.NS,5846,106.72,623885.12,311.94256,222.8238450003555
2025-12-08,SELL,PSUBNKBEES.NS,6906,90.83,627271.98,313.63599,627181.1678550004
2025-12-08,BUY,MAFANG.NS,3560,176.06,626773.6,313.3868,94.1810550004011
2025-12-22,SELL,AUTOBEES.NS,2202,285.55,628781.1,314.39055,628560.8905050004
2025-12-22,SELL,MAFANG.NS,3560,166.86,594021.6000000001,297.0108000000001,1222285.4797050003
2025-12-22,BUY,DIVOPPBEES.NS,7338,83.24,610815.12,305.40756,611164.9521450003
2025-12-22,BUY,NV20BEES.NS,3916,155.96,610739.36,305.36968,120.22246500034817
2026-01-05,SELL,ITBEES.NS,15224,41.51,631948.24,315.97412,631752.4883450003
2026-01-05,SELL,NV20BEES.NS,3916,155.71,609760.36,304.88018,1241207.9681650004
2026-01-05,SELL,GOLDBEES.NS,5846,112.92,660130.3200000001,330.06516000000005,1901008.2230050005
2026-01-05,SELL,DIVOPPBEES.NS,7338,83.54,613016.52,306.50826,2513718.2347450005
2026-01-05,BUY,CPSEETF.NS,6618,94.9,628048.2000000001,314.02410000000003,1885356.0106450003
2026-01-05,BUY,PSUBNKBEES.NS,6456,97.28,628039.68,314.01984000000004,1257002.3108050004
2026-01-05,BUY,AUTOBEES.NS,2115,296.93,628006.9500000001,314.00347500000004,628681.3573300003
2026-01-05,BUY,JUNIORBEES.NS,830,756.12,627579.6,313.7898,787.9675300002564
2026-01-12,SELL,JUNIORBEES.NS,830,738.67,613096.1,306.54805,613577.5194800003
2026-01-12,BUY,GOLDBEES.NS,5252,116.76,613223.52,306.61176,47.38772000023164
2026-01-19,SELL,AUTOBEES.NS,2115,283.55,599708.25,299.854125,599455.7835950003
2026-01-19,BUY,HNGSNGBEES.NS,1096,546.61,599084.56,299.54228000000006,71.68131500016898
2026-01-27,SELL,CPSEETF.NS,6618,93.41,618187.38,309.09369,617949.9676250002
2026-01-27,BUY,MON100.NS,2611,236.53,617579.83,308.789915,61.347710000234656
2026-02-02,SELL,PSUBNKBEES.NS,6456,95.56,616935.36,308.46768,616688.2400300002
2026-02-02,SELL,MON100.NS,2611,225.44,588623.84,294.31192,1205017.76811
2026-02-02,SELL,SILVERBEES.NS,3753,219.94,825434.82,412.71741,2030039.8706999999
2026-02-02,BUY,CPSEETF.NS,7053,95.89,676312.17,338.156085,1353389.5446149998
2026-02-02,BUY,MAFANG.NS,4070,166.17,676311.8999999999,338.15594999999996,676739.4886649998
2026-02-02,BUY,ITBEES.NS,16126,41.94,676324.44,338.16222,76.88644499983639
2026-02-09,SELL,ITBEES.NS,16126,39.29,633590.54,316.79527,633350.6311749999
2026-02-09,SELL,MAFANG.NS,4070,153.26,623768.2,311.8841,1256806.9470749998
2026-02-09,SELL,HNGSNGBEES.NS,1096,545.13,597462.48,298.73124,1853970.695835
2026-02-09,BUY,INFRABEES.NS,623,990.06,616807.38,308.40369,1236854.912145
2026-02-09,BUY,MID150BEES.NS,2685,229.97,617469.45,308.73472499999997,619076.72742
2026-02-09,BUY,BANKBEES.NS,987,625.28,617151.36,308.57568,1616.7917400000151
2026-02-16,SELL,GOLDBEES.NS,5252,126.92,666583.84,333.29192,667867.33982
2026-02-16,SELL,MID150BEES.NS,2685,227.13,609844.0499999999,304.92202499999996,1277406.467795
2026-02-16,BUY,AUTOBEES.NS,2214,288.31,638318.34,319.15917,638768.968625
2026-02-16,BUY,PSUBNKBEES.NS,6179,103.31,638352.49,319.176245,97.30238000000827
2026-02-23,SELL,AUTOBEES.NS,2214,288.59,638938.2599999999,319.46912999999995,638716.0932499999
2026-02-23,BUY,PHARMABEES.NS,27600,23.13,638388.0,319.194,8.899249999900348
2026-03-02,SELL,INFRABEES.NS,623,963.24,600098.52,300.04926,599807.3699899999
2026-03-02,SELL,BANKBEES.NS,987,617.72,609689.64,304.84482,1209192.16517
2026-03-02,BUY,GOLDBEES.NS,4368,138.32,604181.76,302.09088,604708.3142899999
2026-03-02,BUY,AUTOBEES.NS,2133,283.19,604044.27,302.022135,362.0221549998969
2026-03-09,SELL,PSUBNKBEES.NS,6179,98.35,607704.6499999999,303.85232499999995,607762.8198299998
2026-03-09,SELL,AUTOBEES.NS,2133,267.46,570492.1799999999,285.24609,1177969.7537399996
2026-03-09,BUY,MAFANG.NS,3649,161.32,588656.6799999999,294.32833999999997,589018.7453999997
2026-03-09,BUY,SILVERBEES.NS,2383,247.0,588601.0,294.3005,123.44489999965299
2026-03-16,SELL,SILVERBEES.NS,2383,233.48,556382.84,278.19142,556228.0934799996
2026-03-16,BUY,LTGILTBEES.NS,18916,29.39,555941.24,277.97062,8.882859999546781
2026-03-23,SELL,PHARMABEES.NS,27600,22.72,627072.0,313.536,626767.3468599996
2026-03-23,SELL,GOLDBEES.NS,4368,110.72,483624.96,241.81248000000002,1110150.4943799996
2026-03-23,BUY,MON100.NS,2531,219.18,554744.5800000001,277.37229,555128.5420899995
2026-03-23,BUY,LIQUIDBEES.NS,554,1000.0,554000.0,277.0,851.542089999537
2026-03-30,SELL,CPSEETF.NS,7053,100.0,705300.0,352.65000000000003,705798.8920899995
2026-03-30,SELL,LTGILTBEES.NS,18916,28.96,547807.36,273.90368,1253332.3484099996
2026-03-30,BUY,GILT5YBEES.NS,9856,63.55,626348.7999999999,313.1744,626670.3740099997
2026-03-30,BUY,PHARMABEES.NS,27471,22.8,626338.8,313.16940000000005,18.404609999619424
2026-04-06,SELL,PHARMABEES.NS,27471,22.44,616449.24,308.22462,616159.4199899996
2026-04-06,SELL,MAFANG.NS,3649,156.81,572199.6900000001,286.099845,1188073.0101449997
2026-04-06,BUY,ITBEES.NS,17571,33.79,593724.09,296.86204499999997,594052.0580999998
2026-04-06,BUY,CPSEETF.NS,5838,101.7,593724.6,296.8623,30.595799999777228
2026-04-13,SELL,CPSEETF.NS,5838,103.45,603941.1,301.97055,603669.7252499998
2026-04-13,SELL,LIQUIDBEES.NS,554,1000.0,554000.0,277.0,1157392.7252499997
2026-04-13,SELL,GILT5YBEES.NS,9856,64.47,635416.32,317.70815999999996,1792491.3370899996
2026-04-13,SELL,ITBEES.NS,17571,33.86,594954.0599999999,297.47702999999996,2387147.9200599995
2026-04-13,BUY,HNGSNGBEES.NS,1146,520.3,596263.7999999999,298.1319,1790585.9881599995
2026-04-13,BUY,AUTOBEES.NS,2222,268.38,596340.36,298.17018,1193947.4579799995
2026-04-13,BUY,MOMENTUM30.NS,19823,30.09,596474.07,298.237035,597175.1509449995
2026-04-13,BUY,JUNIORBEES.NS,824,723.6,596246.4,298.1232,630.6277449994814
2026-04-20,SELL,MOMENTUM30.NS,19823,30.95,613521.85,306.760925,613845.7168199995
2026-04-20,SELL,AUTOBEES.NS,2222,271.86,604072.92,302.03646000000003,1217616.6003599996
2026-04-20,SELL,HNGSNGBEES.NS,1146,533.91,611860.86,305.93043,1829171.5299299997
2026-04-20,BUY,MAFANG.NS,3464,175.9,609317.6,304.6588,1219549.2711299998
2026-04-20,BUY,MOM100.NS,9474,64.32,609367.6799999999,304.68384,609876.9072899999
2026-04-20,BUY,MID150BEES.NS,2682,227.17,609269.94,304.63496999999995,302.3323199999286
2026-05-11,SELL,JUNIORBEES.NS,824,758.9,625333.6,312.66679999999997,625323.2655199999
2026-05-11,BUY,PHARMABEES.NS,25191,24.81,624988.71,312.494355,22.061164999962784
2026-05-18,SELL,MOM100.NS,9474,65.05,616283.7,308.14185,615997.6193149999
2026-05-18,SELL,MID150BEES.NS,2682,229.57,615706.74,307.85337,1231396.5059449999
2026-05-18,BUY,SILVERBEES.NS,2430,253.16,615178.8,307.5894,615910.1165449998
2026-05-18,BUY,GOLDBEES.NS,4744,129.7,615296.7999999999,307.6484,305.66814499988686
2026-06-01,SELL,PHARMABEES.NS,25191,24.88,626752.08,313.37604,626744.3721049998
2026-06-01,BUY,MOM100.NS,9553,65.57,626390.21,313.195105,40.96699999982957
2026-06-08,SELL,GOLDBEES.NS,4744,124.16,589015.04,294.50752,588761.4994799999
2026-06-08,SELL,MOM100.NS,9553,64.64,617505.92,308.75296000000003,1205958.66652
2026-06-08,SELL,SILVERBEES.NS,2430,227.93,553869.9,276.93495,1759551.63157
2026-06-08,BUY,GILT5YBEES.NS,8996,65.16,586179.36,293.08968,1173079.1818900001
2026-06-08,BUY,PSUBNKBEES.NS,6401,91.58,586203.58,293.10179,586582.5001000002
2026-06-08,BUY,LTGILTBEES.NS,19953,29.38,586219.14,293.10957,70.25053000019398
2026-06-15,SELL,MON100.NS,2531,330.19,835710.89,417.85544500000003,835363.2850850002
2026-06-15,SELL,MAFANG.NS,3464,192.04,665226.5599999999,332.61328,1500257.231805
2026-06-15,BUY,BANKBEES.NS,1271,589.68,749483.2799999999,374.74163999999996,750399.210165
2026-06-15,BUY,AUTOBEES.NS,2699,277.69,749485.3099999999,374.74265499999996,539.1575100001646
2026-06-22,SELL,LTGILTBEES.NS,19953,29.61,590808.33,295.404165,591052.0833450002
2026-06-22,SELL,AUTOBEES.NS,2699,275.16,742656.8400000001,371.32842000000005,1333337.5949250003
2026-06-22,SELL,GILT5YBEES.NS,8996,65.51,589327.9600000001,294.66398000000004,1922370.8909450006
2026-06-22,BUY,JUNIORBEES.NS,813,786.83,639692.79,319.84639500000003,1282358.2545500007
2026-06-22,BUY,CONSUMBEES.NS,4978,128.66,640469.48,320.23474,641568.5398100007
2026-06-22,BUY,MID150BEES.NS,2688,238.23,640362.24,320.18112,886.1186900007306
2026-06-29,SELL,JUNIORBEES.NS,813,772.96,628416.48,314.20824,628988.3904500008
2026-06-29,SELL,MID150BEES.NS,2688,234.25,629664.0,314.832,1258337.5584500008
2026-06-29,BUY,AUTOBEES.NS,2306,272.69,628823.14,314.41157000000004,629200.0068800008
2026-06-29,BUY,PHARMABEES.NS,24280,25.9,628852.0,314.426,33.58088000083808
2026-07-06,SELL,PSUBNKBEES.NS,6401,93.3,597213.2999999999,298.60664999999995,596948.2742300008
2026-07-06,BUY,NIFTYBEES.NS,2150,277.43,596474.5,298.23725,175.5369800007902
2026-07-13,SELL,NIFTYBEES.NS,2150,275.3,591895.0,295.9475,591774.5894800008
2026-07-13,SELL,AUTOBEES.NS,2306,278.85,643028.1000000001,321.51405000000005,1234481.1754300008
2026-07-13,BUY,MID150BEES.NS,2577,239.34,616779.18,308.38959000000006,617393.6058400007
2026-07-13,BUY,MOM100.NS,9072,68.0,616896.0,308.448,189.15784000069834
2026-07-20,SELL,CONSUMBEES.NS,4978,130.7,650624.6,325.3123,650488.4455400007
2026-07-20,SELL,MOM100.NS,9072,67.85,615535.2,307.76759999999996,1265715.8779400005
2026-07-20,SELL,MID150BEES.NS,2577,238.93,615722.61,307.861305,1881130.6266350006
2026-07-20,BUY,ITBEES.NS,19355,32.38,626714.9,313.35745000000003,1254102.3691850007
2026-07-20,BUY,MAFANG.NS,3154,198.67,626605.1799999999,313.30258999999995,627183.8865950007
2026-07-20,BUY,AUTOBEES.NS,2246,279.0,626634.0,313.317,236.5695950007066
2026-07-27,SELL,PHARMABEES.NS,24280,26.72,648761.6,324.3808,648673.7887950006
2026-07-27,SELL,BANKBEES.NS,1271,591.44,751720.2400000001,375.86012000000005,1400018.1686750008
2026-07-27,BUY,HNGSNGBEES.NS,1433,488.21,699604.9299999999,349.802465,700063.4362100009
2026-07-27,BUY,DIVOPPBEES.NS,9030,77.48,699644.4,349.8222,69.21401000081096
