date,action,ticker,units,price,gross,cost,cash_after,entry_price,pct_from_entry
2018-01-01,BUY,MON100.NS,4130,48.4,199892.0,99.946,800008.054,,
2018-01-01,BUY,MOM100.NS,9169,21.8,199884.2,99.94210000000001,600023.9119,,
2018-01-01,BUY,JUNIORBEES.NS,633,315.5,199711.5,99.85575,400212.55614999996,,
2018-01-01,BUY,INFRABEES.NS,537,371.7,199602.9,99.80145,200509.85469999997,,
2018-01-01,BUY,NIFTYBEES.NS,1854,107.81,199879.74,99.93987,530.1748299999745,,
2018-01-08,SELL,MON100.NS,4130,48.0,198240.0,99.12,198671.05482999998,48.4,-0.826
2018-01-08,SELL,MOM100.NS,9169,22.77,208778.13,104.389065,407344.795765,21.8,4.45
2018-01-08,SELL,JUNIORBEES.NS,633,324.59,205465.46999999997,102.73273499999999,612707.5330299999,315.5,2.881
2018-01-08,SELL,INFRABEES.NS,537,379.0,203523.0,101.7615,816128.7715299999,371.7,1.964
2018-01-08,SELL,NIFTYBEES.NS,1854,109.25,202549.5,101.27475,1018576.9967799999,107.81,1.336
2018-01-08,BUY,MON100.NS,4241,48.0,203568.0,101.784,814907.21278,,
2018-01-08,BUY,MOM100.NS,8942,22.77,203609.34,101.80467,611196.0681099999,,
2018-01-08,BUY,JUNIORBEES.NS,627,324.59,203517.93,101.758965,407576.3791449999,,
2018-01-08,BUY,INFRABEES.NS,537,379.0,203523.0,101.7615,203951.6176449999,,
2018-01-08,BUY,CPSEETF.NS,6612,30.79,203583.47999999998,101.79173999999999,266.34590499993647,,
2018-01-22,SELL,MON100.NS,4241,49.59,210311.19,105.155595,210472.38030999995,48.0,3.313
2018-01-22,SELL,MOM100.NS,8942,23.09,206470.78,103.23539,416839.92491999996,22.77,1.405
2018-01-22,SELL,JUNIORBEES.NS,627,320.11,200708.97,100.354485,617448.540435,324.59,-1.38
2018-01-22,SELL,INFRABEES.NS,537,373.73,200693.01,100.34650500000001,818041.20393,379.0,-1.391
2018-01-22,SELL,CPSEETF.NS,6612,30.31,200409.72,100.20486,1018350.71907,30.79,-1.559
2018-01-22,BUY,MON100.NS,4105,49.59,203566.95,101.78347500000001,814681.985595,,
2018-01-22,BUY,MOM100.NS,8816,23.09,203561.44,101.78072,611018.764875,,
2018-01-22,BUY,BANKBEES.NS,742,274.16,203426.72000000003,101.71336000000002,407490.33151499997,,
2018-01-22,BUY,NIFTYBEES.NS,1803,112.88,203522.63999999998,101.76132,203865.930195,,
2018-01-22,BUY,NIF100BEES.NS,1747,116.5,203525.5,101.76275,238.66744499999913,,
2018-02-05,SELL,MON100.NS,4105,49.18,201883.9,100.94195,202021.625495,49.59,-0.827
2018-02-05,SELL,MOM100.NS,8816,22.11,194921.76,97.46088,396845.924615,23.09,-4.244
2018-02-05,SELL,BANKBEES.NS,742,265.34,196882.27999999997,98.44113999999999,593629.7634749999,274.16,-3.217
2018-02-05,SELL,NIFTYBEES.NS,1803,110.29,198852.87000000002,99.42643500000001,792383.20704,112.88,-2.294
2018-02-05,SELL,NIF100BEES.NS,1747,112.16,195943.52,97.97176,988228.75528,116.5,-3.725
2018-02-05,BUY,MON100.NS,4016,49.18,197506.88,98.75344,790623.12184,,
2018-02-05,BUY,GOLDBEES.NS,7268,27.18,197544.24,98.77212,592980.1097200001,,
2018-02-05,BUY,MOM100.NS,8934,22.11,197530.74,98.76537,395350.60435000004,,
2018-02-05,BUY,NIFTYBEES.NS,1791,110.29,197529.39,98.764695,197722.44965500003,,
2018-02-05,BUY,BANKBEES.NS,744,265.34,197412.96,98.70648,210.78317500004778,,
2018-02-12,SELL,MON100.NS,4016,49.84,200157.44,100.07872,200268.14445500006,49.18,1.342
2018-02-12,SELL,GOLDBEES.NS,7268,27.0,196236.0,98.118,396406.02645500004,27.18,-0.662
2018-02-12,SELL,MOM100.NS,8934,22.09,197352.06,98.67603,593659.410425,22.11,-0.09
2018-02-12,SELL,NIFTYBEES.NS,1791,109.14,195469.74,97.73487,789031.4155550001,110.29,-1.043
2018-02-12,SELL,BANKBEES.NS,744,261.59,194622.96,97.31148,983557.0640750001,265.34,-1.413
2018-02-12,BUY,MON100.NS,3944,49.84,196568.96000000002,98.28448000000002,786889.8195950001,,
2018-02-12,BUY,GOLDBEES.NS,7281,27.0,196587.0,98.29350000000001,590204.5260950001,,
2018-02-12,BUY,MOM100.NS,8900,22.09,196601.0,98.3005,393505.2255950001,,
2018-02-12,BUY,DIVOPPBEES.NS,6747,29.14,196607.58000000002,98.30379,196799.34180500006,,
2018-02-12,BUY,LIQUIDBEES.NS,196,1000.0,196000.0,98.0,701.3418050000619,,
2018-02-26,SELL,MON100.NS,3944,51.47,202997.68,101.49884,203597.52296500007,49.84,3.27
2018-02-26,SELL,GOLDBEES.NS,7281,27.46,199936.26,99.96813,403433.8148350001,27.0,1.704
2018-02-26,SELL,MOM100.NS,8900,21.06,187434.0,93.717,590774.0978350001,22.09,-4.663
2018-02-26,SELL,DIVOPPBEES.NS,6747,29.28,197552.16,98.77608000000001,788227.4817550001,29.14,0.48
2018-02-26,SELL,LIQUIDBEES.NS,196,999.99,195998.04,97.99902,984127.5227350001,1000.0,-0.001
2018-02-26,BUY,MON100.NS,3822,51.47,196718.34,98.35917,787310.8235650001,,
2018-02-26,BUY,GOLDBEES.NS,7164,27.46,196723.44,98.36172,590489.0218450001,,
2018-02-26,BUY,DIVOPPBEES.NS,6718,29.28,196703.04,98.35152000000001,393687.6303250001,,
2018-02-26,BUY,LIQUIDBEES.NS,196,999.99,195998.04,97.99902,197591.5913050001,,
2018-02-26,BUY,NIFTYBEES.NS,1798,109.36,196629.28,98.31464,863.9966650001006,,
2018-03-19,SELL,MON100.NS,3822,53.27,203597.94,101.79897,204360.1376950001,51.47,3.497
2018-03-19,SELL,GOLDBEES.NS,7164,27.04,193714.56,96.85728,397977.8404150001,27.46,-1.529
2018-03-19,SELL,DIVOPPBEES.NS,6718,30.0,201540.0,100.77,599417.0704150001,29.28,2.459
2018-03-19,SELL,LIQUIDBEES.NS,196,1000.0,196000.0,98.0,795319.0704150001,999.99,0.001
2018-03-19,SELL,NIFTYBEES.NS,1798,104.77,188376.46,94.18823,983601.3421850001,109.36,-4.197
2018-03-19,BUY,MON100.NS,3691,53.27,196619.57,98.309785,786883.4624000001,,
2018-03-19,BUY,GOLDBEES.NS,7271,27.04,196607.84,98.30392,590177.3184800001,,
2018-03-19,BUY,LIQUIDBEES.NS,196,1000.0,196000.0,98.0,394079.31848000013,,
2018-03-19,BUY,NIFTYBEES.NS,1876,104.77,196548.52,98.27426,197432.52422000014,,
2018-03-19,BUY,BANKBEES.NS,799,245.99,196546.01,98.27300500000001,788.2412150001328,,
2018-03-26,SELL,MON100.NS,3691,52.08,192227.28,96.11364,192919.40757500014,53.27,-2.234
2018-03-26,SELL,GOLDBEES.NS,7271,27.54,200243.34,100.12167,393062.62590500014,27.04,1.849
2018-03-26,SELL,LIQUIDBEES.NS,196,999.99,195998.04,97.99902,588962.6668850002,1000.0,-0.001
2018-03-26,SELL,NIFTYBEES.NS,1876,104.71,196435.96,98.21798,785300.4089050002,104.77,-0.057
2018-03-26,SELL,BANKBEES.NS,799,246.01,196561.99,98.280995,981764.1179100001,245.99,0.008
2018-03-26,BUY,MON100.NS,3768,52.08,196237.44,98.11872,785428.5591900002,,
2018-03-26,BUY,GOLDBEES.NS,7126,27.54,196250.04,98.12502,589080.3941700002,,
2018-03-26,BUY,LIQUIDBEES.NS,196,999.99,195998.04,97.99902,392984.3551500002,,
2018-03-26,BUY,NIFTYBEES.NS,1874,104.71,196226.53999999998,98.11326999999999,196659.7018800002,,
2018-03-26,BUY,JUNIORBEES.NS,675,290.71,196229.25,98.114625,332.3372550002241,,
2018-04-23,SELL,MON100.NS,3768,52.6,198196.80000000002,99.09840000000001,198430.03885500025,52.08,0.998
2018-04-23,SELL,GOLDBEES.NS,7126,28.01,199599.26,99.79963000000001,397929.49922500027,27.54,1.707
2018-04-23,SELL,LIQUIDBEES.NS,196,1000.0,196000.0,98.0,593831.4992250003,999.99,0.001
2018-04-23,SELL,NIFTYBEES.NS,1874,109.47,205146.78,102.57339,798875.7058350003,104.71,4.546
2018-04-23,SELL,JUNIORBEES.NS,675,309.07,208622.25,104.311125,1007393.6447100003,290.71,6.316
2018-04-23,BUY,MON100.NS,3828,52.6,201352.80000000002,100.67640000000002,805940.1683100002,,
2018-04-23,BUY,GOLDBEES.NS,7189,28.01,201363.89,100.68194500000001,604475.5963650002,,
2018-04-23,BUY,JUNIORBEES.NS,651,309.07,201204.57,100.60228500000001,403170.42408000026,,
2018-04-23,BUY,INFRABEES.NS,570,352.95,201181.5,100.59075,201888.33333000026,,
2018-04-23,BUY,NIFTYBEES.NS,1839,109.47,201315.33,100.657665,472.34566500026267,,
2018-04-30,SELL,MON100.NS,3828,50.11,191821.08,95.91054,192197.51512500024,52.6,-4.734
2018-04-30,SELL,GOLDBEES.NS,7189,27.75,199494.75,99.747375,391592.51775000023,28.01,-0.928
2018-04-30,SELL,JUNIORBEES.NS,651,313.8,204283.80000000002,102.1419,595774.1758500002,309.07,1.53
2018-04-30,SELL,INFRABEES.NS,570,357.49,203769.30000000002,101.88465000000001,799441.5912000003,352.95,1.286
2018-04-30,SELL,NIFTYBEES.NS,1839,111.17,204441.63,102.220815,1003781.0003850003,109.47,1.553
2018-04-30,BUY,JUNIORBEES.NS,639,313.8,200518.2,100.2591,803162.5412850003,,
2018-04-30,BUY,NIFTYBEES.NS,1804,111.17,200550.68,100.27534,602511.5859450003,,
2018-04-30,BUY,GOLDBEES.NS,7230,27.75,200632.5,100.31625,401778.76969500026,,
2018-04-30,BUY,BANKBEES.NS,772,259.83,200588.75999999998,100.29437999999999,201089.71531500027,,
2018-04-30,BUY,INFRABEES.NS,561,357.49,200551.89,100.27594500000001,437.5493700002553,,
2018-05-07,SELL,JUNIORBEES.NS,639,305.34,195112.25999999998,97.55613,195452.25324000022,313.8,-2.696
2018-05-07,SELL,NIFTYBEES.NS,1804,110.72,199738.88,99.86944,395091.2638000002,111.17,-0.405
2018-05-07,SELL,GOLDBEES.NS,7230,27.91,201789.3,100.89465,596779.6691500002,27.75,0.577
2018-05-07,SELL,BANKBEES.NS,772,261.4,201800.8,100.90039999999999,798479.5687500002,259.83,0.604
2018-05-07,SELL,INFRABEES.NS,561,351.0,196911.0,98.4555,995292.1132500002,357.49,-1.815
2018-05-07,BUY,BANKBEES.NS,761,261.4,198925.4,99.4627,796267.2505500002,,
2018-05-07,BUY,NIFTYBEES.NS,1796,110.72,198853.12,99.42656,597314.7039900003,,
2018-05-07,BUY,MOM100.NS,9515,20.91,198958.65,99.479325,398256.5746650003,,
2018-05-07,BUY,JUNIORBEES.NS,651,305.34,198776.34,99.38817,199380.84649500033,,
2018-05-07,BUY,GOLDBEES.NS,7128,27.91,198942.48,99.47124000000001,338.8952550003014,,
2018-05-14,SELL,BANKBEES.NS,761,268.39,204244.78999999998,102.122395,204481.56286000027,261.4,2.674
2018-05-14,SELL,NIFTYBEES.NS,1796,111.69,200595.24,100.29762,404976.50524000026,110.72,0.876
2018-05-14,SELL,MOM100.NS,9515,20.7,196960.5,98.48025,601838.5249900003,20.91,-1.004
2018-05-14,SELL,JUNIORBEES.NS,651,298.62,194401.62,97.20081,796142.9441800003,305.34,-2.201
2018-05-14,SELL,GOLDBEES.NS,7128,28.17,200795.76,100.39788,996838.3063000003,27.91,0.932
2018-05-14,BUY,BANKBEES.NS,742,268.39,199145.37999999998,99.57269,797593.3536100003,,
2018-05-14,BUY,NIFTYBEES.NS,1784,111.69,199254.96,99.62747999999999,598238.7661300004,,
2018-05-14,BUY,GOLDBEES.NS,7073,28.17,199246.41,99.623205,398892.73292500037,,
2018-05-14,BUY,MOM100.NS,9626,20.7,199258.19999999998,99.6291,199534.9038250004,,
2018-05-14,BUY,LIQUIDBEES.NS,199,1000.0,199000.0,99.5,435.40382500039414,,
2018-05-21,SELL,BANKBEES.NS,742,260.62,193380.04,96.69002,193718.7538050004,268.39,-2.895
2018-05-21,SELL,NIFTYBEES.NS,1784,109.05,194545.19999999998,97.2726,388166.6812050004,111.69,-2.364
2018-05-21,SELL,GOLDBEES.NS,7073,27.61,195285.53,97.642765,583354.5684400004,28.17,-1.988
2018-05-21,SELL,MOM100.NS,9626,20.35,195889.1,97.94455,779145.7238900005,20.7,-1.691
2018-05-21,SELL,LIQUIDBEES.NS,199,1000.0,199000.0,99.5,978046.2238900005,1000.0,0.0
2018-05-21,BUY,MON100.NS,3538,55.26,195509.88,97.75494,782438.5889500005,,
2018-05-21,BUY,BANKBEES.NS,750,260.62,195465.0,97.7325,586875.8564500004,,
2018-05-21,BUY,NIFTYBEES.NS,1792,109.05,195417.6,97.70880000000001,391360.54765000043,,
2018-05-21,BUY,GOLDBEES.NS,7081,27.61,195506.41,97.75320500000001,195756.38444500044,,
2018-05-21,BUY,LIQUIDBEES.NS,195,1000.0,195000.0,97.5,658.8844450004399,,
2018-05-28,SELL,MON100.NS,3538,55.91,197809.58,98.90478999999999,198369.55965500043,55.26,1.176
2018-05-28,SELL,BANKBEES.NS,750,269.83,202372.5,101.18625,400640.8734050004,260.62,3.534
2018-05-28,SELL,NIFTYBEES.NS,1792,111.05,199001.6,99.5008,599542.9726050005,109.05,1.834
2018-05-28,SELL,GOLDBEES.NS,7081,27.62,195577.22,97.78861,795022.4039950005,27.61,0.036
2018-05-28,SELL,LIQUIDBEES.NS,195,1000.0,195000.0,97.5,989924.9039950005,1000.0,0.0
2018-05-28,BUY,MON100.NS,3539,55.91,197865.49,98.932745,791960.4812500005,,
2018-05-28,BUY,BANKBEES.NS,733,269.83,197785.38999999998,98.89269499999999,594076.1985550006,,
2018-05-28,BUY,PSUBNKBEES.NS,5900,33.54,197886.0,98.943,396091.2555550006,,
2018-05-28,BUY,NIFTYBEES.NS,1781,111.05,197780.05,98.890025,198212.31553000063,,
2018-05-28,BUY,GOLDBEES.NS,7164,27.62,197869.68,98.93484,243.70069000063813,,
2018-06-04,SELL,MON100.NS,3539,55.3,195706.69999999998,97.85334999999999,195852.54734000063,55.91,-1.091
2018-06-04,SELL,BANKBEES.NS,733,267.4,196004.19999999998,98.0021,391758.7452400006,269.83,-0.901
2018-06-04,SELL,PSUBNKBEES.NS,5900,32.08,189272.0,94.636,580936.1092400006,33.54,-4.353
2018-06-04,SELL,NIFTYBEES.NS,1781,110.12,196123.72,98.06186,776961.7673800006,111.05,-0.837
2018-06-04,SELL,GOLDBEES.NS,7164,27.53,197224.92,98.61246000000001,974088.0749200005,27.62,-0.326
2018-06-04,BUY,MON100.NS,3521,55.3,194711.3,97.35565,779279.4192700005,,
2018-06-04,BUY,BANKBEES.NS,728,267.4,194667.19999999998,97.33359999999999,584514.8856700006,,
2018-06-04,BUY,NIFTYBEES.NS,1768,110.12,194692.16,97.34608,389725.3795900006,,
2018-06-04,BUY,PSUBNKBEES.NS,6069,32.08,194693.52,97.34676,194934.51283000063,,
2018-06-04,BUY,LIQUIDBEES.NS,194,1000.0,194000.0,97.0,837.5128300006327,,
2018-06-11,SELL,MON100.NS,3521,56.7,199640.7,99.82035,200378.39248000065,55.3,2.532
2018-06-11,SELL,BANKBEES.NS,728,269.42,196137.76,98.06888000000001,396418.08360000065,267.4,0.755
2018-06-11,SELL,NIFTYBEES.NS,1768,112.25,198458.0,99.229,594776.8546000007,110.12,1.934
2018-06-11,SELL,PSUBNKBEES.NS,6069,33.8,205132.19999999998,102.56609999999999,799806.4885000007,32.08,5.362
2018-06-11,SELL,LIQUIDBEES.NS,194,1000.0,194000.0,97.0,993709.4885000007,1000.0,0.0
2018-06-11,BUY,MON100.NS,3503,56.7,198620.1,99.31005,794990.0784500006,,
2018-06-11,BUY,PSUBNKBEES.NS,5876,33.8,198608.8,99.3044,596281.9740500007,,
2018-06-11,BUY,BANKBEES.NS,737,269.42,198562.54,99.28127,397620.15278000064,,
2018-06-11,BUY,NIFTYBEES.NS,1769,112.25,198570.25,99.28512500000001,198950.61765500065,,
2018-06-11,BUY,GOLDBEES.NS,7205,27.57,198641.85,99.320925,209.4467300006363,,
2018-06-25,SELL,MON100.NS,3503,58.21,203909.63,101.95481500000001,204017.12191500064,56.7,2.663
2018-06-25,SELL,PSUBNKBEES.NS,5876,32.16,188972.15999999997,94.48607999999999,392894.7958350006,33.8,-4.852
2018-06-25,SELL,BANKBEES.NS,737,271.13,199822.81,99.911405,592617.6944300006,269.42,0.635
2018-06-25,SELL,NIFTYBEES.NS,1769,111.84,197844.96,98.92248,790363.7319500006,112.25,-0.365
2018-06-25,SELL,GOLDBEES.NS,7205,27.34,196984.7,98.49235,987249.9396000006,27.57,-0.834
2018-06-25,BUY,MON100.NS,3390,58.21,197331.9,98.66595,789819.3736500007,,
2018-06-25,BUY,BANKBEES.NS,727,271.13,197111.51,98.555755,592609.3078950007,,
2018-06-25,BUY,NIFTYBEES.NS,1764,111.84,197285.76,98.64288,395224.90501500067,,
2018-06-25,BUY,PSUBNKBEES.NS,6136,32.16,197333.75999999998,98.66687999999999,197792.47813500068,,
2018-06-25,BUY,LIQUIDBEES.NS,197,1000.0,197000.0,98.5,693.9781350006815,,
2018-07-02,SELL,MON100.NS,3390,56.14,190314.6,95.1573,190913.4208350007,58.21,-3.556
2018-07-02,SELL,BANKBEES.NS,727,266.26,193571.02,96.78551,384387.6553250007,271.13,-1.796
2018-07-02,SELL,NIFTYBEES.NS,1764,111.0,195804.0,97.902,580093.7533250006,111.84,-0.751
2018-07-02,SELL,PSUBNKBEES.NS,6136,31.05,190522.80000000002,95.26140000000001,770521.2919250007,32.16,-3.451
2018-07-02,SELL,LIQUIDBEES.NS,197,1000.0,197000.0,98.5,967422.7919250007,1000.0,0.0
2018-07-02,BUY,MON100.NS,3444,56.14,193346.16,96.67308,773979.9588450007,,
2018-07-02,BUY,BANKBEES.NS,726,266.26,193304.75999999998,96.65238,580578.5464650007,,
2018-07-02,BUY,NIFTYBEES.NS,1742,111.0,193362.0,96.681,387119.86546500074,,
2018-07-02,BUY,LIQUIDBEES.NS,193,1000.0,193000.0,96.5,194023.36546500074,,
2018-07-02,BUY,GOLDBEES.NS,7125,27.14,193372.5,96.68625,554.1792150007386,,
2018-07-23,SELL,MON100.NS,3444,59.49,204883.56,102.44178,205335.29743500074,56.14,5.967
2018-07-23,SELL,BANKBEES.NS,726,274.01,198931.25999999998,99.46562999999999,404167.09180500073,266.26,2.911
2018-07-23,SELL,NIFTYBEES.NS,1742,115.34,200922.28,100.46114,604988.9106650008,111.0,3.91
2018-07-23,SELL,LIQUIDBEES.NS,193,999.99,192998.07,96.499035,797890.4816300008,1000.0,-0.001
2018-07-23,SELL,GOLDBEES.NS,7125,26.83,191163.75,95.581875,988958.6497550007,27.14,-1.142
2018-07-23,BUY,MON100.NS,3323,59.49,197685.27000000002,98.84263500000002,791174.5371200007,,
2018-07-23,BUY,NIFTYBEES.NS,1714,115.34,197692.76,98.84638000000001,593382.9307400007,,
2018-07-23,BUY,BANKBEES.NS,721,274.01,197561.21,98.780605,395722.9401350007,,
2018-07-23,BUY,LIQUIDBEES.NS,197,999.99,196998.03,98.499015,198626.41112000067,,
2018-07-23,BUY,PSUBNKBEES.NS,6201,31.88,197687.88,98.84394,839.6871800006775,,
2018-07-30,SELL,MON100.NS,3323,60.58,201307.34,100.65367,202046.37351000067,59.49,1.832
2018-07-30,SELL,NIFTYBEES.NS,1714,117.74,201806.36,100.90317999999999,403751.83033000067,115.34,2.081
2018-07-30,SELL,BANKBEES.NS,721,284.0,204764.0,102.382,608413.4483300006,274.01,3.646
2018-07-30,SELL,LIQUIDBEES.NS,197,1000.0,197000.0,98.5,805314.9483300006,999.99,0.001
2018-07-30,SELL,PSUBNKBEES.NS,6201,35.92,222739.92,111.36996,1027943.4983700006,31.88,12.673
2018-07-30,BUY,PSUBNKBEES.NS,5720,35.92,205462.40000000002,102.73120000000002,822378.3671700006,,
2018-07-30,BUY,MON100.NS,3391,60.58,205426.78,102.71339,616848.8737800006,,
2018-07-30,BUY,NIFTYBEES.NS,1745,117.74,205456.3,102.72815,411289.8456300006,,
2018-07-30,BUY,BANKBEES.NS,723,284.0,205332.0,102.666,205855.17963000058,,
2018-07-30,BUY,JUNIORBEES.NS,678,302.7,205230.6,102.6153,521.96433000057,,
2018-08-06,SELL,PSUBNKBEES.NS,5720,36.99,211582.80000000002,105.79140000000001,211998.9729300006,35.92,2.979
2018-08-06,SELL,MON100.NS,3391,58.37,197932.66999999998,98.966335,409832.67659500055,60.58,-3.648
2018-08-06,SELL,NIFTYBEES.NS,1745,118.74,207201.3,103.60065,616930.3759450006,117.74,0.849
2018-08-06,SELL,BANKBEES.NS,723,284.67,205816.41,102.90820500000001,822643.8777400006,284.0,0.236
2018-08-06,SELL,JUNIORBEES.NS,678,307.43,208437.54,104.21877,1030977.1989700006,302.7,1.563
2018-08-06,BUY,PSUBNKBEES.NS,5571,36.99,206071.29,103.035645,824802.8733250006,,
2018-08-06,BUY,NIFTYBEES.NS,1735,118.74,206013.9,103.00695,618685.9663750007,,
2018-08-06,BUY,MOM100.NS,9837,20.95,206085.15,103.042575,412497.77380000066,,
2018-08-06,BUY,JUNIORBEES.NS,670,307.43,205978.1,102.98905,206416.68475000066,,
2018-08-06,BUY,BANKBEES.NS,723,284.67,205816.41,102.90820500000001,497.3665450006374,,
2018-08-20,SELL,PSUBNKBEES.NS,5571,36.44,203007.24,101.50362,203403.10292500062,36.99,-1.487
2018-08-20,SELL,NIFTYBEES.NS,1735,120.27,208668.44999999998,104.33422499999999,411967.2187000006,118.74,1.289
2018-08-20,SELL,MOM100.NS,9837,21.15,208052.55,104.026275,619915.7424250005,20.95,0.955
2018-08-20,SELL,JUNIORBEES.NS,670,311.28,208557.59999999998,104.27879999999999,828369.0636250005,307.43,1.252
2018-08-20,SELL,BANKBEES.NS,723,288.34,208469.81999999998,104.23490999999999,1036734.6487150005,284.67,1.289
2018-08-20,BUY,PSUBNKBEES.NS,5687,36.44,207234.28,103.61714,829396.7515750005,,
2018-08-20,BUY,MOM100.NS,9798,21.15,207227.69999999998,103.61385,622065.4377250005,,
2018-08-20,BUY,NIFTYBEES.NS,1723,120.27,207225.21,103.612605,414736.61512000056,,
2018-08-20,BUY,NIF100BEES.NS,1708,121.3,207180.4,103.5902,207452.62492000055,,
2018-08-20,BUY,BANKBEES.NS,718,288.34,207028.12,103.51406,320.99086000057287,,
2018-08-27,SELL,PSUBNKBEES.NS,5687,36.42,207120.54,103.56027,207337.9705900006,36.44,-0.055
2018-08-27,SELL,MOM100.NS,9798,20.99,205660.02,102.83001,412895.1605800006,21.15,-0.757
2018-08-27,SELL,NIFTYBEES.NS,1723,121.79,209844.17,104.92208500000001,622634.4084950006,120.27,1.264
2018-08-27,SELL,NIF100BEES.NS,1708,122.65,209486.2,104.74310000000001,832015.8653950006,121.3,1.113
2018-08-27,SELL,BANKBEES.NS,718,288.35,207035.30000000002,103.51765000000002,1038947.6477450005,288.34,0.003
2018-08-27,BUY,PSUBNKBEES.NS,5702,36.42,207666.84,103.83342,831176.9743250005,,
2018-08-27,BUY,MOM100.NS,9894,20.99,207675.06,103.83753,623398.0767950006,,
2018-08-27,BUY,JUNIORBEES.NS,655,316.69,207431.95,103.71597500000001,415862.4108200006,,
2018-08-27,BUY,NIFTYBEES.NS,1705,121.79,207651.95,103.82597500000001,208106.63484500055,,
2018-08-27,BUY,NIF100BEES.NS,1693,122.65,207646.45,103.82322500000001,356.36162000053446,,
2018-09-10,SELL,PSUBNKBEES.NS,5702,34.13,194609.26,97.30463,194868.31699000055,36.42,-6.288
2018-09-10,SELL,MOM100.NS,9894,20.34,201243.96,100.62198,396011.65501000057,20.99,-3.097
2018-09-10,SELL,JUNIORBEES.NS,655,308.19,201864.45,100.932225,597775.1727850006,316.69,-2.684
2018-09-10,SELL,NIFTYBEES.NS,1705,119.65,204003.25,102.001625,801676.4211600006,121.79,-1.757
2018-09-10,SELL,NIF100BEES.NS,1693,120.81,204531.33000000002,102.26566500000001,1006105.4854950006,122.65,-1.5
2018-09-10,BUY,NIF100BEES.NS,1664,120.81,201027.84,100.51392,804977.1315750006,,
2018-09-10,BUY,JUNIORBEES.NS,652,308.19,200939.88,100.46994000000001,603936.7816350006,,
2018-09-10,BUY,NIFTYBEES.NS,1680,119.65,201012.0,100.506,402824.2756350006,,
2018-09-10,BUY,INFRABEES.NS,609,330.0,200970.0,100.485,201753.79063500062,,
2018-09-10,BUY,PSUBNKBEES.NS,5892,34.13,201093.96000000002,100.54698000000002,559.2836550005886,,
2018-09-24,SELL,NIF100BEES.NS,1664,116.44,193756.16,96.87808,194218.5655750006,120.81,-3.617
2018-09-24,SELL,JUNIORBEES.NS,652,285.93,186426.36000000002,93.21318000000001,380551.7123950006,308.19,-7.223
2018-09-24,SELL,NIFTYBEES.NS,1680,114.8,192864.0,96.432,573319.2803950006,119.65,-4.053
2018-09-24,SELL,INFRABEES.NS,609,315.0,191835.0,95.9175,765058.3628950006,330.0,-4.545
2018-09-24,SELL,PSUBNKBEES.NS,5892,30.46,179470.32,89.73516000000001,944438.9477350006,34.13,-10.753
2018-09-24,BUY,NIF100BEES.NS,1621,116.44,188749.24,94.37462,755595.3331150006,,
2018-09-24,BUY,CPSEETF.NS,6997,26.98,188779.06,94.38953000000001,566721.8835850006,,
2018-09-24,BUY,GOLDBEES.NS,6905,27.34,188782.7,94.39135,377844.79223500064,,
2018-09-24,BUY,INFRABEES.NS,599,315.0,188685.0,94.3425,189065.44973500064,,
2018-09-24,BUY,LIQUIDBEES.NS,188,1000.0,188000.0,94.0,971.4497350006422,,
2018-10-01,SELL,NIF100BEES.NS,1621,115.39,187047.19,93.523595,187925.11614000064,116.44,-0.902
2018-10-01,SELL,CPSEETF.NS,6997,26.96,188639.12,94.31956,376469.91658000066,26.98,-0.074
2018-10-01,SELL,GOLDBEES.NS,6905,27.17,187608.85,93.80442500000001,563984.9621550007,27.34,-0.622
2018-10-01,SELL,INFRABEES.NS,599,301.45,180568.55,90.284275,744463.2278800006,315.0,-4.302
2018-10-01,SELL,LIQUIDBEES.NS,188,999.99,187998.12,93.99906,932367.3488200007,1000.0,-0.001
2018-10-01,BUY,GOLDBEES.NS,6859,27.17,186359.03,93.179515,745915.1393050007,,
2018-10-01,BUY,LIQUIDBEES.NS,186,999.99,185998.14,92.99907,559824.0002350006,,
2018-10-01,BUY,CPSEETF.NS,6913,26.96,186374.48,93.18724,373356.33299500064,,
2018-10-01,BUY,NIFTYBEES.NS,1621,114.96,186350.16,93.17508000000001,186912.99791500065,,
2018-10-01,BUY,NIF100BEES.NS,1615,115.39,186354.85,93.177425,464.97049000064726,,
2018-10-08,SELL,GOLDBEES.NS,6859,27.74,190268.66,95.13433,190638.49616000065,27.17,2.098
2018-10-08,SELL,LIQUIDBEES.NS,186,1000.0,186000.0,93.0,376545.4961600007,999.99,0.001
2018-10-08,SELL,CPSEETF.NS,6913,24.04,166188.52,83.09425999999999,542650.9219000007,26.96,-10.831
2018-10-08,SELL,NIFTYBEES.NS,1621,108.05,175149.05,87.574525,717712.3973750006,114.96,-6.011
2018-10-08,SELL,NIF100BEES.NS,1615,107.0,172805.0,86.4025,890430.9948750007,115.39,-7.271
2018-10-08,BUY,GOLDBEES.NS,6416,27.74,177979.84,88.98992,712362.1649550006,,
2018-10-08,BUY,LIQUIDBEES.NS,177,1000.0,177000.0,88.5,535273.6649550006,,
2018-10-08,BUY,MOM100.NS,9626,18.49,177984.74,88.99237,357199.93258500064,,
2018-10-08,BUY,NIF100BEES.NS,1663,107.0,177941.0,88.9705,179169.96208500065,,
2018-10-08,BUY,NIFTYBEES.NS,1647,108.05,177958.35,88.979175,1122.632910000655,,
2018-10-15,SELL,GOLDBEES.NS,6416,28.5,182856.0,91.428,183887.20491000064,27.74,2.74
2018-10-15,SELL,LIQUIDBEES.NS,177,1000.0,177000.0,88.5,360798.70491000067,1000.0,0.0
2018-10-15,SELL,MOM100.NS,9626,18.8,180968.80000000002,90.48440000000001,541677.0205100006,18.49,1.677
2018-10-15,SELL,NIF100BEES.NS,1663,110.09,183079.67,91.53983500000001,724665.1506750006,107.0,2.888
2018-10-15,SELL,NIFTYBEES.NS,1647,109.99,181153.53,90.576765,905728.1039100006,108.05,1.795
2018-10-15,BUY,GOLDBEES.NS,6352,28.5,181032.0,90.516,724605.5879100007,,
2018-10-15,BUY,LIQUIDBEES.NS,181,1000.0,181000.0,90.5,543515.0879100007,,
2018-10-15,BUY,CPSEETF.NS,7153,25.31,181042.43,90.521215,362382.1366950007,,
2018-10-15,BUY,BANKBEES.NS,699,258.71,180838.28999999998,90.41914499999999,181453.42755000072,,
2018-10-15,BUY,NIF100BEES.NS,1644,110.09,180987.96,90.49398,374.9735700007295,,
2018-10-22,SELL,GOLDBEES.NS,6352,28.36,180142.72,90.07136,180427.62221000073,28.5,-0.491
2018-10-22,SELL,LIQUIDBEES.NS,181,1000.0,181000.0,90.5,361337.12221000076,1000.0,0.0
2018-10-22,SELL,CPSEETF.NS,7153,24.73,176893.69,88.446845,538142.3653650008,25.31,-2.292
2018-10-22,SELL,BANKBEES.NS,699,255.15,178349.85,89.174925,716403.0404400008,258.71,-1.376
2018-10-22,SELL,NIF100BEES.NS,1644,108.47,178324.68,89.16234,894638.5581000008,110.09,-1.472
2018-10-22,BUY,GOLDBEES.NS,6306,28.36,178838.16,89.41908000000001,715710.9790200009,,
2018-10-22,BUY,LIQUIDBEES.NS,178,1000.0,178000.0,89.0,537621.9790200009,,
2018-10-22,BUY,MOM100.NS,9363,19.1,178833.30000000002,89.41665,358699.2623700009,,
2018-10-22,BUY,CPSEETF.NS,7231,24.73,178822.63,89.411315,179787.22105500087,,
2018-10-22,BUY,BANKBEES.NS,700,255.15,178605.0,89.3025,1092.9185550008842,,
2018-10-29,SELL,GOLDBEES.NS,6306,28.35,178775.1,89.38755,179778.63100500088,28.36,-0.035
2018-10-29,SELL,LIQUIDBEES.NS,178,999.99,177998.22,88.99911,357687.8518950009,1000.0,-0.001
2018-10-29,SELL,MOM100.NS,9363,18.95,177428.85,88.714425,535027.9874700009,19.1,-0.785
2018-10-29,SELL,CPSEETF.NS,7231,25.27,182727.37,91.363685,717663.9937850009,24.73,2.184
2018-10-29,SELL,BANKBEES.NS,700,254.27,177989.0,88.9945,895563.9992850008,255.15,-0.345
2018-10-29,BUY,GOLDBEES.NS,6314,28.35,179001.90000000002,89.50095000000002,716472.5983350008,,
2018-10-29,BUY,LIQUIDBEES.NS,179,999.99,178998.21,89.499105,537384.8892300008,,
2018-10-29,BUY,MOM100.NS,9447,18.95,179020.65,89.510325,358274.7289050008,,
2018-10-29,BUY,CPSEETF.NS,7084,25.27,179012.68,89.50634,179172.5425650008,,
2018-10-29,BUY,INFRABEES.NS,600,298.1,178860.0,89.43,223.11256500080344,,
2018-11-05,SELL,GOLDBEES.NS,6314,28.44,179570.16,89.78508000000001,179703.4874850008,28.35,0.317
2018-11-05,SELL,LIQUIDBEES.NS,179,999.99,178998.21,89.499105,358612.1983800008,999.99,0.0
2018-11-05,SELL,MOM100.NS,9447,19.44,183649.68000000002,91.82484000000001,542170.0535400008,18.95,2.586
2018-11-05,SELL,CPSEETF.NS,7084,24.92,176533.28,88.26664,718615.0669000008,25.27,-1.385
2018-11-05,SELL,INFRABEES.NS,600,311.7,187020.0,93.51,905541.5569000008,298.1,4.562
2018-11-05,BUY,GOLDBEES.NS,6364,28.44,180992.16,90.49608,724458.9008200008,,
2018-11-05,BUY,INFRABEES.NS,580,311.7,180786.0,90.393,543582.5078200008,,
2018-11-05,BUY,LIQUIDBEES.NS,181,999.99,180998.19,90.499095,362493.8187250007,,
2018-11-05,BUY,PSUBNKBEES.NS,5447,33.23,181003.80999999997,90.50190499999998,181399.50682000074,,
2018-11-05,BUY,BANKBEES.NS,689,262.42,180807.38,90.40369,501.7231300007261,,
2018-11-12,SELL,GOLDBEES.NS,6364,27.7,176282.8,88.14139999999999,176696.38173000072,28.44,-2.602
2018-11-12,SELL,INFRABEES.NS,580,311.0,180380.0,90.19,356986.1917300007,311.7,-0.225
2018-11-12,SELL,LIQUIDBEES.NS,181,1000.0,181000.0,90.5,537895.6917300008,999.99,0.001
2018-11-12,SELL,PSUBNKBEES.NS,5447,31.78,173105.66,86.55283,710914.7989000008,33.23,-4.364
2018-11-12,SELL,BANKBEES.NS,689,260.83,179711.87,89.855935,890536.8129650007,262.42,-0.606
2018-11-12,BUY,GOLDBEES.NS,6426,27.7,178000.19999999998,89.00009999999999,712447.6128650007,,
2018-11-12,BUY,MOM100.NS,9036,19.7,178009.19999999998,89.0046,534349.4082650008,,
2018-11-12,BUY,INFRABEES.NS,572,311.0,177892.0,88.946,356368.4622650008,,
2018-11-12,BUY,LIQUIDBEES.NS,178,1000.0,178000.0,89.0,178279.4622650008,,
2018-11-12,BUY,PSUBNKBEES.NS,5601,31.78,177999.78,88.99989000000001,190.68237500078976,,
2018-11-19,SELL,GOLDBEES.NS,6426,27.53,176907.78,88.45389,177010.00848500078,27.7,-0.614
2018-11-19,SELL,MOM100.NS,9036,19.21,173581.56,86.79078,350504.7777050008,19.7,-2.487
2018-11-19,SELL,INFRABEES.NS,572,323.01,184761.72,92.38086,535174.1168450008,311.0,3.862
2018-11-19,SELL,LIQUIDBEES.NS,178,1000.0,178000.0,89.0,713085.1168450008,1000.0,0.0
2018-11-19,SELL,PSUBNKBEES.NS,5601,33.26,186289.25999999998,93.14462999999999,899281.2322150008,31.78,4.657
2018-11-19,BUY,PSUBNKBEES.NS,5404,33.26,179737.03999999998,89.86851999999999,719454.3236950008,,
2018-11-19,BUY,INFRABEES.NS,556,323.01,179593.56,89.79678,539770.9669150008,,
2018-11-19,BUY,BANKBEES.NS,668,268.78,179545.03999999998,89.77251999999999,360136.15439500083,,
2018-11-19,BUY,LIQUIDBEES.NS,179,1000.0,179000.0,89.5,181046.65439500083,,
2018-11-19,BUY,GOLDBEES.NS,6529,27.53,179743.37,89.871685,1213.4127100008482,,
2018-12-03,SELL,PSUBNKBEES.NS,5404,32.6,176170.4,88.0852,177295.72751000084,33.26,-1.984
2018-12-03,SELL,INFRABEES.NS,556,320.68,178298.08000000002,89.14904000000001,355504.65847000084,323.01,-0.721
2018-12-03,SELL,BANKBEES.NS,668,273.97,183011.96000000002,91.50598000000001,538425.1124900009,268.78,1.931
2018-12-03,SELL,LIQUIDBEES.NS,179,999.99,178998.21,89.499105,717333.8233850009,1000.0,-0.001
2018-12-03,SELL,GOLDBEES.NS,6529,27.26,177980.54,88.99027000000001,895225.3731150009,27.53,-0.981
2018-12-03,BUY,BANKBEES.NS,653,273.97,178902.41,89.451205,716233.5119100009,,
2018-12-03,BUY,INFRABEES.NS,558,320.68,178939.44,89.46972000000001,537204.6021900009,,
2018-12-03,BUY,PSUBNKBEES.NS,5489,32.6,178941.4,89.4707,358173.73149000097,,
2018-12-03,BUY,NIFTYBEES.NS,1572,113.8,178893.6,89.44680000000001,179190.68469000096,,
2018-12-03,BUY,JUNIORBEES.NS,627,285.12,178770.24,89.38512,331.0595700009726,,
2018-12-10,SELL,BANKBEES.NS,653,266.32,173906.96,86.95348,174151.06609000097,273.97,-2.792
2018-12-10,SELL,INFRABEES.NS,558,306.22,170870.76,85.43538000000001,344936.390710001,320.68,-4.509
2018-12-10,SELL,PSUBNKBEES.NS,5489,31.19,171201.91,85.600955,516052.699755001,32.6,-4.325
2018-12-10,SELL,NIFTYBEES.NS,1572,109.88,172731.36,86.36568,688697.6940750009,113.8,-3.445
2018-12-10,SELL,JUNIORBEES.NS,627,272.71,170989.16999999998,85.494585,859601.3694900009,285.12,-4.353
2018-12-10,BUY,BANKBEES.NS,645,266.32,171776.4,85.8882,687739.0812900009,,
2018-12-10,BUY,INFRABEES.NS,561,306.22,171789.42,85.89471,515863.7665800009,,
2018-12-10,BUY,NIFTYBEES.NS,1563,109.88,171742.44,85.87122000000001,344035.45536000095,,
2018-12-10,BUY,LIQUIDBEES.NS,171,1000.0,171000.0,85.5,172949.95536000095,,
2018-12-10,BUY,GOLDBEES.NS,6115,28.1,171831.5,85.91575,1032.5396100009675,,
2018-12-17,SELL,BANKBEES.NS,645,274.48,177039.6,88.5198,177983.61981000096,266.32,3.064
2018-12-17,SELL,INFRABEES.NS,561,316.23,177405.03,88.702515,355299.94729500095,306.22,3.269
2018-12-17,SELL,NIFTYBEES.NS,1563,113.64,177619.32,88.80966000000001,532830.4576350009,109.88,3.422
2018-12-17,SELL,LIQUIDBEES.NS,171,1000.0,171000.0,85.5,703744.9576350009,1000.0,0.0
2018-12-17,SELL,GOLDBEES.NS,6115,27.82,170119.3,85.05964999999999,873779.1979850009,28.1,-0.996
2018-12-17,BUY,PSUBNKBEES.NS,5317,32.85,174663.45,87.331725,699028.4162600009,,
2018-12-17,BUY,BANKBEES.NS,636,274.48,174569.28,87.28464,524371.8516200009,,
2018-12-17,BUY,JUNIORBEES.NS,606,288.14,174612.84,87.30642,349671.7052000009,,
2018-12-17,BUY,INFRABEES.NS,552,316.23,174558.96000000002,87.27948,175025.46572000088,,
2018-12-17,BUY,NIFTYBEES.NS,1537,113.64,174664.68,87.33234,273.45338000089396,,
2019-01-14,SELL,PSUBNKBEES.NS,5317,34.79,184978.43,92.489215,185159.39416500088,32.85,5.906
2019-01-14,SELL,BANKBEES.NS,636,277.95,176776.19999999998,88.3881,361847.20606500085,274.48,1.264
2019-01-14,SELL,JUNIORBEES.NS,606,283.94,172067.63999999998,86.03381999999999,533828.8122450009,288.14,-1.458
2019-01-14,SELL,INFRABEES.NS,552,316.25,174570.0,87.285,708311.5272450008,316.23,0.006
2019-01-14,SELL,NIFTYBEES.NS,1537,112.17,172405.29,86.202645,880630.6146000008,113.64,-1.294
2019-01-14,BUY,PSUBNKBEES.NS,5060,34.79,176037.4,88.0187,704505.1959000009,,
2019-01-14,BUY,BANKBEES.NS,633,277.95,175942.35,87.971175,528474.8747250008,,
2019-01-14,BUY,GOLDBEES.NS,6153,28.61,176037.33,88.018665,352349.5260600008,,
2019-01-14,BUY,INFRABEES.NS,556,316.25,175835.0,87.9175,176426.6085600008,,
2019-01-14,BUY,JUNIORBEES.NS,619,283.94,175758.86,87.87943,579.8691300008213,,
2019-01-21,SELL,PSUBNKBEES.NS,5060,33.78,170926.80000000002,85.46340000000001,171421.20573000083,34.79,-2.903
2019-01-21,SELL,BANKBEES.NS,633,279.61,176993.13,88.496565,348325.8391650008,277.95,0.597
2019-01-21,SELL,GOLDBEES.NS,6153,28.58,175852.74,87.92636999999999,524090.6527950008,28.61,-0.105
2019-01-21,SELL,INFRABEES.NS,556,312.97,174011.32,87.00566,698014.9671350009,316.25,-1.037
2019-01-21,SELL,JUNIORBEES.NS,619,282.05,174588.95,87.294475,872516.6226600008,283.94,-0.666
2019-01-21,BUY,PSUBNKBEES.NS,5163,33.78,174406.14,87.20307000000001,698023.2795900009,,
2019-01-21,BUY,BANKBEES.NS,623,279.61,174197.03,87.098515,523739.1510750009,,
2019-01-21,BUY,GOLDBEES.NS,6102,28.58,174395.16,87.19758,349256.79349500086,,
2019-01-21,BUY,NIFTYBEES.NS,1523,114.48,174353.04,87.17652000000001,174816.57697500085,,
2019-01-21,BUY,JUNIORBEES.NS,618,282.05,174306.9,87.15344999999999,422.5235250008409,,
2019-01-28,SELL,PSUBNKBEES.NS,5163,32.05,165474.15,82.737075,165813.93645000082,33.78,-5.121
2019-01-28,SELL,BANKBEES.NS,623,271.08,168882.84,84.44142,334612.33503000083,279.61,-3.051
2019-01-28,SELL,GOLDBEES.NS,6102,28.98,176835.96,88.41798,511359.8770500008,28.58,1.4
2019-01-28,SELL,NIFTYBEES.NS,1523,111.78,170240.94,85.12047,681515.6965800008,114.48,-2.358
2019-01-28,SELL,JUNIORBEES.NS,618,271.88,168021.84,84.01092,849453.5256600007,282.05,-3.606
2019-01-28,BUY,GOLDBEES.NS,5859,28.98,169793.82,84.89691,679574.8087500008,,
2019-01-28,BUY,BANKBEES.NS,626,271.08,169696.08,84.84804,509793.88071000075,,
2019-01-28,BUY,NIFTYBEES.NS,1519,111.78,169793.82,84.89691,339915.16380000074,,
2019-01-28,BUY,LIQUIDBEES.NS,169,999.99,168998.31,84.499155,170832.35464500074,,
2019-01-28,BUY,MON100.NS,3671,46.25,169783.75,84.891875,963.7127700007404,,
2019-02-11,SELL,GOLDBEES.NS,5859,29.3,171668.7,85.83435,172546.57842000076,28.98,1.104
2019-02-11,SELL,BANKBEES.NS,626,276.94,173364.44,86.68222,345824.3362000008,271.08,2.162
2019-02-11,SELL,NIFTYBEES.NS,1519,114.22,173500.18,86.75009,519237.7661100008,111.78,2.183
2019-02-11,SELL,LIQUIDBEES.NS,169,999.99,168998.31,84.499155,688151.5769550008,999.99,0.0
2019-02-11,SELL,MON100.NS,3671,48.8,179144.8,89.5724,867206.8045550007,46.25,5.514
2019-02-11,BUY,MON100.NS,3552,48.8,173337.59999999998,86.66879999999999,693782.5357550008,,
2019-02-11,BUY,GOLDBEES.NS,5916,29.3,173338.80000000002,86.66940000000001,520357.0663550007,,
2019-02-11,BUY,NIFTYBEES.NS,1517,114.22,173271.74,86.63587,346998.6904850007,,
2019-02-11,BUY,NIF100BEES.NS,1526,113.55,173277.3,86.63865,173634.75183500073,,
2019-02-11,BUY,BANKBEES.NS,625,276.94,173087.5,86.54375,460.7080850007187,,
2019-02-18,SELL,MON100.NS,3552,49.98,177528.96,88.76447999999999,177900.9036050007,48.8,2.418
2019-02-18,SELL,GOLDBEES.NS,5916,29.7,175705.19999999998,87.8526,353518.25100500067,29.3,1.365
2019-02-18,SELL,NIFTYBEES.NS,1517,111.67,169403.39,84.70169500000002,522836.9393100007,114.22,-2.233
2019-02-18,SELL,NIF100BEES.NS,1526,111.13,169584.38,84.79219,692336.5271200007,113.55,-2.131
2019-02-18,SELL,BANKBEES.NS,625,271.81,169881.25,84.940625,862132.8364950006,276.94,-1.852
2019-02-18,BUY,MON100.NS,3448,49.98,172331.03999999998,86.16551999999999,689715.6309750007,,
2019-02-18,BUY,GOLDBEES.NS,5802,29.7,172319.4,86.1597,517310.0712750007,,
2019-02-18,BUY,LIQUIDBEES.NS,172,999.99,171998.28,85.99914,345225.7921350007,,
2019-02-18,BUY,NIFTYBEES.NS,1543,111.67,172306.81,86.153405,172832.8287300007,,
2019-02-18,BUY,BANKBEES.NS,634,271.81,172327.54,86.16377,419.12496000068495,,
2019-02-25,SELL,MON100.NS,3448,49.97,172296.56,86.14828,172629.5366800007,49.98,-0.02
2019-02-25,SELL,GOLDBEES.NS,5802,29.57,171565.14,85.78257,344108.8941100007,29.7,-0.438
2019-02-25,SELL,LIQUIDBEES.NS,172,999.99,171998.28,85.99914,516021.1749700007,999.99,0.0
2019-02-25,SELL,NIFTYBEES.NS,1543,113.65,175361.95,87.680975,691295.4439950007,111.67,1.773
2019-02-25,SELL,BANKBEES.NS,634,275.94,174945.96,87.47297999999999,866153.9310150007,271.81,1.519
2019-02-25,BUY,MON100.NS,3464,49.97,173096.08,86.54804,692971.3029750007,,
2019-02-25,BUY,GOLDBEES.NS,5855,29.57,173132.35,86.566175,519752.3868000007,,
2019-02-25,BUY,CPSEETF.NS,7290,23.75,173137.5,86.56875000000001,346528.3180500007,,
2019-02-25,BUY,LIQUIDBEES.NS,173,999.99,172998.27,86.499135,173443.54891500072,,
2019-02-25,BUY,DIVOPPBEES.NS,5997,28.87,173133.39,86.56669500000001,223.59222000071895,,
2019-03-05,SELL,MON100.NS,3464,50.08,173477.12,86.73855999999999,173613.97366000072,49.97,0.22
2019-03-05,SELL,GOLDBEES.NS,5855,28.48,166750.4,83.37519999999999,340280.99846000073,29.57,-3.686
2019-03-05,SELL,CPSEETF.NS,7290,25.76,187790.40000000002,93.89520000000002,527977.5032600007,23.75,8.463
2019-03-05,SELL,LIQUIDBEES.NS,173,999.99,172998.27,86.499135,700889.2741250007,999.99,0.0
2019-03-05,SELL,DIVOPPBEES.NS,5997,29.48,176791.56,88.39578,877592.4383450007,28.87,2.113
2019-03-05,BUY,MON100.NS,3503,50.08,175430.24,87.71512,702074.4832250008,,
2019-03-05,BUY,CPSEETF.NS,6810,25.76,175425.6,87.7128,526561.1704250008,,
2019-03-05,BUY,GOLDBEES.NS,6159,28.48,175408.32,87.70416,351065.1462650008,,
2019-03-05,BUY,DIVOPPBEES.NS,5950,29.48,175406.0,87.703,175571.4432650008,,
2019-03-05,BUY,NIFTYBEES.NS,1526,114.89,175322.14,87.66107000000001,161.64219500077888,,
2019-03-11,SELL,MON100.NS,3503,48.74,170736.22,85.36811,170812.49408500077,50.08,-2.676
2019-03-11,SELL,CPSEETF.NS,6810,25.91,176447.1,88.22355,347171.3705350008,25.76,0.582
2019-03-11,SELL,GOLDBEES.NS,6159,28.5,175531.5,87.76575,522615.1047850008,28.48,0.07
2019-03-11,SELL,DIVOPPBEES.NS,5950,30.0,178500.0,89.25,701025.8547850008,29.48,1.764
2019-03-11,SELL,NIFTYBEES.NS,1526,117.23,178892.98,89.44649000000001,879829.3882950008,114.89,2.037
2019-03-11,BUY,CPSEETF.NS,6788,25.91,175877.08,87.93853999999999,703864.3697550008,,
2019-03-11,BUY,MON100.NS,3608,48.74,175853.92,87.92696000000001,527922.5227950008,,
2019-03-11,BUY,DIVOPPBEES.NS,5862,30.0,175860.0,87.93,351974.5927950008,,
2019-03-11,BUY,NIFTYBEES.NS,1500,117.23,175845.0,87.9225,176041.67029500083,,
2019-03-11,BUY,NIF100BEES.NS,1506,116.74,175810.44,87.90522,143.32507500084466,,
2019-03-18,SELL,CPSEETF.NS,6788,26.79,181850.52,90.92526,181902.91981500085,25.91,3.396
2019-03-18,SELL,MON100.NS,3608,49.32,177946.56,88.97328,359760.50653500087,48.74,1.19
2019-03-18,SELL,DIVOPPBEES.NS,5862,30.05,176153.1,88.07655000000001,535825.5299850008,30.0,0.167
2019-03-18,SELL,NIFTYBEES.NS,1500,119.99,179985.0,89.9925,715720.5374850009,117.23,2.354
2019-03-18,SELL,NIF100BEES.NS,1506,118.5,178461.0,89.2305,894092.3069850008,116.74,1.508
2019-03-18,BUY,CPSEETF.NS,6671,26.79,178716.09,89.358045,715286.8589400009,,
2019-03-18,BUY,BANKBEES.NS,596,299.88,178728.48,89.36424000000001,536469.0147000009,,
2019-03-18,BUY,INFRABEES.NS,548,325.88,178582.24,89.29111999999999,357797.4835800009,,
2019-03-18,BUY,NIFTYBEES.NS,1489,119.99,178665.11,89.332555,179043.0410250009,,
2019-03-18,BUY,PSUBNKBEES.NS,5204,34.34,178705.36000000002,89.35268,248.32834500086028,,
2019-03-25,SELL,CPSEETF.NS,6671,27.18,181317.78,90.65889,181475.44945500087,26.79,1.456
2019-03-25,SELL,BANKBEES.NS,596,298.53,177923.87999999998,88.96193999999998,359310.36751500086,299.88,-0.45
2019-03-25,SELL,INFRABEES.NS,548,326.42,178878.16,89.43908,538099.0884350009,325.88,0.166
2019-03-25,SELL,NIFTYBEES.NS,1489,118.81,176908.09,88.454045,714918.7243900008,119.99,-0.983
2019-03-25,SELL,PSUBNKBEES.NS,5204,34.11,177508.44,88.75422,892338.4101700007,34.34,-0.67
2019-03-25,BUY,CPSEETF.NS,6562,27.18,178355.16,89.17758,713894.0725900007,,
2019-03-25,BUY,BANKBEES.NS,597,298.53,178222.40999999997,89.11120499999998,535582.5513850007,,
2019-03-25,BUY,INFRABEES.NS,546,326.42,178225.32,89.11266,357268.11872500065,,
2019-03-25,BUY,PSUBNKBEES.NS,5229,34.11,178361.19,89.180595,178817.74813000063,,
2019-03-25,BUY,MON100.NS,3603,49.5,178348.5,89.17425,380.073880000622,,
2019-04-01,SELL,CPSEETF.NS,6562,26.98,177042.76,88.52138000000001,177334.31250000064,27.18,-0.736
2019-04-01,SELL,BANKBEES.NS,597,309.63,184849.11,92.424555,362090.99794500065,298.53,3.718
2019-04-01,SELL,INFRABEES.NS,546,330.25,180316.5,90.15825,542317.3396950007,326.42,1.173
2019-04-01,SELL,PSUBNKBEES.NS,5229,37.14,194205.06,97.10253,736425.2971650007,34.11,8.883
2019-04-01,SELL,MON100.NS,3603,50.51,181987.53,90.993765,918321.8334000007,49.5,2.04
2019-04-01,BUY,CPSEETF.NS,6804,26.98,183571.92,91.78596,734658.1274400007,,
2019-04-01,BUY,PSUBNKBEES.NS,4942,37.14,183545.88,91.77294,551020.4745000007,,
2019-04-01,BUY,BANKBEES.NS,592,309.63,183300.96,91.65048,367627.8640200007,,
2019-04-01,BUY,INFRABEES.NS,555,330.25,183288.75,91.644375,184247.46964500067,,
2019-04-01,BUY,NIFTYBEES.NS,1503,122.08,183486.24,91.74311999999999,669.4865250006842,,
2019-04-15,SELL,CPSEETF.NS,6804,27.22,185204.88,92.60244,185781.7640850007,26.98,0.89
2019-04-15,SELL,PSUBNKBEES.NS,4942,36.46,180185.32,90.09266000000001,365876.9914250007,37.14,-1.831
2019-04-15,SELL,BANKBEES.NS,592,306.35,181359.2,90.67960000000001,547145.5118250008,309.63,-1.059
2019-04-15,SELL,INFRABEES.NS,555,328.43,182278.65,91.139325,729333.0225000008,330.25,-0.551
2019-04-15,SELL,NIFTYBEES.NS,1503,122.88,184688.63999999998,92.34432,913929.3181800008,122.08,0.655
2019-04-15,BUY,PSUBNKBEES.NS,5010,36.46,182664.6,91.3323,731173.3858800008,,
2019-04-15,BUY,CPSEETF.NS,6711,27.22,182673.41999999998,91.33671,548408.6291700008,,
2019-04-15,BUY,BANKBEES.NS,596,306.35,182584.6,91.29230000000001,365732.7368700008,,
2019-04-15,BUY,NIFTYBEES.NS,1486,122.88,182599.68,91.29984,183041.7570300008,,
2019-04-15,BUY,MON100.NS,3498,52.22,182665.56,91.33278,284.8642500007991,,
2019-04-22,SELL,PSUBNKBEES.NS,5010,34.64,173546.4,86.7732,173744.4910500008,36.46,-4.992
2019-04-22,SELL,CPSEETF.NS,6711,26.91,180593.01,90.29650500000001,354247.2045450008,27.22,-1.139
2019-04-22,SELL,BANKBEES.NS,596,302.02,180003.91999999998,90.00196,534161.1225850008,306.35,-1.413
2019-04-22,SELL,NIFTYBEES.NS,1486,121.87,181098.82,90.54941000000001,715169.3931750008,122.88,-0.822
2019-04-22,SELL,MON100.NS,3498,53.06,185603.88,92.80194,900680.4712350008,52.22,1.609
2019-04-22,BUY,CPSEETF.NS,6690,26.91,180027.9,90.01395,720562.5572850008,,
2019-04-22,BUY,BANKBEES.NS,596,302.02,180003.91999999998,90.00196,540468.6353250009,,
2019-04-22,BUY,PSUBNKBEES.NS,5197,34.64,180024.08000000002,90.01204000000001,360354.54328500084,,
2019-04-22,BUY,NIF100BEES.NS,1485,121.2,179982.0,89.991,180282.55228500083,,
2019-04-22,BUY,NIFTYBEES.NS,1477,121.87,180001.99000000002,90.00099500000002,190.56129000079818,,
2019-04-30,SELL,CPSEETF.NS,6690,27.5,183975.0,91.9875,184073.5737900008,26.91,2.192
2019-04-30,SELL,BANKBEES.NS,596,302.63,180367.48,90.18374,364350.87005000084,302.02,0.202
2019-04-30,SELL,PSUBNKBEES.NS,5197,33.62,174723.13999999998,87.36157,538986.6484800008,34.64,-2.945
2019-04-30,SELL,NIF100BEES.NS,1485,122.44,181823.4,90.9117,720719.1367800008,121.2,1.023
2019-04-30,SELL,NIFTYBEES.NS,1477,123.41,182276.57,91.13828500000001,902904.5684950007,121.87,1.264
2019-04-30,BUY,MON100.NS,3324,54.29,180459.96,90.22998,722354.3785150007,,
2019-04-30,BUY,CPSEETF.NS,6563,27.5,180482.5,90.24125000000001,541781.6372650007,,
2019-04-30,BUY,BANKBEES.NS,596,302.63,180367.48,90.18374,361323.97352500074,,
2019-04-30,BUY,NIF100BEES.NS,1474,122.44,180476.56,90.23828,180757.17524500075,,
2019-04-30,BUY,NIFTYBEES.NS,1462,123.41,180425.41999999998,90.21270999999999,241.54253500077175,,
2019-05-06,SELL,MON100.NS,3324,52.47,174410.28,87.20514,174564.61739500077,54.29,-3.352
2019-05-06,SELL,CPSEETF.NS,6563,27.41,179891.83,89.945915,354366.5014800008,27.5,-0.327
2019-05-06,SELL,BANKBEES.NS,596,301.84,179896.63999999998,89.94832,534173.1931600007,302.63,-0.261
2019-05-06,SELL,NIF100BEES.NS,1474,120.4,177469.6,88.7348,711554.0583600007,122.44,-1.666
2019-05-06,SELL,NIFTYBEES.NS,1462,121.83,178115.46,89.05772999999999,889580.4606300007,123.41,-1.28
2019-05-06,BUY,CPSEETF.NS,6487,27.41,177808.67,88.904335,711682.8862950007,,
2019-05-06,BUY,MON100.NS,3389,52.47,177820.83,88.910415,533773.1458800007,,
2019-05-06,BUY,BANKBEES.NS,589,301.84,177783.75999999998,88.89187999999999,355900.49400000065,,
2019-05-06,BUY,NIFTYBEES.NS,1459,121.83,177749.97,88.87498500000001,178061.64901500064,,
2019-05-06,BUY,DIVOPPBEES.NS,5843,30.43,177802.49,88.901245,170.25777000066591,,
2019-05-13,SELL,CPSEETF.NS,6487,25.91,168078.17,84.03908500000001,168164.38868500068,27.41,-5.472
2019-05-13,SELL,MON100.NS,3389,52.42,177651.38,88.82569000000001,345726.9429950007,52.47,-0.095
2019-05-13,SELL,BANKBEES.NS,589,292.08,172035.12,86.01756,517676.0454350007,301.84,-3.234
2019-05-13,SELL,NIFTYBEES.NS,1459,117.22,171023.98,85.51199000000001,688614.5134450006,121.83,-3.784
2019-05-13,SELL,DIVOPPBEES.NS,5843,29.39,171725.77,85.86288499999999,860254.4205600006,30.43,-3.418
2019-05-13,BUY,MON100.NS,3280,52.42,171937.6,85.9688,688230.8517600006,,
2019-05-13,BUY,CPSEETF.NS,6637,25.91,171964.67,85.982335,516180.1994250006,,
2019-05-13,BUY,BANKBEES.NS,588,292.08,171743.03999999998,85.87151999999999,344351.2879050006,,
2019-05-13,BUY,DIVOPPBEES.NS,5851,29.39,171960.89,85.980445,172304.4174600006,,
2019-05-13,BUY,LIQUIDBEES.NS,171,1000.0,171000.0,85.5,1218.9174600006081,,
2019-05-20,SELL,MON100.NS,3280,52.05,170724.0,85.362,171857.5554600006,52.42,-0.706
2019-05-20,SELL,CPSEETF.NS,6637,27.34,181455.58,90.72779,353222.40767000057,25.91,5.519
2019-05-20,SELL,BANKBEES.NS,588,313.81,184520.28,92.26014,537650.4275300006,292.08,7.44
2019-05-20,SELL,DIVOPPBEES.NS,5851,30.51,178514.01,89.257005,716075.1805250006,29.39,3.811
2019-05-20,SELL,LIQUIDBEES.NS,171,999.99,170998.29,85.49914500000001,886987.9713800006,1000.0,-0.001
2019-05-20,BUY,MON100.NS,3406,52.05,177282.3,88.64115,709617.0302300006,,
2019-05-20,BUY,BANKBEES.NS,565,313.81,177302.65,88.651325,532225.7289050006,,
2019-05-20,BUY,NIFTYBEES.NS,1430,123.93,177219.90000000002,88.60995000000001,354917.2189550006,,
2019-05-20,BUY,CPSEETF.NS,6485,27.34,177299.9,88.64995,177528.6690050006,,
2019-05-20,BUY,LIQUIDBEES.NS,177,999.99,176998.23,88.499115,441.9398900005617,,
2019-05-27,SELL,MON100.NS,3406,50.47,171900.82,85.95041,172256.80948000058,52.05,-3.036
2019-05-27,SELL,BANKBEES.NS,565,321.61,181709.65,90.854825,353875.6046550006,313.81,2.486
2019-05-27,SELL,NIFTYBEES.NS,1430,125.03,178792.9,89.39645,532579.1082050006,123.93,0.888
2019-05-27,SELL,CPSEETF.NS,6485,27.99,181515.15,90.757575,714003.5006300006,27.34,2.377
2019-05-27,SELL,LIQUIDBEES.NS,177,1000.0,177000.0,88.5,890915.0006300006,999.99,0.001
2019-05-27,BUY,PSUBNKBEES.NS,4759,37.42,178081.78,89.04089,712744.1797400006,,
2019-05-27,BUY,BANKBEES.NS,553,321.61,177850.33000000002,88.925165,534804.9245750007,,
2019-05-27,BUY,INFRABEES.NS,514,346.48,178090.72,89.04536,356625.1592150007,,
2019-05-27,BUY,CPSEETF.NS,6362,27.99,178072.37999999998,89.03618999999999,178463.7430250007,,
2019-05-27,BUY,NIFTYBEES.NS,1424,125.03,178042.72,89.02136,332.00166500068735,,
2019-06-10,SELL,PSUBNKBEES.NS,4759,33.83,160996.97,80.498485,161248.4731800007,37.42,-9.594
2019-06-10,SELL,BANKBEES.NS,553,315.5,174471.5,87.23575,335632.7374300007,321.61,-1.9
2019-06-10,SELL,INFRABEES.NS,514,344.07,176851.98,88.42599000000001,512396.2914400007,346.48,-0.696
2019-06-10,SELL,CPSEETF.NS,6362,28.27,179853.74,89.92687,692160.1045700007,27.99,1.0
2019-06-10,SELL,NIFTYBEES.NS,1424,125.67,178954.08000000002,89.47704000000002,871024.7075300007,125.03,0.512
2019-06-10,BUY,CPSEETF.NS,6159,28.27,174114.93,87.057465,696822.7200650007,,
2019-06-10,BUY,INFRABEES.NS,506,344.07,174099.41999999998,87.04970999999999,522636.2503550007,,
2019-06-10,BUY,BANKBEES.NS,551,315.5,173840.5,86.92025,348708.83010500076,,
2019-06-10,BUY,NIFTYBEES.NS,1385,125.67,174052.95,87.026475,174568.85363000075,,
2019-06-10,BUY,GOLDBEES.NS,6045,28.8,174096.0,87.048,385.8056300007447,,
2019-06-17,SELL,CPSEETF.NS,6159,27.74,170850.66,85.42533,171151.04030000075,28.27,-1.875
2019-06-17,SELL,INFRABEES.NS,506,336.5,170269.0,85.1345,341334.90580000076,344.07,-2.2
2019-06-17,SELL,BANKBEES.NS,551,307.71,169548.21,84.77410499999999,510798.34169500077,315.5,-2.469
2019-06-17,SELL,NIFTYBEES.NS,1385,123.08,170465.8,85.2329,681178.9087950008,125.67,-2.061
2019-06-17,SELL,GOLDBEES.NS,6045,28.94,174942.30000000002,87.47115000000001,856033.7376450008,28.8,0.486
2019-06-17,BUY,INFRABEES.NS,508,336.5,170942.0,85.471,685006.2666450008,,
2019-06-17,BUY,GOLDBEES.NS,5912,28.94,171093.28,85.54664,513827.4400050008,,
2019-06-17,BUY,CPSEETF.NS,6168,27.74,171100.31999999998,85.55015999999999,342641.5698450008,,
2019-06-17,BUY,NIFTYBEES.NS,1390,123.08,171081.2,85.54060000000001,171474.8292450008,,
2019-06-17,BUY,NIF100BEES.NS,1415,120.89,171059.35,85.52967500000001,329.94957000078284,,
2019-06-24,SELL,INFRABEES.NS,508,342.2,173837.6,86.9188,174080.63077000077,336.5,1.694
2019-06-24,SELL,GOLDBEES.NS,5912,30.01,177419.12,88.70956,351411.04121000075,28.94,3.697
2019-06-24,SELL,CPSEETF.NS,6168,27.96,172457.28,86.22864,523782.0925700008,27.74,0.793
2019-06-24,SELL,NIFTYBEES.NS,1390,123.41,171539.9,85.76995,695236.2226200008,123.08,0.268
2019-06-24,SELL,NIF100BEES.NS,1415,121.03,171257.45,85.628725,866408.0438950008,120.89,0.116
2019-06-24,BUY,GOLDBEES.NS,5771,30.01,173187.71000000002,86.59385500000002,693133.7400400008,,
2019-06-24,BUY,INFRABEES.NS,506,342.2,173153.19999999998,86.5766,519893.9634400008,,
2019-06-24,BUY,MON100.NS,3243,53.4,173176.19999999998,86.5881,346631.1753400008,,
2019-06-24,BUY,CPSEETF.NS,6194,27.96,173184.24000000002,86.59212000000001,173360.34322000077,,
2019-06-24,BUY,BANKBEES.NS,553,312.81,172983.93,86.491965,289.92125500077964,,
2019-07-01,SELL,GOLDBEES.NS,5771,29.59,170763.88999999998,85.38194499999999,170968.42931000076,30.01,-1.4
2019-07-01,SELL,INFRABEES.NS,506,346.99,175576.94,87.78847,346457.58084000077,342.2,1.4
2019-07-01,SELL,MON100.NS,3243,53.29,172819.47,86.409735,519190.64110500074,53.4,-0.206
2019-07-01,SELL,CPSEETF.NS,6194,27.93,172998.41999999998,86.49920999999999,692102.5618950007,27.96,-0.107
2019-07-01,SELL,BANKBEES.NS,553,320.17,177054.01,88.527005,869068.0448900007,312.81,2.353
2019-07-01,BUY,GOLDBEES.NS,5871,29.59,173722.88999999998,86.86144499999999,695258.2934450008,,
2019-07-01,BUY,INFRABEES.NS,500,346.99,173495.0,86.7475,521676.5459450008,,
2019-07-01,BUY,CPSEETF.NS,6220,27.93,173724.6,86.8623,347865.08364500076,,
2019-07-01,BUY,BANKBEES.NS,542,320.17,173532.14,86.76607000000001,174246.17757500074,,
2019-07-01,BUY,PSUBNKBEES.NS,4914,35.35,173709.9,86.85495,449.4226250007341,,
2019-07-08,SELL,GOLDBEES.NS,5871,30.29,177832.59,88.916295,178193.09633000073,29.59,2.366
2019-07-08,SELL,INFRABEES.NS,500,337.51,168755.0,84.3775,346863.7188300007,346.99,-2.732
2019-07-08,SELL,CPSEETF.NS,6220,26.35,163897.0,81.9485,510678.7703300007,27.93,-5.657
2019-07-08,SELL,BANKBEES.NS,542,312.69,169477.98,84.73899,680072.0113400007,320.17,-2.336
2019-07-08,SELL,PSUBNKBEES.NS,4914,34.27,168402.78000000003,84.20139000000002,848390.5899500006,35.35,-3.055
2019-07-08,BUY,GOLDBEES.NS,5598,30.29,169563.41999999998,84.78170999999999,678742.3882400007,,
2019-07-08,BUY,PSUBNKBEES.NS,4948,34.27,169567.96000000002,84.78398000000001,509089.64426000067,,
2019-07-08,BUY,INFRABEES.NS,502,337.51,169430.02,84.71500999999999,339574.90925000067,,
2019-07-08,BUY,BANKBEES.NS,542,312.69,169477.98,84.73899,170012.19026000064,,
2019-07-08,BUY,MON100.NS,3186,53.22,169558.91999999998,84.77946,368.49080000066897,,
2019-07-22,SELL,GOLDBEES.NS,5598,30.86,172754.28,86.37714,173036.39366000067,30.29,1.882
2019-07-22,SELL,PSUBNKBEES.NS,4948,33.08,163679.84,81.83992,336634.39374000067,34.27,-3.472
2019-07-22,SELL,INFRABEES.NS,502,327.57,164440.13999999998,82.22006999999999,500992.31367000064,337.51,-2.945
2019-07-22,SELL,BANKBEES.NS,542,298.25,161651.5,80.82575,662562.9879200007,312.69,-4.618
2019-07-22,SELL,MON100.NS,3186,53.61,170801.46,85.40073,833279.0471900007,53.22,0.733
2019-07-22,BUY,GOLDBEES.NS,5397,30.86,166551.41999999998,83.27570999999999,666644.3514800007,,
2019-07-22,BUY,MON100.NS,3107,53.61,166566.27,83.283135,499994.79834500066,,
2019-07-22,BUY,LIQUIDBEES.NS,166,999.99,165998.34,82.99917,333913.45917500067,,
2019-07-22,BUY,JUNIORBEES.NS,605,275.23,166514.15000000002,83.25707500000001,167316.05210000064,,
2019-07-22,BUY,NIF100BEES.NS,1411,118.04,166554.44,83.27722,678.3348800006497,,
2019-08-19,SELL,GOLDBEES.NS,5397,32.94,177777.18,88.88859,178366.62629000065,30.86,6.74
2019-08-19,SELL,MON100.NS,3107,54.0,167778.0,83.889,346060.73729000066,53.61,0.727
2019-08-19,SELL,LIQUIDBEES.NS,166,1000.0,166000.0,83.0,511977.73729000066,999.99,0.001
2019-08-19,SELL,JUNIORBEES.NS,605,269.43,163005.15,81.502575,674901.3847150006,275.23,-2.107
2019-08-19,SELL,NIF100BEES.NS,1411,115.18,162518.98,81.25949000000001,837339.1052250006,118.04,-2.423
2019-08-19,BUY,GOLDBEES.NS,5081,32.94,167368.13999999998,83.68406999999999,669887.2811550007,,
2019-08-19,BUY,MON100.NS,3099,54.0,167346.0,83.673,502457.60815500066,,
2019-08-19,BUY,LIQUIDBEES.NS,167,1000.0,167000.0,83.5,335374.10815500066,,
2019-08-19,BUY,JUNIORBEES.NS,621,269.43,167316.03,83.658015,167974.42014000067,,
2019-08-19,BUY,NIFTYBEES.NS,1429,117.13,167378.77,83.689385,511.9607550006767,,
2019-08-26,SELL,GOLDBEES.NS,5081,33.96,172550.76,86.27538000000001,172976.44537500068,32.94,3.097
2019-08-26,SELL,MON100.NS,3099,53.67,166323.33000000002,83.16166500000001,339216.6137100007,54.0,-0.611
2019-08-26,SELL,LIQUIDBEES.NS,167,999.99,166998.33,83.49916499999999,506131.4445450007,1000.0,-0.001
2019-08-26,SELL,JUNIORBEES.NS,621,267.85,166334.85,83.16742500000001,672383.1271200007,269.43,-0.586
2019-08-26,SELL,NIFTYBEES.NS,1429,117.09,167321.61000000002,83.66080500000001,839621.0763150007,117.13,-0.034
2019-08-26,BUY,GOLDBEES.NS,4942,33.96,167830.32,83.91516,671706.8411550006,,
2019-08-26,BUY,MON100.NS,3127,53.67,167826.09,83.913045,503796.8381100006,,
2019-08-26,BUY,LIQUIDBEES.NS,167,999.99,166998.33,83.49916499999999,336715.0089450006,,
2019-08-26,BUY,JUNIORBEES.NS,626,267.85,167674.1,83.83705,168957.07189500058,,
2019-08-26,BUY,DIVOPPBEES.NS,5878,28.55,167816.9,83.90845,1056.2634450006008,,
2019-09-03,SELL,GOLDBEES.NS,4942,34.45,170251.90000000002,85.12595000000002,171223.03749500064,33.96,1.443
2019-09-03,SELL,MON100.NS,3127,54.97,171891.19,85.945595,343028.28190000064,53.67,2.422
2019-09-03,SELL,LIQUIDBEES.NS,167,1000.0,167000.0,83.5,509944.78190000064,999.99,0.001
2019-09-03,SELL,JUNIORBEES.NS,626,268.39,168012.13999999998,84.00607,677872.9158300007,267.85,0.202
2019-09-03,SELL,DIVOPPBEES.NS,5878,28.5,167523.0,83.7615,845312.1543300006,28.55,-0.175
2019-09-03,BUY,GOLDBEES.NS,4905,34.45,168977.25,84.488625,676250.4157050006,,
2019-09-03,BUY,MON100.NS,3074,54.97,168977.78,84.48889,507188.1468150006,,
2019-09-03,BUY,LIQUIDBEES.NS,168,1000.0,168000.0,84.0,339104.1468150006,,
2019-09-03,BUY,JUNIORBEES.NS,629,268.39,168817.31,84.408655,170202.42816000062,,
2019-09-03,BUY,NIF100BEES.NS,1493,113.14,168918.02,84.45900999999999,1199.9491500006407,,
2019-09-09,SELL,GOLDBEES.NS,4905,33.69,165249.44999999998,82.624725,166366.77442500062,34.45,-2.206
2019-09-09,SELL,MON100.NS,3074,55.89,171805.86000000002,85.90293000000001,338086.73149500065,54.97,1.674
2019-09-09,SELL,LIQUIDBEES.NS,168,1000.0,168000.0,84.0,506002.73149500065,1000.0,0.0
2019-09-09,SELL,JUNIORBEES.NS,629,270.96,170433.84,85.21692,676351.3545750007,268.39,0.958
2019-09-09,SELL,NIF100BEES.NS,1493,115.02,171724.86,85.86242999999999,847990.3521450007,113.14,1.662
2019-09-09,BUY,GOLDBEES.NS,5031,33.69,169494.38999999998,84.74719499999999,678411.2149500008,,
2019-09-09,BUY,MON100.NS,3032,55.89,169458.48,84.72924,508868.00571000075,,
2019-09-09,BUY,LIQUIDBEES.NS,169,1000.0,169000.0,84.5,339783.50571000075,,
2019-09-09,BUY,DIVOPPBEES.NS,5841,29.02,169505.82,84.75291,170192.93280000074,,
2019-09-09,BUY,JUNIORBEES.NS,625,270.96,169350.0,84.675,758.2578000007488,,
2019-09-16,SELL,GOLDBEES.NS,5031,33.25,167280.75,83.640375,167955.36742500076,33.69,-1.306
2019-09-16,SELL,MON100.NS,3032,55.36,167851.52,83.92576,335722.96166500077,55.89,-0.948
2019-09-16,SELL,LIQUIDBEES.NS,169,1000.0,169000.0,84.5,504638.46166500077,1000.0,0.0
2019-09-16,SELL,DIVOPPBEES.NS,5841,28.8,168220.80000000002,84.11040000000001,672775.1512650008,29.02,-0.758
2019-09-16,SELL,JUNIORBEES.NS,625,274.4,171500.0,85.75,844189.4012650008,270.96,1.27
2019-09-16,BUY,GOLDBEES.NS,5075,33.25,168743.75,84.371875,675361.2793900007,,
2019-09-16,BUY,MON100.NS,3048,55.36,168737.28,84.36864,506539.6307500007,,
2019-09-16,BUY,JUNIORBEES.NS,614,274.4,168481.59999999998,84.2408,337973.7899500007,,
2019-09-16,BUY,LIQUIDBEES.NS,168,1000.0,168000.0,84.0,169889.7899500007,,
2019-09-16,BUY,NIF100BEES.NS,1463,115.29,168669.27000000002,84.334635,1136.185315000679,,
2019-09-23,SELL,GOLDBEES.NS,5075,33.08,167881.0,83.9405,168933.24481500068,33.25,-0.511
2019-09-23,SELL,MON100.NS,3048,54.58,166359.84,83.17992,335209.9048950007,55.36,-1.409
2019-09-23,SELL,JUNIORBEES.NS,614,288.56,177175.84,88.58792,512297.1569750007,274.4,5.16
2019-09-23,SELL,LIQUIDBEES.NS,168,999.99,167998.32,83.99916,680211.4778150007,1000.0,-0.001
2019-09-23,SELL,NIF100BEES.NS,1463,121.67,178003.21,89.001605,858125.6862100007,115.29,5.534
2019-09-23,BUY,JUNIORBEES.NS,594,288.56,171404.64,85.70232000000001,686635.3438900006,,
2019-09-23,BUY,GOLDBEES.NS,5185,33.08,171519.8,85.7599,515029.7839900006,,
2019-09-23,BUY,MON100.NS,3142,54.58,171490.36,85.74517999999999,343453.67881000065,,
2019-09-23,BUY,DIVOPPBEES.NS,6115,28.05,171525.75,85.76287500000001,171842.16593500067,,
2019-09-23,BUY,NIFTYBEES.NS,1394,123.0,171462.0,85.73100000000001,294.4349350006669,,
2019-09-30,SELL,JUNIORBEES.NS,594,285.54,169610.76,84.80538,169820.38955500067,288.56,-1.047
2019-09-30,SELL,GOLDBEES.NS,5185,32.97,170949.44999999998,85.47472499999999,340684.3648300007,33.08,-0.333
2019-09-30,SELL,MON100.NS,3142,53.97,169573.74,84.78687,510173.31796000066,54.58,-1.118
2019-09-30,SELL,DIVOPPBEES.NS,6115,29.5,180392.5,90.19625,690475.6217100007,28.05,5.169
2019-09-30,SELL,NIFTYBEES.NS,1394,121.57,169468.58,84.73429,859859.4674200007,123.0,-1.163
2019-09-30,BUY,JUNIORBEES.NS,601,285.54,171609.54,85.80477,688164.1226500007,,
2019-09-30,BUY,BANKBEES.NS,576,298.18,171751.68,85.87584,516326.56681000075,,
2019-09-30,BUY,INFRABEES.NS,510,336.88,171808.8,85.9044,344431.86241000076,,
2019-09-30,BUY,NIFTYBEES.NS,1413,121.57,171778.41,85.889205,172567.56320500074,,
2019-09-30,BUY,NIF100BEES.NS,1444,119.01,171850.44,85.92522,631.1979850007338,,
2019-10-07,SELL,JUNIORBEES.NS,601,273.03,164091.02999999997,82.04551499999998,164640.1824700007,285.54,-4.381
2019-10-07,SELL,BANKBEES.NS,576,283.33,163198.08,81.59904,327756.66343000066,298.18,-4.98
2019-10-07,SELL,INFRABEES.NS,510,319.62,163006.2,81.5031,490681.36033000064,336.88,-5.123
2019-10-07,SELL,NIFTYBEES.NS,1413,117.57,166126.41,83.063205,656724.7071250007,121.57,-3.29
2019-10-07,SELL,NIF100BEES.NS,1444,116.84,168716.96,84.35848,825357.3086450007,119.01,-1.823
2019-10-07,BUY,GOLDBEES.NS,4910,33.6,164976.0,82.488,660298.8206450007,,
2019-10-07,BUY,INFRABEES.NS,516,319.62,164923.92,82.46196,495292.43868500064,,
2019-10-07,BUY,JUNIORBEES.NS,604,273.03,164910.12,82.45506,330299.86362500064,,
2019-10-07,BUY,NIF100BEES.NS,1412,116.84,164978.08000000002,82.48904,165239.29458500064,,
2019-10-07,BUY,DIVOPPBEES.NS,5708,28.9,164961.19999999998,82.4806,195.61398500064388,,
2019-10-14,SELL,GOLDBEES.NS,4910,33.75,165712.5,82.85625,165825.25773500063,33.6,0.446
2019-10-14,SELL,INFRABEES.NS,516,330.59,170584.43999999997,85.29221999999999,336324.4055150006,319.62,3.432
2019-10-14,SELL,JUNIORBEES.NS,604,278.05,167942.2,83.9711,504182.63441500056,273.03,1.839
2019-10-14,SELL,NIF100BEES.NS,1412,118.48,167293.76,83.64688000000001,671392.7475350006,116.84,1.404
2019-10-14,SELL,DIVOPPBEES.NS,5708,28.95,165246.6,82.6233,836556.7242350006,28.9,0.173
2019-10-14,BUY,GOLDBEES.NS,4954,33.75,167197.5,83.59875,669275.6254850005,,
2019-10-14,BUY,INFRABEES.NS,505,330.59,166947.94999999998,83.473975,502244.20151000057,,
2019-10-14,BUY,NIFTYBEES.NS,1394,119.89,167126.66,83.56333000000001,335033.97818000056,,
2019-10-14,BUY,NIF100BEES.NS,1411,118.48,167175.28,83.58764000000001,167775.11054000055,,
2019-10-14,BUY,DIVOPPBEES.NS,5776,28.95,167215.19999999998,83.60759999999999,476.3029400005762,,
2019-10-22,SELL,GOLDBEES.NS,4954,33.67,166801.18000000002,83.40059000000001,167194.0823500006,33.75,-0.237
2019-10-22,SELL,INFRABEES.NS,505,342.0,172710.0,86.355,339817.7273500006,330.59,3.451
2019-10-22,SELL,NIFTYBEES.NS,1394,122.96,171406.24,85.70312,511138.26423000055,119.89,2.561
2019-10-22,SELL,NIF100BEES.NS,1411,121.52,171464.72,85.73236,682517.2518700005,118.48,2.566
2019-10-22,SELL,DIVOPPBEES.NS,5776,29.45,170103.19999999998,85.0516,852535.4002700004,28.95,1.727
2019-10-22,BUY,INFRABEES.NS,498,342.0,170316.0,85.158,682134.2422700005,,
2019-10-22,BUY,JUNIORBEES.NS,586,290.8,170408.80000000002,85.2044,511640.23787000054,,
2019-10-22,BUY,CPSEETF.NS,6871,24.8,170400.80000000002,85.20040000000002,341154.2374700005,,
2019-10-22,BUY,NIFTYBEES.NS,1385,122.96,170299.6,85.1498,170769.4876700005,,
2019-10-22,BUY,NIF100BEES.NS,1402,121.52,170371.04,85.18552000000001,313.2621500004898,,
2019-10-29,SELL,INFRABEES.NS,498,340.15,169394.69999999998,84.69735,169623.26480000047,342.0,-0.541
2019-10-29,SELL,JUNIORBEES.NS,586,293.9,172225.4,86.1127,341762.55210000044,290.8,1.066
2019-10-29,SELL,CPSEETF.NS,6871,24.75,170057.25,85.028625,511734.7734750004,24.8,-0.202
2019-10-29,SELL,NIFTYBEES.NS,1385,124.68,172681.80000000002,86.3409,684330.2325750004,122.96,1.399
2019-10-29,BUY,JUNIORBEES.NS,581,293.9,170755.9,85.37795,513488.95462500036,,
2019-10-29,BUY,BANKBEES.NS,561,304.45,170796.44999999998,85.398225,342607.1064000004,,
2019-10-29,BUY,NIFTYBEES.NS,1371,124.68,170936.28,85.46814,171585.3582600004,,
2019-10-29,BUY,CPSEETF.NS,6908,24.75,170973.0,85.4865,526.8717600003874,,
2019-11-04,SELL,JUNIORBEES.NS,581,297.04,172580.24000000002,86.29012000000002,173020.82164000042,293.9,1.068
2019-11-04,SELL,BANKBEES.NS,561,310.14,173988.53999999998,86.99426999999999,346922.3673700004,304.45,1.869
2019-11-04,SELL,NIFTYBEES.NS,1371,126.34,173212.14,86.60607,520047.9013000004,124.68,1.331
2019-11-04,SELL,CPSEETF.NS,6908,25.06,173114.47999999998,86.55724,693075.8240600004,24.75,1.253
2019-11-04,BUY,JUNIORBEES.NS,466,297.04,138420.64,69.21032000000001,554585.9737400003,,
2019-11-04,BUY,CPSEETF.NS,5528,25.06,138531.68,69.26584,415985.0279000003,,
2019-11-04,BUY,BANKBEES.NS,446,310.14,138322.44,69.16122,277593.42668000027,,
2019-11-04,BUY,NIFTYBEES.NS,1096,126.34,138468.64,69.23432000000001,139055.55236000026,,
2019-11-04,BUY,INFRABEES.NS,404,342.6,138410.40000000002,69.20520000000002,575.9471600002435,,
2019-11-11,SELL,JUNIORBEES.NS,466,295.62,137758.92,68.87946000000001,138265.98770000026,297.04,-0.478
2019-11-11,SELL,CPSEETF.NS,5528,24.27,134164.56,67.08228,272363.46542000026,25.06,-3.152
2019-11-11,SELL,BANKBEES.NS,446,316.5,141159.0,70.5795,413451.88592000026,310.14,2.051
2019-11-11,SELL,NIFTYBEES.NS,1096,126.49,138633.04,69.31652000000001,552015.6094000003,126.34,0.119
2019-11-11,SELL,INFRABEES.NS,404,336.88,136099.52,68.04975999999999,688047.0796400004,342.6,-1.67
2019-11-11,BUY,BANKBEES.NS,434,316.5,137361.0,68.6805,550617.3991400003,,
2019-11-11,BUY,MOM100.NS,7823,17.58,137528.34,68.76417,413020.29497000034,,
2019-11-11,BUY,JUNIORBEES.NS,465,295.62,137463.3,68.73165,275488.2633200004,,
2019-11-11,BUY,NIFTYBEES.NS,1087,126.49,137494.63,68.747315,137924.8860050004,,
2019-11-11,BUY,INFRABEES.NS,408,336.88,137447.04,68.72352000000001,409.1224850003782,,
2019-11-18,SELL,BANKBEES.NS,434,315.7,137013.8,68.5069,137354.41558500036,316.5,-0.253
2019-11-18,SELL,MOM100.NS,7823,17.61,137763.03,68.88151500000001,275048.5640700004,17.58,0.171
2019-11-18,SELL,JUNIORBEES.NS,465,292.41,135970.65000000002,67.98532500000002,410951.22874500044,295.62,-1.086
2019-11-18,SELL,NIFTYBEES.NS,1087,125.73,136668.51,68.33425500000001,547551.4044900005,126.49,-0.601
2019-11-18,SELL,INFRABEES.NS,408,334.45,136455.6,68.2278,683938.7766900004,336.88,-0.721
2019-11-18,BUY,BANKBEES.NS,433,315.7,136698.1,68.34905,547172.3276400005,,
2019-11-18,BUY,MON100.NS,2327,58.75,136711.25,68.355625,410392.72201500053,,
2019-11-18,BUY,MOM100.NS,7763,17.61,136706.43,68.35321499999999,273617.9388000005,,
2019-11-18,BUY,NIFTYBEES.NS,1087,125.73,136668.51,68.33425500000001,136881.09454500052,,
2019-11-18,BUY,JUNIORBEES.NS,467,292.41,136555.47,68.277735,257.34681000051205,,
2019-11-25,SELL,BANKBEES.NS,433,321.42,139174.86000000002,69.58743000000001,139362.6193800005,315.7,1.812
2019-11-25,SELL,MON100.NS,2327,58.55,136245.85,68.12292500000001,275540.3464550005,58.75,-0.34
2019-11-25,SELL,MOM100.NS,7763,17.77,137948.51,68.974255,413419.8822000005,17.61,0.909
2019-11-25,SELL,NIFTYBEES.NS,1087,127.74,138853.38,69.42669000000001,552203.8355100006,125.73,1.599
2019-11-25,SELL,JUNIORBEES.NS,467,295.41,137956.47,68.978235,690091.3272750006,292.41,1.026
2019-11-25,BUY,PSUBNKBEES.NS,4838,28.51,137931.38,68.96569000000001,552090.9815850006,,
2019-11-25,BUY,BANKBEES.NS,429,321.42,137889.18,68.94458999999999,414132.8569950006,,
2019-11-25,BUY,MOM100.NS,7763,17.77,137948.51,68.974255,276115.3727400006,,
2019-11-25,BUY,MON100.NS,2356,58.55,137943.8,68.97189999999999,138102.6008400006,,
2019-11-25,BUY,NIFTYBEES.NS,1079,127.74,137831.46,68.91573,202.22511000061058,,
2019-12-02,SELL,PSUBNKBEES.NS,4838,29.09,140737.42,70.36871000000001,140869.2764000006,28.51,2.034
2019-12-02,SELL,BANKBEES.NS,429,324.94,139399.26,69.69963,280198.83677000063,321.42,1.095
2019-12-02,SELL,MOM100.NS,7763,17.92,139112.96000000002,69.55648000000001,419242.2402900007,17.77,0.844
2019-12-02,SELL,MON100.NS,2356,59.47,140111.32,70.05566,559283.5046300007,58.55,1.571
2019-12-02,SELL,NIFTYBEES.NS,1079,127.63,137712.77,68.856385,696927.4182450006,127.74,-0.086
2019-12-02,BUY,PSUBNKBEES.NS,4789,29.09,139312.01,69.65600500000001,557545.7522400006,,
2019-12-02,BUY,BANKBEES.NS,428,324.94,139074.32,69.53716,418401.8950800006,,
2019-12-02,BUY,MOM100.NS,7774,17.92,139310.08000000002,69.65504000000001,279022.16004000057,,
2019-12-02,BUY,MON100.NS,2342,59.47,139278.74,69.63937,139673.7806700006,,
2019-12-02,BUY,INFRABEES.NS,404,344.81,139303.24,69.65162,300.88905000060913,,
2019-12-09,SELL,PSUBNKBEES.NS,4789,27.07,129638.23,64.819115,129874.2999350006,29.09,-6.944
2019-12-09,SELL,BANKBEES.NS,428,319.85,136895.80000000002,68.4479,266701.6520350006,324.94,-1.566
2019-12-09,SELL,MOM100.NS,7774,17.54,136355.96,68.17797999999999,402989.4340550006,17.92,-2.121
2019-12-09,SELL,MON100.NS,2342,58.79,137686.18,68.84309,540606.7709650006,59.47,-1.143
2019-12-09,SELL,INFRABEES.NS,404,334.01,134940.04,67.47002,675479.3409450006,344.81,-3.132
2019-12-09,BUY,BANKBEES.NS,422,319.85,134976.7,67.48835000000001,540435.1525950006,,
2019-12-09,BUY,MON100.NS,2296,58.79,134981.84,67.49092,405385.8216750006,,
2019-12-09,BUY,MOM100.NS,7698,17.54,135022.91999999998,67.51146,270295.3902150006,,
2019-12-09,BUY,NIFTYBEES.NS,1068,126.33,134920.44,67.46022,135307.4899950006,,
2019-12-09,BUY,PSUBNKBEES.NS,4988,27.07,135025.16,67.51258,214.81741500057979,,
2020-01-06,SELL,BANKBEES.NS,422,319.18,134693.96,67.34698,134841.43043500057,319.85,-0.209
2020-01-06,SELL,MON100.NS,2296,61.65,141548.4,70.7742,276319.05623500055,58.79,4.865
2020-01-06,SELL,MOM100.NS,7698,17.92,137948.16,68.97408,414198.24215500057,17.54,2.166
2020-01-06,SELL,NIFTYBEES.NS,1068,127.37,136031.16,68.01558,550161.3865750006,126.33,0.823
2020-01-06,SELL,PSUBNKBEES.NS,4988,26.67,133029.96000000002,66.51498000000001,683124.8315950006,27.07,-1.478
2020-01-06,BUY,MON100.NS,2215,61.65,136554.75,68.277375,546501.8042200005,,
2020-01-06,BUY,GOLDBEES.NS,3777,36.15,136538.55,68.269275,409894.9849450005,,
2020-01-06,BUY,MOM100.NS,7620,17.92,136550.40000000002,68.27520000000001,273276.30974500044,,
2020-01-06,BUY,BANKBEES.NS,427,319.18,136289.86000000002,68.14493,136918.30481500042,,
2020-01-06,BUY,PSUBNKBEES.NS,5120,26.67,136550.40000000002,68.27520000000001,299.6296150003909,,
2020-01-13,SELL,MON100.NS,2215,62.69,138858.35,69.429175,139088.5504400004,61.65,1.687
2020-01-13,SELL,GOLDBEES.NS,3777,34.75,131250.75,65.625375,270273.6750650004,36.15,-3.873
2020-01-13,SELL,MOM100.NS,7620,18.42,140360.40000000002,70.18020000000001,410563.89486500045,17.92,2.79
2020-01-13,SELL,BANKBEES.NS,427,328.65,140333.55,70.166775,550827.2780900004,319.18,2.967
2020-01-13,SELL,PSUBNKBEES.NS,5120,27.1,138752.0,69.376,689509.9020900005,26.67,1.612
2020-01-13,BUY,MON100.NS,2198,62.69,137792.62,68.89631,551648.3857800005,,
2020-01-13,BUY,MOM100.NS,7482,18.42,137818.44,68.90922,413761.0365600005,,
2020-01-13,BUY,BANKBEES.NS,419,328.65,137704.34999999998,68.85217499999999,275987.8343850005,,
2020-01-13,BUY,GOLDBEES.NS,3966,34.75,137818.5,68.90925,138100.42513500052,,
2020-01-13,BUY,NIFTYBEES.NS,1056,130.41,137712.96,68.85647999999999,318.60865500054206,,
2020-01-20,SELL,MON100.NS,2198,65.38,143705.24,71.85262,143951.99603500054,62.69,4.291
2020-01-20,SELL,MOM100.NS,7482,18.91,141484.62,70.74231,285365.87372500054,18.42,2.66
2020-01-20,SELL,BANKBEES.NS,419,318.0,133242.0,66.621,418541.2527250005,328.65,-3.241
2020-01-20,SELL,GOLDBEES.NS,3966,35.23,139722.18,69.86109,558193.5716350005,34.75,1.381
2020-01-20,SELL,NIFTYBEES.NS,1056,129.78,137047.68,68.52383999999999,695172.7277950005,130.41,-0.483
2020-01-20,BUY,HNGSNGBEES.NS,370,374.91,138716.7,69.35835,556386.6694450006,,
2020-01-20,BUY,MON100.NS,2125,65.38,138932.5,69.46625,417384.7031950006,,
2020-01-20,BUY,MOM100.NS,7348,18.91,138950.68,69.47534,278364.5478550006,,
2020-01-20,BUY,INFRABEES.NS,401,346.13,138798.13,69.39906500000001,139497.01879000058,,
2020-01-20,BUY,NIFTYBEES.NS,1070,129.78,138864.6,69.4323,562.9864900005923,,
2020-01-27,SELL,HNGSNGBEES.NS,370,383.0,141710.0,70.855,142202.13149000058,374.91,2.158
2020-01-27,SELL,MON100.NS,2125,64.32,136680.0,68.34,278813.79149000056,65.38,-1.621
2020-01-27,SELL,MOM100.NS,7348,19.35,142183.80000000002,71.09190000000001,420926.4995900006,18.91,2.327
2020-01-27,SELL,INFRABEES.NS,401,347.07,139175.07,69.587535,560031.9820550006,346.13,0.272
2020-01-27,SELL,NIFTYBEES.NS,1070,128.73,137741.09999999998,68.87055,697704.2115050006,129.78,-0.809
2020-01-27,BUY,HNGSNGBEES.NS,364,383.0,139412.0,69.706,558222.5055050006,,
2020-01-27,BUY,MON100.NS,2168,64.32,139445.75999999998,69.72287999999999,418707.0226250006,,
2020-01-27,BUY,MOM100.NS,7207,19.35,139455.45,69.727725,279181.8449000006,,
2020-01-27,BUY,GOLDBEES.NS,3890,35.85,139456.5,69.72825,139655.61665000062,,
2020-01-27,BUY,JUNIORBEES.NS,462,301.27,139186.74,69.59337,399.2832800006436,,
2020-02-03,SELL,HNGSNGBEES.NS,364,362.2,131840.8,65.9204,132174.16288000063,383.0,-5.431
2020-02-03,SELL,MON100.NS,2168,63.98,138708.63999999998,69.35431999999999,270813.44856000063,64.32,-0.529
2020-02-03,SELL,MOM100.NS,7207,18.73,134987.11000000002,67.49355500000001,405733.0650050007,19.35,-3.204
2020-02-03,SELL,GOLDBEES.NS,3890,35.91,139689.9,69.84495,545353.1200550006,35.85,0.167
2020-02-03,SELL,JUNIORBEES.NS,462,286.7,132455.4,66.2277,677742.2923550006,301.27,-4.836
2020-02-03,BUY,GOLDBEES.NS,3772,35.91,135452.52,67.72626,542222.0460950006,,
2020-02-03,BUY,MON100.NS,2117,63.98,135445.66,67.72283,406708.66326500056,,
2020-02-03,BUY,MOM100.NS,7233,18.73,135474.09,67.737045,271166.8362200006,,
2020-02-03,BUY,INFRABEES.NS,413,327.41,135220.33000000002,67.61016500000001,135878.89605500057,,
2020-02-03,BUY,HNGSNGBEES.NS,374,362.2,135462.8,67.7314,348.3646550005942,,
2020-02-10,SELL,GOLDBEES.NS,3772,35.95,135603.40000000002,67.80170000000001,135883.9629550006,35.91,0.111
2020-02-10,SELL,MON100.NS,2117,66.27,140293.59,70.146795,276107.4061600006,63.98,3.579
2020-02-10,SELL,MOM100.NS,7233,19.15,138511.94999999998,69.25597499999999,414550.10018500057,18.73,2.242
2020-02-10,SELL,INFRABEES.NS,413,337.13,139234.69,69.617345,553715.1728400006,327.41,2.969
2020-02-10,SELL,HNGSNGBEES.NS,374,349.17,130589.58,65.29479,684239.4580500006,362.2,-3.597
2020-02-10,BUY,MON100.NS,2063,66.27,136715.00999999998,68.35750499999999,547456.0905450006,,
2020-02-10,BUY,HNGSNGBEES.NS,391,349.17,136525.47,68.262735,410862.35781000066,,
2020-02-10,BUY,MOM100.NS,7142,19.15,136769.3,68.38465,274024.6731600007,,
2020-02-10,BUY,GOLDBEES.NS,3804,35.95,136753.80000000002,68.3769,137202.49626000068,,
2020-02-10,BUY,JUNIORBEES.NS,455,300.46,136709.3,68.35464999999999,424.8416100007016,,
2020-02-17,SELL,MON100.NS,2063,68.3,140902.9,70.45145,141257.2901600007,66.27,3.063
2020-02-17,SELL,HNGSNGBEES.NS,391,354.0,138414.0,69.20700000000001,279602.08316000074,349.17,1.383
2020-02-17,SELL,MOM100.NS,7142,18.75,133912.5,66.95625,413447.62691000075,19.15,-2.089
2020-02-17,SELL,GOLDBEES.NS,3804,35.93,136677.72,68.33886,550057.0080500008,35.95,-0.056
2020-02-17,SELL,JUNIORBEES.NS,455,293.4,133497.0,66.7485,683487.2595500008,300.46,-2.35
2020-02-17,BUY,MON100.NS,2000,68.3,136600.0,68.3,546818.9595500007,,
2020-02-17,BUY,GOLDBEES.NS,3802,35.93,136605.86,68.30292999999999,410144.79662000074,,
2020-02-17,BUY,MOM100.NS,7286,18.75,136612.5,68.30625,273463.9903700007,,
2020-02-17,BUY,JUNIORBEES.NS,465,293.4,136431.0,68.2155,136964.77487000072,,
2020-02-17,BUY,NIF100BEES.NS,1091,125.15,136538.65,68.269325,357.8555450007261,,
2020-02-24,SELL,MON100.NS,2000,65.97,131940.0,65.97,132231.88554500072,68.3,-3.411
2020-02-24,SELL,GOLDBEES.NS,3802,38.58,146681.16,73.34058,278839.70496500074,35.93,7.375
2020-02-24,SELL,MOM100.NS,7286,18.77,136758.22,68.37911,415529.54585500073,18.75,0.107
2020-02-24,SELL,JUNIORBEES.NS,465,292.68,136096.2,68.0481,551557.6977550008,293.4,-0.245
2020-02-24,SELL,NIF100BEES.NS,1091,122.66,133822.06,66.91103,685312.8467250008,125.15,-1.99
2020-02-24,BUY,MON100.NS,2076,65.97,136953.72,68.47686,548290.6498650007,,
2020-02-24,BUY,GOLDBEES.NS,3550,38.58,136959.0,68.4795,411263.1703650007,,
2020-02-24,BUY,MOM100.NS,7298,18.77,136983.46,68.49173,274211.21863500075,,
2020-02-24,BUY,JUNIORBEES.NS,468,292.68,136974.24,68.48711999999999,137168.49151500076,,
2020-02-24,BUY,HNGSNGBEES.NS,386,354.79,136948.94,68.47447,151.07704500076943,,
2020-03-02,SELL,MON100.NS,2076,61.73,128151.48,64.07574,128238.48130500077,65.97,-6.427
2020-03-02,SELL,GOLDBEES.NS,3550,37.03,131456.5,65.72825,259629.2530550008,38.58,-4.018
2020-03-02,SELL,MOM100.NS,7298,17.66,128882.68000000001,64.44134000000001,388447.4917150008,18.77,-5.914
2020-03-02,SELL,JUNIORBEES.NS,468,275.84,129093.12,64.54656,517476.06515500083,292.68,-5.754
2020-03-02,SELL,HNGSNGBEES.NS,386,372.0,143592.0,71.796,660996.2691550008,354.79,4.851
2020-03-02,BUY,GOLDBEES.NS,3568,37.03,132123.04,66.06152,528807.1676350008,,
2020-03-02,BUY,HNGSNGBEES.NS,355,372.0,132060.0,66.03,396681.13763500075,,
2020-03-02,BUY,LIQUIDBEES.NS,132,1000.0,132000.0,66.0,264615.13763500075,,
2020-03-02,BUY,MOM100.NS,7482,17.66,132132.12,66.06606,132416.95157500074,,
2020-03-02,BUY,MON100.NS,2140,61.73,132102.19999999998,66.05109999999999,248.70047500074725,,
2020-03-09,SELL,GOLDBEES.NS,3568,38.46,137225.28,68.61264,137405.36783500074,37.03,3.862
2020-03-09,SELL,HNGSNGBEES.NS,355,374.63,132993.65,66.496825,270332.5210100007,372.0,0.707
2020-03-09,SELL,LIQUIDBEES.NS,132,999.99,131998.68,65.99934,402265.2016700007,1000.0,-0.001
2020-03-09,SELL,MOM100.NS,7482,16.56,123901.91999999998,61.950959999999995,526105.1707100007,17.66,-6.229
2020-03-09,SELL,MON100.NS,2140,60.74,129983.6,64.9918,656023.7789100007,61.73,-1.604
2020-03-09,BUY,GOLDBEES.NS,3409,38.46,131110.14,65.55507000000001,524848.0838400007,,
2020-03-09,BUY,HNGSNGBEES.NS,350,374.63,131120.5,65.56025,393662.0235900007,,
2020-03-09,BUY,LIQUIDBEES.NS,131,999.99,130998.69,65.499345,262597.8342450007,,
2020-03-09,BUY,MON100.NS,2159,60.74,131137.66,65.56883,131394.60541500067,,
2020-03-09,BUY,DIVOPPBEES.NS,4907,26.72,131115.04,65.55752000000001,214.0078950006573,,
2020-03-16,SELL,GOLDBEES.NS,3409,35.67,121599.03,60.799515,121752.23838000065,38.46,-7.254
2020-03-16,SELL,HNGSNGBEES.NS,350,347.4,121589.99999999999,60.794999999999995,243281.44338000065,374.63,-7.269
2020-03-16,SELL,LIQUIDBEES.NS,131,1000.0,131000.0,65.5,374215.94338000065,999.99,0.001
2020-03-16,SELL,MON100.NS,2159,55.26,119306.34,59.65317,493462.6302100007,60.74,-9.022
2020-03-16,SELL,DIVOPPBEES.NS,4907,25.0,122675.0,61.3375,616076.2927100006,26.72,-6.437
2020-03-16,BUY,GOLDBEES.NS,3452,35.67,123132.84000000001,61.56642000000001,492881.88629000064,,
2020-03-16,BUY,HNGSNGBEES.NS,354,347.4,122979.59999999999,61.489799999999995,369840.7964900007,,
2020-03-16,BUY,LIQUIDBEES.NS,123,1000.0,123000.0,61.5,246779.29649000068,,
2020-03-16,BUY,CONSUMBEES.NS,2701,45.59,123138.59000000001,61.569295000000004,123579.13719500067,,
2020-03-16,BUY,MON100.NS,2228,55.26,123119.28,61.55964,398.29755500066676,,
2020-04-07,SELL,GOLDBEES.NS,3452,39.67,136940.84,68.47042,137270.66713500067,35.67,11.214
2020-04-07,SELL,HNGSNGBEES.NS,354,339.98,120352.92000000001,60.176460000000006,257563.4106750007,347.4,-2.136
2020-04-07,SELL,LIQUIDBEES.NS,123,999.99,122998.77,61.499385000000004,380500.6812900007,1000.0,-0.001
2020-04-07,SELL,CONSUMBEES.NS,2701,49.82,134563.82,67.28191000000001,514997.2193800007,45.59,9.278
2020-04-07,SELL,MON100.NS,2228,61.2,136353.6,68.1768,651282.6425800007,55.26,10.749
2020-04-07,BUY,GOLDBEES.NS,3281,39.67,130157.27,65.078635,521060.2939450007,,
2020-04-07,BUY,LIQUIDBEES.NS,130,999.99,129998.7,64.99935,390996.5945950007,,
2020-04-07,BUY,DIVOPPBEES.NS,4955,26.27,130167.84999999999,65.083925,260763.66067000068,,
2020-04-07,BUY,MON100.NS,2127,61.2,130172.40000000001,65.0862,130526.17447000067,,
2020-04-07,BUY,CONSUMBEES.NS,2613,49.82,130179.66,65.08983,281.42464000066684,,
2020-04-20,SELL,GOLDBEES.NS,3281,41.55,136325.55,68.162775,136538.81186500064,39.67,4.739
2020-04-20,SELL,LIQUIDBEES.NS,130,1000.0,130000.0,65.0,266473.81186500064,999.99,0.001
2020-04-20,SELL,DIVOPPBEES.NS,4955,25.53,126501.15000000001,63.250575000000005,392911.71129000065,26.27,-2.817
2020-04-20,SELL,MON100.NS,2127,66.1,140594.69999999998,70.29735,533436.1139400007,61.2,8.007
2020-04-20,SELL,CONSUMBEES.NS,2613,54.07,141284.91,70.642455,674650.3814850007,49.82,8.531
2020-04-20,BUY,GOLDBEES.NS,3245,41.55,134829.75,67.414875,539753.2166100007,,
2020-04-20,BUY,MON100.NS,2040,66.1,134844.0,67.422,404841.7946100007,,
2020-04-20,BUY,CONSUMBEES.NS,2494,54.07,134850.58,67.42528999999999,269923.7893200007,,
2020-04-20,BUY,LIQUIDBEES.NS,134,1000.0,134000.0,67.0,135856.78932000068,,
2020-04-20,BUY,CPSEETF.NS,7840,17.2,134848.0,67.424,941.3653200006811,,
2020-04-27,SELL,GOLDBEES.NS,3245,42.56,138107.2,69.0536,138979.51172000068,41.55,2.431
2020-04-27,SELL,MON100.NS,2040,66.48,135619.2,67.8096,274530.9021200007,66.1,0.575
2020-04-27,SELL,CONSUMBEES.NS,2494,53.26,132830.44,66.41522,407294.92690000066,54.07,-1.498
2020-04-27,SELL,LIQUIDBEES.NS,134,999.99,133998.66,66.99933,541226.5875700007,1000.0,-0.001
2020-04-27,SELL,CPSEETF.NS,7840,16.31,127870.4,63.9352,669033.0523700006,17.2,-5.174
2020-04-27,BUY,GOLDBEES.NS,3142,42.56,133723.52000000002,66.86176,535242.6706100006,,
2020-04-27,BUY,MON100.NS,2011,66.48,133691.28,66.84564,401484.5449700006,,
2020-04-27,BUY,CONSUMBEES.NS,2511,53.26,133735.86,66.86793,267681.81704000063,,
2020-04-27,BUY,LIQUIDBEES.NS,133,999.99,132998.67,66.499335,134616.64770500062,,
2020-04-27,BUY,DIVOPPBEES.NS,5288,25.29,133733.52,66.86676,816.2609450006275,,
2020-05-04,SELL,GOLDBEES.NS,3142,42.73,134257.66,67.12883000000001,135006.79211500063,42.56,0.399
2020-05-04,SELL,MON100.NS,2011,64.1,128905.09999999999,64.45255,263847.4395650006,66.48,-3.58
2020-05-04,SELL,CONSUMBEES.NS,2511,51.8,130069.79999999999,65.0349,393852.20466500055,53.26,-2.741
2020-05-04,SELL,LIQUIDBEES.NS,133,1000.0,133000.0,66.5,526785.7046650006,999.99,0.001
2020-05-04,SELL,DIVOPPBEES.NS,5288,24.52,129661.76,64.83088,656382.6337850005,25.29,-3.045
2020-05-04,BUY,GOLDBEES.NS,3070,42.73,131181.09999999998,65.59055,525135.9432350006,,
2020-05-04,BUY,MON100.NS,2046,64.1,131148.59999999998,65.5743,393921.76893500064,,
2020-05-04,BUY,CONSUMBEES.NS,2533,51.8,131209.4,65.6047,262646.76423500065,,
2020-05-04,BUY,INFRABEES.NS,477,274.99,131170.23,65.585115,131410.94912000065,,
2020-05-04,BUY,LIQUIDBEES.NS,131,1000.0,131000.0,65.5,345.44912000064505,,
2020-05-18,SELL,GOLDBEES.NS,3070,42.54,130597.8,65.2989,130877.95022000065,42.73,-0.445
2020-05-18,SELL,MON100.NS,2046,69.52,142237.91999999998,71.11895999999999,273044.75126000063,64.1,8.456
2020-05-18,SELL,CONSUMBEES.NS,2533,47.36,119962.88,59.981440000000006,392947.64982000063,51.8,-8.571
2020-05-18,SELL,INFRABEES.NS,477,272.78,130116.05999999998,65.05802999999999,522998.6517900006,274.99,-0.804
2020-05-18,SELL,LIQUIDBEES.NS,131,1000.0,131000.0,65.5,653933.1517900006,1000.0,0.0
2020-05-18,BUY,MON100.NS,1880,69.52,130697.59999999999,65.3488,523170.2029900006,,
2020-05-18,BUY,GOLDBEES.NS,3072,42.54,130682.88,65.34144,392421.9815500006,,
2020-05-18,BUY,INFRABEES.NS,479,272.78,130661.61999999998,65.33080999999999,261695.03074000063,,
2020-05-18,BUY,LIQUIDBEES.NS,130,1000.0,130000.0,65.0,131630.03074000063,,
2020-05-18,BUY,JUNIORBEES.NS,553,236.16,130596.48,65.29823999999999,968.2525000006281,,
2020-05-26,SELL,MON100.NS,1880,71.19,133837.19999999998,66.9186,134738.53390000062,69.52,2.402
2020-05-26,SELL,GOLDBEES.NS,3072,41.2,126566.40000000001,63.28320000000001,261241.65070000064,42.54,-3.15
2020-05-26,SELL,INFRABEES.NS,479,280.34,134282.86,67.14143,395457.3692700006,272.78,2.771
2020-05-26,SELL,LIQUIDBEES.NS,130,1000.0,130000.0,65.0,525392.3692700006,1000.0,0.0
2020-05-26,SELL,JUNIORBEES.NS,553,242.86,134301.58000000002,67.15079000000001,659626.7984800006,236.16,2.837
2020-05-26,BUY,MON100.NS,1852,71.19,131843.88,65.92194,527716.9965400005,,
2020-05-26,BUY,GOLDBEES.NS,3200,41.2,131840.0,65.92,395811.0765400005,,
2020-05-26,BUY,INFRABEES.NS,470,280.34,131759.8,65.87989999999999,263985.3966400005,,
2020-05-26,BUY,LIQUIDBEES.NS,131,1000.0,131000.0,65.5,132919.89664000052,,
2020-05-26,BUY,NV20BEES.NS,2637,50.0,131850.0,65.925,1003.9716400005273,,
2020-06-01,SELL,MON100.NS,1852,70.14,129899.28,64.94964,130838.30200000052,71.19,-1.475
2020-06-01,SELL,GOLDBEES.NS,3200,41.21,131872.0,65.936,262644.3660000005,41.2,0.024
2020-06-01,SELL,INFRABEES.NS,470,297.06,139618.2,69.8091,402192.7569000005,280.34,5.964
2020-06-01,SELL,LIQUIDBEES.NS,131,1000.0,131000.0,65.5,533127.2569000005,1000.0,0.0
2020-06-01,SELL,NV20BEES.NS,2637,51.94,136965.78,68.48289,670024.5540100005,50.0,3.88
2020-06-01,BUY,MON100.NS,1909,70.14,133897.26,66.94863000000001,536060.3453800005,,
2020-06-01,BUY,INFRABEES.NS,450,297.06,133677.0,66.8385,402316.5068800005,,
2020-06-01,BUY,JUNIORBEES.NS,526,254.16,133688.16,66.84408,268561.5028000005,,
2020-06-01,BUY,CPSEETF.NS,7653,17.5,133927.5,66.96375,134567.0390500005,,
2020-06-01,BUY,NV20BEES.NS,2578,51.94,133901.32,66.95066,598.7683900004777,,
2020-06-08,SELL,MON100.NS,1909,73.03,139414.27,69.707135,139943.33125500046,70.14,4.12
2020-06-08,SELL,INFRABEES.NS,450,309.09,139090.5,69.54525,278964.28600500047,297.06,4.05
2020-06-08,SELL,JUNIORBEES.NS,526,264.21,138974.46,69.48723,417869.25877500046,254.16,3.954
2020-06-08,SELL,CPSEETF.NS,7653,18.37,140585.61000000002,70.29280500000002,558384.5759700005,17.5,4.971
2020-06-08,SELL,NV20BEES.NS,2578,53.6,138180.80000000002,69.09040000000002,696496.2855700005,51.94,3.196
2020-06-08,BUY,INFRABEES.NS,450,309.09,139090.5,69.54525,557336.2403200006,,
2020-06-08,BUY,MON100.NS,1906,73.03,139195.18,69.59759,418071.4627300006,,
2020-06-08,BUY,JUNIORBEES.NS,526,264.21,138974.46,69.48723,279027.5155000006,,
2020-06-08,BUY,CPSEETF.NS,7579,18.37,139226.23,69.61311500000001,139731.67238500062,,
2020-06-08,BUY,NIFTYBEES.NS,1287,108.1,139124.69999999998,69.56235,537.4100350006483,,
2020-06-15,SELL,INFRABEES.NS,450,300.91,135409.5,67.70475,135879.20528500064,309.09,-2.646
2020-06-15,SELL,MON100.NS,1906,71.21,135726.25999999998,67.86313,271537.6021550006,73.03,-2.492
2020-06-15,SELL,JUNIORBEES.NS,526,259.14,136307.63999999998,68.15382,407777.08833500056,264.21,-1.919
2020-06-15,SELL,CPSEETF.NS,7579,17.27,130889.33,65.444665,538600.9736700006,18.37,-5.988
2020-06-15,SELL,NIFTYBEES.NS,1287,104.51,134504.37,67.252185,673038.0914850006,108.1,-3.321
2020-06-15,BUY,MON100.NS,1889,71.21,134515.69,67.257845,538455.1436400006,,
2020-06-15,BUY,MID150BEES.NS,2491,54.0,134514.0,67.257,403873.8866400006,,
2020-06-15,BUY,INFRABEES.NS,447,300.91,134506.77000000002,67.25338500000001,269299.8632550006,,
2020-06-15,BUY,MOM100.NS,8892,15.13,134535.96000000002,67.26798000000001,134696.6352750006,,
2020-06-15,BUY,JUNIORBEES.NS,519,259.14,134493.66,67.24683,135.72844500059728,,
2020-06-22,SELL,MON100.NS,1889,75.46,142543.94,71.27197,142608.3964750006,71.21,5.968
2020-06-22,SELL,MID150BEES.NS,2491,58.02,144527.82,72.26391000000001,287063.9525650006,54.0,7.444
2020-06-22,SELL,INFRABEES.NS,447,318.94,142566.18,71.28309,429558.84947500064,300.91,5.992
2020-06-22,SELL,MOM100.NS,8892,15.59,138626.28,69.31314,568115.8163350006,15.13,3.04
2020-06-22,SELL,JUNIORBEES.NS,519,267.64,138905.16,69.45258,706951.5237550006,259.14,3.28
2020-06-22,BUY,MON100.NS,1872,75.46,141261.12,70.63056,565619.7731950006,,
2020-06-22,BUY,INFRABEES.NS,443,318.94,141290.42,70.64521,424258.70798500057,,
2020-06-22,BUY,MID150BEES.NS,2435,58.02,141278.7,70.63935000000001,282909.36863500054,,
2020-06-22,BUY,MOM100.NS,9064,15.59,141307.76,70.65388,141530.95475500054,,
2020-06-22,BUY,NIFTYBEES.NS,1289,109.56,141222.84,70.61142,237.50333500053966,,
2020-06-29,SELL,MON100.NS,1872,73.11,136861.92,68.43096000000001,137030.99237500055,75.46,-3.114
2020-06-29,SELL,INFRABEES.NS,443,312.98,138650.14,69.32507000000001,275611.8073050006,318.94,-1.869
2020-06-29,SELL,MID150BEES.NS,2435,56.63,137894.05000000002,68.94702500000001,413436.91028000065,58.02,-2.396
2020-06-29,SELL,MOM100.NS,9064,15.29,138588.56,69.29428,551956.1760000007,15.59,-1.924
2020-06-29,SELL,NIFTYBEES.NS,1289,109.74,141454.86,70.72743,693340.3085700007,109.56,0.164
2020-06-29,BUY,PSUBNKBEES.NS,8651,16.02,138589.02,69.29451,554681.9940600006,,
2020-06-29,BUY,MID150BEES.NS,2447,56.63,138573.61000000002,69.28680500000002,416039.0972550006,,
2020-06-29,BUY,MOM100.NS,9064,15.29,138588.56,69.29428,277381.24297500064,,
2020-06-29,BUY,MON100.NS,1895,73.11,138543.45,69.271725,138768.52125000063,,
2020-06-29,BUY,NIFTYBEES.NS,1262,109.74,138491.88,69.24594,207.3953100006329,,
2020-07-06,SELL,PSUBNKBEES.NS,8651,16.22,140319.22,70.15961,140456.45570000063,16.02,1.248
2020-07-06,SELL,MID150BEES.NS,2447,58.72,143687.84,71.84392,284072.4517800006,56.63,3.691
2020-07-06,SELL,MOM100.NS,9064,15.97,144752.08000000002,72.37604,428752.1557400006,15.29,4.447
2020-07-06,SELL,MON100.NS,1895,76.78,145498.1,72.74905000000001,574177.5066900006,73.11,5.02
2020-07-06,SELL,NIFTYBEES.NS,1262,114.28,144221.36000000002,72.11068,718326.7560100006,109.74,4.137
2020-07-06,BUY,PSUBNKBEES.NS,8852,16.22,143579.44,71.78972,574675.5262900006,,
2020-07-06,BUY,MID150BEES.NS,2445,58.72,143570.4,71.7852,431033.34109000064,,
2020-07-06,BUY,INFRABEES.NS,446,321.32,143308.72,71.65436,287652.9667300007,,
2020-07-06,BUY,NIFTYBEES.NS,1256,114.28,143535.68,71.76783999999999,144045.5188900007,,
2020-07-06,BUY,MON100.NS,1870,76.78,143578.6,71.78930000000001,395.1295900006953,,
2020-07-13,SELL,PSUBNKBEES.NS,8852,16.17,143136.84000000003,71.56842000000002,143460.40117000072,16.22,-0.308
2020-07-13,SELL,MID150BEES.NS,2445,58.19,142274.55,71.137275,285663.8138950007,58.72,-0.903
2020-07-13,SELL,INFRABEES.NS,446,316.41,141118.86000000002,70.55943,426712.11446500075,321.32,-1.528
2020-07-13,SELL,NIFTYBEES.NS,1256,114.86,144264.16,72.13208,570904.1423850007,114.28,0.508
2020-07-13,SELL,MON100.NS,1870,80.4,150348.0,75.174,721176.9683850007,76.78,4.715
2020-07-13,BUY,PSUBNKBEES.NS,8915,16.17,144155.55000000002,72.07777500000002,576949.3406100007,,
2020-07-13,BUY,MON100.NS,1793,80.4,144157.2,72.07860000000001,432720.06201000063,,
2020-07-13,BUY,MID150BEES.NS,2477,58.19,144136.63,72.068315,288511.36369500065,,
2020-07-13,BUY,BANKBEES.NS,647,222.51,143963.97,71.98198500000001,144475.41171000066,,
2020-07-13,BUY,NIFTYBEES.NS,1255,114.86,144149.3,72.07464999999999,254.03706000067177,,
2020-07-20,SELL,PSUBNKBEES.NS,8915,15.87,141481.05,70.74052499999999,141664.34653500066,16.17,-1.855
2020-07-20,SELL,MON100.NS,1793,78.6,140929.8,70.4649,282523.6816350006,80.4,-2.239
2020-07-20,SELL,MID150BEES.NS,2477,58.51,144929.27,72.464635,427380.4870000006,58.19,0.55
2020-07-20,SELL,BANKBEES.NS,647,224.39,145180.33,72.590165,572488.2268350006,222.51,0.845
2020-07-20,SELL,NIFTYBEES.NS,1255,117.06,146910.3,73.45514999999999,719325.0716850006,114.86,1.915
2020-07-20,BUY,NV20BEES.NS,2506,57.37,143769.22,71.88461,575483.9670750005,,
2020-07-20,BUY,NIFTYBEES.NS,1228,117.06,143749.68,71.87483999999999,431662.4122350005,,
2020-07-20,BUY,MON100.NS,1829,78.6,143759.4,71.8797,287831.13253500056,,
2020-07-20,BUY,MID150BEES.NS,2457,58.51,143759.07,71.879535,144000.18300000057,,
2020-07-20,BUY,PSUBNKBEES.NS,9060,15.87,143782.19999999998,71.8911,146.09190000058152,,
2020-07-27,SELL,NV20BEES.NS,2506,58.3,146099.8,73.0499,146172.84200000056,57.37,1.621
2020-07-27,SELL,NIFTYBEES.NS,1228,118.39,145382.92,72.69146,291483.07054000057,117.06,1.136
2020-07-27,SELL,MON100.NS,1829,77.59,141912.11000000002,70.956055,433324.2244850006,78.6,-1.285
2020-07-27,SELL,MID150BEES.NS,2457,58.4,143488.8,71.7444,576741.2800850006,58.51,-0.188
2020-07-27,SELL,PSUBNKBEES.NS,9060,15.4,139524.0,69.762,716195.5180850006,15.87,-2.962
2020-07-27,BUY,NIFTYBEES.NS,1209,118.39,143133.51,71.566755,572990.4413300005,,
2020-07-27,BUY,BANKBEES.NS,650,220.12,143078.0,71.539,429840.90233000054,,
2020-07-27,BUY,NV20BEES.NS,2455,58.3,143126.5,71.56325,286642.8390800005,,
2020-07-27,BUY,MID150BEES.NS,2451,58.4,143138.4,71.5692,143432.86988000054,,
2020-07-27,BUY,MOM100.NS,8897,16.09,143152.73,71.57636500000001,208.56351500054006,,
2020-08-03,SELL,NIFTYBEES.NS,1209,116.17,140449.53,70.224765,140587.86875000055,118.39,-1.875
2020-08-03,SELL,BANKBEES.NS,650,212.62,138203.0,69.1015,278721.76725000056,220.12,-3.407
2020-08-03,SELL,NV20BEES.NS,2455,58.75,144231.25,72.11562500000001,422880.9016250005,58.3,0.772
2020-08-03,SELL,MID150BEES.NS,2451,59.14,144952.14,72.47607,567760.5655550006,58.4,1.267
2020-08-03,SELL,MOM100.NS,8897,16.29,144932.13,72.466065,712620.2294900005,16.09,1.243
2020-08-03,BUY,NV20BEES.NS,2424,58.75,142410.0,71.205,570139.0244900006,,
2020-08-03,BUY,GOLDBEES.NS,3012,47.29,142437.48,71.21874000000001,427630.32575000054,,
2020-08-03,BUY,NIFTYBEES.NS,1226,116.17,142424.42,71.21221000000001,285134.69354000053,,
2020-08-03,BUY,MOM100.NS,8744,16.29,142439.75999999998,71.21987999999999,142623.71366000056,,
2020-08-03,BUY,MON100.NS,1768,80.54,142394.72,71.19736,157.79630000056932,,
2020-08-10,SELL,NV20BEES.NS,2424,58.93,142846.32,71.42316000000001,142932.69314000057,58.75,0.306
2020-08-10,SELL,GOLDBEES.NS,3012,48.4,145780.8,72.8904,288640.6027400006,47.29,2.347
2020-08-10,SELL,NIFTYBEES.NS,1226,119.97,147083.22,73.54161,435650.2811300006,116.17,3.271
2020-08-10,SELL,MOM100.NS,8744,17.05,149085.2,74.54260000000001,584660.9385300006,16.29,4.665
2020-08-10,SELL,MON100.NS,1768,82.1,145152.8,72.57639999999999,729741.1621300007,80.54,1.937
2020-08-10,BUY,GOLDBEES.NS,3013,48.4,145829.19999999998,72.9146,583839.0475300007,,
2020-08-10,BUY,MID150BEES.NS,2325,62.72,145824.0,72.912,437942.13553000067,,
2020-08-10,BUY,MON100.NS,1776,82.1,145809.59999999998,72.9048,292059.6307300007,,
2020-08-10,BUY,MOM100.NS,8555,17.05,145862.75,72.931375,146123.9493550007,,
2020-08-10,BUY,NIFTYBEES.NS,1215,119.97,145763.55,72.88177499999999,287.51758000071277,,
2020-08-17,SELL,GOLDBEES.NS,3013,46.15,139049.94999999998,69.524975,139267.9426050007,48.4,-4.649
2020-08-17,SELL,MID150BEES.NS,2325,62.54,145405.5,72.70275,284600.7398550007,62.72,-0.287
2020-08-17,SELL,MON100.NS,1776,82.66,146804.16,73.40208,431331.4977750007,82.1,0.682
2020-08-17,SELL,MOM100.NS,8555,17.21,147231.55000000002,73.61577500000001,578489.4320000007,17.05,0.938
2020-08-17,SELL,NIFTYBEES.NS,1215,119.88,145654.19999999998,72.82709999999999,724070.8049000007,119.97,-0.075
2020-08-17,BUY,MOM100.NS,8410,17.21,144736.1,72.36805000000001,579262.3368500007,,
2020-08-17,BUY,MID150BEES.NS,2314,62.54,144717.56,72.35878,434472.41807000065,,
2020-08-17,BUY,NV20BEES.NS,2418,59.86,144741.48,72.37074000000001,289658.56733000063,,
2020-08-17,BUY,MON100.NS,1751,82.66,144737.66,72.36883,144848.53850000064,,
2020-08-17,BUY,NIFTYBEES.NS,1207,119.88,144695.16,72.34758000000001,81.03092000063043,,
2020-08-24,SELL,MOM100.NS,8410,18.09,152136.9,76.06845,152141.86247000063,17.21,5.113
2020-08-24,SELL,MID150BEES.NS,2314,65.68,151983.52000000002,75.99176000000001,304049.39071000065,62.54,5.021
2020-08-24,SELL,NV20BEES.NS,2418,60.88,147207.84,73.60392,451183.62679000065,59.86,1.704
2020-08-24,SELL,MON100.NS,1751,85.09,148992.59,74.496295,600101.7204950007,82.66,2.94
2020-08-24,SELL,NIFTYBEES.NS,1207,122.0,147254.0,73.627,747282.0934950007,119.88,1.768
2020-08-24,BUY,MOM100.NS,8257,18.09,149369.13,74.684565,597838.2789300007,,
2020-08-24,BUY,MID150BEES.NS,2274,65.68,149356.32,74.67816,448407.2807700007,,
2020-08-24,BUY,MON100.NS,1755,85.09,149332.95,74.666475,298999.6642950007,,
2020-08-24,BUY,CPSEETF.NS,7776,19.21,149376.96000000002,74.68848000000001,149548.0158150007,,
2020-08-24,BUY,NV20BEES.NS,2453,60.88,149338.64,74.66932000000001,134.70649500068976,,
2020-08-31,SELL,MOM100.NS,8257,17.56,144992.91999999998,72.49646,145055.13003500068,18.09,-2.93
2020-08-31,SELL,MID150BEES.NS,2274,64.62,146945.88,73.47294000000001,291927.5370950007,65.68,-1.614
2020-08-31,SELL,MON100.NS,1755,87.22,153071.1,76.53555,444922.1015450007,85.09,2.503
2020-08-31,SELL,CPSEETF.NS,7776,18.57,144400.32,72.20016000000001,589250.2213850007,19.21,-3.332
2020-08-31,SELL,NV20BEES.NS,2453,59.6,146198.80000000002,73.09940000000002,735375.9219850007,60.88,-2.102
2020-08-31,BUY,MID150BEES.NS,2274,64.62,146945.88,73.47294000000001,588356.5690450007,,
2020-08-31,BUY,BANKBEES.NS,613,239.57,146856.41,73.428205,441426.7308400007,,
2020-08-31,BUY,MOM100.NS,8371,17.56,146994.75999999998,73.49737999999999,294358.4734600007,,
2020-08-31,BUY,PSUBNKBEES.NS,8750,16.8,147000.0,73.5,147284.9734600007,,
2020-08-31,BUY,MON100.NS,1685,87.22,146965.7,73.48285000000001,245.79061000069487,,
2020-09-07,SELL,MID150BEES.NS,2274,64.82,147400.68,73.70034,147572.77027000068,64.62,0.31
2020-09-07,SELL,BANKBEES.NS,613,231.37,141829.81,70.914905,289331.66536500066,239.57,-3.423
2020-09-07,SELL,MOM100.NS,8371,17.46,146157.66,73.07883,435416.2465350006,17.56,-0.569
2020-09-07,SELL,PSUBNKBEES.NS,8750,16.09,140787.5,70.39375,576133.3527850006,16.8,-4.226
2020-09-07,SELL,MON100.NS,1685,83.35,140444.75,70.222375,716507.8804100006,87.22,-4.437
2020-09-07,BUY,MID150BEES.NS,2209,64.82,143187.37999999998,71.59369,573248.9067200006,,
2020-09-07,BUY,MOM100.NS,8203,17.46,143224.38,71.61219,429952.91453000053,,
2020-09-07,BUY,MON100.NS,1718,83.35,143195.3,71.59765,286686.01688000053,,
2020-09-07,BUY,NV20BEES.NS,2406,59.52,143205.12,71.60256,143409.29432000054,,
2020-09-07,BUY,DIVOPPBEES.NS,4938,29.0,143202.0,71.601,135.6933200005442,,
2020-09-14,SELL,MID150BEES.NS,2209,66.68,147296.12000000002,73.64806000000002,147358.16526000056,64.82,2.869
2020-09-14,SELL,MOM100.NS,8203,18.59,152493.77,76.24688499999999,299775.68837500055,17.46,6.472
2020-09-14,SELL,MON100.NS,1718,80.98,139123.64,69.56182000000001,438829.76655500056,83.35,-2.843
2020-09-14,SELL,NV20BEES.NS,2406,60.14,144696.84,72.34842,583454.2581350006,59.52,1.042
2020-09-14,SELL,DIVOPPBEES.NS,4938,28.87,142560.06,71.28003,725943.0381050006,29.0,-0.448
2020-09-14,BUY,MOM100.NS,7806,18.59,145113.54,72.55677,580756.9413350006,,
2020-09-14,BUY,MID150BEES.NS,2176,66.68,145095.68000000002,72.54784000000001,435588.7134950005,,
2020-09-14,BUY,NIFTYBEES.NS,1188,122.13,145090.44,72.54522,290425.72827500047,,
2020-09-14,BUY,NV20BEES.NS,2412,60.14,145057.68,72.52884,145295.51943500046,,
2020-09-14,BUY,CONSUMBEES.NS,2637,55.02,145087.74000000002,72.54387000000001,135.2355650004465,,
2020-09-21,SELL,MOM100.NS,7806,18.09,141210.54,70.60527,141275.17029500045,18.59,-2.69
2020-09-21,SELL,MID150BEES.NS,2176,64.53,140417.28,70.20864,281622.2416550005,66.68,-3.224
2020-09-21,SELL,NIFTYBEES.NS,1188,119.92,142464.96,71.23248,424015.96917500044,122.13,-1.81
2020-09-21,SELL,NV20BEES.NS,2412,59.95,144599.4,72.2997,568543.0694750005,60.14,-0.316
2020-09-21,SELL,CONSUMBEES.NS,2637,53.63,141422.31,70.711155,709894.6683200005,55.02,-2.526
2020-09-21,BUY,MOM100.NS,7844,18.09,141897.96,70.94897999999999,567925.7593400006,,
2020-09-21,BUY,MID150BEES.NS,2199,64.53,141901.47,70.95073500000001,425953.3386050006,,
2020-09-21,BUY,NV20BEES.NS,2367,59.95,141901.65,70.950825,283980.73778000055,,
2020-09-21,BUY,NIFTYBEES.NS,1183,119.92,141865.36000000002,70.93268,142044.44510000054,,
2020-09-21,BUY,JUNIORBEES.NS,505,280.98,141894.90000000002,70.94745000000002,78.59765000050538,,
2020-09-28,SELL,MOM100.NS,7844,17.97,140956.68,70.47834,140964.7993100005,18.09,-0.663
2020-09-28,SELL,MID150BEES.NS,2199,64.99,142913.00999999998,71.45650499999999,283806.3528050005,64.53,0.713
2020-09-28,SELL,NV20BEES.NS,2367,60.0,142020.0,71.01,425755.3428050005,59.95,0.083
2020-09-28,SELL,NIFTYBEES.NS,1183,119.75,141664.25,70.832125,567348.7606800005,119.92,-0.142
2020-09-28,SELL,JUNIORBEES.NS,505,281.34,142076.69999999998,71.03835,709354.4223300006,280.98,0.128
2020-09-28,BUY,MOM100.NS,7890,17.97,141783.3,70.89165,567500.2306800005,,
2020-09-28,BUY,MID150BEES.NS,2181,64.99,141743.19,70.871595,425686.1690850005,,
2020-09-28,BUY,NV20BEES.NS,2363,60.0,141780.0,70.89,283835.2790850005,,
2020-09-28,BUY,NIF100BEES.NS,1222,116.0,141752.0,70.876,142012.40308500052,,
2020-09-28,BUY,LIQUIDBEES.NS,141,999.99,140998.59,70.499295,943.3137900005386,,
2020-10-05,SELL,MOM100.NS,7890,17.98,141862.2,70.9311,142734.58269000056,17.97,0.056
2020-10-05,SELL,MID150BEES.NS,2181,65.72,143335.32,71.66766,285998.23503000056,64.99,1.123
2020-10-05,SELL,NV20BEES.NS,2363,61.4,145088.19999999998,72.54409999999999,431013.8909300006,60.0,2.333
2020-10-05,SELL,NIF100BEES.NS,1222,116.29,142106.38,71.05319,573049.2177400006,116.0,0.25
2020-10-05,SELL,LIQUIDBEES.NS,141,1000.0,141000.0,70.5,713978.7177400006,999.99,0.001
2020-10-05,BUY,MID150BEES.NS,2171,65.72,142678.12,71.33906,571229.2586800006,,
2020-10-05,BUY,MOM100.NS,7937,17.98,142707.26,71.35363000000001,428450.6450500005,,
2020-10-05,BUY,NIF100BEES.NS,1227,116.29,142687.83000000002,71.34391500000001,285691.47113500047,,
2020-10-05,BUY,NV20BEES.NS,2324,61.4,142693.6,71.3468,142926.52433500046,,
2020-10-05,BUY,NIFTYBEES.NS,1166,122.38,142695.08,71.34754,160.09679500048514,,
2020-10-12,SELL,MID150BEES.NS,2171,65.09,141310.39,70.655195,141399.8316000005,65.72,-0.959
2020-10-12,SELL,MOM100.NS,7937,17.55,139294.35,69.647175,280624.53442500054,17.98,-2.392
2020-10-12,SELL,NIF100BEES.NS,1227,117.57,144258.38999999998,72.129195,424810.7952300005,116.29,1.101
2020-10-12,SELL,NV20BEES.NS,2324,62.56,145389.44,72.69472,570127.5405100005,61.4,1.889
2020-10-12,SELL,NIFTYBEES.NS,1166,126.96,148035.36,74.01768,718088.8828300005,122.38,3.742
2020-10-12,BUY,BANKBEES.NS,602,238.27,143438.54,71.71927000000001,574578.6235600004,,
2020-10-12,BUY,NIFTYBEES.NS,1130,126.96,143464.8,71.7324,431042.0911600004,,
2020-10-12,BUY,NV20BEES.NS,2294,62.56,143512.64,71.75632,287457.6948400004,,
2020-10-12,BUY,MID150BEES.NS,2205,65.09,143523.45,71.76172500000001,143862.48311500042,,
2020-10-12,BUY,NIF100BEES.NS,1220,117.57,143435.4,71.7177,355.36541500041494,,
2020-10-19,SELL,BANKBEES.NS,602,243.9,146827.80000000002,73.41390000000001,147109.75151500042,238.27,2.363
2020-10-19,SELL,NIFTYBEES.NS,1130,126.81,143295.3,71.64765,290333.4038650004,126.96,-0.118
2020-10-19,SELL,NV20BEES.NS,2294,62.41,143168.53999999998,71.58426999999999,433430.3595950004,62.56,-0.24
2020-10-19,SELL,MID150BEES.NS,2205,64.99,143302.94999999998,71.65147499999999,576661.6581200004,65.09,-0.154
2020-10-19,SELL,NIF100BEES.NS,1220,117.5,143350.0,71.675,719939.9831200005,117.57,-0.06
2020-10-19,BUY,BANKBEES.NS,590,243.9,143901.0,71.9505,575967.0326200004,,
2020-10-19,BUY,MON100.NS,1668,86.26,143881.68000000002,71.94084000000001,432013.41178000043,,
2020-10-19,BUY,NV20BEES.NS,2305,62.41,143855.05,71.92752499999999,288086.43425500044,,
2020-10-19,BUY,NIFTYBEES.NS,1134,126.81,143802.54,71.90127000000001,144211.99298500043,,
2020-10-19,BUY,MID150BEES.NS,2214,64.99,143887.86,71.94393,252.18905500043184,,
2020-10-26,SELL,BANKBEES.NS,590,242.43,143033.7,71.51685,143214.37220500043,243.9,-0.603
2020-10-26,SELL,MON100.NS,1668,83.88,139911.84,69.95592,283056.2562850004,86.26,-2.759
2020-10-26,SELL,NV20BEES.NS,2305,62.91,145007.55,72.50377499999999,427991.3025100004,62.41,0.801
2020-10-26,SELL,NIFTYBEES.NS,1134,125.81,142668.54,71.33427,570588.5082400005,126.81,-0.789
2020-10-26,SELL,MID150BEES.NS,2214,65.33,144640.62,72.32030999999999,715156.8079300005,64.99,0.523
2020-10-26,BUY,BANKBEES.NS,589,242.43,142791.27,71.395635,572294.1422950005,,
2020-10-26,BUY,NIFTYBEES.NS,1136,125.81,142920.16,71.46008,429302.52221500047,,
2020-10-26,BUY,NV20BEES.NS,2272,62.91,142931.52,71.46576,286299.5364550005,,
2020-10-26,BUY,MID150BEES.NS,2188,65.33,142942.04,71.47102000000001,143286.0254350005,,
2020-10-26,BUY,MOM100.NS,8022,17.82,142952.04,71.47602,262.5094150005025,,
2020-11-09,SELL,BANKBEES.NS,589,277.4,163388.59999999998,81.69429999999998,163569.41511500048,242.43,14.425
2020-11-09,SELL,NIFTYBEES.NS,1136,132.73,150781.28,75.39064,314275.3044750005,125.81,5.5
2020-11-09,SELL,NV20BEES.NS,2272,64.45,146430.4,73.2152,460632.48927500047,62.91,2.448
2020-11-09,SELL,MID150BEES.NS,2188,68.49,149856.12,74.92806,610413.6812150005,65.33,4.837
2020-11-09,SELL,MOM100.NS,8022,18.75,150412.5,75.20625,760750.9749650005,17.82,5.219
2020-11-09,BUY,BANKBEES.NS,548,277.4,152015.19999999998,76.0076,608659.7673650006,,
2020-11-09,BUY,NIFTYBEES.NS,1145,132.73,151975.84999999998,75.98792499999999,456607.92944000056,,
2020-11-09,BUY,MOM100.NS,8110,18.75,152062.5,76.03125,304469.39819000056,,
2020-11-09,BUY,MID150BEES.NS,2220,68.49,152047.8,76.0239,152345.57429000057,,
2020-11-09,BUY,NIF100BEES.NS,1189,127.89,152061.21,76.030605,208.3336850005726,,
2020-11-17,SELL,BANKBEES.NS,548,293.58,160881.84,80.44092,161009.73276500058,277.4,5.833
2020-11-17,SELL,NIFTYBEES.NS,1145,137.39,157311.55,78.65577499999999,318242.6269900006,132.73,3.511
2020-11-17,SELL,MOM100.NS,8110,19.23,155955.30000000002,77.97765000000001,474119.94934000063,18.75,2.56
2020-11-17,SELL,MID150BEES.NS,2220,70.86,157309.2,78.6546,631350.4947400007,68.49,3.46
2020-11-17,SELL,NIF100BEES.NS,1189,131.08,155854.12000000002,77.92706000000001,787126.6876800007,127.89,2.494
2020-11-17,BUY,BANKBEES.NS,535,293.58,157065.3,78.53264999999999,629982.8550300007,,
2020-11-17,BUY,NIF100BEES.NS,1200,131.08,157296.00000000003,78.64800000000001,472608.20703000063,,
2020-11-17,BUY,NIFTYBEES.NS,1145,137.39,157311.55,78.65577499999999,315218.00125500065,,
2020-11-17,BUY,MID150BEES.NS,2220,70.86,157309.2,78.6546,157830.14665500063,,
2020-11-17,BUY,CONSUMBEES.NS,2743,57.36,157338.48,78.66924,412.997415000631,,
2020-11-23,SELL,BANKBEES.NS,535,292.12,156284.2,78.14210000000001,156619.05531500065,293.58,-0.497
2020-11-23,SELL,NIF100BEES.NS,1200,128.05,153660.0,76.83,310202.2253150006,131.08,-2.312
2020-11-23,SELL,NIFTYBEES.NS,1145,137.76,157735.19999999998,78.8676,467858.5577150006,137.39,0.269
2020-11-23,SELL,MID150BEES.NS,2220,73.55,163281.0,81.6405,631057.9172150006,70.86,3.796
2020-11-23,SELL,CONSUMBEES.NS,2743,56.66,155418.38,77.70919,786398.5880250006,57.36,-1.22
2020-11-23,BUY,BANKBEES.NS,538,292.12,157160.56,78.58028,629159.4477450007,,
2020-11-23,BUY,MID150BEES.NS,2137,73.55,157176.35,78.588175,471904.5095700007,,
2020-11-23,BUY,NIFTYBEES.NS,1141,137.76,157184.16,78.59208000000001,314641.7574900007,,
2020-11-23,BUY,MOM100.NS,7871,19.97,157183.87,78.59193499999999,157379.2955550007,,
2020-11-23,BUY,JUNIORBEES.NS,497,315.69,156897.93,78.448965,402.9165900007065,,
2020-12-01,SELL,BANKBEES.NS,538,299.43,161093.34,80.54667,161415.7099200007,292.12,2.502
2020-12-01,SELL,MID150BEES.NS,2137,76.03,162476.11000000002,81.238055,323810.5818650007,73.55,3.372
2020-12-01,SELL,NIFTYBEES.NS,1141,139.79,159500.38999999998,79.75019499999999,483231.2216700007,137.76,1.474
2020-12-01,SELL,MOM100.NS,7871,20.89,164425.19,82.21259500000001,647574.1990750007,19.97,4.607
2020-12-01,SELL,JUNIORBEES.NS,497,321.77,159919.69,79.959845,807413.9292300007,315.69,1.926
2020-12-01,BUY,BANKBEES.NS,539,299.43,161392.77,80.69638499999999,645940.4628450007,,
2020-12-01,BUY,PSUBNKBEES.NS,9149,17.64,161388.36000000002,80.69418,484471.4086650007,,
2020-12-01,BUY,MOM100.NS,7726,20.89,161396.14,80.69807000000002,322994.57059500064,,
2020-12-01,BUY,MID150BEES.NS,2122,76.03,161335.66,80.66783000000001,161578.24276500064,,
2020-12-01,BUY,CPSEETF.NS,8481,19.03,161393.43000000002,80.69671500000001,104.11605000062264,,
2020-12-14,SELL,BANKBEES.NS,539,309.22,166669.58000000002,83.33479000000001,166690.36126000065,299.43,3.27
2020-12-14,SELL,PSUBNKBEES.NS,9149,20.36,186273.63999999998,93.13682,352870.8644400006,17.64,15.42
2020-12-14,SELL,MOM100.NS,7726,21.58,166727.08,83.36354,519514.58090000064,20.89,3.303
2020-12-14,SELL,MID150BEES.NS,2122,77.89,165282.58,82.64129,684714.5196100007,76.03,2.446
2020-12-14,SELL,CPSEETF.NS,8481,21.1,178949.1,89.47455000000001,863574.1450600007,19.03,10.878
2020-12-14,BUY,PSUBNKBEES.NS,8478,20.36,172612.08,86.30604,690875.7590200007,,
2020-12-14,BUY,BANKBEES.NS,558,309.22,172544.76,86.27238000000001,518244.7266400007,,
2020-12-14,BUY,CPSEETF.NS,8181,21.1,172619.1,86.30955,345539.3170900007,,
2020-12-14,BUY,DIVOPPBEES.NS,5160,33.45,172602.00000000003,86.30100000000002,172851.0160900007,,
2020-12-14,BUY,MOM100.NS,7999,21.58,172618.41999999998,86.30921,146.28688000069815,,
2020-12-21,SELL,PSUBNKBEES.NS,8478,18.02,152773.56,76.38678,152843.4601000007,20.36,-11.493
2020-12-21,SELL,BANKBEES.NS,558,296.22,165290.76,82.64538,318051.57472000073,309.22,-4.204
2020-12-21,SELL,CPSEETF.NS,8181,19.72,161329.31999999998,80.66465999999998,479300.2300600007,21.1,-6.54
2020-12-21,SELL,DIVOPPBEES.NS,5160,32.75,168990.0,84.495,648205.7350600007,33.45,-2.093
2020-12-21,SELL,MOM100.NS,7999,20.47,163739.53,81.869765,811863.3952950006,21.58,-5.144
2020-12-21,BUY,PSUBNKBEES.NS,9006,18.02,162288.12,81.14406,649494.1312350007,,
2020-12-21,BUY,CPSEETF.NS,8229,19.72,162275.88,81.13794,487137.1132950007,,
2020-12-21,BUY,BANKBEES.NS,547,296.22,162032.34000000003,81.01617000000002,325023.7571250007,,
2020-12-21,BUY,MOM100.NS,7928,20.47,162286.16,81.14308,162656.4540450007,,
2020-12-21,BUY,MID150BEES.NS,2148,75.54,162259.92,81.12996000000001,315.4040850006859,,
2020-12-28,SELL,PSUBNKBEES.NS,9006,19.15,172464.9,86.23245,172694.07163500067,18.02,6.271
2020-12-28,SELL,CPSEETF.NS,8229,20.5,168694.5,84.34725,341304.22438500065,19.72,3.955
2020-12-28,SELL,BANKBEES.NS,547,310.1,169624.7,84.81235000000001,510844.1120350007,296.22,4.686
2020-12-28,SELL,MOM100.NS,7928,21.56,170927.68,85.46384,681686.3281950006,20.47,5.325
2020-12-28,SELL,MID150BEES.NS,2148,78.9,169477.2,84.7386,851078.7895950007,75.54,4.448
2020-12-28,BUY,PSUBNKBEES.NS,8884,19.15,170128.59999999998,85.06429999999999,680865.1252950007,,
2020-12-28,BUY,CPSEETF.NS,8299,20.5,170129.5,85.06475,510650.5605450007,,
2020-12-28,BUY,DIVOPPBEES.NS,4870,34.93,170109.1,85.05455,340456.40599500074,,
2020-12-28,BUY,BANKBEES.NS,548,310.1,169934.80000000002,84.96740000000001,170436.63859500072,,
2020-12-28,BUY,MOM100.NS,7891,21.56,170129.96,85.06497999999999,221.6136150007369,,
2021-01-04,SELL,PSUBNKBEES.NS,8884,20.1,178568.40000000002,89.28420000000001,178700.72941500077,19.15,4.961
2021-01-04,SELL,CPSEETF.NS,8299,20.82,172785.18,86.39259,351399.51682500076,20.5,1.561
2021-01-04,SELL,DIVOPPBEES.NS,4870,34.25,166797.5,83.39875,518113.61807500076,34.93,-1.947
2021-01-04,SELL,BANKBEES.NS,548,314.12,172137.76,86.06888000000001,690165.3091950008,310.1,1.296
2021-01-04,SELL,MOM100.NS,7891,22.48,177389.68,88.69484,867466.2943550008,21.56,4.267
2021-01-04,BUY,PSUBNKBEES.NS,8627,20.1,173402.7,86.70135,693976.8930050009,,
2021-01-04,BUY,BANKBEES.NS,552,314.12,173394.24,86.69712,520495.9558850009,,
2021-01-04,BUY,MID150BEES.NS,2129,81.43,173364.47,86.682235,347044.8036500009,,
2021-01-04,BUY,CPSEETF.NS,8328,20.82,173388.96,86.69448,173569.1491700009,,
2021-01-04,BUY,MOM100.NS,7713,22.48,173388.24,86.69412,94.2150500009011,,
2021-01-11,SELL,PSUBNKBEES.NS,8627,19.82,170987.14,85.49357,170995.86148000092,20.1,-1.393
2021-01-11,SELL,BANKBEES.NS,552,321.39,177407.28,88.70364000000001,348314.43784000096,314.12,2.314
2021-01-11,SELL,MID150BEES.NS,2129,84.12,179091.48,89.54574000000001,527316.372100001,81.43,3.303
2021-01-11,SELL,CPSEETF.NS,8328,21.63,180134.63999999998,90.06732,707360.944780001,20.82,3.89
2021-01-11,SELL,MOM100.NS,7713,23.2,178941.6,89.47080000000001,886213.0739800009,22.48,3.203
2021-01-11,BUY,PSUBNKBEES.NS,8938,19.82,177151.16,88.57558,708973.3384000009,,
2021-01-11,BUY,ITBEES.NS,6513,27.2,177153.6,88.5768,531731.1616000009,,
2021-01-11,BUY,MOM100.NS,7635,23.2,177132.0,88.566,354510.59560000093,,
2021-01-11,BUY,MID150BEES.NS,2105,84.12,177072.6,88.53630000000001,177349.45930000092,,
2021-01-11,BUY,CPSEETF.NS,8190,21.63,177149.69999999998,88.57485,111.18445000093197,,
2021-01-18,SELL,PSUBNKBEES.NS,8938,20.83,186178.53999999998,93.08926999999998,186196.6351800009,19.82,5.096
2021-01-18,SELL,ITBEES.NS,6513,26.6,173245.80000000002,86.62290000000002,359355.81228000094,27.2,-2.206
2021-01-18,SELL,MOM100.NS,7635,22.42,171176.7,85.58835,530446.923930001,23.2,-3.362
2021-01-18,SELL,MID150BEES.NS,2105,81.76,172104.80000000002,86.0524,702465.671530001,84.12,-2.806
2021-01-18,SELL,CPSEETF.NS,8190,21.05,172399.5,86.19975000000001,874778.971780001,21.63,-2.681
2021-01-18,BUY,PSUBNKBEES.NS,8395,20.83,174867.84999999998,87.43392499999999,699823.687855001,,
2021-01-18,BUY,ITBEES.NS,6573,26.6,174841.80000000002,87.42090000000002,524894.466955001,,
2021-01-18,BUY,INFRABEES.NS,433,403.37,174659.21,87.329605,350147.927350001,,
2021-01-18,BUY,NV20BEES.NS,2273,76.93,174861.89,87.43094500000001,175198.606405001,,
2021-01-18,BUY,CPSEETF.NS,8307,21.05,174862.35,87.43117500000001,248.82523000097717,,
2021-01-25,SELL,PSUBNKBEES.NS,8395,20.21,169662.95,84.83147500000001,169826.94375500098,20.83,-2.976
2021-01-25,SELL,ITBEES.NS,6573,26.28,172738.44,86.36922,342479.014535001,26.6,-1.203
2021-01-25,SELL,INFRABEES.NS,433,394.16,170671.28,85.33564,513064.958895001,403.37,-2.283
2021-01-25,SELL,NV20BEES.NS,2273,77.59,176362.07,88.18103500000001,689338.847860001,76.93,0.858
2021-01-25,SELL,CPSEETF.NS,8307,20.13,167219.91,83.609955,856475.1479050011,21.05,-4.371
2021-01-25,BUY,ITBEES.NS,6514,26.28,171187.92,85.59396000000001,685201.633945001,,
2021-01-25,BUY,PSUBNKBEES.NS,8471,20.21,171198.91,85.599455,513917.12449000106,,
2021-01-25,BUY,NV20BEES.NS,2206,77.59,171163.54,85.58177,342668.00272000104,,
2021-01-25,BUY,CONSUMBEES.NS,2538,67.45,171188.1,85.59405000000001,171394.30867000102,,
2021-01-25,BUY,MOM100.NS,7582,22.58,171201.56,85.60078,107.14789000101155,,
2021-02-01,SELL,ITBEES.NS,6514,25.03,163045.42,81.52271,163071.04518000103,26.28,-4.756
2021-02-01,SELL,PSUBNKBEES.NS,8471,21.37,181025.27000000002,90.51263500000002,344005.80254500103,20.21,5.74
2021-02-01,SELL,NV20BEES.NS,2206,76.5,168759.0,84.37950000000001,512680.423045001,77.59,-1.405
2021-02-01,SELL,CONSUMBEES.NS,2538,64.79,164437.02000000002,82.21851000000001,677035.224535001,67.45,-3.944
2021-02-01,SELL,MOM100.NS,7582,22.71,172187.22,86.09361,849136.350925001,22.58,0.576
2021-02-01,BUY,PSUBNKBEES.NS,7943,21.37,169741.91,84.87095500000001,679309.569970001,,
2021-02-01,BUY,MOM100.NS,7474,22.71,169734.54,84.86727,509490.16270000103,,
2021-02-01,BUY,DIVOPPBEES.NS,4912,34.55,169709.59999999998,84.85479999999998,339695.7079000011,,
2021-02-01,BUY,ITBEES.NS,6781,25.03,169728.43000000002,84.86421500000002,169882.41368500105,,
2021-02-01,BUY,NV20BEES.NS,2218,76.5,169677.0,84.8385,120.57518500104197,,
2021-02-08,SELL,PSUBNKBEES.NS,7943,24.69,196112.67,98.056335,196135.18885000105,21.37,15.536
2021-02-08,SELL,MOM100.NS,7474,23.66,176834.84,88.41742,372881.61143000104,22.71,4.183
2021-02-08,SELL,DIVOPPBEES.NS,4912,35.76,175653.12,87.82656,548446.904870001,34.55,3.502
2021-02-08,SELL,ITBEES.NS,6781,26.22,177797.81999999998,88.89890999999999,726155.825960001,25.03,4.754
2021-02-08,SELL,NV20BEES.NS,2218,79.63,176619.34,88.30967,902686.856290001,76.5,4.092
2021-02-08,BUY,PSUBNKBEES.NS,7308,24.69,180434.52000000002,90.21726000000001,722162.1190300009,,
2021-02-08,BUY,BANKBEES.NS,499,361.28,180278.71999999997,90.13935999999998,541793.2596700009,,
2021-02-08,BUY,INFRABEES.NS,424,425.36,180352.64,90.17632,361350.4433500009,,
2021-02-08,BUY,MOM100.NS,7626,23.66,180431.16,90.21558,180829.0677700009,,
2021-02-08,BUY,NIF100BEES.NS,1159,155.67,180421.53,90.210765,317.3270050009014,,
2021-02-15,SELL,PSUBNKBEES.NS,7308,25.04,182992.32,91.49616,183218.1508450009,24.69,1.418
2021-02-15,SELL,BANKBEES.NS,499,376.7,187973.3,93.98665,371097.4641950009,361.28,4.268
2021-02-15,SELL,INFRABEES.NS,424,429.17,181968.08000000002,90.98404000000001,552974.5601550009,425.36,0.896
2021-02-15,SELL,MOM100.NS,7626,24.07,183557.82,91.77891000000001,736440.601245001,23.66,1.733
2021-02-15,SELL,NIF100BEES.NS,1159,158.42,183608.78,91.80439,919957.5768550009,155.67,1.767
2021-02-15,BUY,PSUBNKBEES.NS,7344,25.04,183893.75999999998,91.94688,735971.869975001,,
2021-02-15,BUY,BANKBEES.NS,488,376.7,183829.6,91.9148,552050.355175001,,
2021-02-15,BUY,INFRABEES.NS,428,429.17,183684.76,91.84238,368273.75279500097,,
2021-02-15,BUY,DIVOPPBEES.NS,5080,36.2,183896.0,91.94800000000001,184285.80479500096,,
2021-02-15,BUY,NIFTYBEES.NS,1121,163.93,183765.53,91.882765,428.3920300009777,,
2021-02-22,SELL,PSUBNKBEES.NS,7344,26.17,192192.48,96.09624000000001,192524.77579000097,25.04,4.513
2021-02-22,SELL,BANKBEES.NS,488,354.58,173035.03999999998,86.51751999999999,365473.29827000096,376.7,-5.872
2021-02-22,SELL,INFRABEES.NS,428,423.91,181433.48,90.71674,546816.061530001,429.17,-1.226
2021-02-22,SELL,DIVOPPBEES.NS,5080,35.82,181965.6,90.98280000000001,728690.678730001,36.2,-1.05
2021-02-22,SELL,NIFTYBEES.NS,1121,157.18,176198.78,88.09939,904801.359340001,163.93,-4.118
2021-02-22,BUY,PSUBNKBEES.NS,6911,26.17,180860.87000000002,90.43043500000002,723850.058905001,,
2021-02-22,BUY,BANKBEES.NS,510,354.58,180835.8,90.4179,542923.841005001,,
2021-02-22,BUY,DIVOPPBEES.NS,5049,35.82,180855.18,90.42759,361978.23341500096,,
2021-02-22,BUY,MOM100.NS,7437,24.32,180867.84,90.43392,181019.95949500095,,
2021-02-22,BUY,INFRABEES.NS,426,423.91,180585.66,90.29283000000001,344.00666500095394,,
2021-03-01,SELL,PSUBNKBEES.NS,6911,25.97,179478.66999999998,89.739335,179732.93733000095,26.17,-0.764
2021-03-01,SELL,BANKBEES.NS,510,354.96,181029.59999999998,90.5148,360672.0225300009,354.58,0.107
2021-03-01,SELL,DIVOPPBEES.NS,5049,36.59,184742.91,92.371455,545322.5610750009,35.82,2.15
2021-03-01,SELL,MOM100.NS,7437,25.13,186891.81,93.445905,732120.9251700009,24.32,3.331
2021-03-01,SELL,INFRABEES.NS,426,434.47,185084.22,92.54211000000001,917112.6030600008,423.91,2.491
2021-03-01,BUY,PSUBNKBEES.NS,7059,25.97,183322.22999999998,91.661115,733698.7119450008,,
2021-03-01,BUY,CPSEETF.NS,7591,24.15,183322.65,91.661325,550284.4006200008,,
2021-03-01,BUY,MOM100.NS,7295,25.13,183323.35,91.661675,366869.38894500077,,
2021-03-01,BUY,BANKBEES.NS,516,354.96,183159.36,91.57968,183618.4492650008,,
2021-03-01,BUY,MID150BEES.NS,2028,90.39,183310.92,91.65546,215.87380500076688,,
2021-03-08,SELL,PSUBNKBEES.NS,7059,26.03,183745.77000000002,91.87288500000001,183869.7709200008,25.97,0.231
2021-03-08,SELL,CPSEETF.NS,7591,24.43,185448.13,92.72406500000001,369225.1768550008,24.15,1.159
2021-03-08,SELL,MOM100.NS,7295,25.6,186752.0,93.376,555883.8008550007,25.13,1.87
2021-03-08,SELL,BANKBEES.NS,516,354.72,183035.52000000002,91.51776000000001,738827.8030950008,354.96,-0.068
2021-03-08,SELL,MID150BEES.NS,2028,92.44,187468.32,93.73416,926202.3889350009,90.39,2.268
2021-03-08,BUY,PSUBNKBEES.NS,7112,26.03,185125.36000000002,92.56268000000001,740984.4662550008,,
2021-03-08,BUY,CPSEETF.NS,7578,24.43,185130.54,92.56527000000001,555761.3609850009,,
2021-03-08,BUY,MOM100.NS,7232,25.6,185139.2,92.56960000000001,370529.59138500085,,
2021-03-08,BUY,MID150BEES.NS,2002,92.44,185064.88,92.53244000000001,185372.17894500084,,
2021-03-08,BUY,INFRABEES.NS,416,444.48,184903.68,92.45184,376.0471050008491,,
2021-03-22,SELL,PSUBNKBEES.NS,7112,23.64,168127.68,84.06384,168419.66326500085,26.03,-9.182
2021-03-22,SELL,CPSEETF.NS,7578,23.33,176794.74,88.39737,345126.0058950009,24.43,-4.503
2021-03-22,SELL,MOM100.NS,7232,24.52,177328.63999999998,88.66431999999999,522365.98157500086,25.6,-4.219
2021-03-22,SELL,MID150BEES.NS,2002,89.94,180059.88,90.02994000000001,702335.8316350009,92.44,-2.704
2021-03-22,SELL,INFRABEES.NS,416,429.81,178800.96,89.40048,881047.3911550009,444.48,-3.3
2021-03-22,BUY,CPSEETF.NS,7549,23.33,176118.16999999998,88.059085,704841.1620700009,,
2021-03-22,BUY,DIVOPPBEES.NS,4802,36.67,176089.34,88.04467,528663.777400001,,
2021-03-22,BUY,MID150BEES.NS,1958,89.94,176102.52,88.05126,352473.20614000096,,
2021-03-22,BUY,INFRABEES.NS,409,429.81,175792.29,87.896145,176593.01999500094,,
2021-03-22,BUY,PSUBNKBEES.NS,7450,23.64,176118.0,88.059,386.9609950009326,,
2021-03-30,SELL,CPSEETF.NS,7549,22.83,172343.66999999998,86.17183499999999,172644.45916000093,23.33,-2.143
2021-03-30,SELL,DIVOPPBEES.NS,4802,37.24,178826.48,89.41324,351381.525920001,36.67,1.554
2021-03-30,SELL,MID150BEES.NS,1958,90.41,177022.78,88.51139,528315.794530001,89.94,0.523
2021-03-30,SELL,INFRABEES.NS,409,429.51,175669.59,87.834795,703897.549735001,429.81,-0.07
2021-03-30,SELL,PSUBNKBEES.NS,7450,23.46,174777.0,87.38850000000001,878587.161235001,23.64,-0.761
2021-03-30,BUY,DIVOPPBEES.NS,4716,37.24,175623.84,87.81192,702875.5093150011,,
2021-03-30,BUY,MOM100.NS,7087,24.78,175615.86000000002,87.80793000000001,527171.8413850011,,
2021-03-30,BUY,MID150BEES.NS,1942,90.41,175576.22,87.78811,351507.8332750011,,
2021-03-30,BUY,INFRABEES.NS,408,429.51,175240.08,87.62003999999999,176180.1332350011,,
2021-03-30,BUY,NV20BEES.NS,2185,80.37,175608.45,87.804225,483.87901000108104,,
2021-04-05,SELL,DIVOPPBEES.NS,4716,36.79,173501.63999999998,86.75081999999999,173898.76819000108,37.24,-1.208
2021-04-05,SELL,MOM100.NS,7087,25.35,179655.45,89.827725,353464.3904650011,24.78,2.3
2021-04-05,SELL,MID150BEES.NS,1942,90.87,176469.54,88.23477000000001,529845.6956950012,90.41,0.509
2021-04-05,SELL,INFRABEES.NS,408,423.63,172841.04,86.42052000000001,702600.3151750012,429.51,-1.369
2021-04-05,SELL,NV20BEES.NS,2185,85.94,187778.9,93.88945,890285.3257250012,80.37,6.93
2021-04-05,BUY,MID150BEES.NS,1958,90.87,177923.46000000002,88.96173000000002,712272.9039950011,,
2021-04-05,BUY,DIVOPPBEES.NS,4837,36.79,177953.22999999998,88.976615,534230.6973800012,,
2021-04-05,BUY,MOM100.NS,7020,25.35,177957.0,88.9785,356184.7188800012,,
2021-04-05,BUY,CPSEETF.NS,7843,22.69,177957.67,88.978835,178138.07004500122,,
2021-04-05,BUY,INFRABEES.NS,420,423.63,177924.6,88.9623,124.50774500120315,,
2021-04-12,SELL,MID150BEES.NS,1958,93.25,182583.5,91.29175000000001,182616.7159950012,90.87,2.619
2021-04-12,SELL,DIVOPPBEES.NS,4837,36.9,178485.3,89.24265,361012.77334500116,36.79,0.299
2021-04-12,SELL,MOM100.NS,7020,24.9,174798.0,87.399,535723.3743450012,25.35,-1.775
2021-04-12,SELL,CPSEETF.NS,7843,21.36,167526.47999999998,83.76324,703166.0911050012,22.69,-5.862
2021-04-12,SELL,INFRABEES.NS,420,414.11,173926.2,86.96310000000001,877005.3280050012,423.63,-2.247
2021-04-12,BUY,MON100.NS,1717,102.1,175305.69999999998,87.65284999999999,701611.9751550012,,
2021-04-12,BUY,MOM100.NS,7040,24.9,175296.0,87.648,526228.3271550012,,
2021-04-12,BUY,MID150BEES.NS,1880,93.25,175310.0,87.655,350830.6721550012,,
2021-04-12,BUY,ITBEES.NS,6524,26.87,175299.88,87.64994,175443.1422150012,,
2021-04-12,BUY,NV20BEES.NS,2150,81.53,175289.5,87.64475,65.99746500118636,,
2021-04-19,SELL,MON100.NS,1717,103.73,178104.41,89.052205,178081.35526000118,102.1,1.596
2021-04-19,SELL,MOM100.NS,7040,24.51,172550.40000000002,86.27520000000001,350545.4800600012,24.9,-1.566
2021-04-19,SELL,MID150BEES.NS,1880,89.18,167658.40000000002,83.82920000000001,518120.05086000124,93.25,-4.365
2021-04-19,SELL,ITBEES.NS,6524,26.48,172755.52,86.37776,690789.1931000012,26.87,-1.451
2021-04-19,SELL,NV20BEES.NS,2150,80.28,172602.0,86.301,863304.8921000012,81.53,-1.533
2021-04-19,BUY,MON100.NS,1663,103.73,172502.99000000002,86.251495,690715.6506050013,,
2021-04-19,BUY,HNGSNGBEES.NS,474,364.07,172569.18,86.28459,518060.18601500127,,
2021-04-19,BUY,NV20BEES.NS,2149,80.28,172521.72,86.26086000000001,345452.20515500125,,
2021-04-19,BUY,MID150BEES.NS,1935,89.18,172563.30000000002,86.28165000000001,172802.62350500125,,
2021-04-19,BUY,MOM100.NS,7040,24.51,172550.40000000002,86.27520000000001,165.94830500122043,,
2021-04-26,SELL,MON100.NS,1663,102.33,170174.79,85.087395,170255.65091000122,103.73,-1.35
2021-04-26,SELL,HNGSNGBEES.NS,474,367.67,174275.58000000002,87.13779000000001,344444.09312000126,364.07,0.989
2021-04-26,SELL,NV20BEES.NS,2149,79.43,170695.07,85.34753500000001,515053.81558500126,80.28,-1.059
2021-04-26,SELL,MID150BEES.NS,1935,90.09,174324.15,87.162075,689290.8035100013,89.18,1.02
2021-04-26,SELL,MOM100.NS,7040,25.28,177971.2,88.9856,867173.0179100013,24.51,3.142
2021-04-26,BUY,MON100.NS,1694,102.33,173347.02,86.67351,693739.3244000013,,
2021-04-26,BUY,HNGSNGBEES.NS,471,367.67,173172.57,86.586285,520480.1681150013,,
2021-04-26,BUY,GOLDBEES.NS,4204,41.23,173330.91999999998,86.66546,347062.5826550013,,
2021-04-26,BUY,MID150BEES.NS,1924,90.09,173333.16,86.66658000000001,173642.75607500132,,
2021-04-26,BUY,MOM100.NS,6857,25.28,173344.96000000002,86.67248000000001,211.12359500129241,,
2021-05-03,SELL,MON100.NS,1694,101.96,172720.24,86.36012,172845.0034750013,102.33,-0.362
2021-05-03,SELL,HNGSNGBEES.NS,471,373.41,175876.11000000002,87.938055,348633.17542000127,367.67,1.561
2021-05-03,SELL,GOLDBEES.NS,4204,40.69,171060.75999999998,85.53038,519608.40504000126,41.23,-1.31
2021-05-03,SELL,MID150BEES.NS,1924,92.4,177777.6,88.8888,697297.1162400013,90.09,2.564
2021-05-03,SELL,MOM100.NS,6857,25.54,175127.78,87.56389,872337.3323500013,25.28,1.028
2021-05-03,BUY,MON100.NS,1710,101.96,174351.59999999998,87.1758,697898.5565500014,,
2021-05-03,BUY,MOM100.NS,6827,25.54,174361.58,87.18079,523449.7957600014,,
2021-05-03,BUY,MID150BEES.NS,1887,92.4,174358.80000000002,87.17940000000002,349003.8163600014,,
2021-05-03,BUY,HNGSNGBEES.NS,466,373.41,174009.06,87.00453,174907.7518300014,,
2021-05-03,BUY,CPSEETF.NS,7539,23.13,174377.07,87.188535,443.4932950013899,,
2021-05-10,SELL,MON100.NS,1710,99.33,169854.3,84.92715,170212.86614500138,101.96,-2.579
2021-05-10,SELL,MOM100.NS,6827,26.34,179823.18,89.91159,349946.1345550014,25.54,3.132
2021-05-10,SELL,MID150BEES.NS,1887,93.97,177321.38999999998,88.66069499999999,527178.8638600013,92.4,1.699
2021-05-10,SELL,HNGSNGBEES.NS,466,359.23,167401.18000000002,83.70059000000002,694496.3432700014,373.41,-3.797
2021-05-10,SELL,CPSEETF.NS,7539,24.72,186364.08,93.18204,880767.2412300013,23.13,6.874
2021-05-10,BUY,CPSEETF.NS,7122,24.72,176055.84,88.02792,704623.3733100013,,
2021-05-10,BUY,MOM100.NS,6684,26.34,176056.56,88.02828,528478.7850300013,,
2021-05-10,BUY,MID150BEES.NS,1873,93.97,176005.81,88.002905,352384.9721250013,,
2021-05-10,BUY,JUNIORBEES.NS,465,378.15,175839.75,87.919875,176457.30225000132,,
2021-05-10,BUY,GOLDBEES.NS,4246,41.46,176039.16,88.01958,330.12267000132124,,
2021-05-24,SELL,CPSEETF.NS,7122,25.24,179759.28,89.87964,179999.52303000132,24.72,2.104
2021-05-24,SELL,MOM100.NS,6684,26.78,178997.52000000002,89.49876,358907.54427000135,26.34,1.67
2021-05-24,SELL,MID150BEES.NS,1873,97.27,182186.71,91.093355,541003.1609150013,93.97,3.512
2021-05-24,SELL,JUNIORBEES.NS,465,391.09,181856.84999999998,90.92842499999999,722769.0824900013,378.15,3.422
2021-05-24,SELL,GOLDBEES.NS,4246,42.2,179181.2,89.59060000000001,901860.6918900013,41.46,1.785
2021-05-24,BUY,CPSEETF.NS,7142,25.24,180264.08,90.13203999999999,721506.4798500013,,
2021-05-24,BUY,PSUBNKBEES.NS,6904,26.11,180263.44,90.13172,541152.9081300013,,
2021-05-24,BUY,JUNIORBEES.NS,460,391.09,179901.4,89.9507,361161.5574300013,,
2021-05-24,BUY,MOM100.NS,6731,26.78,180256.18000000002,90.12809000000001,180815.2493400013,,
2021-05-24,BUY,MID150BEES.NS,1853,97.27,180241.31,90.120655,483.8186850012862,,
2021-06-21,SELL,CPSEETF.NS,7142,25.98,185549.16,92.77458,185940.2041050013,25.24,2.932
2021-06-21,SELL,PSUBNKBEES.NS,6904,27.18,187650.72,93.82536,373497.0987450013,26.11,4.098
2021-06-21,SELL,JUNIORBEES.NS,460,403.34,185536.4,92.7682,558940.7305450013,391.09,3.132
2021-06-21,SELL,MOM100.NS,6731,27.76,186852.56,93.42628,745699.8642650014,26.78,3.659
2021-06-21,SELL,MID150BEES.NS,1853,101.79,188616.87000000002,94.30843500000002,934222.4258300014,97.27,4.647
2021-06-21,BUY,ITBEES.NS,6491,28.77,186746.07,93.373035,747382.9827950014,,
2021-06-21,BUY,PSUBNKBEES.NS,6870,27.18,186726.6,93.36330000000001,560563.0194950013,,
2021-06-21,BUY,MID150BEES.NS,1834,101.79,186682.86000000002,93.34143,373786.8180650013,,
2021-06-21,BUY,CPSEETF.NS,7188,25.98,186744.24,93.37212,186949.20594500127,,
2021-06-21,BUY,JUNIORBEES.NS,463,403.34,186746.41999999998,93.37321,109.41273500130046,,
2021-06-28,SELL,ITBEES.NS,6491,29.53,191679.23,95.83961500000001,191692.8031200013,28.77,2.642
2021-06-28,SELL,PSUBNKBEES.NS,6870,28.12,193184.4,96.5922,384780.6109200013,27.18,3.458
2021-06-28,SELL,MID150BEES.NS,1834,102.99,188883.66,94.44183000000001,573569.8290900013,101.79,1.179
2021-06-28,SELL,CPSEETF.NS,7188,26.42,189906.96000000002,94.95348000000001,763381.8356100013,25.98,1.694
2021-06-28,SELL,JUNIORBEES.NS,463,403.91,187010.33000000002,93.505165,950298.6604450013,403.34,0.141
2021-06-28,BUY,PSUBNKBEES.NS,6755,28.12,189950.6,94.9753,760253.0851450013,,
2021-06-28,BUY,ITBEES.NS,6432,29.53,189936.96000000002,94.96848000000001,570221.1566650013,,
2021-06-28,BUY,CPSEETF.NS,7190,26.42,189959.80000000002,94.97990000000001,380166.3767650013,,
2021-06-28,BUY,MID150BEES.NS,1844,102.99,189913.56,94.95678,190157.85998500127,,
2021-06-28,BUY,CONSUMBEES.NS,2753,68.99,189929.46999999997,94.96473499999999,133.4252500013099,,
2021-07-05,SELL,PSUBNKBEES.NS,6755,27.76,187518.80000000002,93.75940000000001,187558.46585000132,28.12,-1.28
2021-07-05,SELL,ITBEES.NS,6432,29.41,189165.12,94.58256,376629.0032900013,29.53,-0.406
2021-07-05,SELL,CPSEETF.NS,7190,26.36,189528.4,94.7642,566062.6390900014,26.42,-0.227
2021-07-05,SELL,MID150BEES.NS,1844,103.35,190577.4,95.2887,756544.7503900013,102.99,0.35
2021-07-05,SELL,CONSUMBEES.NS,2753,69.55,191471.15,95.735575,947920.1648150013,68.99,0.812
2021-07-05,BUY,PSUBNKBEES.NS,6825,27.76,189462.0,94.73100000000001,758363.4338150013,,
2021-07-05,BUY,ITBEES.NS,6443,29.41,189488.63,94.744315,568780.0595000013,,
2021-07-05,BUY,MON100.NS,1749,108.33,189469.16999999998,94.734585,379216.15491500124,,
2021-07-05,BUY,MID150BEES.NS,1833,103.35,189440.55,94.720275,189680.88464000126,,
2021-07-05,BUY,CPSEETF.NS,7188,26.36,189475.68,94.73783999999999,110.46680000127526,,
2021-07-12,SELL,PSUBNKBEES.NS,6825,27.05,184616.25,92.308125,184634.40867500126,27.76,-2.558
2021-07-12,SELL,ITBEES.NS,6443,28.94,186460.42,93.23021000000001,371001.59846500127,29.41,-1.598
2021-07-12,SELL,MON100.NS,1749,109.26,191095.74000000002,95.54787000000002,562001.7905950013,108.33,0.858
2021-07-12,SELL,MID150BEES.NS,1833,104.55,191640.15,95.820075,753546.1205200013,103.35,1.161
2021-07-12,SELL,CPSEETF.NS,7188,26.12,187750.56,93.87528,941202.8052400013,26.36,-0.91
2021-07-12,BUY,MON100.NS,1722,109.26,188145.72,94.07286,752963.0123800014,,
2021-07-12,BUY,MID150BEES.NS,1799,104.55,188085.44999999998,94.04272499999999,564783.5196550013,,
2021-07-12,BUY,PSUBNKBEES.NS,6955,27.05,188132.75,94.06637500000001,376556.70328000135,,
2021-07-12,BUY,MOM100.NS,6501,28.94,188138.94,94.06947000000001,188323.69381000136,,
2021-07-12,BUY,ITBEES.NS,6501,28.94,188138.94,94.06947000000001,90.68434000137495,,
2021-07-26,SELL,MON100.NS,1722,110.85,190883.69999999998,95.44184999999999,190878.94249000135,109.26,1.455
2021-07-26,SELL,MID150BEES.NS,1799,105.62,190010.38,95.00519,380794.3173000014,104.55,1.023
2021-07-26,SELL,PSUBNKBEES.NS,6955,26.31,182986.05,91.493025,563688.8742750013,27.05,-2.736
2021-07-26,SELL,MOM100.NS,6501,28.97,188333.97,94.166985,751928.6772900014,28.94,0.104
2021-07-26,SELL,ITBEES.NS,6501,30.49,198215.49,99.107745,950045.0595450015,28.94,5.356
2021-07-26,BUY,ITBEES.NS,6228,30.49,189891.72,94.94586,760058.3936850014,,
2021-07-26,BUY,MON100.NS,1713,110.85,189886.05,94.94302499999999,570077.4006600014,,
2021-07-26,BUY,DIVOPPBEES.NS,4626,41.05,189897.3,94.94865,380085.1520100015,,
2021-07-26,BUY,MID150BEES.NS,1798,105.62,189904.76,94.95238,190085.43963000146,,
2021-07-26,BUY,MOM100.NS,6555,28.97,189898.35,94.94917500000001,92.1404550014704,,
2021-08-09,SELL,ITBEES.NS,6228,32.0,199296.0,99.648,199288.49245500148,30.49,4.952
2021-08-09,SELL,MON100.NS,1713,110.82,189834.65999999997,94.91732999999999,389028.23512500146,110.85,-0.027
2021-08-09,SELL,DIVOPPBEES.NS,4626,41.81,193413.06,96.70653,582344.5885950015,41.05,1.851
2021-08-09,SELL,MID150BEES.NS,1798,106.04,190659.92,95.32996000000001,772909.1786350015,105.62,0.398
2021-08-09,SELL,MOM100.NS,6555,29.03,190291.65,95.145825,963105.6828100015,28.97,0.207
2021-08-09,BUY,ITBEES.NS,6016,32.0,192512.0,96.256,770497.4268100015,,
2021-08-09,BUY,MON100.NS,1737,110.82,192494.34,96.24717,577906.8396400015,,
2021-08-09,BUY,NV20BEES.NS,2105,91.44,192481.19999999998,96.24059999999999,385329.39904000156,,
2021-08-09,BUY,DIVOPPBEES.NS,4604,41.81,192493.24000000002,96.24662000000001,192739.91242000155,,
2021-08-09,BUY,MID150BEES.NS,1815,106.04,192462.6,96.2313,181.0811200015305,,
2021-08-16,SELL,ITBEES.NS,6016,33.19,199671.03999999998,99.83551999999999,199752.28560000152,32.0,3.719
2021-08-16,SELL,MON100.NS,1737,111.44,193571.28,96.78564,393226.7799600015,110.82,0.559
2021-08-16,SELL,NV20BEES.NS,2105,93.39,196585.95,98.29297500000001,589714.4369850016,91.44,2.133
2021-08-16,SELL,DIVOPPBEES.NS,4604,42.51,195716.03999999998,97.85802,785332.6189650015,41.81,1.674
2021-08-16,SELL,MID150BEES.NS,1815,105.12,190792.80000000002,95.39640000000001,976030.0225650016,106.04,-0.868
2021-08-16,BUY,ITBEES.NS,5878,33.19,195090.81999999998,97.54540999999999,780841.6571550017,,
2021-08-16,BUY,NV20BEES.NS,2089,93.39,195091.71,97.545855,585652.4013000017,,
2021-08-16,BUY,DIVOPPBEES.NS,4589,42.51,195078.38999999998,97.53919499999999,390476.4721050017,,
2021-08-16,BUY,MON100.NS,1750,111.44,195020.0,97.51,195358.96210500167,,
2021-08-16,BUY,NIFTYBEES.NS,1092,178.6,195031.19999999998,97.51559999999999,230.24650500167627,,
2021-08-23,SELL,ITBEES.NS,5878,34.59,203320.02000000002,101.66001000000001,203448.6064950017,33.19,4.218
2021-08-23,SELL,NV20BEES.NS,2089,93.52,195363.28,97.68164,398714.2048550017,93.39,0.139
2021-08-23,SELL,DIVOPPBEES.NS,4589,42.8,196409.19999999998,98.2046,595025.2002550017,42.51,0.682
2021-08-23,SELL,MON100.NS,1750,111.19,194582.5,97.29125,789510.4090050017,111.44,-0.224
2021-08-23,SELL,NIFTYBEES.NS,1092,178.1,194485.19999999998,97.2426,983898.3664050016,178.6,-0.28
2021-08-23,BUY,ITBEES.NS,5686,34.59,196678.74000000002,98.33937000000002,787121.2870350016,,
2021-08-23,BUY,NV20BEES.NS,2103,93.52,196672.56,98.33628,590350.3907550016,,
2021-08-23,BUY,DIVOPPBEES.NS,4595,42.8,196666.0,98.333,393586.0577550016,,
2021-08-23,BUY,CONSUMBEES.NS,2705,72.71,196680.55,98.34027499999999,196807.1674800016,,
2021-08-23,BUY,NIFTYBEES.NS,1104,178.1,196622.4,98.3112,86.45628000161378,,
2021-09-06,SELL,ITBEES.NS,5686,36.04,204923.44,102.46172,204907.43456000162,34.59,4.192
2021-09-06,SELL,NV20BEES.NS,2103,97.59,205231.77000000002,102.615885,410036.58867500164,93.52,4.352
2021-09-06,SELL,DIVOPPBEES.NS,4595,44.64,205120.8,102.5604,615054.8282750016,42.8,4.299
2021-09-06,SELL,CONSUMBEES.NS,2705,76.46,206824.3,103.41215,821775.7161250017,72.71,5.157
2021-09-06,SELL,NIFTYBEES.NS,1104,187.55,207055.2,103.5276,1028727.3885250017,178.1,5.306
2021-09-06,BUY,ITBEES.NS,5705,36.04,205608.19999999998,102.80409999999999,823016.3844250017,,
2021-09-06,BUY,CONSUMBEES.NS,2689,76.46,205600.93999999997,102.80046999999999,617312.6439550017,,
2021-09-06,BUY,JUNIORBEES.NS,461,445.33,205297.13,102.648565,411912.8653900017,,
2021-09-06,BUY,NIFTYBEES.NS,1096,187.55,205554.80000000002,102.77740000000001,206255.28799000167,,
2021-09-06,BUY,NIF100BEES.NS,1130,181.83,205467.90000000002,102.73395000000001,684.6540400016529,,
2021-09-13,SELL,ITBEES.NS,5705,35.77,204067.85,102.03392500000001,204650.47011500166,36.04,-0.749
2021-09-13,SELL,CONSUMBEES.NS,2689,77.0,207053.0,103.5265,411599.9436150016,76.46,0.706
2021-09-13,SELL,JUNIORBEES.NS,461,449.39,207168.79,103.584395,618665.1492200017,445.33,0.912
2021-09-13,SELL,NIFTYBEES.NS,1096,187.11,205072.56000000003,102.53628000000002,823635.1729400017,187.55,-0.235
2021-09-13,SELL,NIF100BEES.NS,1130,182.3,205999.0,102.9995,1029531.1734400017,181.83,0.258
2021-09-13,BUY,ITBEES.NS,5753,35.77,205784.81000000003,102.89240500000001,823643.4710350017,,
2021-09-13,BUY,CONSUMBEES.NS,2672,77.0,205744.0,102.872,617796.5990350017,,
2021-09-13,BUY,JUNIORBEES.NS,457,449.39,205371.22999999998,102.685615,412322.68342000176,,
2021-09-13,BUY,INFRABEES.NS,409,502.91,205690.19,102.845095,206529.64832500176,,
2021-09-13,BUY,NIFTYBEES.NS,1099,187.11,205633.89,102.816945,792.9413800017501,,
2021-09-20,SELL,ITBEES.NS,5753,36.12,207798.36,103.89918,208487.40220000173,35.77,0.978
2021-09-20,SELL,CONSUMBEES.NS,2672,78.32,209271.03999999998,104.63551999999999,417653.80668000167,77.0,1.714
2021-09-20,SELL,JUNIORBEES.NS,457,444.26,203026.82,101.51341000000001,620579.1132700017,449.39,-1.142
2021-09-20,SELL,INFRABEES.NS,409,506.7,207240.3,103.62015,827715.7931200017,502.91,0.754
2021-09-20,SELL,NIFTYBEES.NS,1099,187.86,206458.14,103.22907000000001,1034070.7040500017,187.11,0.401
2021-09-20,BUY,ITBEES.NS,5722,36.12,206678.63999999998,103.33932,827288.7247300018,,
2021-09-20,BUY,CONSUMBEES.NS,2639,78.32,206686.47999999998,103.34324,620498.9014900018,,
2021-09-20,BUY,NV20BEES.NS,2096,98.6,206665.59999999998,103.33279999999999,413729.9686900019,,
2021-09-20,BUY,INFRABEES.NS,407,506.7,206226.9,103.11345,207399.95524000187,,
2021-09-20,BUY,DIVOPPBEES.NS,4591,45.02,206686.82,103.34341,609.7918300018646,,
2021-09-27,SELL,ITBEES.NS,5722,36.78,210455.16,105.22758,210959.72425000186,36.12,1.827
2021-09-27,SELL,CONSUMBEES.NS,2639,79.24,209114.36,104.55717999999999,419969.5270700018,78.32,1.175
2021-09-27,SELL,NV20BEES.NS,2096,100.16,209935.36,104.96768,629799.9193900018,98.6,1.582
2021-09-27,SELL,INFRABEES.NS,407,519.91,211603.37,105.801685,841297.4877050018,506.7,2.607
2021-09-27,SELL,DIVOPPBEES.NS,4591,45.54,209074.13999999998,104.53707,1050267.090635002,45.02,1.155
2021-09-27,BUY,ITBEES.NS,5708,36.78,209940.24000000002,104.97012000000001,840221.8805150018,,
2021-09-27,BUY,NV20BEES.NS,2096,100.16,209935.36,104.96768,630181.5528350018,,
2021-09-27,BUY,CONSUMBEES.NS,2649,79.24,209906.75999999998,104.95338,420169.8394550019,,
2021-09-27,BUY,INFRABEES.NS,403,519.91,209523.72999999998,104.76186499999999,210541.34759000188,,
2021-09-27,BUY,NIFTYBEES.NS,1089,192.79,209948.31,104.974155,488.06343500188086,,
2021-10-04,SELL,ITBEES.NS,5708,35.78,204232.24000000002,102.11612000000001,204618.1873150019,36.78,-2.719
2021-10-04,SELL,NV20BEES.NS,2096,99.93,209453.28000000003,104.72664000000002,413966.7406750019,100.16,-0.23
2021-10-04,SELL,CONSUMBEES.NS,2649,78.38,207628.62,103.81431,621491.5463650019,79.24,-1.085
2021-10-04,SELL,INFRABEES.NS,403,526.99,212376.97,106.188485,833762.327880002,519.91,1.362
2021-10-04,SELL,NIFTYBEES.NS,1089,191.03,208031.67,104.01583500000001,1041689.982045002,192.79,-0.913
2021-10-04,BUY,CPSEETF.NS,6715,31.01,208232.15000000002,104.11607500000001,833353.715970002,,
2021-10-04,BUY,INFRABEES.NS,395,526.99,208161.05000000002,104.08052500000001,625088.585445002,,
2021-10-04,BUY,MOM100.NS,6424,32.41,208201.83999999997,104.10091999999999,416782.644525002,,
2021-10-04,BUY,MID150BEES.NS,1782,116.84,208208.88,104.10444000000001,208469.660085002,,
2021-10-04,BUY,ITBEES.NS,5819,35.78,208203.82,104.10191,161.73817500198493,,
2021-10-18,SELL,CPSEETF.NS,6715,32.55,218573.24999999997,109.28662499999999,218625.70155000195,31.01,4.966
2021-10-18,SELL,INFRABEES.NS,395,547.71,216345.45,108.17272500000001,434862.978825002,526.99,3.932
2021-10-18,SELL,MOM100.NS,6424,34.88,224069.12000000002,112.03456000000001,658820.064265002,32.41,7.621
2021-10-18,SELL,MID150BEES.NS,1782,123.87,220736.34,110.36817,879446.036095002,116.84,6.017
2021-10-18,SELL,ITBEES.NS,5819,36.86,214488.34,107.24417,1093827.131925002,35.78,3.018
2021-10-18,BUY,CPSEETF.NS,6717,32.55,218638.34999999998,109.31917499999999,875079.462750002,,
2021-10-18,BUY,MOM100.NS,6268,34.88,218627.84000000003,109.31392000000001,656342.3088300021,,
2021-10-18,BUY,PSUBNKBEES.NS,7083,30.87,218652.21000000002,109.32610500000001,437580.7727250021,,
2021-10-18,BUY,MID150BEES.NS,1765,123.87,218630.55000000002,109.31527500000001,218840.90745000207,,
2021-10-18,BUY,INFRABEES.NS,399,547.71,218536.29,109.268145,195.3493050020479,,
2021-10-25,SELL,CPSEETF.NS,6717,30.85,207219.45,103.60972500000001,207311.18958000207,32.55,-5.223
2021-10-25,SELL,MOM100.NS,6268,32.15,201516.19999999998,100.7581,408726.6314800021,34.88,-7.827
2021-10-25,SELL,PSUBNKBEES.NS,7083,31.15,220635.44999999998,110.317725,629251.7637550021,30.87,0.907
2021-10-25,SELL,MID150BEES.NS,1765,115.6,204034.0,102.017,833183.7467550021,123.87,-6.676
2021-10-25,SELL,INFRABEES.NS,399,528.8,210991.19999999998,105.4956,1044069.451155002,547.71,-3.453
2021-10-25,BUY,PSUBNKBEES.NS,6700,31.15,208705.0,104.3525,835260.098655002,,
2021-10-25,BUY,CPSEETF.NS,6765,30.85,208700.25,104.350125,626455.498530002,,
2021-10-25,BUY,BANKBEES.NS,503,414.63,208558.88999999998,104.279445,417792.32908500195,,
2021-10-25,BUY,INFRABEES.NS,394,528.8,208347.19999999998,104.1736,209340.95548500196,,
2021-10-25,BUY,MOM100.NS,6491,32.15,208685.65,104.342825,550.9626600019692,,
2021-11-01,SELL,PSUBNKBEES.NS,6700,31.26,209442.0,104.721,209888.24166000198,31.15,0.353
2021-11-01,SELL,CPSEETF.NS,6765,29.95,202611.75,101.305875,412398.68578500196,30.85,-2.917
2021-11-01,SELL,BANKBEES.NS,503,400.98,201692.94,100.84647,613990.779315002,414.63,-3.292
2021-11-01,SELL,INFRABEES.NS,394,532.95,209982.30000000002,104.99115,823868.0881650021,528.8,0.785
2021-11-01,SELL,MOM100.NS,6491,33.0,214203.0,107.1015,1037963.9866650021,32.15,2.644
2021-11-01,BUY,PSUBNKBEES.NS,6637,31.26,207472.62000000002,103.73631000000002,830387.630355002,,
2021-11-01,BUY,MAFANG.NS,3581,57.94,207483.13999999998,103.74157,622800.748785002,,
2021-11-01,BUY,CPSEETF.NS,6927,29.95,207463.65,103.731825,415233.36696000205,,
2021-11-01,BUY,BANKBEES.NS,517,400.98,207306.66,103.65333,207823.05363000205,,
2021-11-01,BUY,MON100.NS,1769,117.29,207486.01,103.74300500000001,233.30062500204076,,
2021-11-08,SELL,PSUBNKBEES.NS,6637,33.01,219087.37,109.543685,219211.12694000202,31.26,5.598
2021-11-08,SELL,MAFANG.NS,3581,60.85,217903.85,108.951925,437006.025015002,57.94,5.022
2021-11-08,SELL,CPSEETF.NS,6927,30.55,211619.85,105.809925,648520.065090002,29.95,2.003
2021-11-08,SELL,BANKBEES.NS,517,397.48,205497.16,102.74858,853914.476510002,400.98,-0.873
2021-11-08,SELL,MON100.NS,1769,119.71,211766.99,105.883495,1065575.583015002,117.29,2.063
2021-11-08,BUY,PSUBNKBEES.NS,6452,33.01,212980.52,106.49025999999999,852488.5727550021,,
2021-11-08,BUY,MAFANG.NS,3500,60.85,212975.0,106.4875,639407.0852550021,,
2021-11-08,BUY,INFRABEES.NS,390,545.76,212846.4,106.4232,426454.26205500215,,
2021-11-08,BUY,MOM100.NS,6381,33.38,212997.78000000003,106.49889000000002,213349.98316500214,,
2021-11-08,BUY,MON100.NS,1779,119.71,212964.09,106.482045,279.4111200021289,,
2021-11-15,SELL,PSUBNKBEES.NS,6452,31.38,202463.75999999998,101.23187999999999,202641.9392400021,33.01,-4.938
2021-11-15,SELL,MAFANG.NS,3500,59.45,208075.0,104.03750000000001,410612.9017400021,60.85,-2.301
2021-11-15,SELL,INFRABEES.NS,390,553.58,215896.2,107.94810000000001,626401.1536400021,545.76,1.433
2021-11-15,SELL,MOM100.NS,6381,33.53,213954.93,106.977465,840249.1061750022,33.38,0.449
2021-11-15,SELL,MON100.NS,1779,118.88,211487.52,105.74376,1051630.8824150022,119.71,-0.693
2021-11-15,BUY,PSUBNKBEES.NS,6699,31.38,210214.62,105.10731,841311.1551050022,,
2021-11-15,BUY,MAFANG.NS,3536,59.45,210215.2,105.1076,630990.8475050023,,
2021-11-15,BUY,INFRABEES.NS,379,553.58,209806.82,104.90341000000001,421079.1240950023,,
2021-11-15,BUY,MID150BEES.NS,1735,121.15,210195.25,105.09762500000001,210778.7764700023,,
2021-11-15,BUY,MOM100.NS,6269,33.53,210199.57,105.09978500000001,474.1066850023053,,
2021-11-22,SELL,PSUBNKBEES.NS,6699,29.35,196615.65000000002,98.30782500000001,196991.44886000233,31.38,-6.469
2021-11-22,SELL,MAFANG.NS,3536,59.75,211276.0,105.638,408161.8108600023,59.45,0.505
2021-11-22,SELL,INFRABEES.NS,379,526.7,199619.30000000002,99.80965,607681.3012100023,553.58,-4.856
2021-11-22,SELL,MID150BEES.NS,1735,115.81,200930.35,100.465175,808511.1860350023,121.15,-4.408
2021-11-22,SELL,MOM100.NS,6269,33.34,209008.46000000002,104.50423,1017415.1418050023,33.53,-0.567
2021-11-22,BUY,PSUBNKBEES.NS,6929,29.35,203366.15000000002,101.68307500000002,813947.3087300023,,
2021-11-22,BUY,MAFANG.NS,3403,59.75,203329.25,101.664625,610516.3941050023,,
2021-11-22,BUY,MON100.NS,1676,121.29,203282.04,101.64102000000001,407132.71308500227,,
2021-11-22,BUY,MOM100.NS,6100,33.34,203374.00000000003,101.68700000000001,203657.02608500223,,
2021-11-22,BUY,GOLDBEES.NS,4816,42.23,203379.68,101.68984,175.65624500223203,,
2021-11-29,SELL,PSUBNKBEES.NS,6929,28.14,194982.06,97.49103,195060.22521500223,29.35,-4.123
2021-11-29,SELL,MAFANG.NS,3403,58.01,197408.03,98.704015,392369.5512000022,59.75,-2.912
2021-11-29,SELL,MON100.NS,1676,119.52,200315.52,100.15776,592584.9134400021,121.29,-1.459
2021-11-29,SELL,MOM100.NS,6100,31.42,191662.0,95.831,784151.0824400021,33.34,-5.759
2021-11-29,SELL,GOLDBEES.NS,4816,41.62,200441.91999999998,100.22095999999999,984492.7814800021,42.23,-1.444
2021-11-29,BUY,MON100.NS,1646,119.52,196729.91999999998,98.36496,787664.4965200021,,
2021-11-29,BUY,MAFANG.NS,3392,58.01,196769.91999999998,98.38495999999999,590796.1915600022,,
2021-11-29,BUY,GOLDBEES.NS,4728,41.62,196779.36,98.38968,393918.44188000215,,
2021-11-29,BUY,GILT5YBEES.NS,3987,49.36,196798.32,98.39916000000001,197021.72272000214,,
2021-11-29,BUY,PSUBNKBEES.NS,6993,28.14,196783.02,98.39151,140.31121000216808,,
2021-12-06,SELL,MON100.NS,1646,116.57,191874.22,95.93711,191918.59410000217,119.52,-2.468
2021-12-06,SELL,MAFANG.NS,3392,55.16,187102.72,93.55136,378927.76274000213,58.01,-4.913
2021-12-06,SELL,GOLDBEES.NS,4728,41.3,195266.4,97.6332,574096.5295400021,41.62,-0.769
2021-12-06,SELL,GILT5YBEES.NS,3987,49.33,196678.71,98.339355,770676.9001850021,49.36,-0.061
2021-12-06,SELL,PSUBNKBEES.NS,6993,28.31,197971.83,98.98591499999999,968549.7442700021,28.14,0.604
2021-12-06,BUY,MON100.NS,1660,116.57,193506.19999999998,96.75309999999999,774946.7911700022,,
2021-12-06,BUY,ITBEES.NS,5418,35.73,193585.13999999998,96.79257,581264.8586000022,,
2021-12-06,BUY,MAFANG.NS,3510,55.16,193611.59999999998,96.80579999999999,387556.4528000023,,
2021-12-06,BUY,GILT5YBEES.NS,3924,49.33,193570.91999999998,96.78546,193888.7473400023,,
2021-12-06,BUY,CPSEETF.NS,6558,29.52,193592.16,96.79608,199.79126000229735,,
2021-12-13,SELL,MON100.NS,1660,121.98,202486.80000000002,101.24340000000001,202585.3478600023,116.57,4.641
2021-12-13,SELL,ITBEES.NS,5418,36.83,199544.94,99.77247,402030.5153900023,35.73,3.079
2021-12-13,SELL,MAFANG.NS,3510,57.77,202772.7,101.38635000000001,604701.8290400023,55.16,4.732
2021-12-13,SELL,GILT5YBEES.NS,3924,49.39,193806.36000000002,96.90318,798411.2858600023,49.33,0.122
2021-12-13,SELL,CPSEETF.NS,6558,29.87,195887.46000000002,97.94373000000002,994200.8021300023,29.52,1.186
2021-12-13,BUY,MON100.NS,1629,121.98,198705.42,99.35271,795396.0294200022,,
2021-12-13,BUY,PSUBNKBEES.NS,6596,30.13,198737.47999999998,99.36873999999999,596559.1806800023,,
2021-12-13,BUY,MAFANG.NS,3440,57.77,198728.80000000002,99.36440000000002,397731.0162800023,,
2021-12-13,BUY,MID150BEES.NS,1666,119.29,198737.14,99.36857,198894.5077100023,,
2021-12-13,BUY,ITBEES.NS,5396,36.83,198734.68,99.36734,60.46037000231445,,
2021-12-20,SELL,MON100.NS,1629,116.68,190071.72,95.03586,190037.1445100023,121.98,-4.345
2021-12-20,SELL,PSUBNKBEES.NS,6596,26.93,177630.28,88.81514,367578.6093700023,30.13,-10.621
2021-12-20,SELL,MAFANG.NS,3440,54.13,186207.2,93.10360000000001,553692.7057700023,57.77,-6.301
2021-12-20,SELL,MID150BEES.NS,1666,111.2,185259.2,92.62960000000001,738859.2761700023,119.29,-6.782
2021-12-20,SELL,ITBEES.NS,5396,36.75,198303.0,99.1515,937063.1246700023,36.83,-0.217
2021-12-20,BUY,ITBEES.NS,5097,36.75,187314.75,93.657375,749654.7172950022,,
2021-12-20,BUY,MON100.NS,1605,116.68,187271.40000000002,93.63570000000001,562289.6815950022,,
2021-12-20,BUY,GOLDBEES.NS,4474,41.86,187281.63999999998,93.64081999999999,374914.4007750022,,
2021-12-20,BUY,GILT5YBEES.NS,3802,49.26,187286.52,93.64326,187534.2375150022,,
2021-12-20,BUY,LIQUIDBEES.NS,187,1000.0,187000.0,93.5,440.73751500219805,,
2021-12-27,SELL,ITBEES.NS,5097,38.83,197916.50999999998,98.958255,198258.28926000217,36.75,5.66
2021-12-27,SELL,MON100.NS,1605,120.75,193803.75,96.901875,391965.13738500216,116.68,3.488
2021-12-27,SELL,GOLDBEES.NS,4474,41.59,186073.66,93.03683000000001,577945.7605550021,41.86,-0.645
2021-12-27,SELL,GILT5YBEES.NS,3802,49.33,187552.66,93.77633,765404.6442250022,49.26,0.142
2021-12-27,SELL,LIQUIDBEES.NS,187,999.99,186998.13,93.499065,952309.2751600022,1000.0,-0.001
2021-12-27,BUY,ITBEES.NS,4902,38.83,190344.66,95.17233,761869.4428300022,,
2021-12-27,BUY,MON100.NS,1576,120.75,190302.0,95.151,571472.2918300021,,
2021-12-27,BUY,GOLDBEES.NS,4577,41.59,190357.43000000002,95.17871500000001,381019.6831150021,,
2021-12-27,BUY,NV20BEES.NS,1923,98.95,190280.85,95.14042500000001,190643.69269000212,,
2021-12-27,BUY,GILT5YBEES.NS,3859,49.33,190364.47,95.182235,184.04045500213397,,
2022-01-03,SELL,ITBEES.NS,4902,40.0,196080.0,98.04,196166.00045500213,38.83,3.013
2022-01-03,SELL,MON100.NS,1576,120.27,189545.52,94.77275999999999,385616.7476950021,120.75,-0.398
2022-01-03,SELL,GOLDBEES.NS,4577,41.73,190998.21,95.499105,576519.4585900021,41.59,0.337
2022-01-03,SELL,NV20BEES.NS,1923,101.78,195722.94,97.86147,772144.5371200021,98.95,2.86
2022-01-03,SELL,GILT5YBEES.NS,3859,49.33,190364.47,95.182235,962413.8248850021,49.33,0.0
2022-01-03,BUY,ITBEES.NS,4809,40.0,192360.0,96.18,769957.6448850022,,
2022-01-03,BUY,MON100.NS,1599,120.27,192311.72999999998,96.15586499999999,577549.7590200022,,
2022-01-03,BUY,NV20BEES.NS,1890,101.78,192364.2,96.1821,385089.37692000216,,
2022-01-03,BUY,PHARMABEES.NS,13577,14.17,192386.09,96.193045,192607.09387500217,,
2022-01-03,BUY,GILT5YBEES.NS,3899,49.33,192337.66999999998,96.16883499999999,173.25504000220099,,
2022-01-10,SELL,ITBEES.NS,4809,39.08,187935.72,93.96786,188015.0071800022,40.0,-2.3
2022-01-10,SELL,MON100.NS,1599,115.06,183980.94,91.99047,371903.9567100022,120.27,-4.332
2022-01-10,SELL,NV20BEES.NS,1890,102.35,193441.5,96.72075,565248.7359600022,101.78,0.56
2022-01-10,SELL,PHARMABEES.NS,13577,13.93,189127.61,94.56380499999999,754281.7821550021,14.17,-1.694
2022-01-10,SELL,GILT5YBEES.NS,3899,49.18,191752.82,95.87641,945938.7257450022,49.33,-0.304
2022-01-10,BUY,ITBEES.NS,4838,39.08,189069.03999999998,94.53451999999999,756775.1512250022,,
2022-01-10,BUY,CPSEETF.NS,6037,31.32,189078.84,94.53942,567601.7718050022,,
2022-01-10,BUY,NV20BEES.NS,1847,102.35,189040.44999999998,94.520225,378466.8015800023,,
2022-01-10,BUY,DIVOPPBEES.NS,4079,46.35,189061.65,94.530825,189310.6207550023,,
2022-01-10,BUY,MID150BEES.NS,1579,119.68,188974.72,94.48736000000001,241.4133950023097,,
2022-01-17,SELL,ITBEES.NS,4838,39.64,191778.32,95.88916,191923.84423500233,39.08,1.433
2022-01-17,SELL,CPSEETF.NS,6037,32.22,194512.13999999998,97.25607,386338.7281650023,31.32,2.874
2022-01-17,SELL,NV20BEES.NS,1847,105.18,194267.46000000002,97.13373000000001,580509.0544350024,102.35,2.765
2022-01-17,SELL,DIVOPPBEES.NS,4079,47.34,193099.86000000002,96.54993,773512.3645050024,46.35,2.136
2022-01-17,SELL,MID150BEES.NS,1579,122.12,192827.48,96.41374,966243.4307650024,119.68,2.039
2022-01-17,BUY,ITBEES.NS,4872,39.64,193126.08000000002,96.56304000000002,773020.7877250024,,
2022-01-17,BUY,CPSEETF.NS,5994,32.22,193126.68,96.56334,579797.5443850025,,
2022-01-17,BUY,NV20BEES.NS,1836,105.18,193110.48,96.55524000000001,386590.50914500246,,
2022-01-17,BUY,INFRABEES.NS,350,551.86,193151.0,96.5755,193342.93364500246,,
2022-01-17,BUY,MID150BEES.NS,1581,122.12,193071.72,96.53586,174.67778500245186,,
2022-01-24,SELL,ITBEES.NS,4872,35.73,174076.56,87.03828,174164.19950500244,39.64,-9.864
2022-01-24,SELL,CPSEETF.NS,5994,31.4,188211.6,94.1058,362281.6937050024,32.22,-2.545
2022-01-24,SELL,NV20BEES.NS,1836,97.79,179542.44,89.77122,541734.3624850025,105.18,-7.026
2022-01-24,SELL,INFRABEES.NS,350,516.07,180624.50000000003,90.31225000000002,722268.5502350025,551.86,-6.485
2022-01-24,SELL,MID150BEES.NS,1581,113.45,179364.45,89.682225,901543.3180100026,122.12,-7.1
2022-01-24,BUY,CPSEETF.NS,5739,31.4,180204.6,90.1023,721248.6157100026,,
2022-01-24,BUY,NV20BEES.NS,1842,97.79,180129.18000000002,90.06459000000001,541029.3711200026,,
2022-01-24,BUY,INFRABEES.NS,349,516.07,180108.43000000002,90.05421500000001,360830.8869050025,,
2022-01-24,BUY,BANKBEES.NS,484,372.15,180120.59999999998,90.06029999999998,180620.22660500254,,
2022-01-24,BUY,DIVOPPBEES.NS,4034,44.67,180198.78,90.09939,331.3472150025482,,
2022-01-31,SELL,CPSEETF.NS,5739,32.71,187722.69,93.861345,187960.17587000254,31.4,4.172
2022-01-31,SELL,NV20BEES.NS,1842,98.34,181142.28,90.57114,369011.88473000255,97.79,0.562
2022-01-31,SELL,INFRABEES.NS,349,526.58,183776.42,91.88821000000002,552696.4165200025,516.07,2.037
2022-01-31,SELL,BANKBEES.NS,484,382.9,185323.59999999998,92.66179999999999,737927.3547200025,372.15,2.889
2022-01-31,SELL,DIVOPPBEES.NS,4034,45.22,182417.47999999998,91.20873999999999,920253.6259800025,44.67,1.231
2022-01-31,BUY,CPSEETF.NS,5623,32.71,183928.33000000002,91.96416500000001,736233.3318150025,,
2022-01-31,BUY,PSUBNKBEES.NS,5655,32.53,183957.15,91.97857499999999,552184.2032400025,,
2022-01-31,BUY,BANKBEES.NS,480,382.9,183792.0,91.896,368300.3072400025,,
2022-01-31,BUY,LIQUIDBEES.NS,183,1000.0,183000.0,91.5,185208.8072400025,,
2022-01-31,BUY,GILT5YBEES.NS,3725,49.38,183940.5,91.97025000000001,1176.3369900024845,,
2022-02-07,SELL,CPSEETF.NS,5623,32.57,183141.11000000002,91.57055500000001,184225.8764350025,32.71,-0.428
2022-02-07,SELL,PSUBNKBEES.NS,5655,33.01,186671.55,93.335775,370804.09066000243,32.53,1.476
2022-02-07,SELL,BANKBEES.NS,480,383.06,183868.8,91.9344,554580.9562600025,382.9,0.042
2022-02-07,SELL,LIQUIDBEES.NS,183,1000.0,183000.0,91.5,737489.4562600025,1000.0,0.0
2022-02-07,SELL,GILT5YBEES.NS,3725,49.12,182972.0,91.486,920369.9702600024,49.38,-0.527
2022-02-07,BUY,PSUBNKBEES.NS,5573,33.01,183964.72999999998,91.98236499999999,736313.2578950024,,
2022-02-07,BUY,CPSEETF.NS,5648,32.57,183955.36000000002,91.97768,552265.9202150024,,
2022-02-07,BUY,BANKBEES.NS,480,383.06,183868.8,91.9344,368305.1858150024,,
2022-02-07,BUY,NV20BEES.NS,1862,98.78,183928.36000000002,91.96418000000001,184284.8616350024,,
2022-02-07,BUY,HNGSNGBEES.NS,594,309.6,183902.40000000002,91.95120000000001,290.5104350023612,,
2022-02-14,SELL,PSUBNKBEES.NS,5573,30.45,169697.85,84.84892500000001,169903.51151000237,33.01,-7.755
2022-02-14,SELL,CPSEETF.NS,5648,31.77,179436.96,89.71848,349250.75303000235,32.57,-2.456
2022-02-14,SELL,BANKBEES.NS,480,372.2,178656.0,89.328,527817.4250300024,383.06,-2.835
2022-02-14,SELL,NV20BEES.NS,1862,96.64,179943.68,89.97184,707671.1331900023,98.78,-2.166
2022-02-14,SELL,HNGSNGBEES.NS,594,313.05,185951.7,92.97585000000001,893529.8573400023,309.6,1.114
2022-02-14,BUY,PSUBNKBEES.NS,5865,30.45,178589.25,89.294625,714851.3127150023,,
2022-02-14,BUY,CPSEETF.NS,5622,31.77,178610.94,89.30547,536151.0672450024,,
2022-02-14,BUY,BANKBEES.NS,479,372.2,178283.8,89.14189999999999,357778.1253450024,,
2022-02-14,BUY,HNGSNGBEES.NS,570,313.05,178438.5,89.21925,179250.4060950024,,
2022-02-14,BUY,GOLDBEES.NS,4157,42.96,178584.72,89.29236,576.3937350024062,,
2022-02-28,SELL,PSUBNKBEES.NS,5865,29.1,170671.5,85.33575,171162.5579850024,30.45,-4.433
2022-02-28,SELL,CPSEETF.NS,5622,32.36,181927.91999999998,90.96396,352999.51402500237,31.77,1.857
2022-02-28,SELL,BANKBEES.NS,479,364.89,174782.31,87.391155,527694.4328700023,372.2,-1.964
2022-02-28,SELL,HNGSNGBEES.NS,570,298.91,170378.7,85.18935,697987.9435200023,313.05,-4.517
2022-02-28,SELL,GOLDBEES.NS,4157,43.59,181203.63,90.601815,879100.9717050022,42.96,1.466
2022-02-28,BUY,GOLDBEES.NS,4031,43.59,175711.29,87.85564500000001,703301.8260600022,,
2022-02-28,BUY,CPSEETF.NS,5430,32.36,175714.8,87.8574,527499.1686600022,,
2022-02-28,BUY,GILT5YBEES.NS,3537,49.68,175718.16,87.85908,351693.1495800022,,
2022-02-28,BUY,LIQUIDBEES.NS,175,1000.0,175000.0,87.5,176605.64958000218,,
2022-02-28,BUY,HNGSNGBEES.NS,587,298.91,175460.17,87.730085,1057.7494950021792,,
2022-03-07,SELL,GOLDBEES.NS,4031,46.0,185426.0,92.71300000000001,186391.0364950022,43.59,5.529
2022-03-07,SELL,CPSEETF.NS,5430,34.23,185868.9,92.93445,372167.0020450022,32.36,5.779
2022-03-07,SELL,GILT5YBEES.NS,3537,49.17,173914.29,86.95714500000001,545994.3349000022,49.68,-1.027
2022-03-07,SELL,LIQUIDBEES.NS,175,999.99,174998.25,87.499125,720905.0857750023,1000.0,-0.001
2022-03-07,SELL,HNGSNGBEES.NS,587,289.84,170136.08,85.06804,890956.0977350022,298.91,-3.034
2022-03-07,BUY,GOLDBEES.NS,3871,46.0,178066.0,89.033,712801.0647350021,,
2022-03-07,BUY,CPSEETF.NS,5203,34.23,178098.68999999997,89.04934499999999,534613.3253900021,,
2022-03-07,BUY,GILT5YBEES.NS,3622,49.17,178093.74000000002,89.04687000000001,356430.5385200021,,
2022-03-07,BUY,LIQUIDBEES.NS,178,999.99,177998.22,88.99911,178343.3194100021,,
2022-03-07,BUY,DIVOPPBEES.NS,4121,43.21,178068.41,89.034205,185.87520500208484,,
2022-03-14,SELL,GOLDBEES.NS,3871,44.64,172801.44,86.40072,172900.91448500208,46.0,-2.957
2022-03-14,SELL,CPSEETF.NS,5203,33.45,174040.35,87.02017500000001,346854.2443100021,34.23,-2.279
2022-03-14,SELL,GILT5YBEES.NS,3622,49.46,179144.12,89.57206,525908.792250002,49.17,0.59
2022-03-14,SELL,LIQUIDBEES.NS,178,1000.0,178000.0,89.0,703819.792250002,999.99,0.001
2022-03-14,SELL,DIVOPPBEES.NS,4121,44.79,184579.59,92.289795,888307.092455002,43.21,3.657
2022-03-14,BUY,GOLDBEES.NS,3977,44.64,177533.28,88.76664,710685.045815002,,
2022-03-14,BUY,CPSEETF.NS,5308,33.45,177552.6,88.7763,533043.669515002,,
2022-03-14,BUY,PHARMABEES.NS,13202,13.45,177566.9,88.78345,355387.98606500204,,
2022-03-14,BUY,LIQUIDBEES.NS,177,1000.0,177000.0,88.5,178299.48606500204,,
2022-03-14,BUY,GILT5YBEES.NS,3590,49.46,177561.4,88.7807,649.3053650020447,,
2022-03-21,SELL,GOLDBEES.NS,3977,44.14,175544.78,87.77239,176106.31297500205,44.64,-1.12
2022-03-21,SELL,CPSEETF.NS,5308,33.23,176384.84,88.19242,352402.96055500204,33.45,-0.658
2022-03-21,SELL,PHARMABEES.NS,13202,13.64,180075.28,90.03764,532388.202915002,13.45,1.413
2022-03-21,SELL,LIQUIDBEES.NS,177,999.99,176998.23,88.499115,709297.933800002,1000.0,-0.001
2022-03-21,SELL,GILT5YBEES.NS,3590,49.54,177848.6,88.9243,887057.609500002,49.46,0.162
2022-03-21,BUY,CPSEETF.NS,5336,33.23,177315.27999999997,88.65763999999999,709653.671860002,,
2022-03-21,BUY,GOLDBEES.NS,4017,44.14,177310.38,88.65519,532254.636670002,,
2022-03-21,BUY,PHARMABEES.NS,13000,13.64,177320.0,88.66,354845.976670002,,
2022-03-21,BUY,NV20BEES.NS,1783,99.45,177319.35,88.65967500000001,177437.96699500197,,
2022-03-21,BUY,GILT5YBEES.NS,3579,49.54,177303.66,88.65183,45.65516500198282,,
2022-03-28,SELL,CPSEETF.NS,5336,34.01,181477.36,90.73867999999999,181432.27648500196,33.23,2.347
2022-03-28,SELL,GOLDBEES.NS,4017,44.49,178716.33000000002,89.35816500000001,360059.248320002,44.14,0.793
2022-03-28,SELL,PHARMABEES.NS,13000,13.63,177190.0,88.595,537160.653320002,13.64,-0.073
2022-03-28,SELL,NV20BEES.NS,1783,100.72,179583.76,89.79188,716654.621440002,99.45,1.277
2022-03-28,SELL,GILT5YBEES.NS,3579,49.49,177124.71000000002,88.56235500000001,893690.769085002,49.54,-0.101
2022-03-28,BUY,CPSEETF.NS,5252,34.01,178620.52,89.31026,714980.938825002,,
2022-03-28,BUY,GOLDBEES.NS,4015,44.49,178627.35,89.313675,536264.275150002,,
2022-03-28,BUY,MON100.NS,1581,112.99,178637.19,89.318595,357537.76655500196,,
2022-03-28,BUY,HNGSNGBEES.NS,570,313.18,178512.6,89.25630000000001,178935.91025500195,,
2022-03-28,BUY,PHARMABEES.NS,13107,13.63,178648.41,89.324205,198.17605000192998,,
2022-04-04,SELL,CPSEETF.NS,5252,34.91,183347.31999999998,91.67365999999998,183453.8223900019,34.01,2.646
2022-04-04,SELL,GOLDBEES.NS,4015,44.22,177543.3,88.77165,360908.3507400019,44.49,-0.607
2022-04-04,SELL,MON100.NS,1581,115.85,183158.84999999998,91.57942499999999,543975.6213150019,112.99,2.531
2022-04-04,SELL,HNGSNGBEES.NS,570,314.67,179361.90000000002,89.68095000000001,723247.8403650019,313.18,0.476
2022-04-04,SELL,PHARMABEES.NS,13107,13.83,181269.81,90.634905,904427.0154600019,13.63,1.467
2022-04-04,BUY,MON100.NS,1560,115.85,180726.0,90.363,723610.6524600019,,
2022-04-04,BUY,CPSEETF.NS,5178,34.91,180763.97999999998,90.38198999999999,542756.2904700019,,
2022-04-04,BUY,DIVOPPBEES.NS,3868,46.73,180751.63999999998,90.37581999999999,361914.2746500019,,
2022-04-04,BUY,GOLDBEES.NS,4088,44.22,180771.36,90.38568,181052.5289700019,,
2022-04-04,BUY,HNGSNGBEES.NS,574,314.67,180620.58000000002,90.31029000000001,341.6386800018954,,
2022-04-11,SELL,MON100.NS,1560,112.16,174969.6,87.4848,175223.7538800019,115.85,-3.185
2022-04-11,SELL,CPSEETF.NS,5178,36.43,188634.54,94.31727000000001,363763.9766100019,34.91,4.354
2022-04-11,SELL,DIVOPPBEES.NS,3868,47.01,181834.68,90.91734,545507.7392700019,46.73,0.599
2022-04-11,SELL,GOLDBEES.NS,4088,45.22,184859.36,92.42967999999999,730274.6695900019,44.22,2.261
2022-04-11,SELL,HNGSNGBEES.NS,574,312.33,179277.41999999998,89.63870999999999,909462.4508800019,314.67,-0.744
2022-04-11,BUY,CPSEETF.NS,4990,36.43,181785.7,90.89285000000001,727585.8580300019,,
2022-04-11,BUY,JUNIORBEES.NS,392,463.53,181703.75999999998,90.85188,545791.2461500019,,
2022-04-11,BUY,PSUBNKBEES.NS,5688,31.96,181788.48,90.89424000000001,363911.87191000185,,
2022-04-11,BUY,INFRABEES.NS,334,542.86,181315.24,90.65762,182505.97429000185,,
2022-04-11,BUY,MOM100.NS,5500,33.05,181774.99999999997,90.88749999999999,640.0867900018638,,
2022-04-18,SELL,CPSEETF.NS,4990,37.15,185378.5,92.68925,185925.89754000187,36.43,1.976
2022-04-18,SELL,JUNIORBEES.NS,392,455.58,178587.36,89.29368,364423.9638600019,463.53,-1.715
2022-04-18,SELL,PSUBNKBEES.NS,5688,30.87,175588.56,87.79428,539924.7295800019,31.96,-3.411
2022-04-18,SELL,INFRABEES.NS,334,533.82,178295.88,89.14794,718131.461640002,542.86,-1.665
2022-04-18,SELL,MOM100.NS,5500,32.18,176990.0,88.495,895032.966640002,33.05,-2.632
2022-04-18,BUY,CPSEETF.NS,4816,37.15,178914.4,89.4572,716029.109440002,,
2022-04-18,BUY,JUNIORBEES.NS,392,455.58,178587.36,89.29368,537352.455760002,,
2022-04-18,BUY,GOLDBEES.NS,3873,46.19,178893.87,89.446935,358369.138825002,,
2022-04-18,BUY,MOM100.NS,5559,32.18,178888.62,89.44431,179391.07451500202,,
2022-04-18,BUY,MID150BEES.NS,1539,116.18,178801.02000000002,89.40051000000001,500.6540050019976,,
2022-04-25,SELL,CPSEETF.NS,4816,36.09,173809.44,86.90472,174223.189285002,37.15,-2.853
2022-04-25,SELL,JUNIORBEES.NS,392,443.78,173961.75999999998,86.98087999999998,348097.96840500203,455.58,-2.59
2022-04-25,SELL,GOLDBEES.NS,3873,44.9,173897.69999999998,86.94885,521908.71955500206,46.19,-2.793
2022-04-25,SELL,MOM100.NS,5559,31.32,174107.88,87.05394,695929.545615002,32.18,-2.672
2022-04-25,SELL,MID150BEES.NS,1539,113.43,174568.77000000002,87.28438500000001,870411.0312300021,116.18,-2.367
2022-04-25,BUY,CPSEETF.NS,4821,36.09,173989.89,86.99494500000002,696334.146285002,,
2022-04-25,BUY,INFRABEES.NS,327,531.59,173829.93000000002,86.91496500000001,522417.30132000195,,
2022-04-25,BUY,JUNIORBEES.NS,392,443.78,173961.75999999998,86.98087999999998,348368.560440002,,
2022-04-25,BUY,CONSUMBEES.NS,2292,75.9,173962.80000000002,86.98140000000001,174318.779040002,,
2022-04-25,BUY,GOLDBEES.NS,3875,44.9,173987.5,86.99375,244.28529000200797,,
2022-05-02,SELL,CPSEETF.NS,4821,35.6,171627.6,85.8138,171786.071490002,36.09,-1.358
2022-05-02,SELL,INFRABEES.NS,327,533.48,174447.96,87.22398,346146.807510002,531.59,0.356
2022-05-02,SELL,JUNIORBEES.NS,392,446.39,174984.88,87.49244,521044.195070002,443.78,0.588
2022-05-02,SELL,CONSUMBEES.NS,2292,76.7,175796.4,87.8982,696752.696870002,75.9,1.054
2022-05-02,SELL,GOLDBEES.NS,3875,44.16,171120.0,85.56,867787.1368700019,44.9,-1.648
2022-05-02,BUY,CPSEETF.NS,4872,35.6,173443.2,86.72160000000001,694257.2152700019,,
2022-05-02,BUY,CONSUMBEES.NS,2261,76.7,173418.7,86.70935,520751.80592000193,,
2022-05-02,BUY,INFRABEES.NS,325,533.48,173381.0,86.6905,347284.1154200019,,
2022-05-02,BUY,JUNIORBEES.NS,388,446.39,173199.32,86.59966,173998.1957600019,,
2022-05-02,BUY,MID150BEES.NS,1529,113.4,173388.6,86.6943,522.9014600018854,,
2022-05-09,SELL,CPSEETF.NS,4872,35.88,174807.36000000002,87.40368000000001,175242.8577800019,35.6,0.787
2022-05-09,SELL,CONSUMBEES.NS,2261,72.22,163289.41999999998,81.64470999999999,338450.6330700019,76.7,-5.841
2022-05-09,SELL,INFRABEES.NS,325,507.87,165057.75,82.528875,503425.8541950019,533.48,-4.801
2022-05-09,SELL,JUNIORBEES.NS,388,418.7,162455.6,81.2278,665800.2263950019,446.39,-6.203
2022-05-09,SELL,MID150BEES.NS,1529,107.62,164550.98,82.27549,830268.9309050019,113.4,-5.097
2022-05-09,BUY,CPSEETF.NS,4625,35.88,165945.0,82.9725,664240.9584050019,,
2022-05-09,BUY,DIVOPPBEES.NS,3780,43.9,165942.0,82.971,498215.9874050019,,
2022-05-09,BUY,GOLDBEES.NS,3736,44.42,165953.12,82.97656,332179.8908450019,,
2022-05-09,BUY,HNGSNGBEES.NS,544,304.74,165778.56,82.88928,166318.4415650019,,
2022-05-09,BUY,LIQUIDBEES.NS,165,1000.0,165000.0,82.5,1235.9415650019073,,
2022-05-16,SELL,CPSEETF.NS,4625,33.99,157203.75,78.601875,158361.0896900019,35.88,-5.268
2022-05-16,SELL,DIVOPPBEES.NS,3780,42.39,160234.2,80.11710000000001,318515.17259000195,43.9,-3.44
2022-05-16,SELL,GOLDBEES.NS,3736,43.14,161171.04,80.58552,479605.62707000197,44.42,-2.882
2022-05-16,SELL,HNGSNGBEES.NS,544,299.62,162993.28,81.49664,642517.410430002,304.74,-1.68
2022-05-16,SELL,LIQUIDBEES.NS,165,1000.0,165000.0,82.5,807434.910430002,1000.0,0.0
2022-05-16,BUY,LIQUIDBEES.NS,161,1000.0,161000.0,80.5,646354.410430002,,
2022-05-16,BUY,GILT5YBEES.NS,3271,49.34,161391.14,80.69557,484882.57486000203,,
2022-05-16,BUY,HNGSNGBEES.NS,538,299.62,161195.56,80.59778,323606.417080002,,
2022-05-16,BUY,CPSEETF.NS,4748,33.99,161384.52000000002,80.69226,162141.204820002,,
2022-05-16,BUY,GOLDBEES.NS,3741,43.14,161386.74,80.69337,673.7714500020084,,
2022-05-23,SELL,LIQUIDBEES.NS,161,999.99,160998.39,80.49919500000001,161591.662255002,1000.0,-0.001
2022-05-23,SELL,GILT5YBEES.NS,3271,48.74,159428.54,79.71427,320940.487985002,49.34,-1.216
2022-05-23,SELL,HNGSNGBEES.NS,538,295.04,158731.52000000002,79.36576000000001,479592.64222500206,299.62,-1.529
2022-05-23,SELL,CPSEETF.NS,4748,34.2,162381.6,81.19080000000001,641893.051425002,33.99,0.618
2022-05-23,SELL,GOLDBEES.NS,3741,44.25,165539.25,82.769625,807349.5318000021,43.14,2.573
2022-05-23,BUY,CPSEETF.NS,4718,34.2,161355.6,80.6778,645913.254000002,,
2022-05-23,BUY,LIQUIDBEES.NS,161,999.99,160998.39,80.49919500000001,484834.364805002,,
2022-05-23,BUY,CONSUMBEES.NS,2175,74.2,161385.0,80.6925,323368.672305002,,
2022-05-23,BUY,HNGSNGBEES.NS,547,295.04,161386.88,80.69344000000001,161901.098865002,,
2022-05-23,BUY,GILT5YBEES.NS,3311,48.74,161378.14,80.68907000000002,442.2697950019792,,
2022-05-30,SELL,CPSEETF.NS,4718,33.95,160176.1,80.08805000000001,160538.281745002,34.2,-0.731
2022-05-30,SELL,LIQUIDBEES.NS,161,999.99,160998.39,80.49919500000001,321456.172550002,999.99,0.0
2022-05-30,SELL,CONSUMBEES.NS,2175,74.76,162603.0,81.3015,483977.871050002,74.2,0.755
2022-05-30,SELL,HNGSNGBEES.NS,547,298.58,163323.25999999998,81.66162999999999,647219.469420002,295.04,1.2
2022-05-30,SELL,GILT5YBEES.NS,3311,48.79,161543.69,80.771845,808682.3875750019,48.74,0.103
2022-05-30,BUY,BANKBEES.NS,447,361.43,161559.21,80.779605,647042.3979700019,,
2022-05-30,BUY,LIQUIDBEES.NS,161,999.99,160998.39,80.49919500000001,485963.50877500186,,
2022-05-30,BUY,CONSUMBEES.NS,2162,74.76,161631.12000000002,80.81556000000002,324251.57321500184,,
2022-05-30,BUY,GOLDBEES.NS,3675,43.98,161626.5,80.81325,162544.25996500184,,
2022-05-30,BUY,GILT5YBEES.NS,3313,48.79,161641.27,80.820635,822.1693300018378,,
2022-06-06,SELL,BANKBEES.NS,447,356.47,159342.09000000003,79.67104500000002,160084.58828500187,361.43,-1.372
2022-06-06,SELL,LIQUIDBEES.NS,161,999.99,160998.39,80.49919500000001,321002.4790900019,999.99,0.0
2022-06-06,SELL,CONSUMBEES.NS,2162,73.58,159079.96,79.53998,480002.89911000186,74.76,-1.578
2022-06-06,SELL,GOLDBEES.NS,3675,44.0,161700.0,80.85000000000001,641622.0491100019,43.98,0.045
2022-06-06,SELL,GILT5YBEES.NS,3313,48.56,160879.28,80.43964,802420.8894700019,48.79,-0.471
2022-06-06,BUY,CPSEETF.NS,4573,35.07,160375.11000000002,80.187555,641965.5919150019,,
2022-06-06,BUY,LIQUIDBEES.NS,160,999.99,159998.4,79.9992,481887.1927150019,,
2022-06-06,BUY,CONSUMBEES.NS,2179,73.58,160330.82,80.16541000000001,321476.2073050019,,
2022-06-06,BUY,HNGSNGBEES.NS,512,312.98,160245.76,80.12288000000001,161150.3244250019,,
2022-06-06,BUY,GOLDBEES.NS,3645,44.0,160380.0,80.19,690.1344250018883,,
2022-06-13,SELL,CPSEETF.NS,4573,34.39,157265.47,78.632735,157876.9716900019,35.07,-1.939
2022-06-13,SELL,LIQUIDBEES.NS,160,1000.0,160000.0,80.0,317796.9716900019,999.99,0.001
2022-06-13,SELL,CONSUMBEES.NS,2179,71.67,156168.93,78.084465,473887.81722500187,73.58,-2.596
2022-06-13,SELL,HNGSNGBEES.NS,512,303.58,155432.96,77.71648,629243.0607450019,312.98,-3.003
2022-06-13,SELL,GOLDBEES.NS,3645,44.19,161072.55,80.53627499999999,790235.0744700019,44.0,0.432
2022-06-13,BUY,CPSEETF.NS,4593,34.39,157953.27,78.976635,632202.8278350019,,
2022-06-13,BUY,HNGSNGBEES.NS,520,303.58,157861.6,78.9308,474262.29703500186,,
2022-06-13,BUY,LIQUIDBEES.NS,157,1000.0,157000.0,78.5,317183.79703500186,,
2022-06-13,BUY,GILT5YBEES.NS,3247,48.64,157934.08000000002,78.96704000000001,159170.74999500185,,
2022-06-13,BUY,GOLDBEES.NS,3574,44.19,157935.06,78.96753,1156.7224650018616,,
2022-06-20,SELL,CPSEETF.NS,4593,31.44,144403.92,72.20196000000001,145488.44050500187,34.39,-8.578
2022-06-20,SELL,HNGSNGBEES.NS,520,302.97,157544.40000000002,78.77220000000001,302954.0683050019,303.58,-0.201
2022-06-20,SELL,LIQUIDBEES.NS,157,999.99,156998.43,78.49921499999999,459873.9990900019,1000.0,-0.001
2022-06-20,SELL,GILT5YBEES.NS,3247,48.67,158031.49000000002,79.01574500000001,617826.4733450019,48.64,0.062
2022-06-20,SELL,GOLDBEES.NS,3574,43.82,156612.68,78.30633999999999,774360.847005002,44.19,-0.837
2022-06-20,BUY,LIQUIDBEES.NS,154,999.99,153998.46,76.99923,620285.387775002,,
2022-06-20,BUY,GOLDBEES.NS,3532,43.82,154772.24,77.38611999999999,465435.761655002,,
2022-06-20,BUY,AUTOBEES.NS,1434,107.94,154785.96,77.39298,310572.40867500205,,
2022-06-20,BUY,GILT5YBEES.NS,3180,48.67,154770.6,77.3853,155724.42337500205,,
2022-06-20,BUY,HNGSNGBEES.NS,510,302.97,154514.7,77.25735,1132.4660250020388,,
2022-06-27,SELL,LIQUIDBEES.NS,154,999.99,153998.46,76.99923,155053.92679500204,999.99,0.0
2022-06-27,SELL,GOLDBEES.NS,3532,43.87,154948.84,77.47442,309925.29237500206,43.82,0.114
2022-06-27,SELL,AUTOBEES.NS,1434,117.03,167821.02,83.91051,477662.40186500206,107.94,8.421
2022-06-27,SELL,GILT5YBEES.NS,3180,48.79,155152.2,77.57610000000001,632737.025765002,48.67,0.247
2022-06-27,SELL,HNGSNGBEES.NS,510,308.21,157187.09999999998,78.59355,789845.532215002,302.97,1.73
2022-06-27,BUY,AUTOBEES.NS,1349,117.03,157873.47,78.936735,631893.125480002,,
2022-06-27,BUY,LIQUIDBEES.NS,157,999.99,156998.43,78.49921499999999,474816.196265002,,
2022-06-27,BUY,CONSUMBEES.NS,2149,73.44,157822.56,78.91128,316914.724985002,,
2022-06-27,BUY,GOLDBEES.NS,3599,43.87,157888.13,78.94406500000001,158947.65092000202,,
2022-06-27,BUY,GILT5YBEES.NS,3236,48.79,157884.44,78.94222,984.2687000020233,,
2022-07-11,SELL,AUTOBEES.NS,1349,123.43,166507.07,83.253535,167408.08516500203,117.03,5.469
2022-07-11,SELL,LIQUIDBEES.NS,157,999.99,156998.43,78.49921499999999,324328.015950002,999.99,0.0
2022-07-11,SELL,CONSUMBEES.NS,2149,78.04,167707.96000000002,83.85398,491952.121970002,73.44,6.264
2022-07-11,SELL,GOLDBEES.NS,3599,43.56,156772.44,78.38622000000001,648646.175750002,43.87,-0.707
2022-07-11,SELL,GILT5YBEES.NS,3236,48.74,157722.64,78.86132,806289.954430002,48.79,-0.102
2022-07-11,BUY,AUTOBEES.NS,1305,123.43,161076.15000000002,80.538075,645133.2663550021,,
2022-07-11,BUY,CONSUMBEES.NS,2065,78.04,161152.6,80.5763,483900.0900550021,,
2022-07-11,BUY,PSUBNKBEES.NS,5467,29.48,161167.16,80.58358,322652.34647500206,,
2022-07-11,BUY,MAFANG.NS,3856,41.79,161142.24,80.57112,161429.53535500207,,
2022-07-11,BUY,BANKBEES.NS,449,358.74,161074.26,80.53713,274.7382250020455,,
2022-07-18,SELL,AUTOBEES.NS,1305,125.07,163216.34999999998,81.60817499999999,163409.48005000202,123.43,1.329
2022-07-18,SELL,CONSUMBEES.NS,2065,79.46,164084.9,82.04245,327412.337600002,78.04,1.82
2022-07-18,SELL,PSUBNKBEES.NS,5467,29.53,161440.51,80.72025500000001,488772.127345002,29.48,0.17
2022-07-18,SELL,MAFANG.NS,3856,41.02,158173.12000000002,79.08656000000002,646866.160785002,41.79,-1.843
2022-07-18,SELL,BANKBEES.NS,449,357.55,160539.95,80.269975,807325.8408100021,358.74,-0.332
2022-07-18,BUY,AUTOBEES.NS,1290,125.07,161340.3,80.67014999999999,645904.8706600021,,
2022-07-18,BUY,CONSUMBEES.NS,2031,79.46,161383.25999999998,80.69162999999999,484440.91903000214,,
2022-07-18,BUY,PSUBNKBEES.NS,5465,29.53,161381.45,80.690725,322978.77830500214,,
2022-07-18,BUY,MID150BEES.NS,1472,109.57,161287.03999999998,80.64352,161611.09478500215,,
2022-07-18,BUY,MOM100.NS,5347,30.18,161372.46,80.68623,157.94855500216363,,
2022-07-25,SELL,AUTOBEES.NS,1290,125.43,161804.7,80.90235000000001,161881.7462050022,125.07,0.288
2022-07-25,SELL,CONSUMBEES.NS,2031,80.86,164226.66,82.11333,326026.2928750022,79.46,1.762
2022-07-25,SELL,PSUBNKBEES.NS,5465,30.77,168158.05,84.079025,494100.2638500022,29.53,4.199
2022-07-25,SELL,MID150BEES.NS,1472,111.64,164334.08,82.16704,658352.1768100022,109.57,1.889
2022-07-25,SELL,MOM100.NS,5347,30.87,165061.89,82.530945,823331.5358650022,30.18,2.286
2022-07-25,BUY,AUTOBEES.NS,1312,125.43,164564.16,82.28208000000001,658685.0937850021,,
2022-07-25,BUY,PSUBNKBEES.NS,5348,30.77,164557.96,82.27898,494044.8548050021,,
2022-07-25,BUY,CONSUMBEES.NS,2035,80.86,164550.1,82.27505000000001,329412.4797550021,,
2022-07-25,BUY,BANKBEES.NS,444,370.3,164413.2,82.20660000000001,164917.07315500206,,
2022-07-25,BUY,MAFANG.NS,3876,42.46,164574.96,82.28748,259.8256750020664,,
2022-08-01,SELL,AUTOBEES.NS,1312,130.73,171517.75999999998,85.75887999999999,171691.82679500204,125.43,4.225
2022-08-01,SELL,PSUBNKBEES.NS,5348,31.48,168355.04,84.17752,339962.68927500205,30.77,2.307
2022-08-01,SELL,CONSUMBEES.NS,2035,82.96,168823.59999999998,84.41179999999999,508701.877475002,80.86,2.597
2022-08-01,SELL,BANKBEES.NS,444,382.53,169843.31999999998,84.92165999999999,678460.275815002,370.3,3.303
2022-08-01,SELL,MAFANG.NS,3876,43.27,167714.52000000002,83.85726000000001,846090.9385550021,42.46,1.908
2022-08-01,BUY,PSUBNKBEES.NS,5372,31.48,169110.56,84.55528,676895.8232750021,,
2022-08-01,BUY,CONSUMBEES.NS,2038,82.96,169072.47999999998,84.53623999999999,507738.8070350021,,
2022-08-01,BUY,AUTOBEES.NS,1293,130.73,169033.88999999998,84.51694499999999,338620.4000900021,,
2022-08-01,BUY,BANKBEES.NS,442,382.53,169078.25999999998,84.53912999999999,169457.60096000214,,
2022-08-01,BUY,MID150BEES.NS,1461,115.75,169110.75,84.555375,262.295585002139,,
2022-08-08,SELL,PSUBNKBEES.NS,5372,31.3,168143.6,84.07180000000001,168321.82378500214,31.48,-0.572
2022-08-08,SELL,CONSUMBEES.NS,2038,84.19,171579.22,85.78961,339815.2541750021,82.96,1.483
2022-08-08,SELL,AUTOBEES.NS,1293,130.68,168969.24000000002,84.48462,508700.0095550021,130.73,-0.038
2022-08-08,SELL,BANKBEES.NS,442,386.46,170815.31999999998,85.40765999999999,679429.921895002,382.53,1.027
2022-08-08,SELL,MID150BEES.NS,1461,116.68,170469.48,85.23474,849814.167155002,115.75,0.803
2022-08-08,BUY,CONSUMBEES.NS,2017,84.19,169811.22999999998,84.905615,679918.031540002,,
2022-08-08,BUY,PSUBNKBEES.NS,5427,31.3,169865.1,84.93255,509967.998990002,,
2022-08-08,BUY,AUTOBEES.NS,1299,130.68,169753.32,84.87666,340129.80233000196,,
2022-08-08,BUY,MOM100.NS,5149,32.99,169865.51,84.932755,170179.35957500196,,
2022-08-08,BUY,MAFANG.NS,3839,44.24,169837.36000000002,84.91868000000001,257.0808950019418,,
2022-08-16,SELL,CONSUMBEES.NS,2017,84.87,171182.79,85.591395,171354.27950000195,84.19,0.808
2022-08-16,SELL,PSUBNKBEES.NS,5427,31.84,172795.68,86.39784,344063.561660002,31.3,1.725
2022-08-16,SELL,AUTOBEES.NS,1299,133.62,173572.38,86.78619,517549.155470002,130.68,2.25
2022-08-16,SELL,MOM100.NS,5149,33.19,170895.31,85.447655,688359.017815002,32.99,0.606
2022-08-16,SELL,MAFANG.NS,3839,45.36,174137.04,87.06852,862408.9892950021,44.24,2.532
2022-08-16,BUY,PSUBNKBEES.NS,5414,31.84,172381.76,86.19088,689941.038415002,,
2022-08-16,BUY,BANKBEES.NS,434,397.06,172324.04,86.16202000000001,517530.8363950021,,
2022-08-16,BUY,MOM100.NS,5194,33.19,172388.86,86.19443,345055.78196500207,,
2022-08-16,BUY,MID150BEES.NS,1438,119.81,172286.78,86.14339,172682.85857500206,,
2022-08-16,BUY,MAFANG.NS,3800,45.36,172368.0,86.184,228.6745750020491,,
2022-08-22,SELL,PSUBNKBEES.NS,5414,30.93,167455.02,83.72751,167599.96706500204,31.84,-2.858
2022-08-22,SELL,BANKBEES.NS,434,387.38,168122.91999999998,84.06146,335638.825605002,397.06,-2.438
2022-08-22,SELL,MOM100.NS,5194,32.29,167714.26,83.85713000000001,503269.228475002,33.19,-2.712
2022-08-22,SELL,MID150BEES.NS,1438,117.22,168562.36,84.28117999999999,671747.307295002,119.81,-2.162
2022-08-22,SELL,MAFANG.NS,3800,43.66,165908.0,82.95400000000001,837572.353295002,45.36,-3.748
2022-08-22,BUY,JUNIORBEES.NS,374,447.21,167256.53999999998,83.62826999999999,670232.1850250021,,
2022-08-22,BUY,MID150BEES.NS,1428,117.22,167390.16,83.69508,502758.3299450021,,
2022-08-22,BUY,CONSUMBEES.NS,1989,84.17,167414.13,83.707065,335260.49288000213,,
2022-08-22,BUY,MOM100.NS,5185,32.29,167423.65,83.711825,167753.13105500213,,
2022-08-22,BUY,BANKBEES.NS,432,387.38,167348.16,83.67408,321.29697500212933,,
2022-08-29,SELL,JUNIORBEES.NS,374,452.93,169395.82,84.69791000000001,169632.41906500215,447.21,1.279
2022-08-29,SELL,MID150BEES.NS,1428,118.76,169589.28,84.79464,339136.90442500217,117.22,1.314
2022-08-29,SELL,CONSUMBEES.NS,1989,85.22,169502.58,84.75129,508554.7331350022,84.17,1.247
2022-08-29,SELL,MOM100.NS,5185,32.7,169549.50000000003,84.77475000000001,678019.4583850022,32.29,1.27
2022-08-29,SELL,BANKBEES.NS,432,387.78,167520.96,83.76048,845456.6579050022,387.38,0.103
2022-08-29,BUY,PSUBNKBEES.NS,5197,32.52,169006.44,84.50322,676365.7146850022,,
2022-08-29,BUY,MOM100.NS,5168,32.7,168993.6,84.49680000000001,507287.6178850022,,
2022-08-29,BUY,JUNIORBEES.NS,373,452.93,168942.89,84.471445,338260.25644000224,,
2022-08-29,BUY,MID150BEES.NS,1423,118.76,168995.48,84.49774000000001,169180.27870000224,,
2022-08-29,BUY,BANKBEES.NS,435,387.78,168684.3,84.34214999999999,411.6365500022366,,
2022-09-05,SELL,PSUBNKBEES.NS,5197,33.7,175138.90000000002,87.56945000000002,175462.96710000225,32.52,3.629
2022-09-05,SELL,MOM100.NS,5168,33.45,172869.6,86.43480000000001,348246.13230000227,32.7,2.294
2022-09-05,SELL,JUNIORBEES.NS,373,461.05,171971.65,85.985825,520131.79647500225,452.93,1.793
2022-09-05,SELL,MID150BEES.NS,1423,121.79,173307.17,86.653585,693352.3128900023,118.76,2.551
2022-09-05,SELL,BANKBEES.NS,435,402.79,175213.65000000002,87.60682500000001,868478.3560650023,387.78,3.871
2022-09-05,BUY,PSUBNKBEES.NS,5151,33.7,173588.7,86.79435000000001,694802.8617150022,,
2022-09-05,BUY,JUNIORBEES.NS,376,461.05,173354.80000000002,86.6774,521361.38431500224,,
2022-09-05,BUY,MOM100.NS,5190,33.45,173605.50000000003,86.80275000000002,347669.0815650022,,
2022-09-05,BUY,MID150BEES.NS,1425,121.79,173550.75,86.775375,174031.55619000221,,
2022-09-05,BUY,CONSUMBEES.NS,2002,86.7,173573.4,86.7867,371.36949000222376,,
2022-09-12,SELL,PSUBNKBEES.NS,5151,35.22,181418.22,90.70911,181698.88038000223,33.7,4.51
2022-09-12,SELL,JUNIORBEES.NS,376,472.03,177483.28,88.74164,359093.4187400022,461.05,2.382
2022-09-12,SELL,MOM100.NS,5190,34.37,178380.3,89.19015,537384.5285900022,33.45,2.75
2022-09-12,SELL,MID150BEES.NS,1425,124.63,177597.75,88.798875,714893.4797150022,121.79,2.332
2022-09-12,SELL,CONSUMBEES.NS,2002,87.42,175014.84,87.50742,889820.8122950022,86.7,0.83
2022-09-12,BUY,PSUBNKBEES.NS,5050,35.22,177861.0,88.9305,711870.8817950021,,
2022-09-12,BUY,MID150BEES.NS,1427,124.63,177847.00999999998,88.92350499999999,533934.9482900022,,
2022-09-12,BUY,BANKBEES.NS,433,410.22,177625.26,88.81263000000001,356220.8756600022,,
2022-09-12,BUY,MOM100.NS,5175,34.37,177864.75,88.93237500000001,178267.19328500217,,
2022-09-12,BUY,JUNIORBEES.NS,376,472.03,177483.28,88.74164,695.1716450021777,,
2022-09-19,SELL,PSUBNKBEES.NS,5050,35.69,180234.5,90.11725,180839.55439500217,35.22,1.334
2022-09-19,SELL,MID150BEES.NS,1427,122.0,174094.0,87.047,354846.5073950022,124.63,-2.11
2022-09-19,SELL,BANKBEES.NS,433,413.35,178980.55000000002,89.49027500000001,533737.5671200022,410.22,0.763
2022-09-19,SELL,MOM100.NS,5175,33.64,174087.0,87.04350000000001,707737.5236200022,34.37,-2.124
2022-09-19,SELL,JUNIORBEES.NS,376,468.16,176028.16,88.01408,883677.6695400022,472.03,-0.82
2022-09-19,BUY,PSUBNKBEES.NS,4949,35.69,176629.81,88.314905,706959.5446350023,,
2022-09-19,BUY,BANKBEES.NS,427,413.35,176500.45,88.25022500000001,530370.8444100022,,
2022-09-19,BUY,CPSEETF.NS,4721,37.41,176612.61,88.306305,353669.92810500227,,
2022-09-19,BUY,JUNIORBEES.NS,377,468.16,176496.32,88.24816,177085.35994500227,,
2022-09-19,BUY,MID150BEES.NS,1447,122.0,176534.0,88.267,463.09294500228134,,
2022-09-26,SELL,PSUBNKBEES.NS,4949,32.7,161832.30000000002,80.91615000000002,162214.4767950023,35.69,-8.378
2022-09-26,SELL,BANKBEES.NS,427,391.54,167187.58000000002,83.59379000000001,329318.4630050023,413.35,-5.276
2022-09-26,SELL,CPSEETF.NS,4721,34.55,163110.55,81.555275,492347.4577300023,37.41,-7.645
2022-09-26,SELL,JUNIORBEES.NS,377,447.52,168715.03999999998,84.35752,660978.1402100023,468.16,-4.409
2022-09-26,SELL,MID150BEES.NS,1447,117.38,169848.86,84.92443,830742.0757800023,122.0,-3.787
2022-09-26,BUY,PSUBNKBEES.NS,5078,32.7,166050.6,83.0253,664608.4504800022,,
2022-09-26,BUY,CONSUMBEES.NS,1938,85.65,165989.7,82.99485000000001,498535.75563000224,,
2022-09-26,BUY,MID150BEES.NS,1414,117.38,165975.32,82.98766,332477.4479700022,,
2022-09-26,BUY,BANKBEES.NS,424,391.54,166012.96000000002,83.00648000000001,166381.48149000216,,
2022-09-26,BUY,JUNIORBEES.NS,371,447.52,166029.91999999998,83.01495999999999,268.54653000217513,,
2022-10-03,SELL,PSUBNKBEES.NS,5078,32.32,164120.96,82.06048,164307.44605000218,32.7,-1.162
2022-10-03,SELL,CONSUMBEES.NS,1938,84.33,163431.54,81.71577,327657.27028000215,85.65,-1.541
2022-10-03,SELL,MID150BEES.NS,1414,117.25,165791.5,82.89575,493365.8745300021,117.38,-0.111
2022-10-03,SELL,BANKBEES.NS,424,385.88,163613.12,81.80656,656897.1879700022,391.54,-1.446
2022-10-03,SELL,JUNIORBEES.NS,371,438.54,162698.34,81.34917,819514.1788000022,447.52,-2.007
2022-10-03,BUY,PSUBNKBEES.NS,5068,32.32,163797.76,81.89888,655634.5199200022,,
2022-10-03,BUY,CONSUMBEES.NS,1942,84.33,163768.86,81.88443,491783.77549000224,,
2022-10-03,BUY,PHARMABEES.NS,12335,13.28,163808.8,81.9044,327893.07109000225,,
2022-10-03,BUY,MID150BEES.NS,1397,117.25,163798.25,81.899125,164012.92196500226,,
2022-10-03,BUY,MOM100.NS,5108,32.07,163813.56,81.90678,117.45518500226899,,
2022-10-10,SELL,PSUBNKBEES.NS,5068,33.17,168105.56,84.05278,168138.96240500227,32.32,2.63
2022-10-10,SELL,CONSUMBEES.NS,1942,84.73,164545.66,82.27283,332602.34957500227,84.33,0.474
2022-10-10,SELL,PHARMABEES.NS,12335,13.18,162575.3,81.28765,495096.36192500225,13.28,-0.753
2022-10-10,SELL,MID150BEES.NS,1397,120.34,168114.98,84.05749,663127.2844350022,117.25,2.635
2022-10-10,SELL,MOM100.NS,5108,33.02,168666.16,84.33308000000001,831709.1113550023,32.07,2.962
2022-10-10,BUY,SILVERBEES.NS,2854,58.25,166245.5,83.12275,665380.4886050023,,
2022-10-10,BUY,PSUBNKBEES.NS,5012,33.17,166248.04,83.12402,499049.32458500226,,
2022-10-10,BUY,PHARMABEES.NS,12614,13.18,166252.52,83.12626,332713.6783250023,,
2022-10-10,BUY,MID150BEES.NS,1381,120.34,166189.54,83.09477000000001,166441.0435550023,,
2022-10-10,BUY,CPSEETF.NS,4601,36.13,166234.13,83.11706500000001,123.79649000230711,,
2022-10-17,SELL,SILVERBEES.NS,2854,55.52,158454.08000000002,79.22704000000002,158498.64945000233,58.25,-4.687
2022-10-17,SELL,PSUBNKBEES.NS,5012,33.77,169255.24000000002,84.62762000000001,327669.2618300023,33.17,1.809
2022-10-17,SELL,PHARMABEES.NS,12614,13.11,165369.53999999998,82.68476999999999,492956.1170600023,13.18,-0.531
2022-10-17,SELL,MID150BEES.NS,1381,118.69,163910.88999999998,81.955445,656785.0516150023,120.34,-1.371
2022-10-17,SELL,CPSEETF.NS,4601,36.23,166694.22999999998,83.34711499999999,823395.9345000023,36.13,0.277
2022-10-17,BUY,PHARMABEES.NS,12555,13.11,164596.05,82.298025,658717.5864750023,,
2022-10-17,BUY,BANKBEES.NS,407,403.65,164285.55,82.142775,494349.89370000234,,
2022-10-17,BUY,CPSEETF.NS,4543,36.23,164592.88999999998,82.29644499999999,329674.70725500234,,
2022-10-17,BUY,PSUBNKBEES.NS,4874,33.77,164594.98,82.29749000000001,164997.42976500234,,
2022-10-17,BUY,LIQUIDBEES.NS,164,999.99,163998.36000000002,81.99918000000001,917.0705850023078,,
2022-10-24,SELL,PHARMABEES.NS,12555,13.43,168613.65,84.306825,169446.4137600023,13.11,2.441
2022-10-24,SELL,BANKBEES.NS,407,416.7,169596.9,84.79845,338958.51531000226,403.65,3.233
2022-10-24,SELL,CPSEETF.NS,4543,37.0,168091.0,84.0455,506965.46981000225,36.23,2.125
2022-10-24,SELL,PSUBNKBEES.NS,4874,37.18,181215.32,90.60766000000001,688090.1821500022,33.77,10.098
2022-10-24,SELL,LIQUIDBEES.NS,164,999.99,163998.36000000002,81.99918000000001,852006.5429700022,999.99,0.0
2022-10-24,BUY,PSUBNKBEES.NS,4580,37.18,170284.4,85.1422,681637.0007700021,,
2022-10-24,BUY,BANKBEES.NS,408,416.7,170013.6,85.0068,511538.39397000213,,
2022-10-24,BUY,CPSEETF.NS,4603,37.0,170311.0,85.1555,341142.23847000214,,
2022-10-24,BUY,PHARMABEES.NS,12681,13.43,170305.83,85.152915,170751.25555500214,,
2022-10-24,BUY,DIVOPPBEES.NS,3679,46.29,170300.91,85.15045500000001,365.1951000021363,,
2022-10-31,SELL,PSUBNKBEES.NS,4580,38.27,175276.6,87.6383,175554.15680000215,37.18,2.932
2022-10-31,SELL,BANKBEES.NS,408,417.25,170238.0,85.119,345707.03780000214,416.7,0.132
2022-10-31,SELL,CPSEETF.NS,4603,38.0,174914.0,87.45700000000001,520533.58080000215,37.0,2.703
2022-10-31,SELL,PHARMABEES.NS,12681,13.31,168784.11000000002,84.39205500000001,689233.2987450021,13.43,-0.894
2022-10-31,SELL,DIVOPPBEES.NS,3679,46.93,172655.47,86.327735,861802.4410100022,46.29,1.383
2022-10-31,BUY,PSUBNKBEES.NS,4501,38.27,172253.27000000002,86.12663500000001,689463.0443750022,,
2022-10-31,BUY,CPSEETF.NS,4533,38.0,172254.0,86.127,517122.9173750022,,
2022-10-31,BUY,BANKBEES.NS,412,417.25,171907.0,85.9535,345129.96387500217,,
2022-10-31,BUY,INFRABEES.NS,316,545.11,172254.76,86.12738,172789.07649500217,,
2022-10-31,BUY,DIVOPPBEES.NS,3670,46.93,172233.1,86.11655,469.8599450021575,,
2022-11-07,SELL,PSUBNKBEES.NS,4501,40.99,184495.99000000002,92.24799500000002,184873.60195000216,38.27,7.107
2022-11-07,SELL,CPSEETF.NS,4533,38.86,176152.38,88.07619000000001,360937.9057600022,38.0,2.263
2022-11-07,SELL,BANKBEES.NS,412,421.16,173517.92,86.75896,534369.0668000022,417.25,0.937
2022-11-07,SELL,INFRABEES.NS,316,552.71,174656.36000000002,87.32818,708938.0986200023,545.11,1.394
2022-11-07,SELL,DIVOPPBEES.NS,3670,47.52,174398.40000000002,87.19920000000002,883249.2994200023,46.93,1.257
2022-11-07,BUY,PSUBNKBEES.NS,4307,40.99,176543.93000000002,88.27196500000001,706617.0974550023,,
2022-11-07,BUY,CPSEETF.NS,4543,38.86,176540.98,88.27049000000001,529987.8469650022,,
2022-11-07,BUY,PHARMABEES.NS,13195,13.38,176549.1,88.27455,353350.47241500224,,
2022-11-07,BUY,BANKBEES.NS,419,421.16,176466.04,88.23302000000001,176796.19939500222,,
2022-11-07,BUY,INFRABEES.NS,319,552.71,176314.49000000002,88.15724500000002,393.55215000218595,,
2022-11-14,SELL,PSUBNKBEES.NS,4307,41.53,178869.71,89.434855,179173.82729500218,40.99,1.317
2022-11-14,SELL,CPSEETF.NS,4543,38.03,172770.29,86.38514500000001,351857.73215000215,38.86,-2.136
2022-11-14,SELL,PHARMABEES.NS,13195,13.16,173646.2,86.82310000000001,525417.1090500022,13.38,-1.644
2022-11-14,SELL,BANKBEES.NS,419,425.65,178347.34999999998,89.17367499999999,703675.2853750022,421.16,1.066
2022-11-14,SELL,INFRABEES.NS,319,549.79,175383.00999999998,87.69150499999999,878970.6038700022,552.71,-0.528
2022-11-14,BUY,PSUBNKBEES.NS,4230,41.53,175671.9,87.83595,703210.8679200022,,
2022-11-14,BUY,SILVERBEES.NS,2873,61.15,175683.94999999998,87.84197499999999,527439.0759450023,,
2022-11-14,BUY,BANKBEES.NS,412,425.65,175367.8,87.6839,351983.59204500227,,
2022-11-14,BUY,ITBEES.NS,5660,31.04,175686.4,87.8432,176209.34884500227,,
2022-11-14,BUY,NV20BEES.NS,1713,102.57,175702.40999999997,87.851205,419.08764000228257,,
2022-11-21,SELL,PSUBNKBEES.NS,4230,43.33,183285.9,91.64295,183613.34469000227,41.53,4.334
2022-11-21,SELL,SILVERBEES.NS,2873,59.93,172178.88999999998,86.089445,355706.14524500223,61.15,-1.995
2022-11-21,SELL,BANKBEES.NS,412,428.05,176356.6,88.17830000000001,531974.5669450022,425.65,0.564
2022-11-21,SELL,ITBEES.NS,5660,30.45,172347.0,86.1735,704235.3934450021,31.04,-1.901
2022-11-21,SELL,NV20BEES.NS,1713,101.81,174400.53,87.200265,878548.7231800022,102.57,-0.741
2022-11-21,BUY,PSUBNKBEES.NS,4053,43.33,175616.49,87.808245,702844.4249350022,,
2022-11-21,BUY,SILVERBEES.NS,2930,59.93,175594.9,87.79745,527161.7274850023,,
2022-11-21,BUY,ITBEES.NS,5767,30.45,175605.15,87.802575,351468.77491000225,,
2022-11-21,BUY,BANKBEES.NS,410,428.05,175500.5,87.75025000000001,175880.52466000224,,
2022-11-21,BUY,GOLDBEES.NS,3920,44.8,175616.0,87.808,176.7166600022465,,
2022-11-28,SELL,PSUBNKBEES.NS,4053,44.96,182222.88,91.11144,182308.48522000224,43.33,3.762
2022-11-28,SELL,SILVERBEES.NS,2930,61.44,180019.19999999998,90.00959999999999,362237.6756200022,59.93,2.52
2022-11-28,SELL,ITBEES.NS,5767,31.59,182179.53,91.089765,544326.1158550022,30.45,3.744
2022-11-28,SELL,BANKBEES.NS,410,435.31,178477.1,89.23855,722713.9773050022,428.05,1.696
2022-11-28,SELL,GOLDBEES.NS,3920,45.12,176870.4,88.4352,899495.9421050021,44.8,0.714
2022-11-28,BUY,PSUBNKBEES.NS,3999,44.96,179795.04,89.89752,719611.0045850021,,
2022-11-28,BUY,ITBEES.NS,5691,31.59,179778.69,89.889345,539742.4252400021,,
2022-11-28,BUY,SILVERBEES.NS,2926,61.44,179773.44,89.88672,359879.0985200021,,
2022-11-28,BUY,BANKBEES.NS,413,435.31,179783.03,89.891515,180006.1770050021,,
2022-11-28,BUY,NV20BEES.NS,1727,104.07,179728.88999999998,89.86444499999999,187.42256000210182,,
2022-12-05,SELL,PSUBNKBEES.NS,3999,46.09,184313.91,92.15695500000001,184409.1756050021,44.96,2.513
2022-12-05,SELL,ITBEES.NS,5691,32.23,183420.93,91.710465,367738.3951400021,31.59,2.026
2022-12-05,SELL,SILVERBEES.NS,2926,65.11,190511.86,95.25592999999999,558154.999210002,61.44,5.973
2022-12-05,SELL,BANKBEES.NS,413,437.9,180852.69999999998,90.42635,738917.272860002,435.31,0.595
2022-12-05,SELL,NV20BEES.NS,1727,105.71,182561.16999999998,91.28058499999999,921387.162275002,104.07,1.576
2022-12-05,BUY,PSUBNKBEES.NS,3996,46.09,184175.64,92.08782000000001,737119.434455002,,
2022-12-05,BUY,SILVERBEES.NS,2828,65.11,184131.08,92.06554,552896.288915002,,
2022-12-05,BUY,ITBEES.NS,5714,32.23,184162.21999999997,92.08110999999998,368641.987805002,,
2022-12-05,BUY,NV20BEES.NS,1742,105.71,184146.81999999998,92.07341,184403.09439500203,,
2022-12-05,BUY,HNGSNGBEES.NS,669,274.93,183928.17,91.96408500000001,382.9603100020031,,
2022-12-12,SELL,PSUBNKBEES.NS,3996,48.2,192607.2,96.3036,192893.856710002,46.09,4.578
2022-12-12,SELL,SILVERBEES.NS,2828,66.11,186959.08,93.47954,379759.457170002,65.11,1.536
2022-12-12,SELL,ITBEES.NS,5714,30.27,172962.78,86.48139,552635.755780002,32.23,-6.081
2022-12-12,SELL,NV20BEES.NS,1742,103.85,180906.69999999998,90.45334999999999,733452.002430002,105.71,-1.76
2022-12-12,SELL,HNGSNGBEES.NS,669,280.78,187841.81999999998,93.92090999999999,921199.9015200019,274.93,2.128
2022-12-12,BUY,PSUBNKBEES.NS,3820,48.2,184124.0,92.062,736983.8395200019,,
2022-12-12,BUY,HNGSNGBEES.NS,655,280.78,183910.9,91.95545,552980.9840700019,,
2022-12-12,BUY,SILVERBEES.NS,2785,66.11,184116.35,92.058175,368772.5758950019,,
2022-12-12,BUY,BANKBEES.NS,416,441.77,183776.32,91.88816,184904.36773500187,,
2022-12-12,BUY,GOLDBEES.NS,3986,46.19,184113.34,92.05667,698.9710650018824,,
2022-12-26,SELL,PSUBNKBEES.NS,3820,46.44,177400.8,88.7004,178011.07066500187,48.2,-3.651
2022-12-26,SELL,HNGSNGBEES.NS,655,277.37,181677.35,90.83867500000001,359597.58199000184,280.78,-1.214
2022-12-26,SELL,SILVERBEES.NS,2785,66.72,185815.19999999998,92.90759999999999,545319.8743900019,66.11,0.923
2022-12-26,SELL,BANKBEES.NS,416,430.88,179246.08,89.62303999999999,724476.3313500019,441.77,-2.465
2022-12-26,SELL,GOLDBEES.NS,3986,46.69,186106.34,93.05317,910489.6181800019,46.19,1.082
2022-12-26,BUY,SILVERBEES.NS,2727,66.72,181945.44,90.97272000000001,728453.2054600018,,
2022-12-26,BUY,HNGSNGBEES.NS,656,277.37,181954.72,90.97736,546407.5081000018,,
2022-12-26,BUY,PSUBNKBEES.NS,3919,46.44,181998.36,90.99918,364318.1489200018,,
2022-12-26,BUY,GOLDBEES.NS,3898,46.69,181997.62,90.99881,182229.53011000183,,
2022-12-26,BUY,LTGILTBEES.NS,7889,23.07,181999.23,90.999615,139.30049500180758,,
2023-01-02,SELL,SILVERBEES.NS,2727,67.67,184536.09,92.268045,184583.1224500018,66.72,1.424
2023-01-02,SELL,HNGSNGBEES.NS,656,289.96,190213.75999999998,95.10687999999999,374701.7755700018,277.37,4.539
2023-01-02,SELL,PSUBNKBEES.NS,3919,48.24,189052.56,94.52628,563659.8092900019,46.44,3.876
2023-01-02,SELL,GOLDBEES.NS,3898,47.17,183868.66,91.93433,747436.5349600019,46.69,1.028
2023-01-02,SELL,LTGILTBEES.NS,7889,23.05,181841.45,90.920725,929187.0642350019,23.07,-0.087
2023-01-02,BUY,PSUBNKBEES.NS,3850,48.24,185724.0,92.86200000000001,743370.202235002,,
2023-01-02,BUY,HNGSNGBEES.NS,640,289.96,185574.4,92.7872,557703.015035002,,
2023-01-02,BUY,SILVERBEES.NS,2744,67.67,185686.48,92.84324000000001,371923.691795002,,
2023-01-02,BUY,GOLDBEES.NS,3937,47.17,185708.29,92.854145,186122.54765000203,,
2023-01-02,BUY,BANKBEES.NS,424,437.18,185364.32,92.68216000000001,665.5454900020268,,
2023-01-09,SELL,PSUBNKBEES.NS,3850,47.89,184376.5,92.18825,184949.85724000202,48.24,-0.726
2023-01-09,SELL,HNGSNGBEES.NS,640,302.82,193804.8,96.9024,378657.75484000205,289.96,4.435
2023-01-09,SELL,SILVERBEES.NS,2744,67.95,186454.80000000002,93.22740000000002,565019.327440002,67.67,0.414
2023-01-09,SELL,GOLDBEES.NS,3937,48.11,189409.07,94.704535,754333.692905002,47.17,1.993
2023-01-09,SELL,BANKBEES.NS,424,430.82,182667.68,91.33384,936910.039065002,437.18,-1.455
2023-01-09,BUY,HNGSNGBEES.NS,618,302.82,187142.76,93.57138,749673.707685002,,
2023-01-09,BUY,PSUBNKBEES.NS,3910,47.89,187249.9,93.62495,562330.182735002,,
2023-01-09,BUY,SILVERBEES.NS,2756,67.95,187270.2,93.63510000000001,374966.347635002,,
2023-01-09,BUY,GOLDBEES.NS,3892,48.11,187244.12,93.62206,187628.605575002,,
2023-01-09,BUY,LTGILTBEES.NS,8128,23.04,187269.12,93.63456,265.8510150020011,,
2023-01-16,SELL,HNGSNGBEES.NS,618,309.69,191388.42,95.69421000000001,191558.57680500203,302.82,2.269
2023-01-16,SELL,PSUBNKBEES.NS,3910,48.19,188422.9,94.21145,379887.265355002,47.89,0.626
2023-01-16,SELL,SILVERBEES.NS,2756,68.26,188124.56000000003,94.06228000000002,567917.763075002,67.95,0.456
2023-01-16,SELL,GOLDBEES.NS,3892,48.7,189540.40000000002,94.77020000000002,757363.392875002,48.11,1.226
2023-01-16,SELL,LTGILTBEES.NS,8128,23.1,187756.80000000002,93.87840000000001,945026.314475002,23.04,0.26
2023-01-16,BUY,HNGSNGBEES.NS,609,309.69,188601.21,94.300605,756330.803870002,,
2023-01-16,BUY,PSUBNKBEES.NS,3920,48.19,188904.8,94.4524,567331.551470002,,
2023-01-16,BUY,SILVERBEES.NS,2767,68.26,188875.42,94.43771000000001,378361.69376000203,,
2023-01-16,BUY,GOLDBEES.NS,3879,48.7,188907.30000000002,94.45365000000001,189359.940110002,,
2023-01-16,BUY,DIVOPPBEES.NS,3907,48.34,188864.38,94.43219,401.12792000200716,,
2023-01-23,SELL,HNGSNGBEES.NS,609,314.03,191244.27,95.622135,191549.77578500198,309.69,1.401
2023-01-23,SELL,PSUBNKBEES.NS,3920,47.11,184671.2,92.33560000000001,376128.640185002,48.19,-2.241
2023-01-23,SELL,SILVERBEES.NS,2767,67.52,186827.84,93.41392,562863.066265002,68.26,-1.084
2023-01-23,SELL,GOLDBEES.NS,3879,48.77,189178.83000000002,94.58941500000002,751947.306850002,48.7,0.144
2023-01-23,SELL,DIVOPPBEES.NS,3907,49.44,193162.08,96.58104,945012.805810002,48.34,2.276
2023-01-23,BUY,HNGSNGBEES.NS,601,314.03,188732.02999999997,94.36601499999999,756186.4097950021,,
2023-01-23,BUY,GOLDBEES.NS,3873,48.77,188886.21000000002,94.44310500000002,567205.756690002,,
2023-01-23,BUY,SILVERBEES.NS,2797,67.52,188853.44,94.42672,378257.88997000206,,
2023-01-23,BUY,PSUBNKBEES.NS,4009,47.11,188863.99,94.431995,189299.46797500207,,
2023-01-23,BUY,CPSEETF.NS,4827,39.13,188880.51,94.44025500000001,324.51772000206984,,
2023-01-30,SELL,HNGSNGBEES.NS,601,308.63,185486.63,92.74331500000001,185718.40440500207,314.03,-1.72
2023-01-30,SELL,GOLDBEES.NS,3873,48.77,188886.21000000002,94.44310500000002,374510.1713000021,48.77,0.0
2023-01-30,SELL,SILVERBEES.NS,2797,67.45,188657.65,94.328825,563073.4924750021,67.52,-0.104
2023-01-30,SELL,PSUBNKBEES.NS,4009,42.59,170743.31000000003,85.37165500000002,733731.4308200021,47.11,-9.595
2023-01-30,SELL,CPSEETF.NS,4827,37.66,181784.81999999998,90.89240999999998,915425.3584100021,39.13,-3.757
2023-01-30,BUY,HNGSNGBEES.NS,592,308.63,182708.96,91.35448,732625.043930002,,
2023-01-30,BUY,MAFANG.NS,4271,42.84,182969.64,91.48482000000001,549563.919110002,,
2023-01-30,BUY,GOLDBEES.NS,3752,48.77,182985.04,91.49252,366487.386590002,,
2023-01-30,BUY,SILVERBEES.NS,2713,67.45,182991.85,91.495925,183404.040665002,,
2023-01-30,BUY,MON100.NS,1921,95.25,182975.25,91.48762500000001,337.30304000197793,,
2023-02-13,SELL,HNGSNGBEES.NS,592,309.27,183087.84,91.54392,183333.59912000198,308.63,0.207
2023-02-13,SELL,MAFANG.NS,4271,45.64,194928.44,97.46422,378164.574900002,42.84,6.536
2023-02-13,SELL,GOLDBEES.NS,3752,48.67,182609.84,91.30492,560683.109980002,48.77,-0.205
2023-02-13,SELL,SILVERBEES.NS,2713,65.62,178027.06000000003,89.01353000000002,738621.1564500021,67.45,-2.713
2023-02-13,SELL,MON100.NS,1921,99.36,190870.56,95.43528,929396.2811700021,95.25,4.315
2023-02-13,BUY,MAFANG.NS,4070,45.64,185754.8,92.8774,743548.603770002,,
2023-02-13,BUY,MON100.NS,1869,99.36,185703.84,92.85192,557751.911850002,,
2023-02-13,BUY,HNGSNGBEES.NS,600,309.27,185562.0,92.781,372097.13085000205,,
2023-02-13,BUY,ITBEES.NS,5877,31.61,185771.97,92.885985,186232.27486500205,,
2023-02-13,BUY,GOLDBEES.NS,3817,48.67,185773.39,92.886695,365.9981700020435,,
2023-02-20,SELL,MAFANG.NS,4070,45.46,185022.2,92.51110000000001,185295.68707000205,45.64,-0.394
2023-02-20,SELL,MON100.NS,1869,100.02,186937.38,93.46869000000001,372139.5983800021,99.36,0.664
2023-02-20,SELL,HNGSNGBEES.NS,600,297.52,178512.0,89.256,550562.3423800021,309.27,-3.799
2023-02-20,SELL,ITBEES.NS,5877,32.58,191472.66,95.73633000000001,741939.2660500021,31.61,3.069
2023-02-20,SELL,GOLDBEES.NS,3817,48.38,184666.46000000002,92.33323000000001,926513.392820002,48.67,-0.596
2023-02-20,BUY,MAFANG.NS,4074,45.46,185204.04,92.60202000000001,741216.750800002,,
2023-02-20,BUY,MON100.NS,1851,100.02,185137.02,92.56851,555987.162290002,,
2023-02-20,BUY,ITBEES.NS,5684,32.58,185184.72,92.59236,370709.849930002,,
2023-02-20,BUY,NV20BEES.NS,1728,107.16,185172.47999999998,92.58623999999999,185444.78369000202,,
2023-02-20,BUY,DIVOPPBEES.NS,3712,49.89,185191.68,92.59584,160.50785000203177,,
2023-02-27,SELL,MAFANG.NS,4074,44.58,181618.91999999998,90.80945999999999,181688.61839000203,45.46,-1.936
2023-02-27,SELL,MON100.NS,1851,98.02,181435.02,90.71750999999999,363032.920880002,100.02,-2.0
2023-02-27,SELL,ITBEES.NS,5684,31.15,177056.6,88.5283,540000.992580002,32.58,-4.389
2023-02-27,SELL,NV20BEES.NS,1728,104.14,179953.92,89.97696,719864.9356200021,107.16,-2.818
2023-02-27,SELL,DIVOPPBEES.NS,3712,48.55,180217.59999999998,90.10879999999999,899992.426820002,49.89,-2.686
2023-02-27,BUY,MAFANG.NS,4035,44.58,179880.3,89.94015,720022.1866700021,,
2023-02-27,BUY,MON100.NS,1835,98.02,179866.69999999998,89.93334999999999,540065.553320002,,
2023-02-27,BUY,ITBEES.NS,5775,31.15,179891.25,89.945625,360084.35769500205,,
2023-02-27,BUY,CPSEETF.NS,4562,39.43,179879.66,89.93983,180114.75786500206,,
2023-02-27,BUY,NV20BEES.NS,1727,104.14,179849.78,89.92489,175.05297500206507,,
2023-03-06,SELL,MAFANG.NS,4035,45.55,183794.25,91.897125,183877.40585000208,44.58,2.176
2023-03-06,SELL,MON100.NS,1835,98.87,181426.45,90.71322500000001,365213.1426250021,98.02,0.867
2023-03-06,SELL,ITBEES.NS,5775,31.42,181450.5,90.72525,546572.917375002,31.15,0.867
2023-03-06,SELL,CPSEETF.NS,4562,40.5,184761.0,92.3805,731241.5368750021,39.43,2.714
2023-03-06,SELL,NV20BEES.NS,1727,105.5,182198.5,91.09925,913348.9376250021,104.14,1.306
2023-03-06,BUY,MAFANG.NS,4008,45.55,182564.4,91.2822,730693.2554250022,,
2023-03-06,BUY,CPSEETF.NS,4508,40.5,182574.0,91.287,548027.9684250022,,
2023-03-06,BUY,MON100.NS,1846,98.87,182514.02000000002,91.25701000000001,365422.69141500216,,
2023-03-06,BUY,ITBEES.NS,5810,31.42,182550.2,91.27510000000001,182781.21631500215,,
2023-03-06,BUY,DIVOPPBEES.NS,3698,49.36,182533.28,91.26664,156.6696750021656,,
2023-03-13,SELL,MAFANG.NS,4008,43.31,173586.48,86.79324000000001,173656.35643500218,45.55,-4.918
2023-03-13,SELL,CPSEETF.NS,4508,40.07,180635.56,90.31778,354201.5986550022,40.5,-1.062
2023-03-13,SELL,MON100.NS,1846,95.6,176477.59999999998,88.23879999999998,530590.9598550021,98.87,-3.307
2023-03-13,SELL,ITBEES.NS,5810,30.53,177379.30000000002,88.68965000000001,707881.5702050021,31.42,-2.833
2023-03-13,SELL,DIVOPPBEES.NS,3698,48.75,180277.5,90.13875,888068.931455002,49.36,-1.236
2023-03-13,BUY,CPSEETF.NS,4430,40.07,177510.1,88.75505000000001,710470.076405002,,
2023-03-13,BUY,MAFANG.NS,4098,43.31,177484.38,88.74219000000001,532896.954215002,,
2023-03-13,BUY,MON100.NS,1856,95.6,177433.59999999998,88.71679999999999,355374.63741500204,,
2023-03-13,BUY,DIVOPPBEES.NS,3641,48.75,177498.75,88.749375,177787.13804000203,,
2023-03-13,BUY,GILT5YBEES.NS,3478,51.03,177482.34,88.74117,216.0568700020376,,
2023-03-20,SELL,CPSEETF.NS,4430,39.7,175871.0,87.9355,175999.12137000205,40.07,-0.923
2023-03-20,SELL,MAFANG.NS,4098,46.68,191294.63999999998,95.64732,367198.11405000207,43.31,7.781
2023-03-20,SELL,MON100.NS,1856,100.52,186565.12,93.28256,553669.9514900021,95.6,5.146
2023-03-20,SELL,DIVOPPBEES.NS,3641,48.46,176442.86000000002,88.22143000000001,730024.5900600022,48.75,-0.595
2023-03-20,SELL,GILT5YBEES.NS,3478,51.16,177934.47999999998,88.96723999999999,907870.1028200021,51.03,0.255
2023-03-20,BUY,MAFANG.NS,3887,46.68,181445.16,90.72258000000001,726334.2202400021,,
2023-03-20,BUY,MON100.NS,1805,100.52,181438.6,90.7193,544804.9009400022,,
2023-03-20,BUY,CPSEETF.NS,4571,39.7,181468.7,90.73435,363245.4665900022,,
2023-03-20,BUY,GOLDBEES.NS,3564,50.91,181443.24,90.72162,181711.5049700022,,
2023-03-20,BUY,LTGILTBEES.NS,7745,23.43,181465.35,90.732675,155.42229500217945,,
2023-03-27,SELL,MAFANG.NS,3887,48.5,188519.5,94.25975,188580.66254500218,46.68,3.899
2023-03-27,SELL,MON100.NS,1805,102.35,184741.75,92.370875,373230.04167000216,100.52,1.821
2023-03-27,SELL,CPSEETF.NS,4571,38.58,176349.18,88.17459,549491.0470800021,39.7,-2.821
2023-03-27,SELL,GOLDBEES.NS,3564,50.4,179625.6,89.81280000000001,729026.8342800022,50.91,-1.002
2023-03-27,SELL,LTGILTBEES.NS,7745,23.46,181697.7,90.84885000000001,910633.6854300022,23.43,0.128
2023-03-27,BUY,MAFANG.NS,3753,48.5,182020.5,91.01025,728522.1751800021,,
2023-03-27,BUY,MON100.NS,1778,102.35,181978.3,90.98915,546452.8860300021,,
2023-03-27,BUY,GOLDBEES.NS,3611,50.4,181994.4,90.99719999999999,364367.48883000214,,
2023-03-27,BUY,SILVERBEES.NS,2660,68.42,181997.2,90.99860000000001,182279.29023000214,,
2023-03-27,BUY,LTGILTBEES.NS,7759,23.46,182026.14,91.01307000000001,162.13716000213753,,
2023-04-03,SELL,MAFANG.NS,3753,50.48,189451.44,94.72572000000001,189518.85144000215,48.5,4.082
2023-04-03,SELL,MON100.NS,1778,104.68,186121.04,93.06052000000001,375546.8309200022,102.35,2.277
2023-04-03,SELL,GOLDBEES.NS,3611,50.8,183438.8,91.7194,558893.9115200022,50.4,0.794
2023-04-03,SELL,SILVERBEES.NS,2660,70.39,187237.4,93.6187,746037.6928200022,68.42,2.879
2023-04-03,SELL,LTGILTBEES.NS,7759,23.46,182026.14,91.01307000000001,927972.8197500022,23.46,0.0
2023-04-03,BUY,MAFANG.NS,3674,50.48,185463.52,92.73176,742416.5679900022,,
2023-04-03,BUY,MON100.NS,1772,104.68,185492.96000000002,92.74648,556830.8615100022,,
2023-04-03,BUY,SILVERBEES.NS,2635,70.39,185477.65,92.738825,371260.47268500214,,
2023-04-03,BUY,GOLDBEES.NS,3651,50.8,185470.8,92.7354,185696.93728500215,,
2023-04-03,BUY,CPSEETF.NS,4634,40.03,185499.02000000002,92.74951000000001,105.16777500213357,,
2023-05-02,SELL,MAFANG.NS,3674,49.46,181716.04,90.85802000000001,181730.34975500213,50.48,-2.021
2023-05-02,SELL,MON100.NS,1772,105.11,186254.92,93.12746000000001,367892.1422950021,104.68,0.411
2023-05-02,SELL,SILVERBEES.NS,2635,72.99,192328.65,96.164325,560124.6279700021,70.39,3.694
2023-05-02,SELL,GOLDBEES.NS,3651,51.31,187332.81,93.666405,747363.7715650022,50.8,1.004
2023-05-02,SELL,CPSEETF.NS,4634,42.2,195554.80000000002,97.77740000000001,942820.7941650022,40.03,5.421
2023-05-02,BUY,PSUBNKBEES.NS,4067,46.33,188424.11,94.21205499999999,754302.4721100022,,
2023-05-02,BUY,SILVERBEES.NS,2582,72.99,188460.18,94.23009,565748.0620200022,,
2023-05-02,BUY,BANKBEES.NS,430,437.85,188275.5,94.13775,377378.4242700022,,
2023-05-02,BUY,MAFANG.NS,3810,49.46,188442.6,94.2213,188841.60297000216,,
2023-05-02,BUY,CPSEETF.NS,4466,42.2,188465.2,94.2326,282.1703700021608,,
2023-05-08,SELL,PSUBNKBEES.NS,4067,45.51,185089.16999999998,92.544585,185278.79578500215,46.33,-1.77
2023-05-08,SELL,SILVERBEES.NS,2582,75.25,194295.5,97.14775,379477.1480350022,72.99,3.096
2023-05-08,SELL,BANKBEES.NS,430,437.54,188142.2,94.0711,567525.2769350022,437.85,-0.071
2023-05-08,SELL,MAFANG.NS,3810,49.75,189547.5,94.77375,756978.0031850021,49.46,0.586
2023-05-08,SELL,CPSEETF.NS,4466,42.68,190608.88,95.30444,947491.5787450022,42.2,1.137
2023-05-08,BUY,SILVERBEES.NS,2516,75.25,189329.0,94.6645,758067.9142450022,,
2023-05-08,BUY,PSUBNKBEES.NS,4161,45.51,189367.11,94.683555,568606.1206900022,,
2023-05-08,BUY,CPSEETF.NS,4437,42.68,189371.16,94.68558,379140.27511000226,,
2023-05-08,BUY,MOM100.NS,5489,34.5,189370.5,94.68525,189675.08986000225,,
2023-05-08,BUY,GOLDBEES.NS,3630,52.17,189377.1,94.68855,203.30131000225083,,
2023-05-15,SELL,SILVERBEES.NS,2516,71.83,180724.28,90.36214,180837.21917000224,75.25,-4.545
2023-05-15,SELL,PSUBNKBEES.NS,4161,44.41,184790.00999999998,92.395005,365534.8341650022,45.51,-2.417
2023-05-15,SELL,CPSEETF.NS,4437,42.63,189149.31,94.574655,554589.5695100022,42.68,-0.117
2023-05-15,SELL,MOM100.NS,5489,34.56,189699.84000000003,94.84992000000001,744194.5595900022,34.5,0.174
2023-05-15,SELL,GOLDBEES.NS,3630,52.28,189776.4,94.8882,933876.0713900022,52.17,0.211
2023-05-15,BUY,MAFANG.NS,3591,51.98,186660.18,93.33009,747122.5613000022,,
2023-05-15,BUY,AUTOBEES.NS,1317,141.66,186566.22,93.28311000000001,560463.0581900021,,
2023-05-15,BUY,CONSUMBEES.NS,2190,85.24,186675.59999999998,93.33779999999999,373694.12039000215,,
2023-05-15,BUY,BANKBEES.NS,419,445.19,186534.61,93.267305,187066.24308500218,,
2023-05-15,BUY,JUNIORBEES.NS,431,433.05,186644.55000000002,93.322275,328.37081000214675,,
2023-05-22,SELL,MAFANG.NS,3591,55.27,198474.57,99.237285,198703.70352500214,51.98,6.329
2023-05-22,SELL,AUTOBEES.NS,1317,140.31,184788.27,92.39413499999999,383399.5793900021,141.66,-0.953
2023-05-22,SELL,CONSUMBEES.NS,2190,84.45,184945.5,92.47275,568252.6066400021,85.24,-0.927
2023-05-22,SELL,BANKBEES.NS,419,445.27,186568.13,93.284065,754727.4525750021,445.19,0.018
2023-05-22,SELL,JUNIORBEES.NS,431,433.16,186691.96000000002,93.34598000000001,941326.0665950021,433.05,0.025
2023-05-22,BUY,MAFANG.NS,3404,55.27,188139.08000000002,94.06954,753092.9170550021,,
2023-05-22,BUY,MON100.NS,1698,110.77,188087.46,94.04373,564911.4133250021,,
2023-05-22,BUY,AUTOBEES.NS,1341,140.31,188155.71,94.077855,376661.62547000207,,
2023-05-22,BUY,BANKBEES.NS,422,445.27,187903.94,93.95197,188663.73350000207,,
2023-05-22,BUY,CPSEETF.NS,4432,42.45,188138.40000000002,94.06920000000001,431.2643000020471,,
2023-05-29,SELL,MAFANG.NS,3404,58.3,198453.19999999998,99.22659999999999,198785.23770000204,55.27,5.482
2023-05-29,SELL,MON100.NS,1698,115.1,195439.8,97.7199,394127.31780000206,110.77,3.909
2023-05-29,SELL,AUTOBEES.NS,1341,143.36,192245.76,96.12288000000001,586276.954920002,140.31,2.174
2023-05-29,SELL,BANKBEES.NS,422,449.93,189870.46,94.93523,776052.479690002,445.27,1.047
2023-05-29,SELL,CPSEETF.NS,4432,42.41,187961.12,93.98056,963919.6191300021,42.45,-0.094
2023-05-29,BUY,MAFANG.NS,3305,58.3,192681.5,96.34075,771141.7783800021,,
2023-05-29,BUY,AUTOBEES.NS,1344,143.36,192675.84000000003,96.33792000000001,578369.6004600021,,
2023-05-29,BUY,MON100.NS,1674,115.1,192677.4,96.3387,385595.8617600021,,
2023-05-29,BUY,MOM100.NS,5403,35.66,192670.97999999998,96.33549,192828.54627000212,,
2023-05-29,BUY,JUNIORBEES.NS,434,443.11,192309.74000000002,96.15487000000002,422.65140000209794,,
2023-06-05,SELL,MAFANG.NS,3305,60.05,198465.25,99.232625,198788.6687750021,58.3,3.002
2023-06-05,SELL,AUTOBEES.NS,1344,147.28,197944.32,98.97216,396634.01661500207,143.36,2.734
2023-06-05,SELL,MON100.NS,1674,116.22,194552.28,97.27614,591089.020475002,115.1,0.973
2023-06-05,SELL,MOM100.NS,5403,36.11,195102.33,97.551165,786093.799310002,35.66,1.262
2023-06-05,SELL,JUNIORBEES.NS,434,449.08,194900.72,97.45036,980897.0689500021,443.11,1.347
2023-06-05,BUY,MAFANG.NS,3265,60.05,196063.25,98.031625,784735.787325002,,
2023-06-05,BUY,MON100.NS,1687,116.22,196063.13999999998,98.03156999999999,588574.615755002,,
2023-06-05,BUY,AUTOBEES.NS,1331,147.28,196029.68,98.01483999999999,392446.920915002,,
2023-06-05,BUY,CONSUMBEES.NS,2220,88.31,196048.2,98.0241,196300.69681500198,,
2023-06-05,BUY,MOM100.NS,5430,36.11,196077.3,98.03864999999999,125.35816500199144,,
2023-06-12,SELL,MAFANG.NS,3265,61.38,200405.7,100.20285000000001,200430.855315002,60.05,2.215
2023-06-12,SELL,MON100.NS,1687,116.86,197142.82,98.57141,397475.103905002,116.22,0.551
2023-06-12,SELL,AUTOBEES.NS,1331,148.36,197467.16000000003,98.73358000000002,594843.530325002,147.28,0.733
2023-06-12,SELL,CONSUMBEES.NS,2220,88.33,196092.6,98.0463,790838.0840250021,88.31,0.023
2023-06-12,SELL,MOM100.NS,5430,36.47,198032.1,99.01605,988771.1679750021,36.11,0.997
2023-06-12,BUY,MAFANG.NS,3220,61.38,197643.6,98.82180000000001,791028.7461750021,,
2023-06-12,BUY,AUTOBEES.NS,1332,148.36,197615.52000000002,98.80776000000002,593314.4184150021,,
2023-06-12,BUY,MON100.NS,1691,116.86,197610.26,98.80513,395605.35328500206,,
2023-06-12,BUY,MOM100.NS,5419,36.47,197630.93,98.815465,197875.60782000207,,
2023-06-12,BUY,JUNIORBEES.NS,435,453.62,197324.7,98.66235,452.24547000206076,,
2023-06-19,SELL,MAFANG.NS,3220,63.6,204792.0,102.396,205141.84947000205,61.38,3.617
2023-06-19,SELL,AUTOBEES.NS,1332,148.15,197335.80000000002,98.66790000000002,402378.98157000204,148.36,-0.142
2023-06-19,SELL,MON100.NS,1691,120.18,203224.38,101.61219,605501.749380002,116.86,2.841
2023-06-19,SELL,MOM100.NS,5419,37.38,202562.22,101.28111,807962.688270002,36.47,2.495
2023-06-19,SELL,JUNIORBEES.NS,435,463.28,201526.8,100.76339999999999,1009388.724870002,453.62,2.13
2023-06-19,BUY,MAFANG.NS,3172,63.6,201739.2,100.8696,807548.655270002,,
2023-06-19,BUY,MON100.NS,1678,120.18,201662.04,100.83102000000001,605785.7842500019,,
2023-06-19,BUY,AUTOBEES.NS,1361,148.15,201632.15,100.816075,404052.8181750019,,
2023-06-19,BUY,MOM100.NS,5397,37.38,201739.86000000002,100.86993000000001,202212.08824500188,,
2023-06-19,BUY,MID150BEES.NS,1495,134.91,201690.44999999998,100.845225,420.79302000190364,,
2023-07-10,SELL,MAFANG.NS,3172,62.9,199518.8,99.7594,199839.83362000188,63.6,-1.101
2023-07-10,SELL,MON100.NS,1678,120.62,202400.36000000002,101.20018,402138.99344000185,120.18,0.366
2023-07-10,SELL,AUTOBEES.NS,1361,155.66,211853.26,105.92663,613886.3268100019,148.15,5.069
2023-07-10,SELL,MOM100.NS,5397,38.19,206111.43,103.05571499999999,819894.7010950019,37.38,2.167
2023-07-10,SELL,MID150BEES.NS,1495,137.33,205308.35,102.65417500000001,1025100.3969200018,134.91,1.794
2023-07-10,BUY,MAFANG.NS,3257,62.9,204865.3,102.43265,820132.6642700018,,
2023-07-10,BUY,PSUBNKBEES.NS,4161,49.24,204887.64,102.44382,615142.5804500019,,
2023-07-10,BUY,AUTOBEES.NS,1316,155.66,204848.56,102.42428,410191.5961700019,,
2023-07-10,BUY,MON100.NS,1698,120.62,204812.76,102.40638000000001,205276.4297900019,,
2023-07-10,BUY,MOM100.NS,5365,38.19,204889.34999999998,102.44467499999999,284.6351150019036,,
2023-07-17,SELL,MAFANG.NS,3257,65.34,212812.38,106.40619000000001,212990.6089250019,62.9,3.879
2023-07-17,SELL,PSUBNKBEES.NS,4161,49.83,207342.63,103.671315,420229.5676100019,49.24,1.198
2023-07-17,SELL,AUTOBEES.NS,1316,157.45,207204.19999999998,103.6021,627330.1655100018,155.66,1.15
2023-07-17,SELL,MON100.NS,1698,124.08,210687.84,105.34392,837912.6615900018,120.62,2.869
2023-07-17,SELL,MOM100.NS,5365,38.85,208430.25,104.215125,1046238.6964650018,38.19,1.728
2023-07-17,BUY,MAFANG.NS,3200,65.34,209088.0,104.544,837046.1524650018,,
2023-07-17,BUY,MON100.NS,1685,124.08,209074.8,104.53739999999999,627866.8150650018,,
2023-07-17,BUY,AUTOBEES.NS,1328,157.45,209093.59999999998,104.54679999999999,418668.66826500185,,
2023-07-17,BUY,ITBEES.NS,6419,32.58,209131.02,104.56551,209433.08275500187,,
2023-07-17,BUY,MOM100.NS,5383,38.85,209129.55000000002,104.56477500000001,198.96798000184936,,
2023-07-24,SELL,MAFANG.NS,3200,63.94,204608.0,102.304,204704.66398000185,65.34,-2.143
2023-07-24,SELL,MON100.NS,1685,122.74,206816.9,103.40845,411418.15553000185,124.08,-1.08
2023-07-24,SELL,AUTOBEES.NS,1328,158.27,210182.56000000003,105.09128000000001,621495.6242500019,157.45,0.521
2023-07-24,SELL,ITBEES.NS,6419,31.41,201620.79,100.810395,823015.6038550019,32.58,-3.591
2023-07-24,SELL,MOM100.NS,5383,39.15,210744.44999999998,105.372225,1033654.6816300019,38.85,0.772
2023-07-24,BUY,PSUBNKBEES.NS,4061,50.88,206623.68000000002,103.31184000000002,826927.6897900018,,
2023-07-24,BUY,MAFANG.NS,3231,63.94,206590.13999999998,103.29507,620234.2547200018,,
2023-07-24,BUY,PHARMABEES.NS,14220,14.53,206616.59999999998,103.30829999999999,413514.3464200018,,
2023-07-24,BUY,AUTOBEES.NS,1305,158.27,206542.35,103.271175,206868.7252450018,,
2023-07-24,BUY,MOM100.NS,5277,39.15,206594.55,103.297275,170.8779700018349,,
2023-07-31,SELL,PSUBNKBEES.NS,4061,51.38,208654.18000000002,104.32709000000001,208720.73088000185,50.88,0.983
2023-07-31,SELL,MAFANG.NS,3231,65.71,212309.00999999998,106.15450499999999,420923.5863750018,63.94,2.768
2023-07-31,SELL,PHARMABEES.NS,14220,15.24,216712.80000000002,108.35640000000001,637528.0299750018,14.53,4.886
2023-07-31,SELL,AUTOBEES.NS,1305,158.81,207247.05000000002,103.62352500000001,844671.4564500018,158.27,0.341
2023-07-31,SELL,MOM100.NS,5277,39.98,210974.46,105.48723,1055540.4292200017,39.15,2.12
2023-07-31,BUY,PHARMABEES.NS,13845,15.24,210997.80000000002,105.4989,844437.1303200016,,
2023-07-31,BUY,PSUBNKBEES.NS,4106,51.38,210966.28,105.48314,633365.3671800017,,
2023-07-31,BUY,MAFANG.NS,3211,65.71,210994.80999999997,105.49740499999999,422265.0597750017,,
2023-07-31,BUY,MON100.NS,1674,126.04,210990.96000000002,105.49548000000001,211168.60429500169,,
2023-07-31,BUY,MOM100.NS,5277,39.98,210974.46,105.48723,88.65706500169472,,
2023-08-07,SELL,PHARMABEES.NS,13845,15.73,217781.85,108.89092500000001,217761.6161400017,15.24,3.215
2023-08-07,SELL,PSUBNKBEES.NS,4106,49.0,201194.0,100.59700000000001,418855.0191400017,51.38,-4.632
2023-08-07,SELL,MAFANG.NS,3211,65.01,208747.11000000002,104.37355500000001,627497.7555850017,65.71,-1.065
2023-08-07,SELL,MON100.NS,1674,123.3,206404.19999999998,103.20209999999999,833798.7534850016,126.04,-2.174
2023-08-07,SELL,MOM100.NS,5277,40.27,212504.79,106.252395,1046197.2910900016,39.98,0.725
2023-08-07,BUY,PHARMABEES.NS,13295,15.73,209130.35,104.56517500000001,836962.3759150016,,
2023-08-07,BUY,MID150BEES.NS,1444,144.82,209120.08,104.56004,627737.7358750016,,
2023-08-07,BUY,MOM100.NS,5193,40.27,209122.11000000002,104.56105500000001,418511.0648200016,,
2023-08-07,BUY,CPSEETF.NS,4469,46.79,209104.51,104.552255,209302.0025650016,,
2023-08-07,BUY,INFRABEES.NS,334,625.18,208810.12,104.40506,387.4775050016178,,
2023-08-14,SELL,PHARMABEES.NS,13295,15.56,206870.2,103.4351,207154.24240500163,15.73,-1.081
2023-08-14,SELL,MID150BEES.NS,1444,144.68,208917.92,104.45896,415967.7034450016,144.82,-0.097
2023-08-14,SELL,MOM100.NS,5193,40.23,208914.38999999998,104.457195,624777.6362500016,40.27,-0.099
2023-08-14,SELL,CPSEETF.NS,4469,47.27,211249.63,105.624815,835921.6414350016,46.79,1.026
2023-08-14,SELL,INFRABEES.NS,334,622.44,207894.96000000002,103.94748000000001,1043712.6539550016,625.18,-0.438
2023-08-14,BUY,PHARMABEES.NS,13408,15.56,208628.48,104.31424000000001,834979.8597150017,,
2023-08-14,BUY,CPSEETF.NS,4413,47.27,208602.51,104.30125500000001,626273.0484600016,,
2023-08-14,BUY,PSUBNKBEES.NS,4147,50.31,208635.57,104.317785,417533.16067500156,,
2023-08-14,BUY,MID150BEES.NS,1442,144.68,208628.56,104.31428,208800.28639500157,,
2023-08-14,BUY,MOM100.NS,5186,40.23,208632.77999999997,104.31638999999998,63.19000500161201,,
2023-09-04,SELL,PHARMABEES.NS,13408,15.28,204874.24,102.43712,204834.99288500161,15.56,-1.799
2023-09-04,SELL,CPSEETF.NS,4413,50.56,223121.28,111.56064,427844.7122450016,47.27,6.96
2023-09-04,SELL,PSUBNKBEES.NS,4147,51.58,213902.25999999998,106.95112999999999,641640.0211150015,50.31,2.524
2023-09-04,SELL,MID150BEES.NS,1442,152.7,220193.4,110.0967,861723.3244150016,144.68,5.543
2023-09-04,SELL,MOM100.NS,5186,42.5,220405.0,110.2025,1082018.1219150014,40.23,5.643
2023-09-04,BUY,CPSEETF.NS,4277,50.56,216245.12,108.12256,865664.8793550015,,
2023-09-04,BUY,MOM100.NS,5089,42.5,216282.5,108.14125,649274.2381050015,,
2023-09-04,BUY,MID150BEES.NS,1416,152.7,216223.19999999998,108.1116,432942.9265050015,,
2023-09-04,BUY,ITBEES.NS,6395,33.82,216278.9,108.13945,216555.8870550015,,
2023-09-04,BUY,PHARMABEES.NS,14155,15.28,216288.4,108.1442,159.34285500150872,,
2023-09-11,SELL,CPSEETF.NS,4277,52.84,225996.68000000002,112.99834000000001,226043.02451500154,50.56,4.509
2023-09-11,SELL,MOM100.NS,5089,44.03,224068.67,112.03433500000001,449999.6601800015,42.5,3.6
2023-09-11,SELL,MID150BEES.NS,1416,158.67,224676.71999999997,112.33836,674564.0418200016,152.7,3.91
2023-09-11,SELL,ITBEES.NS,6395,34.28,219220.6,109.61030000000001,893675.0315200016,33.82,1.36
2023-09-11,SELL,PHARMABEES.NS,14155,15.53,219827.15,109.913575,1113392.2679450016,15.28,1.636
2023-09-11,BUY,CPSEETF.NS,4212,52.84,222562.08000000002,111.28104,890718.9069050016,,
2023-09-11,BUY,MID150BEES.NS,1402,158.67,222455.34,111.22767,668152.3392350016,,
2023-09-11,BUY,MOM100.NS,5054,44.03,222527.62,111.26381,445513.45542500156,,
2023-09-11,BUY,ITBEES.NS,6492,34.28,222545.76,111.27288,222856.42254500155,,
2023-09-11,BUY,PSUBNKBEES.NS,4120,54.01,222521.19999999998,111.2606,223.9619450015598,,
2023-10-03,SELL,CPSEETF.NS,4212,52.88,222730.56,111.36528,222843.15666500156,52.84,0.076
2023-10-03,SELL,MID150BEES.NS,1402,154.95,217239.9,108.61995,439974.4367150016,158.67,-2.344
2023-10-03,SELL,MOM100.NS,5054,43.33,218989.81999999998,109.49490999999999,658854.7618050015,44.03,-1.59
2023-10-03,SELL,ITBEES.NS,6492,33.35,216508.2,108.25410000000001,875254.7077050016,34.28,-2.713
2023-10-03,SELL,PSUBNKBEES.NS,4120,59.8,246376.0,123.188,1121507.5197050015,54.01,10.72
2023-10-03,BUY,PSUBNKBEES.NS,3748,59.8,224130.4,112.0652,897265.0545050015,,
2023-10-03,BUY,CPSEETF.NS,4239,52.88,224158.32,112.07916,672994.6553450015,,
2023-10-03,BUY,MOM100.NS,5173,43.33,224146.09,112.07304500000001,448736.4923000015,,
2023-10-03,BUY,MID150BEES.NS,1446,154.95,224057.69999999998,112.02884999999999,224566.7634500015,,
2023-10-03,BUY,DIVOPPBEES.NS,3872,57.9,224188.8,112.0944,265.8690500015218,,
2023-10-09,SELL,PSUBNKBEES.NS,3748,56.14,210412.72,105.20636,210573.3826900015,59.8,-6.12
2023-10-09,SELL,CPSEETF.NS,4239,51.8,219580.19999999998,109.7901,430043.7925900015,52.88,-2.042
2023-10-09,SELL,MOM100.NS,5173,42.43,219490.38999999998,109.745195,649424.4373950015,43.33,-2.077
2023-10-09,SELL,MID150BEES.NS,1446,151.75,219430.5,109.71525,868745.2221450015,154.95,-2.065
2023-10-09,SELL,DIVOPPBEES.NS,3872,57.7,223414.40000000002,111.70720000000001,1092047.9149450015,57.9,-0.345
2023-10-09,BUY,PSUBNKBEES.NS,3888,56.14,218272.32,109.13616,873666.4587850014,,
2023-10-09,BUY,CPSEETF.NS,4214,51.8,218285.19999999998,109.14259999999999,655272.1161850014,,
2023-10-09,BUY,MOM100.NS,5144,42.43,218259.92,109.12996000000001,436903.0662250015,,
2023-10-09,BUY,MID150BEES.NS,1438,151.75,218216.5,109.10825,218577.45797500148,,
2023-10-09,BUY,ITBEES.NS,6443,33.88,218288.84000000003,109.14442000000001,179.47355500145932,,
2023-10-16,SELL,PSUBNKBEES.NS,3888,56.49,219633.12,109.81656,219702.77699500145,56.14,0.623
2023-10-16,SELL,CPSEETF.NS,4214,53.92,227218.88,113.60944,446808.04755500145,51.8,4.093
2023-10-16,SELL,MOM100.NS,5144,43.22,222323.68,111.16184,669020.5657150014,42.43,1.862
2023-10-16,SELL,MID150BEES.NS,1438,155.43,223508.34,111.75417,892417.1515450014,151.75,2.425
2023-10-16,SELL,ITBEES.NS,6443,33.39,215131.77,107.565885,1107441.3556600015,33.88,-1.446
2023-10-16,BUY,CPSEETF.NS,4105,53.92,221341.6,110.6708,885989.0848600015,,
2023-10-16,BUY,PSUBNKBEES.NS,3918,56.49,221327.82,110.66391,664550.6009500015,,
2023-10-16,BUY,AUTOBEES.NS,1319,167.83,221367.77000000002,110.68388500000002,443072.1470650015,,
2023-10-16,BUY,MID150BEES.NS,1424,155.43,221332.32,110.66616,221629.16090500148,,
2023-10-16,BUY,INFRABEES.NS,338,654.68,221281.84,110.64092,236.6799850014795,,
2023-10-23,SELL,CPSEETF.NS,4105,52.58,215840.9,107.92045,215969.65953500147,53.92,-2.485
2023-10-23,SELL,PSUBNKBEES.NS,3918,52.76,206713.68,103.35684,422579.98269500147,56.49,-6.603
2023-10-23,SELL,AUTOBEES.NS,1319,165.35,218096.65,109.048325,640567.5843700015,167.83,-1.478
2023-10-23,SELL,MID150BEES.NS,1424,149.24,212517.76,106.25888,852979.0854900015,155.43,-3.983
2023-10-23,SELL,INFRABEES.NS,338,635.03,214640.13999999998,107.32007,1067511.9054200016,654.68,-3.001
2023-10-23,BUY,CPSEETF.NS,4058,52.58,213369.63999999998,106.68481999999999,854035.5806000016,,
2023-10-23,BUY,AUTOBEES.NS,1290,165.35,213301.5,106.65075,640627.4298500016,,
2023-10-23,BUY,GOLDBEES.NS,4140,51.54,213375.6,106.68780000000001,427145.14205000154,,
2023-10-23,BUY,PSUBNKBEES.NS,4044,52.76,213361.44,106.68072000000001,213677.02133000153,,
2023-10-23,BUY,DIVOPPBEES.NS,3739,57.07,213384.73,106.69236500000001,185.59896500152536,,
2023-10-30,SELL,CPSEETF.NS,4058,53.04,215236.32,107.61816,215314.30080500152,52.58,0.875
2023-10-30,SELL,AUTOBEES.NS,1290,163.03,210308.7,105.15435000000001,425517.8464550015,165.35,-1.403
2023-10-30,SELL,GOLDBEES.NS,4140,52.02,215362.80000000002,107.68140000000001,640772.9650550016,51.54,0.931
2023-10-30,SELL,PSUBNKBEES.NS,4044,54.66,221045.03999999998,110.52251999999999,861707.4825350016,52.76,3.601
2023-10-30,SELL,DIVOPPBEES.NS,3739,56.99,213085.61000000002,106.54280500000002,1074686.5497300015,57.07,-0.14
2023-10-30,BUY,CPSEETF.NS,4050,53.04,214812.0,107.406,859767.1437300015,,
2023-10-30,BUY,GOLDBEES.NS,4129,52.02,214790.58000000002,107.39529000000002,644869.1684400016,,
2023-10-30,BUY,PSUBNKBEES.NS,3930,54.66,214813.8,107.4069,429947.96154000156,,
2023-10-30,BUY,AUTOBEES.NS,1317,163.03,214710.51,107.35525500000001,215130.09628500155,,
2023-10-30,BUY,GILT5YBEES.NS,4044,53.12,214817.28,107.40864,205.40764500154182,,
2023-11-06,SELL,CPSEETF.NS,4050,54.35,220117.5,110.05875,220212.84889500155,53.04,2.47
2023-11-06,SELL,GOLDBEES.NS,4129,51.75,213675.75,106.837875,433781.76102000155,52.02,-0.519
2023-11-06,SELL,PSUBNKBEES.NS,3930,55.59,218468.7,109.23435,652141.2266700015,54.66,1.701
2023-11-06,SELL,AUTOBEES.NS,1317,164.52,216672.84000000003,108.33642000000002,868705.7302500015,163.03,0.914
2023-11-06,SELL,GILT5YBEES.NS,4044,53.35,215747.4,107.8737,1084345.2565500014,53.12,0.433
2023-11-06,BUY,CPSEETF.NS,3988,54.35,216747.80000000002,108.3739,867489.0826500014,,
2023-11-06,BUY,PSUBNKBEES.NS,3899,55.59,216745.41,108.37270500000001,650635.2999450014,,
2023-11-06,BUY,GOLDBEES.NS,4188,51.75,216729.0,108.3645,433797.93544500135,,
2023-11-06,BUY,DIVOPPBEES.NS,3728,58.13,216708.64,108.35432000000002,216980.94112500132,,
2023-11-06,BUY,GILT5YBEES.NS,4062,53.35,216707.7,108.35385000000001,164.88727500129608,,
2023-11-13,SELL,CPSEETF.NS,3988,56.65,225920.19999999998,112.9601,225972.12717500128,54.35,4.232
2023-11-13,SELL,PSUBNKBEES.NS,3899,57.39,223763.61000000002,111.88180500000001,449623.8553700013,55.59,3.238
2023-11-13,SELL,GOLDBEES.NS,4188,50.93,213294.84,106.64742,662812.0479500013,51.75,-1.585
2023-11-13,SELL,DIVOPPBEES.NS,3728,59.05,220138.4,110.0692,882840.3787500013,58.13,1.583
2023-11-13,SELL,GILT5YBEES.NS,4062,53.41,216951.41999999998,108.47570999999999,1099683.3230400013,53.35,0.112
2023-11-13,BUY,CPSEETF.NS,3880,56.65,219802.0,109.901,879771.4220400013,,
2023-11-13,BUY,MAFANG.NS,3379,65.05,219803.94999999998,109.901975,659857.5700650013,,
2023-11-13,BUY,INFRABEES.NS,335,655.09,219455.15000000002,109.72757500000002,440292.6924900012,,
2023-11-13,BUY,DIVOPPBEES.NS,3722,59.05,219784.09999999998,109.89205,220398.70044000124,,
2023-11-13,BUY,MID150BEES.NS,1404,156.52,219754.08000000002,109.87704000000001,534.743400001229,,
2023-11-20,SELL,CPSEETF.NS,3880,56.99,221121.2,110.56060000000001,221545.38280000124,56.65,0.6
2023-11-20,SELL,MAFANG.NS,3379,67.42,227812.18,113.90608999999999,449243.65671000123,65.05,3.643
2023-11-20,SELL,INFRABEES.NS,335,665.93,223086.55,111.543275,672218.6634350012,655.09,1.655
2023-11-20,SELL,DIVOPPBEES.NS,3722,60.51,225218.22,112.60911,897324.2743250012,59.05,2.472
2023-11-20,SELL,MID150BEES.NS,1404,159.73,224260.91999999998,112.13046,1121473.063865001,156.52,2.051
2023-11-20,BUY,CPSEETF.NS,3933,56.99,224141.67,112.070835,897219.323030001,,
2023-11-20,BUY,MAFANG.NS,3325,67.42,224171.5,112.08575,672935.737280001,,
2023-11-20,BUY,MON100.NS,1747,128.29,224122.62999999998,112.061315,448701.0459650011,,
2023-11-20,BUY,DIVOPPBEES.NS,3704,60.51,224129.03999999998,112.06451999999999,224459.9414450011,,
2023-11-20,BUY,AUTOBEES.NS,1314,170.58,224142.12000000002,112.07106000000002,205.75038500109804,,
2023-11-28,SELL,CPSEETF.NS,3933,57.69,226894.77,113.447385,226987.07300000108,56.99,1.228
2023-11-28,SELL,MAFANG.NS,3325,68.76,228627.00000000003,114.31350000000002,455499.7595000011,67.42,1.988
2023-11-28,SELL,MON100.NS,1747,129.32,225922.03999999998,112.96101999999999,681308.8384800011,128.29,0.803
2023-11-28,SELL,DIVOPPBEES.NS,3704,61.13,226425.52000000002,113.21276000000002,907621.1457200011,60.51,1.025
2023-11-28,SELL,AUTOBEES.NS,1314,174.49,229279.86000000002,114.63993,1136786.3657900011,170.58,2.292
2023-11-28,BUY,MAFANG.NS,3304,68.76,227183.04,113.59152,909489.7342700011,,
2023-11-28,BUY,CPSEETF.NS,3939,57.69,227240.91,113.620455,682135.2038150011,,
2023-11-28,BUY,MON100.NS,1757,129.32,227215.24,113.60762,454806.35619500105,,
2023-11-28,BUY,AUTOBEES.NS,1302,174.49,227185.98,113.59299000000001,227506.78320500103,,
2023-11-28,BUY,PHARMABEES.NS,14079,16.14,227235.06,113.61753,158.10567500104662,,
2023-12-04,SELL,MAFANG.NS,3304,68.26,225531.04,112.76552000000001,225576.38015500107,68.76,-0.727
2023-12-04,SELL,CPSEETF.NS,3939,60.71,239136.69,119.56834500000001,464593.5018100011,57.69,5.235
2023-12-04,SELL,MON100.NS,1757,129.73,227935.61,113.967805,692415.144005001,129.32,0.317
2023-12-04,SELL,AUTOBEES.NS,1302,179.71,233982.42,116.99121000000001,926280.5727950011,174.49,2.992
2023-12-04,SELL,PHARMABEES.NS,14079,16.49,232162.71,116.081355,1158327.2014400011,16.14,2.169
2023-12-04,BUY,CPSEETF.NS,3814,60.71,231547.94,115.77397,926663.4874700011,,
2023-12-04,BUY,MAFANG.NS,3392,68.26,231537.92,115.76896,695009.798510001,,
2023-12-04,BUY,DIVOPPBEES.NS,3634,63.71,231522.14,115.76107,463371.897440001,,
2023-12-04,BUY,MOM100.NS,4910,47.15,231506.5,115.75325000000001,231749.644190001,,
2023-12-04,BUY,AUTOBEES.NS,1288,179.71,231466.48,115.73324000000001,167.43095000099856,,
2023-12-11,SELL,CPSEETF.NS,3814,62.67,239023.38,119.51169,239071.299260001,60.71,3.228
2023-12-11,SELL,MAFANG.NS,3392,69.01,234081.92,117.04096000000001,473036.17830000096,68.26,1.099
2023-12-11,SELL,DIVOPPBEES.NS,3634,64.86,235701.24,117.85061999999999,708619.5676800009,63.71,1.805
2023-12-11,SELL,MOM100.NS,4910,47.66,234010.59999999998,117.00529999999999,942513.1623800009,47.15,1.082
2023-12-11,SELL,AUTOBEES.NS,1288,181.05,233192.40000000002,116.59620000000001,1175588.966180001,179.71,0.746
2023-12-11,BUY,CPSEETF.NS,3749,62.67,234949.83000000002,117.47491500000001,940521.6612650009,,
2023-12-11,BUY,JUNIORBEES.NS,432,543.84,234938.88,117.46944,705465.3118250009,,
2023-12-11,BUY,INFRABEES.NS,324,724.68,234796.31999999998,117.39815999999999,470551.5936650009,,
2023-12-11,BUY,DIVOPPBEES.NS,3623,64.86,234987.78,117.49389000000001,235446.3197750009,,
2023-12-11,BUY,MOM100.NS,4930,47.66,234963.8,117.4819,365.0378750009113,,
2023-12-18,SELL,CPSEETF.NS,3749,64.33,241173.16999999998,120.586585,241417.62129000088,62.67,2.649
2023-12-18,SELL,JUNIORBEES.NS,432,556.22,240287.04,120.14352000000001,481584.51777000085,543.84,2.276
2023-12-18,SELL,INFRABEES.NS,324,747.2,242092.80000000002,121.0464,723556.2713700009,724.68,3.108
2023-12-18,SELL,DIVOPPBEES.NS,3623,67.18,243393.14,121.69657000000001,966827.7148000009,64.86,3.577
2023-12-18,SELL,MOM100.NS,4930,48.73,240238.9,120.11945,1206946.495350001,47.66,2.245
2023-12-18,BUY,CPSEETF.NS,3750,64.33,241237.5,120.61875,965588.3766000009,,
2023-12-18,BUY,DIVOPPBEES.NS,3591,67.18,241243.38000000003,120.62169000000002,724224.3749100008,,
2023-12-18,BUY,ITBEES.NS,6372,37.86,241243.91999999998,120.62196,482859.8329500009,,
2023-12-18,BUY,JUNIORBEES.NS,433,556.22,240843.26,120.42163000000001,241896.15132000088,,
2023-12-18,BUY,PSUBNKBEES.NS,3782,63.78,241215.96,120.60798,559.5833400008851,,
2023-12-26,SELL,CPSEETF.NS,3750,66.27,248512.49999999997,124.25625,248947.82709000085,64.33,3.016
2023-12-26,SELL,DIVOPPBEES.NS,3591,67.36,241889.76,120.94488000000001,490716.6422100009,67.18,0.268
2023-12-26,SELL,ITBEES.NS,6372,37.55,239268.59999999998,119.6343,729865.6079100008,37.86,-0.819
2023-12-26,SELL,JUNIORBEES.NS,433,557.59,241436.47,120.718235,971181.3596750009,556.22,0.246
2023-12-26,SELL,PSUBNKBEES.NS,3782,61.99,234446.18,117.22309,1205510.3165850008,63.78,-2.807
2023-12-26,BUY,CPSEETF.NS,3636,66.27,240957.71999999997,120.47885999999998,964432.1177250008,,
2023-12-26,BUY,JUNIORBEES.NS,432,557.59,240878.88,120.43944,723432.7982850008,,
2023-12-26,BUY,MAFANG.NS,3317,72.64,240946.88,120.47344000000001,482365.44484500086,,
2023-12-26,BUY,ITBEES.NS,6417,37.55,240958.34999999998,120.479175,241286.6156700009,,
2023-12-26,BUY,DIVOPPBEES.NS,3577,67.36,240946.72,120.47336,219.4223100008967,,
2024-01-01,SELL,CPSEETF.NS,3636,67.17,244230.12,122.11506,244327.42725000088,66.27,1.358
2024-01-01,SELL,JUNIORBEES.NS,432,568.13,245432.16,122.71608,489636.8711700009,557.59,1.89
2024-01-01,SELL,MAFANG.NS,3317,73.02,242207.34,121.10367,731723.1075000009,72.64,0.523
2024-01-01,SELL,ITBEES.NS,6417,37.68,241792.56,120.89628,973394.7712200009,37.55,0.346
2024-01-01,SELL,DIVOPPBEES.NS,3577,68.58,245310.66,122.65533,1218582.7758900009,67.36,1.811
2024-01-01,BUY,CPSEETF.NS,3626,67.17,243558.42,121.77921,974902.5766800009,,
2024-01-01,BUY,JUNIORBEES.NS,428,568.13,243159.63999999998,121.57982,731621.3568600009,,
2024-01-01,BUY,INFRABEES.NS,321,757.41,243128.61,121.56430499999999,488371.1825550009,,
2024-01-01,BUY,DIVOPPBEES.NS,3551,68.58,243527.58,121.76379,244721.8387650009,,
2024-01-01,BUY,MAFANG.NS,3336,73.02,243594.72,121.79736,1005.3214050008974,,
2024-01-08,SELL,CPSEETF.NS,3626,68.37,247909.62000000002,123.95481000000001,248790.98659500093,67.17,1.787
2024-01-08,SELL,JUNIORBEES.NS,428,571.55,244623.4,122.3117,493292.0748950009,568.13,0.602
2024-01-08,SELL,INFRABEES.NS,321,763.68,245141.27999999997,122.57063999999998,738310.7842550009,757.41,0.828
2024-01-08,SELL,DIVOPPBEES.NS,3551,68.03,241574.53,120.787265,979764.5269900009,68.58,-0.802
2024-01-08,SELL,MAFANG.NS,3336,69.78,232786.08000000002,116.39304000000001,1212434.213950001,73.02,-4.437
2024-01-08,BUY,CPSEETF.NS,3544,68.37,242303.28000000003,121.15164000000001,970009.7823100009,,
2024-01-08,BUY,JUNIORBEES.NS,424,571.55,242337.19999999998,121.1686,727551.4137100009,,
2024-01-08,BUY,INFRABEES.NS,317,763.68,242086.56,121.04328,485343.8104300009,,
2024-01-08,BUY,MOM100.NS,4845,50.02,242346.90000000002,121.17345000000002,242875.73698000086,,
2024-01-08,BUY,MID150BEES.NS,1361,178.02,242285.22,121.14261,469.374370000849,,
2024-01-15,SELL,CPSEETF.NS,3544,69.83,247477.52,123.73876,247823.15561000083,68.37,2.135
2024-01-15,SELL,JUNIORBEES.NS,424,582.48,246971.52000000002,123.48576000000001,494671.18985000084,571.55,1.912
2024-01-15,SELL,INFRABEES.NS,317,792.67,251276.38999999998,125.638195,745821.9416550008,763.68,3.796
2024-01-15,SELL,MOM100.NS,4845,51.0,247095.0,123.5475,992793.3941550008,50.02,1.959
2024-01-15,SELL,MID150BEES.NS,1361,181.13,246517.93,123.258965,1239188.065190001,178.02,1.747
2024-01-15,BUY,CPSEETF.NS,3547,69.83,247687.00999999998,123.843505,991377.2116850009,,
2024-01-15,BUY,INFRABEES.NS,312,792.67,247313.03999999998,123.65651999999999,743940.5151650009,,
2024-01-15,BUY,JUNIORBEES.NS,425,582.48,247554.0,123.777,496262.7381650009,,
2024-01-15,BUY,ITBEES.NS,6314,39.23,247698.21999999997,123.84910999999998,248440.66905500094,,
2024-01-15,BUY,DIVOPPBEES.NS,3523,70.3,247666.9,123.83345,649.9356050009374,,
2024-01-23,SELL,CPSEETF.NS,3547,68.79,243998.13000000003,121.99906500000002,244526.06654000096,69.83,-1.489
2024-01-23,SELL,INFRABEES.NS,312,780.86,243628.32,121.81416,488032.57238000096,792.67,-1.49
2024-01-23,SELL,JUNIORBEES.NS,425,566.94,240949.50000000003,120.47475000000001,728861.597630001,582.48,-2.668
2024-01-23,SELL,ITBEES.NS,6314,38.65,244036.09999999998,122.01804999999999,972775.6795800009,39.23,-1.478
2024-01-23,SELL,DIVOPPBEES.NS,3523,69.02,243157.46,121.57873,1215811.560850001,70.3,-1.821
2024-01-23,BUY,CPSEETF.NS,3533,68.79,243035.07000000004,121.51753500000002,972654.9733150009,,
2024-01-23,BUY,INFRABEES.NS,311,780.86,242847.46,121.42372999999999,729686.0895850009,,
2024-01-23,BUY,PSUBNKBEES.NS,3769,64.48,243025.12000000002,121.51256000000001,486539.4570250008,,
2024-01-23,BUY,DIVOPPBEES.NS,3521,69.02,243019.41999999998,121.50971,243398.52731500083,,
2024-01-23,BUY,ITBEES.NS,6288,38.65,243031.19999999998,121.51559999999999,245.81171500083292,,
2024-01-29,SELL,CPSEETF.NS,3533,74.32,262572.56,131.28628,262687.08543500083,68.79,8.039
2024-01-29,SELL,INFRABEES.NS,311,821.3,255424.3,127.71215,517983.67328500084,780.86,5.179
2024-01-29,SELL,PSUBNKBEES.NS,3769,67.29,253616.01,126.80800500000001,771472.8752800009,64.48,4.358
2024-01-29,SELL,DIVOPPBEES.NS,3521,71.23,250800.83000000002,125.40041500000001,1022148.3048650009,69.02,3.202
2024-01-29,SELL,ITBEES.NS,6288,38.69,243282.71999999997,121.64135999999999,1265309.3835050007,38.65,0.103
2024-01-29,BUY,CPSEETF.NS,3403,74.32,252910.95999999996,126.45547999999998,1012271.9680250008,,
2024-01-29,BUY,INFRABEES.NS,307,821.3,252139.09999999998,126.06954999999999,760006.7984750008,,
2024-01-29,BUY,MAFANG.NS,3332,75.91,252932.12,126.46606,506948.2124150008,,
2024-01-29,BUY,PSUBNKBEES.NS,3758,67.29,252875.82000000004,126.43791000000002,253945.95450500073,,
2024-01-29,BUY,DIVOPPBEES.NS,3550,71.23,252866.5,126.43325,953.0212550007273,,
2024-02-12,SELL,CPSEETF.NS,3403,74.99,255190.96999999997,127.59548499999998,256016.3957700007,74.32,0.902
2024-02-12,SELL,INFRABEES.NS,307,818.41,251251.87,125.625935,507142.63983500074,821.3,-0.352
2024-02-12,SELL,MAFANG.NS,3332,81.3,270891.6,135.4458,777898.7940350007,75.91,7.101
2024-02-12,SELL,PSUBNKBEES.NS,3758,73.54,276363.32,138.18166,1054123.9323750008,67.29,9.288
2024-02-12,SELL,DIVOPPBEES.NS,3550,72.21,256345.49999999997,128.17274999999998,1310341.2596250009,71.23,1.376
2024-02-12,BUY,PSUBNKBEES.NS,3561,73.54,261875.94000000003,130.93797,1048334.3816550008,,
2024-02-12,BUY,CPSEETF.NS,3492,74.99,261865.08,130.93254,786338.3691150008,,
2024-02-12,BUY,MAFANG.NS,3221,81.3,261867.3,130.93365,524340.1354650009,,
2024-02-12,BUY,PHARMABEES.NS,13793,18.99,261929.06999999998,130.96453499999998,262280.1009300009,,
2024-02-12,BUY,INFRABEES.NS,320,818.41,261891.19999999998,130.94559999999998,257.95533000089927,,
2024-02-19,SELL,PSUBNKBEES.NS,3561,78.87,280856.07,140.428035,280973.5972950009,73.54,7.248
2024-02-19,SELL,CPSEETF.NS,3492,81.06,283061.52,141.53076000000001,563893.5865350009,74.99,8.094
2024-02-19,SELL,MAFANG.NS,3221,82.4,265410.4,132.70520000000002,829171.2813350009,81.3,1.353
2024-02-19,SELL,PHARMABEES.NS,13793,19.39,267446.27,133.723135,1096483.8282000008,18.99,2.106
2024-02-19,SELL,INFRABEES.NS,320,842.19,269500.80000000005,134.7504,1365849.8778000008,818.41,2.906
2024-02-19,BUY,PSUBNKBEES.NS,3461,78.87,272969.07,136.484535,1092744.3232650007,,
2024-02-19,BUY,CPSEETF.NS,3368,81.06,273010.08,136.50504,819597.7382250007,,
2024-02-19,BUY,MAFANG.NS,3313,82.4,272991.2,136.4956,546470.0426250007,,
2024-02-19,BUY,AUTOBEES.NS,1311,208.25,273015.75,136.507875,273317.7847500007,,
2024-02-19,BUY,PHARMABEES.NS,14081,19.39,273030.59,136.515295,150.67945500067435,,
2024-03-04,SELL,PSUBNKBEES.NS,3461,79.24,274249.63999999996,137.12481999999997,274263.1946350006,78.87,0.469
2024-03-04,SELL,CPSEETF.NS,3368,83.67,281800.56,140.90028,555922.8543550007,81.06,3.22
2024-03-04,SELL,MAFANG.NS,3313,84.7,280611.10000000003,140.30555,836393.6488050007,82.4,2.791
2024-03-04,SELL,AUTOBEES.NS,1311,212.15,278128.65,139.06432500000003,1114383.2344800008,208.25,1.873
2024-03-04,SELL,PHARMABEES.NS,14081,19.3,271763.3,135.88165,1386010.6528300007,19.39,-0.464
2024-03-04,BUY,PSUBNKBEES.NS,3496,79.24,277023.04,138.51152,1108849.1013100008,,
2024-03-04,BUY,CPSEETF.NS,3311,83.67,277031.37,138.515685,831679.2156250008,,
2024-03-04,BUY,MAFANG.NS,3271,84.7,277053.7,138.52685,554486.9887750007,,
2024-03-04,BUY,AUTOBEES.NS,1305,212.15,276855.75,138.427875,277492.8109000007,,
2024-03-04,BUY,JUNIORBEES.NS,434,637.01,276462.33999999997,138.23117,892.2397300007287,,
2024-03-18,SELL,PSUBNKBEES.NS,3496,75.3,263248.8,131.6244,264009.41533000075,79.24,-4.972
2024-03-18,SELL,CPSEETF.NS,3311,76.54,253423.94000000003,126.71197000000002,517306.6433600008,83.67,-8.522
2024-03-18,SELL,MAFANG.NS,3271,82.92,271231.32,135.61566000000002,788402.3477000007,84.7,-2.102
2024-03-18,SELL,AUTOBEES.NS,1305,207.61,270931.05000000005,135.465525,1059197.9321750007,212.15,-2.14
2024-03-18,SELL,JUNIORBEES.NS,434,621.81,269865.54,134.93277,1328928.5394050006,637.01,-2.386
2024-03-18,BUY,MAFANG.NS,3203,82.92,265592.76,132.79638,1063202.9830250007,,
2024-03-18,BUY,PSUBNKBEES.NS,3527,75.3,265583.1,132.79155,797487.0914750006,,
2024-03-18,BUY,AUTOBEES.NS,1279,207.61,265533.19,132.766595,531821.1348800006,,
2024-03-18,BUY,GOLDBEES.NS,4786,55.5,265623.0,132.8115,266065.3233800006,,
2024-03-18,BUY,HNGSNGBEES.NS,1045,254.17,265607.64999999997,132.803825,324.8695550006232,,
2024-03-26,SELL,MAFANG.NS,3203,85.74,274625.22,137.31260999999998,274812.7769450006,82.92,3.401
2024-03-26,SELL,PSUBNKBEES.NS,3527,76.37,269356.99,134.678495,544035.0884500006,75.3,1.421
2024-03-26,SELL,AUTOBEES.NS,1279,214.05,273769.95,136.884975,817668.1534750006,207.61,3.102
2024-03-26,SELL,GOLDBEES.NS,4786,56.3,269451.8,134.7259,1086985.2275750006,55.5,1.441
2024-03-26,SELL,HNGSNGBEES.NS,1045,242.41,253318.44999999998,126.65922499999999,1340177.0183500005,254.17,-4.627
2024-03-26,BUY,MAFANG.NS,3124,85.74,267851.76,133.92588,1072191.3324700005,,
2024-03-26,BUY,AUTOBEES.NS,1251,214.05,267776.55,133.888275,804280.8941950005,,
2024-03-26,BUY,PSUBNKBEES.NS,3507,76.37,267829.59,133.91479500000003,536317.3894000005,,
2024-03-26,BUY,MON100.NS,1789,149.71,267831.19,133.915595,268352.2838050004,,
2024-03-26,BUY,GOLDBEES.NS,4758,56.3,267875.39999999997,133.93769999999998,342.94610500044655,,
2024-04-01,SELL,MAFANG.NS,3124,88.27,275755.48,137.87774,275960.5483650004,85.74,2.951
2024-04-01,SELL,AUTOBEES.NS,1251,217.5,272092.5,136.04625000000001,547917.0021150004,214.05,1.612
2024-04-01,SELL,PSUBNKBEES.NS,3507,78.71,276035.97,138.01798499999998,823814.9541300004,76.37,3.064
2024-04-01,SELL,MON100.NS,1789,150.1,268528.89999999997,134.26444999999998,1092209.5896800004,149.71,0.261
2024-04-01,SELL,GOLDBEES.NS,4758,58.32,277486.56,138.74328,1369557.4064000004,56.3,3.588
2024-04-01,BUY,MAFANG.NS,3101,88.27,273725.26999999996,136.86263499999998,1095695.2737650005,,
2024-04-01,BUY,AUTOBEES.NS,1258,217.5,273615.0,136.8075,821943.4662650005,,
2024-04-01,BUY,PSUBNKBEES.NS,3478,78.71,273753.38,136.87669,548053.2095750005,,
2024-04-01,BUY,JUNIORBEES.NS,417,655.78,273460.26,136.73013,274456.21944500046,,
2024-04-01,BUY,GOLDBEES.NS,4694,58.32,273754.08,136.87704000000002,565.2624050004524,,
2024-04-08,SELL,MAFANG.NS,3101,97.12,301169.12,150.58456,301583.79784500046,88.27,10.026
2024-04-08,SELL,AUTOBEES.NS,1258,223.58,281263.64,140.63182,582706.8060250005,217.5,2.795
2024-04-08,SELL,PSUBNKBEES.NS,3478,80.37,279526.86000000004,139.76343000000003,862093.9025950006,78.71,2.109
2024-04-08,SELL,JUNIORBEES.NS,417,670.34,279531.78,139.76589,1141485.9167050007,655.78,2.22
2024-04-08,SELL,GOLDBEES.NS,4694,60.21,282625.74,141.31287,1423970.3438350006,58.32,3.241
2024-04-08,BUY,MAFANG.NS,2930,97.12,284561.60000000003,142.28080000000003,1139266.4630350005,,
2024-04-08,BUY,SILVERBEES.NS,3534,80.53,284593.02,142.29651,854531.1465250005,,
2024-04-08,BUY,PSUBNKBEES.NS,3541,80.37,284590.17000000004,142.29508500000003,569798.6814400004,,
2024-04-08,BUY,GOLDBEES.NS,4727,60.21,284612.67,142.306335,285043.70510500047,,
2024-04-08,BUY,JUNIORBEES.NS,424,670.34,284224.16000000003,142.11208000000002,677.4330250004423,,
2024-04-15,SELL,MAFANG.NS,2930,97.77,286466.1,143.23305,287000.29997500044,97.12,0.669
2024-04-15,SELL,SILVERBEES.NS,3534,81.46,287879.63999999996,143.93981999999997,574736.0001550004,80.53,1.155
2024-04-15,SELL,PSUBNKBEES.NS,3541,78.32,277331.12,138.66556,851928.4545950004,80.37,-2.551
2024-04-15,SELL,GOLDBEES.NS,4727,61.23,289434.20999999996,144.71710499999998,1141217.9474900004,60.21,1.694
2024-04-15,SELL,JUNIORBEES.NS,424,660.53,280064.72,140.03235999999998,1421142.6351300003,670.34,-1.463
2024-04-15,BUY,MAFANG.NS,2905,97.77,284021.85,142.010925,1136978.7742050004,,
2024-04-15,BUY,SILVERBEES.NS,3487,81.46,284051.01999999996,142.02551,852785.7286950004,,
2024-04-15,BUY,GOLDBEES.NS,4639,61.23,284045.97,142.02298499999998,568597.7357100004,,
2024-04-15,BUY,JUNIORBEES.NS,430,660.53,284027.89999999997,142.01395,284427.8217600004,,
2024-04-15,BUY,AUTOBEES.NS,1292,219.73,283891.16,141.94557999999998,394.7161800004542,,
2024-04-29,SELL,MAFANG.NS,2905,94.26,273825.3,136.91264999999999,274083.10353000043,97.77,-3.59
2024-04-29,SELL,SILVERBEES.NS,3487,79.43,276972.41000000003,138.486205,550917.0273250004,81.46,-2.492
2024-04-29,SELL,GOLDBEES.NS,4639,61.3,284370.7,142.18535,835145.5419750004,61.23,0.114
2024-04-29,SELL,JUNIORBEES.NS,430,684.84,294481.2,147.2406,1129479.5013750005,660.53,3.68
2024-04-29,SELL,AUTOBEES.NS,1292,224.43,289963.56,144.98178000000001,1419298.0795950005,219.73,2.139
2024-04-29,BUY,MAFANG.NS,3009,94.26,283628.34,141.81417000000002,1135527.9254250005,,
2024-04-29,BUY,GOLDBEES.NS,4628,61.3,283696.39999999997,141.8482,851689.6772250005,,
2024-04-29,BUY,SILVERBEES.NS,3571,79.43,283644.53,141.82226500000002,567903.3249600003,,
2024-04-29,BUY,JUNIORBEES.NS,414,684.84,283523.76,141.76188000000002,284237.80308000033,,
2024-04-29,BUY,HNGSNGBEES.NS,1071,264.81,283611.51,141.805755,484.48732500034384,,
2024-05-06,SELL,MAFANG.NS,3009,96.8,291271.2,145.6356,291610.0517250004,94.26,2.695
2024-05-06,SELL,GOLDBEES.NS,4628,60.72,281012.16,140.50608,572481.7056450003,61.3,-0.946
2024-05-06,SELL,SILVERBEES.NS,3571,79.78,284894.38,142.44719,857233.6384550004,79.43,0.441
2024-05-06,SELL,JUNIORBEES.NS,414,691.28,286189.92,143.09496,1143280.4634950003,684.84,0.94
2024-05-06,SELL,HNGSNGBEES.NS,1071,280.47,300383.37000000005,150.19168500000004,1443513.6418100004,264.81,5.914
2024-05-06,BUY,HNGSNGBEES.NS,1028,280.47,288323.16000000003,144.16158000000001,1155046.3202300004,,
2024-05-06,BUY,JUNIORBEES.NS,417,691.28,288263.76,144.13188,866638.4283500004,,
2024-05-06,BUY,MAFANG.NS,2980,96.8,288464.0,144.232,578030.1963500003,,
2024-05-06,BUY,CPSEETF.NS,3306,87.28,288547.68,144.27384,289338.24251000036,,
2024-05-06,BUY,AUTOBEES.NS,1263,228.45,288532.35,144.266175,661.6263350003865,,
2024-05-13,SELL,HNGSNGBEES.NS,1028,329.17,338386.76,169.19338000000002,338879.1929550004,280.47,17.364
2024-05-13,SELL,JUNIORBEES.NS,417,685.45,285832.65,142.916325,624568.9266300004,691.28,-0.843
2024-05-13,SELL,MAFANG.NS,2980,94.73,282295.4,141.14770000000001,906723.1789300004,96.8,-2.138
2024-05-13,SELL,CPSEETF.NS,3306,84.52,279423.12,139.71156,1186006.5873700003,87.28,-3.162
2024-05-13,SELL,AUTOBEES.NS,1263,228.29,288330.27,144.16513500000002,1474192.6922350004,228.45,-0.07
2024-05-13,BUY,HNGSNGBEES.NS,895,329.17,294607.15,147.30357500000002,1179438.2386600003,,
2024-05-13,BUY,SILVERBEES.NS,3595,81.97,294682.15,147.34107500000002,884608.7475850002,,
2024-05-13,BUY,GOLDBEES.NS,4819,61.15,294681.85,147.340925,589779.5566600002,,
2024-05-13,BUY,MAFANG.NS,3110,94.73,294610.3,147.30515,295021.9515100003,,
2024-05-13,BUY,AUTOBEES.NS,1290,228.29,294494.1,147.24705,380.60446000029333,,
2024-05-21,SELL,HNGSNGBEES.NS,895,310.82,278183.89999999997,139.09195,278425.4125100003,329.17,-5.575
2024-05-21,SELL,SILVERBEES.NS,3595,91.03,327252.85,163.62642499999998,605514.6360850002,81.97,11.053
2024-05-21,SELL,GOLDBEES.NS,4819,62.63,301813.97000000003,150.90698500000002,907177.6991000003,61.15,2.42
2024-05-21,SELL,MAFANG.NS,3110,95.58,297253.8,148.6269,1204282.8722000003,94.73,0.897
2024-05-21,SELL,AUTOBEES.NS,1290,237.47,306336.3,153.16815,1510466.0040500003,228.29,4.021
2024-05-21,BUY,SILVERBEES.NS,3316,91.03,301855.48,150.92774,1208459.5963100004,,
2024-05-21,BUY,HNGSNGBEES.NS,971,310.82,301806.22,150.90311,906502.4732000004,,
2024-05-21,BUY,JUNIORBEES.NS,415,726.45,301476.75,150.738375,604874.9848250004,,
2024-05-21,BUY,AUTOBEES.NS,1271,237.47,301824.37,150.912185,302899.7026400004,,
2024-05-21,BUY,GOLDBEES.NS,4821,62.63,301939.23000000004,150.96961500000003,809.5030250003329,,
2024-05-27,SELL,SILVERBEES.NS,3316,88.97,295024.52,147.51226000000003,295686.51076500036,91.03,-2.263
2024-05-27,SELL,HNGSNGBEES.NS,971,319.48,310215.08,155.10754,605746.4832250003,310.82,2.786
2024-05-27,SELL,JUNIORBEES.NS,415,736.19,305518.85000000003,152.75942500000002,911112.5738000004,726.45,1.341
2024-05-27,SELL,AUTOBEES.NS,1271,242.61,308357.31,154.178655,1219315.7051450005,237.47,2.164
2024-05-27,SELL,GOLDBEES.NS,4821,61.0,294081.0,147.0405,1513249.6646450004,62.63,-2.603
2024-05-27,BUY,HNGSNGBEES.NS,946,319.48,302228.08,151.11404000000002,1210870.4706050004,,
2024-05-27,BUY,SILVERBEES.NS,3400,88.97,302498.0,151.249,908221.2216050003,,
2024-05-27,BUY,CPSEETF.NS,3240,93.35,302454.0,151.227,605615.9946050004,,
2024-05-27,BUY,JUNIORBEES.NS,410,736.19,301837.9,150.91895000000002,303627.1756550003,,
2024-05-27,BUY,AUTOBEES.NS,1246,242.61,302292.06,151.14603,1183.969625000318,,
2024-06-10,SELL,HNGSNGBEES.NS,946,309.59,292872.13999999996,146.43606999999997,293909.6735550003,319.48,-3.096
2024-06-10,SELL,SILVERBEES.NS,3400,87.34,296956.0,148.478,590717.1955550003,88.97,-1.832
2024-06-10,SELL,CPSEETF.NS,3240,90.42,292960.8,146.4804,883531.5151550004,93.35,-3.139
2024-06-10,SELL,JUNIORBEES.NS,410,742.9,304589.0,152.2945,1187968.2206550003,736.19,0.911
2024-06-10,SELL,AUTOBEES.NS,1246,254.15,316670.9,158.33545,1504480.7852050003,242.61,4.757
2024-06-10,BUY,AUTOBEES.NS,1183,254.15,300659.45,150.329725,1203671.0054800003,,
2024-06-10,BUY,HNGSNGBEES.NS,971,309.59,300611.88999999996,150.30594499999998,902908.8095350004,,
2024-06-10,BUY,SILVERBEES.NS,3443,87.34,300711.62,150.35581,602046.8337250004,,
2024-06-10,BUY,JUNIORBEES.NS,404,742.9,300131.6,150.0658,301765.1679250004,,
2024-06-10,BUY,CONSUMBEES.NS,2462,122.13,300684.06,150.34203,930.7658950004261,,
2024-06-18,SELL,AUTOBEES.NS,1183,261.93,309863.19,154.93159500000002,310639.02430000046,254.15,3.061
2024-06-18,SELL,HNGSNGBEES.NS,971,305.24,296388.04000000004,148.19402000000002,606878.8702800005,309.59,-1.405
2024-06-18,SELL,SILVERBEES.NS,3443,86.26,296993.18,148.49659,903723.5536900004,87.34,-1.237
2024-06-18,SELL,JUNIORBEES.NS,404,768.89,310631.56,155.31578,1214199.7979100004,742.9,3.498
2024-06-18,SELL,CONSUMBEES.NS,2462,124.01,305312.62,152.65631,1519359.7616000003,122.13,1.539
2024-06-18,BUY,AUTOBEES.NS,1159,261.93,303576.87,151.788435,1215631.1031650002,,
2024-06-18,BUY,JUNIORBEES.NS,395,768.89,303711.55,151.855775,911767.6973900002,,
2024-06-18,BUY,MID150BEES.NS,1422,213.45,303525.89999999997,151.76295,608090.0344400003,,
2024-06-18,BUY,MOM100.NS,5119,59.33,303710.27,151.85513500000002,304227.90930500027,,
2024-06-18,BUY,CPSEETF.NS,3191,95.18,303719.38,151.85969,356.66961500025354,,
2024-06-24,SELL,AUTOBEES.NS,1159,257.7,298674.3,149.33715,298881.63246500026,261.93,-1.615
2024-06-24,SELL,JUNIORBEES.NS,395,761.94,300966.30000000005,150.48315000000002,599697.4493150003,768.89,-0.904
2024-06-24,SELL,MID150BEES.NS,1422,213.35,303383.7,151.69185000000002,902929.4574650003,213.45,-0.047
2024-06-24,SELL,MOM100.NS,5119,59.42,304170.98,152.08549,1206948.3519750002,59.33,0.152
2024-06-24,SELL,CPSEETF.NS,3191,93.54,298486.14,149.24307000000002,1505285.2489050003,95.18,-1.723
2024-06-24,BUY,AUTOBEES.NS,1167,257.7,300735.89999999997,150.36794999999998,1204398.9809550003,,
2024-06-24,BUY,MID150BEES.NS,1410,213.35,300823.5,150.41175,903425.0692050003,,
2024-06-24,BUY,MOM100.NS,5064,59.42,300902.88,150.45144000000002,602371.7377650003,,
2024-06-24,BUY,JUNIORBEES.NS,394,761.94,300204.36000000004,150.10218000000003,302017.2755850003,,
2024-06-24,BUY,MON100.NS,1864,161.36,300775.04000000004,150.38752000000002,1091.8480650002602,,
2024-07-08,SELL,AUTOBEES.NS,1167,257.56,300572.52,150.28626,301514.08180500026,257.7,-0.054
2024-07-08,SELL,MID150BEES.NS,1410,219.07,308888.7,154.44435000000001,610248.3374550003,213.35,2.681
2024-07-08,SELL,MOM100.NS,5064,60.92,308498.88,154.24944,918592.9680150002,59.42,2.524
2024-07-08,SELL,JUNIORBEES.NS,394,783.92,308864.48,154.43224,1227303.0157750002,761.94,2.885
2024-07-08,SELL,MON100.NS,1864,167.53,312275.92,156.13796,1539422.7978150002,161.36,3.824
2024-07-08,BUY,ITBEES.NS,7649,40.23,307719.26999999996,153.859635,1231549.6681800003,,
2024-07-08,BUY,MID150BEES.NS,1404,219.07,307574.27999999997,153.78714,923821.6010400003,,
2024-07-08,BUY,CPSEETF.NS,3090,99.58,307702.2,153.8511,615965.5499400003,,
2024-07-08,BUY,MOM100.NS,5051,60.92,307706.92,153.85345999999998,308104.7764800003,,
2024-07-08,BUY,MON100.NS,1836,167.53,307585.08,153.79254,365.9039400002803,,
2024-07-22,SELL,ITBEES.NS,7649,42.42,324470.58,162.23529000000002,324674.2486500003,40.23,5.444
2024-07-22,SELL,MID150BEES.NS,1404,215.55,302632.2,151.3161,627155.1325500003,219.07,-1.607
2024-07-22,SELL,CPSEETF.NS,3090,99.59,307733.10000000003,153.86655000000002,934734.3660000004,99.58,0.01
2024-07-22,SELL,MOM100.NS,5051,60.59,306040.09,153.020045,1240621.4359550003,60.92,-0.542
2024-07-22,SELL,MON100.NS,1836,161.76,296991.36,148.49568,1537464.3002750003,167.53,-3.444
2024-07-22,BUY,ITBEES.NS,7245,42.42,307332.9,153.66645000000003,1229977.7338250002,,
2024-07-22,BUY,NV20BEES.NS,1941,158.33,307318.53,153.659265,922505.5445600002,,
2024-07-22,BUY,DIVOPPBEES.NS,3644,84.33,307298.52,153.64926000000003,615053.3753000002,,
2024-07-22,BUY,CPSEETF.NS,3086,99.59,307334.74,153.66737,307564.9679300002,,
2024-07-22,BUY,NIFTYBEES.NS,1128,272.45,307323.6,153.6618,87.70613000023877,,
2024-07-29,SELL,ITBEES.NS,7245,43.71,316678.95,158.33947500000002,316608.31665500026,42.42,3.041
2024-07-29,SELL,NV20BEES.NS,1941,161.56,313587.96,156.79398,630039.4826750003,158.33,2.04
2024-07-29,SELL,DIVOPPBEES.NS,3644,86.77,316189.88,158.09494,946071.2677350004,84.33,2.893
2024-07-29,SELL,CPSEETF.NS,3086,102.7,316932.2,158.4661,1262845.0016350003,99.59,3.123
2024-07-29,SELL,NIFTYBEES.NS,1128,276.68,312095.04,156.04752,1574783.9941150004,272.45,1.553
2024-07-29,BUY,ITBEES.NS,7201,43.71,314755.71,157.377855,1259870.9062600003,,
2024-07-29,BUY,PHARMABEES.NS,14250,22.09,314782.5,157.39125,944931.0150100003,,
2024-07-29,BUY,NV20BEES.NS,1948,161.56,314718.88,157.35944,630054.7755700003,,
2024-07-29,BUY,CPSEETF.NS,3065,102.7,314775.5,157.38775,315121.8878200003,,
2024-07-29,BUY,DIVOPPBEES.NS,3627,86.77,314714.79,157.357395,249.74042500031646,,
2024-08-12,SELL,ITBEES.NS,7201,41.81,301073.81,150.536905,301173.0135200003,43.71,-4.347
2024-08-12,SELL,PHARMABEES.NS,14250,22.64,322620.0,161.31,623631.7035200003,22.09,2.49
2024-08-12,SELL,NV20BEES.NS,1948,157.09,306011.32,153.00566,929490.0178600003,161.56,-2.767
2024-08-12,SELL,CPSEETF.NS,3065,102.9,315388.5,157.69425,1244720.8236100003,102.7,0.195
2024-08-12,SELL,DIVOPPBEES.NS,3627,84.5,306481.5,153.24075,1551049.0828600004,86.77,-2.616
2024-08-12,BUY,PHARMABEES.NS,13694,22.64,310032.16000000003,155.01608000000002,1240861.9067800003,,
2024-08-12,BUY,CPSEETF.NS,3013,102.9,310037.7,155.01885000000001,930669.1879300002,,
2024-08-12,BUY,ITBEES.NS,7415,41.81,310021.15,155.01057500000002,620493.0273550001,,
2024-08-12,BUY,CONSUMBEES.NS,2403,128.98,309938.94,154.96947,310399.11788500013,,
2024-08-12,BUY,NV20BEES.NS,1973,157.09,309938.57,154.969285,305.5786000001244,,
2024-08-26,SELL,PHARMABEES.NS,13694,23.02,315235.88,157.61794,315383.8406600001,22.64,1.678
2024-08-26,SELL,CPSEETF.NS,3013,103.63,312237.19,156.118595,627464.912065,102.9,0.709
2024-08-26,SELL,ITBEES.NS,7415,44.54,330264.1,165.13205,957563.880015,41.81,6.53
2024-08-26,SELL,CONSUMBEES.NS,2403,133.03,319671.09,159.83554500000002,1277075.13447,128.98,3.14
2024-08-26,SELL,NV20BEES.NS,1973,162.95,321500.35,160.75017499999998,1598414.7342949999,157.09,3.73
2024-08-26,BUY,ITBEES.NS,7173,44.54,319485.42,159.74271,1278769.5715849998,,
2024-08-26,BUY,PHARMABEES.NS,13880,23.02,319517.6,159.75879999999998,959092.2127849997,,
2024-08-26,BUY,DIVOPPBEES.NS,3657,87.36,319475.52,159.73776,639456.9550249998,,
2024-08-26,BUY,CONSUMBEES.NS,2401,133.03,319405.03,159.702515,319892.22250999976,,
2024-08-26,BUY,NV20BEES.NS,1960,162.95,319382.0,159.691,350.5315099997679,,
2024-09-16,SELL,ITBEES.NS,7173,46.29,332038.17,166.019085,332222.6824249998,44.54,3.929
2024-09-16,SELL,PHARMABEES.NS,13880,23.94,332287.2,166.14360000000002,664343.7388249998,23.02,3.997
2024-09-16,SELL,DIVOPPBEES.NS,3657,87.78,321011.46,160.50573,985194.6930949998,87.36,0.481
2024-09-16,SELL,CONSUMBEES.NS,2401,137.56,330281.56,165.14078,1315311.1123149998,133.03,3.405
2024-09-16,SELL,NV20BEES.NS,1960,165.38,324144.8,162.0724,1639293.839915,162.95,1.491
2024-09-16,BUY,ITBEES.NS,7079,46.29,327686.91,163.84345499999998,1311443.08646,,
2024-09-16,BUY,PHARMABEES.NS,13688,23.94,327690.72000000003,163.84536000000003,983588.5210999999,,
2024-09-16,BUY,CONSUMBEES.NS,2382,137.56,327667.92,163.83396,655756.7671399999,,
2024-09-16,BUY,NV20BEES.NS,1981,165.38,327617.77999999997,163.80889,327975.17824999994,,
2024-09-16,BUY,MOM100.NS,5078,64.53,327683.34,163.84167000000002,127.99657999991905,,
2024-09-23,SELL,ITBEES.NS,7079,44.94,318130.26,159.06513,318099.1914499999,46.29,-2.916
2024-09-23,SELL,PHARMABEES.NS,13688,23.55,322352.4,161.17620000000002,640290.41525,23.94,-1.629
2024-09-23,SELL,CONSUMBEES.NS,2382,143.44,341674.08,170.83704,981793.65821,137.56,4.274
2024-09-23,SELL,NV20BEES.NS,1981,165.43,327716.83,163.858415,1309346.629795,165.38,0.03
2024-09-23,SELL,MOM100.NS,5078,65.01,330120.78,165.06039,1639302.349405,64.53,0.744
2024-09-23,BUY,CONSUMBEES.NS,2284,143.44,327616.96,163.80848,1311521.580925,,
2024-09-23,BUY,PHARMABEES.NS,13914,23.55,327674.7,163.83735000000001,983683.0435749999,,
2024-09-23,BUY,ITBEES.NS,7291,44.94,327657.54,163.82877,655861.674805,,
2024-09-23,BUY,NIFTYBEES.NS,1132,289.34,327532.87999999995,163.76644,328165.02836500003,,
2024-09-23,BUY,MOM100.NS,5040,65.01,327650.4,163.82520000000002,350.80316499999026,,
2024-09-30,SELL,CONSUMBEES.NS,2284,141.81,323894.04,161.94701999999998,324082.89614499995,143.44,-1.136
2024-09-30,SELL,PHARMABEES.NS,13914,23.76,330596.64,165.29832000000002,654514.237825,23.55,0.892
2024-09-30,SELL,ITBEES.NS,7291,44.93,327584.63,163.792315,981935.0755099999,44.94,-0.022
2024-09-30,SELL,NIFTYBEES.NS,1132,288.38,326446.16,163.22307999999998,1308218.01243,289.34,-0.332
2024-09-30,SELL,MOM100.NS,5040,64.48,324979.2,162.4896,1633034.7228299999,65.01,-0.815
2024-09-30,BUY,HNGSNGBEES.NS,889,367.12,326369.68,163.18484,1306501.85799,,
2024-09-30,BUY,CONSUMBEES.NS,2301,141.81,326304.81,163.15240500000002,980033.8955849999,,
2024-09-30,BUY,AUTOBEES.NS,1180,276.44,326199.2,163.0996,653671.5959849999,,
2024-09-30,BUY,PHARMABEES.NS,13739,23.76,326438.64,163.21932,327069.7366649999,,
2024-09-30,BUY,SILVERBEES.NS,3707,88.04,326364.28,163.18214,542.2745249998989,,
2024-10-07,SELL,HNGSNGBEES.NS,889,409.58,364116.62,182.05831,364476.8362149999,367.12,11.566
2024-10-07,SELL,CONSUMBEES.NS,2301,135.3,311325.30000000005,155.66265,675646.4735649999,141.81,-4.591
2024-10-07,SELL,AUTOBEES.NS,1180,264.31,311885.8,155.9429,987376.3306649998,276.44,-4.388
2024-10-07,SELL,PHARMABEES.NS,13739,23.47,322454.32999999996,161.22716499999999,1309669.4334999998,23.76,-1.221
2024-10-07,SELL,SILVERBEES.NS,3707,89.43,331517.01,165.758505,1641020.6849949998,88.04,1.579
2024-10-07,BUY,HNGSNGBEES.NS,800,409.58,327664.0,163.832,1313192.8529949998,,
2024-10-07,BUY,SILVERBEES.NS,3668,89.43,328029.24000000005,164.01462000000004,984999.5983749998,,
2024-10-07,BUY,GOLDBEES.NS,5140,63.81,327983.4,163.9917,656852.2066749998,,
2024-10-07,BUY,NV20BEES.NS,1998,164.14,327951.72,163.97585999999998,328736.5108149998,,
2024-10-07,BUY,PHARMABEES.NS,13976,23.47,328016.72,164.00835999999998,555.7824549998622,,
2024-10-14,SELL,HNGSNGBEES.NS,800,359.51,287608.0,143.804,288019.97845499986,409.58,-12.225
2024-10-14,SELL,SILVERBEES.NS,3668,88.39,324214.52,162.10726000000003,612072.3911949999,89.43,-1.163
2024-10-14,SELL,GOLDBEES.NS,5140,63.98,328857.2,164.42860000000002,940765.1625949999,63.81,0.266
2024-10-14,SELL,NV20BEES.NS,1998,162.89,325454.22,162.72710999999998,1266056.655485,164.14,-0.762
2024-10-14,SELL,PHARMABEES.NS,13976,24.18,337939.68,168.96984,1603827.365645,23.47,3.025
2024-10-14,BUY,HNGSNGBEES.NS,891,359.51,320323.41,160.16170499999998,1283343.79394,,
2024-10-14,BUY,SILVERBEES.NS,3627,88.39,320590.53,160.29526500000003,962592.9686749999,,
2024-10-14,BUY,PHARMABEES.NS,13259,24.18,320602.62,160.30131,641830.0473649999,,
2024-10-14,BUY,GOLDBEES.NS,5011,63.98,320603.77999999997,160.30189,321065.9654749999,,
2024-10-14,BUY,MON100.NS,1933,165.82,320530.06,160.26503,375.64044499990996,,
2024-10-28,SELL,HNGSNGBEES.NS,891,327.96,292212.36,146.10618,292441.8942649999,359.51,-8.776
2024-10-28,SELL,SILVERBEES.NS,3627,93.63,339596.01,169.79800500000002,631868.1062599999,88.39,5.928
2024-10-28,SELL,PHARMABEES.NS,13259,23.33,309332.47,154.666235,941045.9100249999,24.18,-3.515
2024-10-28,SELL,GOLDBEES.NS,5011,65.78,329623.58,164.81179,1270504.678235,63.98,2.813
2024-10-28,SELL,MON100.NS,1933,167.42,323622.86,161.81143,1593965.726805,165.82,0.965
2024-10-28,BUY,SILVERBEES.NS,3403,93.63,318622.88999999996,159.311445,1275183.52536,,
2024-10-28,BUY,HNGSNGBEES.NS,971,327.96,318449.16,159.22458,956575.1407800001,,
2024-10-28,BUY,GOLDBEES.NS,4843,65.78,318572.54,159.28627,637843.3145100002,,
2024-10-28,BUY,MON100.NS,1903,167.42,318600.25999999995,159.30012999999997,319083.75438000023,,
2024-10-28,BUY,MAFANG.NS,3249,98.07,318629.43,159.314715,295.0096650002524,,
2024-11-18,SELL,SILVERBEES.NS,3403,86.92,295788.76,147.89438,295935.87528500025,93.63,-7.167
2024-11-18,SELL,HNGSNGBEES.NS,971,329.95,320381.45,160.19072500000001,616157.1345600003,327.96,0.607
2024-11-18,SELL,GOLDBEES.NS,4843,62.9,304624.7,152.31235,920629.5222100003,65.78,-4.378
2024-11-18,SELL,MON100.NS,1903,169.09,321778.27,160.889135,1242246.9030750003,167.42,0.997
2024-11-18,SELL,MAFANG.NS,3249,110.25,358202.25,179.101125,1600270.0519500002,98.07,12.42
2024-11-18,BUY,MAFANG.NS,2901,110.25,319835.25,159.91762500000002,1280274.8843250002,,
2024-11-18,BUY,MON100.NS,1891,169.09,319749.19,159.874595,960365.8197300002,,
2024-11-18,BUY,HNGSNGBEES.NS,969,329.95,319721.55,159.860775,640484.4089550002,,
2024-11-18,BUY,ITBEES.NS,7195,44.46,319889.7,159.94485,320434.7641050002,,
2024-11-18,BUY,GILT5YBEES.NS,5485,58.32,319885.2,159.9426,389.62150500016287,,
2024-11-25,SELL,MAFANG.NS,2901,109.91,318848.91,159.424455,319079.10705000017,110.25,-0.308
2024-11-25,SELL,MON100.NS,1891,173.48,328050.68,164.02534,646965.7617100002,169.09,2.596
2024-11-25,SELL,HNGSNGBEES.NS,969,319.86,309944.34,154.97217,956755.1295400002,329.95,-3.058
2024-11-25,SELL,ITBEES.NS,7195,46.97,337949.14999999997,168.974575,1294535.3049650001,44.46,5.646
2024-11-25,SELL,GILT5YBEES.NS,5485,58.36,320104.6,160.0523,1614479.8526650001,58.32,0.069
2024-11-25,BUY,MAFANG.NS,2936,109.91,322695.76,161.34788,1291622.744785,,
2024-11-25,BUY,MON100.NS,1860,173.48,322672.8,161.3364,968788.6083850001,,
2024-11-25,BUY,GOLDBEES.NS,5012,64.38,322672.56,161.33628000000002,645954.7121050002,,
2024-11-25,BUY,ITBEES.NS,6871,46.97,322730.87,161.365435,323062.4766700002,,
2024-11-25,BUY,SILVERBEES.NS,3715,86.87,322722.05,161.36102499999998,179.06564500019886,,
2024-12-02,SELL,MAFANG.NS,2936,113.69,333793.83999999997,166.89692,333806.00872500014,109.91,3.439
2024-12-02,SELL,MON100.NS,1860,178.38,331786.8,165.89339999999999,665426.9153250002,173.48,2.825
2024-12-02,SELL,GOLDBEES.NS,5012,63.76,319565.12,159.78256,984832.2527650001,64.38,-0.963
2024-12-02,SELL,ITBEES.NS,6871,46.74,321150.54000000004,160.57527000000002,1305822.2174950002,46.97,-0.49
2024-12-02,SELL,SILVERBEES.NS,3715,86.04,319638.60000000003,159.81930000000003,1625300.9981950002,86.87,-0.955
2024-12-02,BUY,MAFANG.NS,2857,113.69,324812.33,162.40616500000002,1300326.2620300003,,
2024-12-02,BUY,MON100.NS,1821,178.38,324829.98,162.41499,975333.8670400004,,
2024-12-02,BUY,ITBEES.NS,6951,46.74,324889.74,162.44487,650281.6821700004,,
2024-12-02,BUY,PSUBNKBEES.NS,4285,75.81,324845.85000000003,162.42292500000002,325273.40924500034,,
2024-12-02,BUY,GOLDBEES.NS,5095,63.76,324857.2,162.42860000000002,253.78064500034088,,
2024-12-09,SELL,MAFANG.NS,2857,130.44,372667.08,186.33354,372734.52710500034,113.69,14.733
2024-12-09,SELL,MON100.NS,1821,183.21,333625.41000000003,166.81270500000002,706193.1244000003,178.38,2.708
2024-12-09,SELL,ITBEES.NS,6951,48.09,334273.59,167.136795,1040299.5776050003,46.74,2.888
2024-12-09,SELL,PSUBNKBEES.NS,4285,79.24,339543.39999999997,169.77169999999998,1379673.2059050002,75.81,4.524
2024-12-09,SELL,GOLDBEES.NS,5095,64.29,327557.55000000005,163.77877500000002,1707066.9771300002,63.76,0.831
2024-12-09,BUY,MAFANG.NS,2616,130.44,341231.04,170.61552,1365665.3216100002,,
2024-12-09,BUY,MON100.NS,1862,183.21,341137.02,170.56851,1024357.7331000002,,
2024-12-09,BUY,PSUBNKBEES.NS,4306,79.24,341207.44,170.60372,682979.6893800001,,
2024-12-09,BUY,ITBEES.NS,7095,48.09,341198.55000000005,170.59927500000003,341610.5401050001,,
2024-12-09,BUY,BANKBEES.NS,622,547.79,340725.38,170.36269000000001,714.7974150000955,,
2024-12-16,SELL,MAFANG.NS,2616,133.76,349916.16,174.95808,350455.99933500006,130.44,2.545
2024-12-16,SELL,MON100.NS,1862,207.47,386309.14,193.15457,736571.9847650001,183.21,13.242
2024-12-16,SELL,PSUBNKBEES.NS,4306,78.37,337461.22000000003,168.73061,1073864.474155,79.24,-1.098
2024-12-16,SELL,ITBEES.NS,7095,49.12,348506.39999999997,174.2532,1422196.620955,48.09,2.142
2024-12-16,SELL,BANKBEES.NS,622,548.81,341359.81999999995,170.67990999999998,1763385.7610449998,547.79,0.186
2024-12-16,BUY,MAFANG.NS,2635,133.76,352457.6,176.22879999999998,1410751.9322449998,,
2024-12-16,BUY,MON100.NS,1699,207.47,352491.52999999997,176.24576499999998,1058084.15648,,
2024-12-16,BUY,ITBEES.NS,7176,49.12,352485.12,176.24256,705422.7939199999,,
2024-12-16,BUY,HNGSNGBEES.NS,1012,348.22,352398.64,176.19932,352847.9545999998,,
2024-12-16,BUY,PSUBNKBEES.NS,4497,78.37,352429.89,176.214945,241.84965499979444,,
2024-12-23,SELL,MAFANG.NS,2635,132.57,349321.94999999995,174.66097499999998,349389.13867999974,133.76,-0.89
2024-12-23,SELL,MON100.NS,1699,208.9,354921.10000000003,177.46055,704132.7781299998,207.47,0.689
2024-12-23,SELL,ITBEES.NS,7176,47.01,337343.76,168.67188000000002,1041307.8662499997,49.12,-4.296
2024-12-23,SELL,HNGSNGBEES.NS,1012,346.33,350485.95999999996,175.24298,1391618.5832699998,348.22,-0.543
2024-12-23,SELL,PSUBNKBEES.NS,4497,73.84,332058.48000000004,166.02924000000002,1723511.0340299997,78.37,-5.78
2024-12-23,BUY,MAFANG.NS,2598,132.57,344416.86,172.20843,1378921.9655999998,,
2024-12-23,BUY,MON100.NS,1649,208.9,344476.10000000003,172.23805000000002,1034273.6275499997,,
2024-12-23,BUY,ITBEES.NS,7328,47.01,344489.27999999997,172.24463999999998,689612.1029099998,,
2024-12-23,BUY,GILT5YBEES.NS,5868,58.71,344510.28,172.25514,344929.56776999973,,
2024-12-23,BUY,LTGILTBEES.NS,12694,27.14,344515.16000000003,172.25758000000002,242.1501899997238,,
2024-12-30,SELL,MAFANG.NS,2598,136.73,355224.54,177.61227,355289.0779199997,132.57,3.138
2024-12-30,SELL,MON100.NS,1649,215.63,355573.87,177.786935,710685.1609849997,208.9,3.222
2024-12-30,SELL,ITBEES.NS,7328,47.19,345808.32,172.90416000000002,1056320.5768249999,47.01,0.383
2024-12-30,SELL,GILT5YBEES.NS,5868,58.77,344862.36000000004,172.43118,1401010.505645,58.71,0.102
2024-12-30,SELL,LTGILTBEES.NS,12694,27.16,344769.04,172.38451999999998,1745607.1611249999,27.14,0.074
2024-12-30,BUY,MAFANG.NS,2552,136.73,348934.95999999996,174.46748,1396497.733645,,
2024-12-30,BUY,MON100.NS,1618,215.63,348889.33999999997,174.44466999999997,1047433.9489750001,,
2024-12-30,BUY,ITBEES.NS,7394,47.19,348922.86,174.46143,698336.627545,,
2024-12-30,BUY,HNGSNGBEES.NS,1022,341.15,348655.3,174.32765,349506.9998950001,,
2024-12-30,BUY,PHARMABEES.NS,14717,23.71,348940.07,174.470035,392.45986000006087,,
2025-01-06,SELL,MAFANG.NS,2552,133.77,341381.04000000004,170.69052000000002,341602.8093400001,136.73,-2.165
2025-01-06,SELL,MON100.NS,1618,205.02,331722.36000000004,165.86118000000002,673159.3081600001,215.63,-4.92
2025-01-06,SELL,ITBEES.NS,7394,46.84,346334.96,173.16748,1019321.1006800001,47.19,-0.742
2025-01-06,SELL,HNGSNGBEES.NS,1022,333.5,340837.0,170.4185,1359987.68218,341.15,-2.242
2025-01-06,SELL,PHARMABEES.NS,14717,23.57,346879.69,173.439845,1706693.932335,23.71,-0.59
2025-01-06,BUY,MAFANG.NS,2550,133.77,341113.5,170.55675,1365409.875585,,
2025-01-06,BUY,MON100.NS,1664,205.02,341153.28,170.57664000000003,1024086.018945,,
2025-01-06,BUY,PHARMABEES.NS,14474,23.57,341152.18,170.57609,682763.2628550001,,
2025-01-06,BUY,ITBEES.NS,7283,46.84,341135.72000000003,170.56786000000002,341456.97499500006,,
2025-01-06,BUY,MOM100.NS,5646,60.42,341131.32,170.56566,155.08933500002604,,
2025-01-13,SELL,MAFANG.NS,2550,131.06,334203.0,167.10150000000002,334190.98783500004,133.77,-2.026
2025-01-13,SELL,MON100.NS,1664,189.55,315411.2,157.7056,649444.482235,205.02,-7.546
2025-01-13,SELL,PHARMABEES.NS,14474,22.3,322770.2,161.38510000000002,972053.297135,23.57,-5.388
2025-01-13,SELL,ITBEES.NS,7283,47.39,345141.37,172.570685,1317022.09645,46.84,1.174
2025-01-13,SELL,MOM100.NS,5646,56.25,317587.5,158.79375000000002,1634450.8027000001,60.42,-6.902
2025-01-13,BUY,MAFANG.NS,2492,131.06,326601.52,163.30076000000003,1307685.98194,,
2025-01-13,BUY,MON100.NS,1723,189.55,326594.65,163.29732500000003,980928.034615,,
2025-01-13,BUY,ITBEES.NS,6894,47.39,326706.66000000003,163.35333000000003,654058.021285,,
2025-01-13,BUY,GOLDBEES.NS,4931,66.25,326678.75,163.339375,327215.93191000004,,
2025-01-13,BUY,LTGILTBEES.NS,12060,27.09,326705.4,163.35270000000003,347.17921000003116,,
2025-01-20,SELL,MAFANG.NS,2492,134.05,334052.60000000003,167.02630000000002,334232.75291000004,131.06,2.281
2025-01-20,SELL,MON100.NS,1723,211.66,364690.18,182.34509,698740.58782,189.55,11.664
2025-01-20,SELL,ITBEES.NS,6894,45.64,314642.16000000003,157.32108000000002,1013225.42674,47.39,-3.693
2025-01-20,SELL,GOLDBEES.NS,4931,66.59,328355.29000000004,164.177645,1341416.5390950001,66.25,0.513
2025-01-20,SELL,LTGILTBEES.NS,12060,27.32,329479.2,164.7396,1670730.999495,27.09,0.849
2025-01-20,BUY,MAFANG.NS,2491,134.05,333918.55000000005,166.95927500000002,1336645.49022,,
2025-01-20,BUY,MON100.NS,1577,211.66,333787.82,166.89391,1002690.7763100001,,
2025-01-20,BUY,GOLDBEES.NS,5015,66.59,333948.85000000003,166.97442500000002,668574.9518850001,,
2025-01-20,BUY,GILT5YBEES.NS,5645,59.16,333958.19999999995,166.9791,334449.77278500015,,
2025-01-20,BUY,LTGILTBEES.NS,12224,27.32,333959.68,166.97984,323.1129450001754,,
2025-01-27,SELL,MAFANG.NS,2491,136.21,339299.11000000004,169.64955500000002,339452.5733900002,134.05,1.611
2025-01-27,SELL,MON100.NS,1577,209.79,330838.83,165.41941500000001,670125.9839750002,211.66,-0.883
2025-01-27,SELL,GOLDBEES.NS,5015,67.69,339465.35,169.732675,1009421.6013000002,66.59,1.652
2025-01-27,SELL,GILT5YBEES.NS,5645,59.29,334692.05,167.346025,1343946.3052750002,59.16,0.22
2025-01-27,SELL,LTGILTBEES.NS,12224,27.44,335426.56,167.71328,1679205.1519950002,27.32,0.439
2025-01-27,BUY,MON100.NS,1600,209.79,335664.0,167.832,1343373.3199950003,,
2025-01-27,BUY,MAFANG.NS,2464,136.21,335621.44,167.81072,1007584.0692750002,,
2025-01-27,BUY,GOLDBEES.NS,4958,67.69,335607.01999999996,167.80351,671809.2457650003,,
2025-01-27,BUY,SILVERBEES.NS,3832,87.59,335644.88,167.82244,335996.5433250003,,
2025-01-27,BUY,LTGILTBEES.NS,12232,27.44,335646.08,167.82304000000002,182.64028500032146,,
2025-02-03,SELL,MON100.NS,1600,203.39,325424.0,162.71200000000002,325443.9282850003,209.79,-3.051
2025-02-03,SELL,MAFANG.NS,2464,134.32,330964.48,165.48224,656242.9260450003,136.21,-1.388
2025-02-03,SELL,GOLDBEES.NS,4958,69.64,345275.12,172.63756,1001345.4084850003,67.69,2.881
2025-02-03,SELL,SILVERBEES.NS,3832,90.53,346910.96,173.45548000000002,1348082.9130050002,87.59,3.357
2025-02-03,SELL,LTGILTBEES.NS,12232,27.56,337113.92,168.55696,1685028.2760450002,27.44,0.437
2025-02-03,BUY,MAFANG.NS,2507,134.32,336740.24,168.37012,1348119.6659250003,,
2025-02-03,BUY,MON100.NS,1656,203.39,336813.83999999997,168.40691999999999,1011137.4190050004,,
2025-02-03,BUY,GOLDBEES.NS,4836,69.64,336779.04,168.38952,674189.9894850004,,
2025-02-03,BUY,HNGSNGBEES.NS,958,351.24,336487.92,168.24396,337533.8255250004,,
2025-02-03,BUY,SILVERBEES.NS,3720,90.53,336771.6,168.3858,593.8397250004346,,
2025-02-24,SELL,MAFANG.NS,2507,141.39,354464.73,177.232365,354881.3373600004,134.32,5.264
2025-02-24,SELL,MON100.NS,1656,197.28,326695.68,163.34784,681413.6695200005,203.39,-3.004
2025-02-24,SELL,GOLDBEES.NS,4836,72.6,351093.6,175.5468,1032331.7227200004,69.64,4.25
2025-02-24,SELL,HNGSNGBEES.NS,958,427.37,409420.46,204.71023000000002,1441547.4724900005,351.24,21.675
2025-02-24,SELL,SILVERBEES.NS,3720,93.21,346741.19999999995,173.37059999999997,1788115.3018900005,90.53,2.96
2025-02-24,BUY,HNGSNGBEES.NS,836,427.37,357281.32,178.64066,1430655.3412300004,,
2025-02-24,BUY,GOLDBEES.NS,4923,72.6,357409.8,178.7049,1073066.8363300003,,
2025-02-24,BUY,SILVERBEES.NS,3834,93.21,357367.13999999996,178.68356999999997,715521.0127600003,,
2025-02-24,BUY,MAFANG.NS,2528,141.39,357433.92,178.71696,357908.3758000003,,
2025-02-24,BUY,LTGILTBEES.NS,12960,27.58,357436.8,178.7184,292.8574000003282,,
2025-03-03,SELL,HNGSNGBEES.NS,836,431.38,360633.68,180.31684,360746.22056000034,427.37,0.938
2025-03-03,SELL,GOLDBEES.NS,4923,71.36,351305.27999999997,175.65264,711875.8479200003,72.6,-1.708
2025-03-03,SELL,SILVERBEES.NS,3834,91.41,350465.94,175.23297,1062166.5549500003,93.21,-1.931
2025-03-03,SELL,MAFANG.NS,2528,130.61,330182.08,165.09104000000002,1392183.5439100002,141.39,-7.624
2025-03-03,SELL,LTGILTBEES.NS,12960,27.6,357696.0,178.848,1749700.6959100002,27.58,0.073
2025-03-03,BUY,HNGSNGBEES.NS,810,431.38,349417.8,174.7089,1400108.1870100002,,
2025-03-03,BUY,GOLDBEES.NS,4901,71.36,349735.36,174.86768,1050197.9593300002,,
2025-03-03,BUY,GILT5YBEES.NS,5865,59.63,349729.95,174.86497500000002,700293.1443550002,,
2025-03-03,BUY,SILVERBEES.NS,3826,91.41,349734.66,174.86732999999998,350383.6170250003,,
2025-03-03,BUY,LTGILTBEES.NS,12672,27.6,349747.2,174.8736,461.5434250002727,,
2025-03-24,SELL,HNGSNGBEES.NS,810,409.21,331460.1,165.73005,331755.91337500024,431.38,-5.139
2025-03-24,SELL,GOLDBEES.NS,4901,73.0,357773.0,178.8865,689350.0268750002,71.36,2.298
2025-03-24,SELL,GILT5YBEES.NS,5865,60.04,352134.6,176.0673,1041308.5595750002,59.63,0.688
2025-03-24,SELL,SILVERBEES.NS,3826,94.18,360332.68000000005,180.16634000000002,1401461.0732350003,91.41,3.03
2025-03-24,SELL,LTGILTBEES.NS,12672,27.84,352788.48,176.39424,1754073.1589950002,27.6,0.87
2025-03-24,BUY,HNGSNGBEES.NS,856,409.21,350283.76,175.14188000000001,1403614.2571150002,,
2025-03-24,BUY,GOLDBEES.NS,4803,73.0,350619.0,175.3095,1052819.9476150002,,
2025-03-24,BUY,CPSEETF.NS,3972,88.27,350608.44,175.30422000000002,702036.2033950002,,
2025-03-24,BUY,SILVERBEES.NS,3723,94.18,350632.14,175.31607000000002,351228.7473250002,,
2025-03-24,BUY,INFRABEES.NS,399,877.42,350090.57999999996,175.04529,963.1220350002404,,
2025-04-01,SELL,HNGSNGBEES.NS,856,393.57,336895.92,168.44796,337690.5940750002,409.21,-3.822
2025-04-01,SELL,GOLDBEES.NS,4803,76.72,368486.16,184.24308,705992.5109950001,73.0,5.096
2025-04-01,SELL,CPSEETF.NS,3972,86.39,343141.08,171.57054000000002,1048962.0204550002,88.27,-2.13
2025-04-01,SELL,SILVERBEES.NS,3723,96.72,360088.56,180.04428000000001,1408870.5361750002,94.18,2.697
2025-04-01,SELL,INFRABEES.NS,399,864.97,345123.03,172.561515,1753821.0046600003,877.42,-1.419
2025-04-01,BUY,SILVERBEES.NS,3624,96.72,350513.27999999997,175.25663999999998,1403132.4680200005,,
2025-04-01,BUY,CPSEETF.NS,4058,86.39,350570.62,175.28531,1052386.5627100004,,
2025-04-01,BUY,GOLDBEES.NS,4569,76.72,350533.68,175.26684,701677.6158700004,,
2025-04-01,BUY,BANKBEES.NS,671,521.86,350168.06,175.08403,351334.4718400004,,
2025-04-01,BUY,INFRABEES.NS,405,864.97,350312.85000000003,175.156425,846.4654150003917,,
2025-04-07,SELL,SILVERBEES.NS,3624,87.03,315396.72000000003,157.69836,316085.48705500044,96.72,-10.019
2025-04-07,SELL,CPSEETF.NS,4058,82.0,332756.0,166.37800000000001,648675.1090550004,86.39,-5.082
2025-04-07,SELL,GOLDBEES.NS,4569,73.83,337329.27,168.664635,985835.7144200003,76.72,-3.767
2025-04-07,SELL,BANKBEES.NS,671,513.46,344531.66000000003,172.26583000000002,1330195.1085900003,521.86,-1.61
2025-04-07,SELL,INFRABEES.NS,405,821.05,332525.25,166.262625,1662554.0959650003,864.97,-5.078
2025-04-07,BUY,GOLDBEES.NS,4501,73.83,332308.83,166.154415,1330079.1115500003,,
2025-04-07,BUY,BANKBEES.NS,647,513.46,332208.62,166.10431,997704.3872400003,,
2025-04-07,BUY,PSUBNKBEES.NS,4915,67.61,332303.15,166.151575,665235.0856650003,,
2025-04-07,BUY,CPSEETF.NS,4052,82.0,332264.0,166.132,332804.95366500027,,
2025-04-07,BUY,LTGILTBEES.NS,11756,28.27,332342.12,166.17106,296.66260500025237,,
2025-04-15,SELL,GOLDBEES.NS,4501,77.66,349547.66,174.77383,349669.5487750002,73.83,5.188
2025-04-15,SELL,BANKBEES.NS,647,536.28,346973.16,173.48658,696469.2221950002,513.46,4.444
2025-04-15,SELL,PSUBNKBEES.NS,4915,69.56,341887.4,170.9437,1038185.6784950001,67.61,2.884
2025-04-15,SELL,CPSEETF.NS,4052,87.39,354104.28,177.05214,1392112.906355,82.0,6.573
2025-04-15,SELL,LTGILTBEES.NS,11756,28.4,333870.39999999997,166.93519999999998,1725816.371155,28.27,0.46
2025-04-15,BUY,GOLDBEES.NS,4442,77.66,344965.72,172.48286,1380678.1682950002,,
2025-04-15,BUY,CPSEETF.NS,3947,87.39,344928.33,172.464165,1035577.3741300001,,
2025-04-15,BUY,BANKBEES.NS,643,536.28,344828.04,172.41402,690576.9201100001,,
2025-04-15,BUY,LTGILTBEES.NS,12147,28.4,344974.8,172.4874,345429.6327100001,,
2025-04-15,BUY,GILT5YBEES.NS,5645,61.11,344965.95,172.482975,291.1997350000893,,
2025-04-21,SELL,GOLDBEES.NS,4442,81.07,360112.93999999994,180.05646999999996,360224.083265,77.66,4.391
2025-04-21,SELL,CPSEETF.NS,3947,90.4,356808.80000000005,178.40440000000004,716854.4788650001,87.39,3.444
2025-04-21,SELL,BANKBEES.NS,643,566.23,364085.89,182.042945,1080758.3259200002,536.28,5.585
2025-04-21,SELL,LTGILTBEES.NS,12147,28.58,347161.25999999995,173.58062999999999,1427746.0052900002,28.4,0.634
2025-04-21,SELL,GILT5YBEES.NS,5645,61.55,347449.75,173.724875,1775022.0304150002,61.11,0.72
2025-04-21,BUY,GOLDBEES.NS,4376,81.07,354762.31999999995,177.38115999999997,1420082.3292550002,,
2025-04-21,BUY,BANKBEES.NS,626,566.23,354459.98000000004,177.22999000000002,1065445.119265,,
2025-04-21,BUY,CPSEETF.NS,3925,90.4,354820.0,177.41,710447.7092650002,,
2025-04-21,BUY,PSUBNKBEES.NS,4783,74.18,354802.94000000006,177.40147000000005,355467.36779500014,,
2025-04-21,BUY,INFRABEES.NS,393,901.61,354332.73,177.16636499999998,957.4714300001506,,
2025-05-12,SELL,GOLDBEES.NS,4376,77.98,341240.48000000004,170.62024000000002,342027.3311900002,81.07,-3.812
2025-05-12,SELL,BANKBEES.NS,626,567.97,355549.22000000003,177.77461000000002,697398.7765800002,566.23,0.307
2025-05-12,SELL,CPSEETF.NS,3925,89.36,350738.0,175.369,1047961.4075800001,90.4,-1.15
2025-05-12,SELL,PSUBNKBEES.NS,4783,71.97,344232.51,172.116255,1392021.8013250001,74.18,-2.979
2025-05-12,SELL,INFRABEES.NS,393,926.73,364204.89,182.10244500000002,1756044.5888800002,901.61,2.786
2025-05-12,BUY,GOLDBEES.NS,4501,77.98,350987.98000000004,175.49399000000003,1404881.11489,,
2025-05-12,BUY,BANKBEES.NS,618,567.97,351005.46,175.50273,1053700.15216,,
2025-05-12,BUY,INFRABEES.NS,378,926.73,350303.94,175.15197,703221.0601900001,,
2025-05-12,BUY,AUTOBEES.NS,1472,238.35,350851.2,175.4256,352194.4345900001,,
2025-05-12,BUY,MID150BEES.NS,1677,209.26,350929.01999999996,175.46451,1089.950080000097,,
2025-05-19,SELL,GOLDBEES.NS,4501,78.32,352518.31999999995,176.25915999999998,353432.01092000003,77.98,0.436
2025-05-19,SELL,BANKBEES.NS,618,568.28,351197.04,175.59851999999998,704453.4524000001,567.97,0.055
2025-05-19,SELL,INFRABEES.NS,378,930.05,351558.89999999997,175.77945,1055836.57295,926.73,0.358
2025-05-19,SELL,AUTOBEES.NS,1472,244.83,360389.76,180.19488,1416046.1380699999,238.35,2.719
2025-05-19,SELL,MID150BEES.NS,1677,215.51,361410.26999999996,180.70513499999998,1777275.702935,209.26,2.987
2025-05-19,BUY,MAFANG.NS,2635,134.8,355198.00000000006,177.59900000000005,1421900.103935,,
2025-05-19,BUY,AUTOBEES.NS,1451,244.83,355248.33,177.624165,1066474.14977,,
2025-05-19,BUY,MOM100.NS,5811,61.13,355226.43,177.613215,711070.106555,,
2025-05-19,BUY,MID150BEES.NS,1648,215.51,355160.48,177.58024,355732.046315,,
2025-05-19,BUY,CPSEETF.NS,3830,92.74,355194.19999999995,177.59709999999998,360.249215000018,,
2025-06-02,SELL,MAFANG.NS,2635,135.68,357516.80000000005,178.75840000000002,357698.2908150001,134.8,0.653
2025-06-02,SELL,AUTOBEES.NS,1451,238.11,345497.61000000004,172.74880500000003,703023.1520100001,244.83,-2.745
2025-06-02,SELL,MOM100.NS,5811,62.0,360282.0,180.141,1063125.01101,61.13,1.423
2025-06-02,SELL,MID150BEES.NS,1648,218.67,360368.16,180.18408,1423312.9869300001,215.51,1.466
2025-06-02,SELL,CPSEETF.NS,3830,91.8,351594.0,175.797,1774731.18993,92.74,-1.014
2025-06-02,BUY,MAFANG.NS,2614,135.68,354667.52,177.33376,1419886.33617,,
2025-06-02,BUY,PSUBNKBEES.NS,4460,79.54,354748.4,177.3742,1064960.56197,,
2025-06-02,BUY,MOM100.NS,5722,62.0,354764.0,177.382,710019.1799699999,,
2025-06-02,BUY,MID150BEES.NS,1622,218.67,354682.74,177.34137,355159.09859999997,,
2025-06-02,BUY,AUTOBEES.NS,1489,238.11,354545.79000000004,177.27289500000003,436.0357049999293,,
2025-06-09,SELL,MAFANG.NS,2614,135.68,354667.52,177.33376,354926.22194499994,135.68,0.0
2025-06-09,SELL,PSUBNKBEES.NS,4460,80.63,359609.8,179.8049,714356.2170449999,79.54,1.37
2025-06-09,SELL,MOM100.NS,5722,64.05,366494.1,183.24705,1080667.069995,62.0,3.306
2025-06-09,SELL,MID150BEES.NS,1622,225.46,365696.12,182.84806,1446180.341935,218.67,3.105
2025-06-09,SELL,AUTOBEES.NS,1489,243.1,361975.89999999997,180.98794999999998,1807975.2539849998,238.11,2.096
2025-06-09,BUY,PSUBNKBEES.NS,4482,80.63,361383.66,180.69182999999998,1446410.9021549998,,
2025-06-09,BUY,MOM100.NS,5642,64.05,361370.1,180.68505,1084860.1171049997,,
2025-06-09,BUY,MAFANG.NS,2663,135.68,361315.84,180.65792000000002,723363.6191849997,,
2025-06-09,BUY,MID150BEES.NS,1603,225.46,361412.38,180.70619,361770.5329949997,,
2025-06-09,BUY,SILVERBEES.NS,3509,102.99,361391.91,180.695955,197.92703999974765,,
2025-06-16,SELL,PSUBNKBEES.NS,4482,77.66,348072.12,174.03606,348096.01097999973,80.63,-3.683
2025-06-16,SELL,MOM100.NS,5642,63.13,356179.46,178.08973,704097.3812499997,64.05,-1.436
2025-06-16,SELL,MAFANG.NS,2663,134.81,358999.03,179.49951500000003,1062916.9117349999,135.68,-0.641
2025-06-16,SELL,MID150BEES.NS,1603,222.4,356507.2,178.2536,1419245.8581349999,225.46,-1.357
2025-06-16,SELL,SILVERBEES.NS,3509,103.57,363427.13,181.71356500000002,1782491.27457,102.99,0.563
2025-06-16,BUY,SILVERBEES.NS,3440,103.57,356280.8,178.1404,1426032.33417,,
2025-06-16,BUY,MOM100.NS,5644,63.13,356305.72000000003,178.15286000000003,1069548.46131,,
2025-06-16,BUY,MID150BEES.NS,1602,222.4,356284.8,178.1424,713085.5189099999,,
2025-06-16,BUY,MAFANG.NS,2643,134.81,356302.83,178.15141500000001,356604.5374949999,,
2025-06-16,BUY,ITBEES.NS,8376,42.54,356315.04,178.15752,111.33997499989346,,
2025-06-30,SELL,SILVERBEES.NS,3440,102.47,352496.8,176.2484,352431.8915749999,103.57,-1.062
2025-06-30,SELL,MOM100.NS,5644,64.13,361949.72,180.97485999999998,714200.6367149998,63.13,1.584
2025-06-30,SELL,MID150BEES.NS,1602,225.79,361715.58,180.85779000000002,1075735.3589249998,222.4,1.524
2025-06-30,SELL,MAFANG.NS,2643,140.96,372557.28,186.27864000000002,1448106.360285,134.81,4.562
2025-06-30,SELL,ITBEES.NS,8376,42.41,355226.16,177.61308,1803154.907205,42.54,-0.306
2025-06-30,BUY,MAFANG.NS,2557,140.96,360434.72000000003,180.21736,1442539.969845,,
2025-06-30,BUY,MON100.NS,1867,192.97,360274.99,180.137495,1082084.84235,,
2025-06-30,BUY,MOM100.NS,5620,64.13,360410.6,180.2053,721494.0370500002,,
2025-06-30,BUY,MID150BEES.NS,1596,225.79,360360.83999999997,180.18042,360953.0166300002,,
2025-06-30,BUY,INFRABEES.NS,371,969.11,359539.81,179.769905,1233.4367250002106,,
2025-07-07,SELL,MAFANG.NS,2557,152.28,389379.96,194.68998000000002,390418.7067450002,140.96,8.031
2025-07-07,SELL,MON100.NS,1867,191.93,358333.31,179.166655,748572.8500900002,192.97,-0.539
2025-07-07,SELL,MOM100.NS,5620,63.92,359230.4,179.61520000000002,1107623.6348900003,64.13,-0.327
2025-07-07,SELL,MID150BEES.NS,1596,225.72,360249.12,180.12456,1467692.6303300003,225.79,-0.031
2025-07-07,SELL,INFRABEES.NS,371,973.27,361083.17,180.541585,1828595.2587450002,969.11,0.429
2025-07-07,BUY,MAFANG.NS,2400,152.28,365472.0,182.736,1462940.5227450002,,
2025-07-07,BUY,MON100.NS,1904,191.93,365434.72000000003,182.71736,1097323.085385,,
2025-07-07,BUY,SILVERBEES.NS,3521,103.79,365444.59,182.722295,731695.77309,,
2025-07-07,BUY,MOM100.NS,5718,63.92,365494.56,182.74728,366018.46581,,
2025-07-07,BUY,ITBEES.NS,8641,42.3,365514.3,182.75715,321.4086600000155,,
2025-07-14,SELL,MAFANG.NS,2400,150.37,360888.0,180.44400000000002,361028.96466,152.28,-1.254
2025-07-14,SELL,MON100.NS,1904,191.15,363949.60000000003,181.97480000000002,724796.58986,191.93,-0.406
2025-07-14,SELL,SILVERBEES.NS,3521,110.02,387380.42,193.69021,1111983.31965,103.79,6.003
2025-07-14,SELL,MOM100.NS,5718,63.46,362864.28,181.43214,1474666.16751,63.92,-0.72
2025-07-14,SELL,ITBEES.NS,8641,40.49,349874.09,174.937045,1824365.320465,42.3,-4.279
2025-07-14,BUY,MAFANG.NS,2425,150.37,364647.25,182.323625,1459535.7468400002,,
2025-07-14,BUY,SILVERBEES.NS,3314,110.02,364606.27999999997,182.30313999999998,1094747.1637000002,,
2025-07-14,BUY,MON100.NS,1907,191.15,364523.05,182.261525,730041.8521750001,,
2025-07-14,BUY,MID150BEES.NS,1625,224.34,364552.5,182.27625,365307.0759250001,,
2025-07-14,BUY,MOM100.NS,5746,63.46,364641.16000000003,182.32058,483.59534500009613,,
2025-07-21,SELL,MAFANG.NS,2425,152.31,369351.75,184.675875,369650.6694700001,150.37,1.29
2025-07-21,SELL,SILVERBEES.NS,3314,109.37,362452.18,181.22609,731921.62338,110.02,-0.591
2025-07-21,SELL,MON100.NS,1907,196.7,375106.89999999997,187.55345,1106840.96993,191.15,2.903
2025-07-21,SELL,MID150BEES.NS,1625,226.0,367250.0,183.625,1473907.34493,224.34,0.74
2025-07-21,SELL,MOM100.NS,5746,63.94,367399.24,183.69962,1841122.8853099998,63.46,0.756
2025-07-21,BUY,MAFANG.NS,2416,152.31,367980.96,183.99048000000002,1472957.9348299997,,
2025-07-21,BUY,SILVERBEES.NS,3365,109.37,368030.05,184.015025,1104743.8698049998,,
2025-07-21,BUY,MON100.NS,1871,196.7,368025.69999999995,184.01285,736534.1569549998,,
2025-07-21,BUY,HNGSNGBEES.NS,892,412.53,367976.75999999995,183.98837999999998,368373.40857499983,,
2025-07-21,BUY,PSUBNKBEES.NS,4627,79.54,368031.58,184.01579,157.81278499984182,,
2025-07-28,SELL,MAFANG.NS,2416,154.23,372619.68,186.30984,372591.18294499983,152.31,1.261
2025-07-28,SELL,SILVERBEES.NS,3365,109.05,366953.25,183.476625,739360.9563199999,109.37,-0.293
2025-07-28,SELL,MON100.NS,1871,204.99,383536.29000000004,191.76814500000003,1122705.4781749998,196.7,4.215
2025-07-28,SELL,HNGSNGBEES.NS,892,441.0,393372.0,196.686,1515880.7921749998,412.53,6.901
2025-07-28,SELL,PSUBNKBEES.NS,4627,77.29,357620.83,178.810415,1873322.81176,79.54,-2.829
2025-07-28,BUY,SILVERBEES.NS,3433,109.05,374368.64999999997,187.18432499999997,1498766.977435,,
2025-07-28,BUY,MON100.NS,1826,204.99,374311.74,187.15587,1124268.0815650001,,
2025-07-28,BUY,MAFANG.NS,2428,154.23,374470.44,187.23522,749610.4063450001,,
2025-07-28,BUY,HNGSNGBEES.NS,849,441.0,374409.0,187.2045,375014.20184500015,,
2025-07-28,BUY,PHARMABEES.NS,16078,23.29,374456.62,187.22831,370.35353500017663,,
2025-08-04,SELL,SILVERBEES.NS,3433,108.09,371072.97000000003,185.53648500000003,371257.7870500002,109.05,-0.88
2025-08-04,SELL,MON100.NS,1826,200.42,365966.92,182.98346,737041.7235900002,204.99,-2.229
2025-08-04,SELL,MAFANG.NS,2428,156.82,380758.95999999996,190.37947999999997,1117610.3041100001,154.23,1.679
2025-08-04,SELL,HNGSNGBEES.NS,849,421.89,358184.61,179.092305,1475615.821805,441.0,-4.333
2025-08-04,SELL,PHARMABEES.NS,16078,22.74,365613.72,182.80686,1841046.7349450001,23.29,-2.362
2025-08-04,BUY,MAFANG.NS,2346,156.82,367899.72,183.94986,1472963.0650850001,,
2025-08-04,BUY,MON100.NS,1836,200.42,367971.12,183.98556,1104807.959525,,
2025-08-04,BUY,HNGSNGBEES.NS,872,421.89,367888.08,183.94404,736735.935485,,
2025-08-04,BUY,SILVERBEES.NS,3404,108.09,367938.36,183.96918,368613.606305,,
2025-08-04,BUY,GOLDBEES.NS,4421,83.23,367959.83,183.979915,469.79639000003226,,
2025-08-18,SELL,MAFANG.NS,2346,159.52,374233.92000000004,187.11696000000003,374516.59943000006,156.82,1.722
2025-08-18,SELL,MON100.NS,1836,205.78,377812.08,188.90604000000002,752139.7733900001,200.42,2.674
2025-08-18,SELL,HNGSNGBEES.NS,872,458.06,399428.32,199.71416000000002,1151368.37923,421.89,8.573
2025-08-18,SELL,SILVERBEES.NS,3404,110.06,374644.24,187.32212,1525825.2971100002,108.09,1.823
2025-08-18,SELL,GOLDBEES.NS,4421,82.75,365837.75,182.918875,1891480.1282350002,83.23,-0.577
2025-08-18,BUY,HNGSNGBEES.NS,825,458.06,377899.5,188.94975,1513391.678485,,
2025-08-18,BUY,MAFANG.NS,2370,159.52,378062.4,189.0312,1135140.247285,,
2025-08-18,BUY,MON100.NS,1837,205.78,378017.86,189.00893,756933.378355,,
2025-08-18,BUY,SILVERBEES.NS,3435,110.06,378056.10000000003,189.02805,378688.250305,,
2025-08-18,BUY,AUTOBEES.NS,1468,257.56,378098.08,189.04904000000002,401.1212649999652,,
2025-08-25,SELL,HNGSNGBEES.NS,825,463.73,382577.25,191.288625,382787.08264,458.06,1.238
2025-08-25,SELL,MAFANG.NS,2370,153.73,364340.1,182.17005,746945.0125899999,159.52,-3.63
2025-08-25,SELL,MON100.NS,1837,203.4,373645.8,186.8229,1120403.98969,205.78,-1.157
2025-08-25,SELL,SILVERBEES.NS,3435,112.05,384891.75,192.445875,1505103.293815,110.06,1.808
2025-08-25,SELL,AUTOBEES.NS,1468,260.88,382971.83999999997,191.48592,1887883.647895,257.56,1.289
2025-08-25,BUY,HNGSNGBEES.NS,813,463.73,377012.49,188.506245,1510682.65165,,
2025-08-25,BUY,AUTOBEES.NS,1446,260.88,377232.48,188.61624,1133261.55541,,
2025-08-25,BUY,MAFANG.NS,2454,153.73,377253.42,188.62671,755819.5087000001,,
2025-08-25,BUY,MON100.NS,1855,203.4,377307.0,188.6535,378323.8552000001,,
2025-08-25,BUY,CONSUMBEES.NS,2776,135.9,377258.4,188.62920000000003,876.8260000000591,,
2025-09-01,SELL,HNGSNGBEES.NS,813,477.73,388394.49,194.197245,389077.11875500006,463.73,3.019
2025-09-01,SELL,AUTOBEES.NS,1446,263.37,380833.02,190.41651000000002,769719.7222450001,260.88,0.954
2025-09-01,SELL,MAFANG.NS,2454,161.13,395413.01999999996,197.70650999999998,1164935.035735,153.73,4.814
2025-09-01,SELL,MON100.NS,1855,203.66,377789.3,188.89464999999998,1542535.441085,203.4,0.128
2025-09-01,SELL,CONSUMBEES.NS,2776,135.84,377091.84,188.54592000000002,1919438.735165,135.9,-0.044
2025-09-01,BUY,HNGSNGBEES.NS,803,477.73,383617.19,191.808595,1535629.73657,,
2025-09-01,BUY,MAFANG.NS,2381,161.13,383650.52999999997,191.825265,1151787.381305,,
2025-09-01,BUY,SILVERBEES.NS,3235,118.59,383638.65,191.81932500000002,767956.9119800001,,
2025-09-01,BUY,MON100.NS,1884,203.66,383695.44,191.84772,384069.62426000007,,
2025-09-01,BUY,AUTOBEES.NS,1456,263.37,383466.72000000003,191.73336000000003,411.17090000002645,,
2025-09-08,SELL,HNGSNGBEES.NS,803,490.39,393783.17,196.891585,393997.44931500003,477.73,2.65
2025-09-08,SELL,MAFANG.NS,2381,162.46,386817.26,193.40863000000002,780621.300685,161.13,0.825
2025-09-08,SELL,SILVERBEES.NS,3235,120.25,389008.75,194.504375,1169435.5463100001,118.59,1.4
2025-09-08,SELL,MON100.NS,1884,205.28,386747.52,193.37376,1555989.6925500003,203.66,0.795
2025-09-08,SELL,AUTOBEES.NS,1456,279.86,407476.16000000003,203.73808000000002,1963262.1144700004,263.37,6.261
2025-09-08,BUY,HNGSNGBEES.NS,800,490.39,392312.0,196.156,1570753.9584700004,,
2025-09-08,BUY,SILVERBEES.NS,3263,120.25,392375.75,196.187875,1178182.0205950004,,
2025-09-08,BUY,AUTOBEES.NS,1402,279.86,392363.72000000003,196.18186000000003,785622.1187350003,,
2025-09-08,BUY,GOLDBEES.NS,4361,89.98,392402.78,196.20139000000003,393023.1373450002,,
2025-09-08,BUY,MAFANG.NS,2415,162.46,392340.9,196.17045000000002,486.0668950002291,,
2025-09-29,SELL,HNGSNGBEES.NS,800,528.93,423143.99999999994,211.57199999999997,423418.4948950002,490.39,7.859
2025-09-29,SELL,SILVERBEES.NS,3263,139.06,453752.78,226.87639000000001,876944.3985050002,120.25,15.642
2025-09-29,SELL,AUTOBEES.NS,1402,271.24,380278.48000000004,190.13924000000003,1257032.7392650002,279.86,-3.08
2025-09-29,SELL,GOLDBEES.NS,4361,95.9,418219.9,209.10995000000003,1675043.5293150002,89.98,6.579
2025-09-29,SELL,MAFANG.NS,2415,168.27,406372.05000000005,203.18602500000003,2081212.3932900003,162.46,3.576
2025-09-29,BUY,SILVERBEES.NS,2991,139.06,415928.46,207.96423000000001,1665075.9690600003,,
2025-09-29,BUY,HNGSNGBEES.NS,786,528.93,415738.98,207.86948999999998,1249129.1195700003,,
2025-09-29,BUY,GOLDBEES.NS,4338,95.9,416014.2,208.0071,832906.9124700003,,
2025-09-29,BUY,MAFANG.NS,2472,168.27,415963.44,207.98172,416735.49075000035,,
2025-09-29,BUY,MON100.NS,1892,219.83,415918.36000000004,207.95918000000003,609.1715700002969,,
2025-10-06,SELL,SILVERBEES.NS,2991,143.67,429716.97,214.858485,430111.2830850003,139.06,3.315
2025-10-06,SELL,HNGSNGBEES.NS,786,563.54,442942.43999999994,221.47122,872832.2518650002,528.93,6.543
2025-10-06,SELL,GOLDBEES.NS,4338,99.22,430416.36,215.20818,1303033.4036850003,95.9,3.462
2025-10-06,SELL,MAFANG.NS,2472,169.23,418336.56,209.16828,1721160.7954050002,168.27,0.571
2025-10-06,SELL,MON100.NS,1892,240.61,455234.12000000005,227.61706000000004,2176167.2983450005,219.83,9.453
2025-10-06,BUY,SILVERBEES.NS,3027,143.67,434889.08999999997,217.44454499999998,1741060.7638000005,,
2025-10-06,BUY,HNGSNGBEES.NS,771,563.54,434489.33999999997,217.24466999999999,1306354.1791300005,,
2025-10-06,BUY,GOLDBEES.NS,4384,99.22,434980.48,217.49024,871156.2088900006,,
2025-10-06,BUY,MON100.NS,1807,240.61,434782.27,217.39113500000002,436156.5477550006,,
2025-10-06,BUY,PSUBNKBEES.NS,5118,84.99,434978.81999999995,217.48941,960.23834500066,,
2025-10-20,SELL,SILVERBEES.NS,3027,148.82,450478.13999999996,225.23906999999997,451213.1392750006,143.67,3.585
2025-10-20,SELL,HNGSNGBEES.NS,771,512.68,395276.27999999997,197.63814,846291.7811350005,563.54,-9.025
2025-10-20,SELL,GOLDBEES.NS,4384,105.14,460933.76,230.46688,1306995.0742550006,99.22,5.967
2025-10-20,SELL,MON100.NS,1807,239.16,432162.12,216.08106,1738941.1131950007,240.61,-0.603
2025-10-20,SELL,PSUBNKBEES.NS,5118,87.49,447773.81999999995,223.88690999999997,2186491.0462850006,84.99,2.942
2025-10-20,BUY,SILVERBEES.NS,2936,148.82,436935.51999999996,218.46776,1749337.0585250007,,
2025-10-20,BUY,GOLDBEES.NS,4157,105.14,437066.98,218.53349,1312051.5450350007,,
2025-10-20,BUY,MON100.NS,1827,239.16,436945.32,218.47266000000002,874887.7523750006,,
2025-10-20,BUY,PSUBNKBEES.NS,4995,87.49,437012.55,218.506275,437656.69610000064,,
2025-10-20,BUY,AUTOBEES.NS,1567,278.86,436973.62,218.48681,464.5892900006729,,
2025-10-27,SELL,SILVERBEES.NS,2936,138.85,407663.6,203.8318,407924.35749000066,148.82,-6.699
2025-10-27,SELL,GOLDBEES.NS,4157,100.14,416281.98,208.14099,823998.1965000007,105.14,-4.756
2025-10-27,SELL,MON100.NS,1827,245.29,448144.82999999996,224.07241499999998,1271918.9540850006,239.16,2.563
2025-10-27,SELL,PSUBNKBEES.NS,4995,89.23,445703.85000000003,222.85192500000002,1717399.9521600006,87.49,1.989
2025-10-27,SELL,AUTOBEES.NS,1567,279.73,438336.91000000003,219.16845500000002,2155517.6937050004,278.86,0.312
2025-10-27,BUY,MON100.NS,1756,245.29,430729.24,215.36462,1724573.0890850006,,
2025-10-27,BUY,GOLDBEES.NS,4302,100.14,430802.28,215.40114000000003,1293555.4079450006,,
2025-10-27,BUY,SILVERBEES.NS,3103,138.85,430851.55,215.425775,862488.4321700006,,
2025-10-27,BUY,PSUBNKBEES.NS,4828,89.23,430802.44,215.40122,431470.5909500006,,
2025-10-27,BUY,HNGSNGBEES.NS,837,514.22,430402.14,215.20107000000002,853.2498800005997,,
2025-11-03,SELL,MON100.NS,1756,245.44,430992.64,215.49632000000003,431630.39356000064,245.29,0.061
2025-11-03,SELL,GOLDBEES.NS,4302,100.05,430415.1,215.20755,861830.2860100006,100.14,-0.09
2025-11-03,SELL,SILVERBEES.NS,3103,142.47,442084.41,221.042205,1303693.6538050007,138.85,2.607
2025-11-03,SELL,PSUBNKBEES.NS,4828,93.13,449631.63999999996,224.81581999999997,1753100.4779850007,89.23,4.371
2025-11-03,SELL,HNGSNGBEES.NS,837,525.37,439734.69,219.867345,2192615.300640001,514.22,2.168
2025-11-03,BUY,MON100.NS,1785,245.44,438110.4,219.0552,1754285.845440001,,
2025-11-03,BUY,PSUBNKBEES.NS,4706,93.13,438269.77999999997,219.13488999999998,1315796.930550001,,
2025-11-03,BUY,SILVERBEES.NS,3076,142.47,438237.72,219.11885999999998,877340.0916900011,,
2025-11-03,BUY,MAFANG.NS,2487,176.23,438284.00999999995,219.14200499999998,438836.93968500115,,
2025-11-03,BUY,GOLDBEES.NS,4380,100.05,438219.0,219.1095,398.83018500113394,,
2025-11-17,SELL,MON100.NS,1785,235.78,420867.3,210.43365,421055.6965350011,245.44,-3.936
2025-11-17,SELL,PSUBNKBEES.NS,4706,94.56,444999.36,222.49967999999998,865832.556855001,93.13,1.535
2025-11-17,SELL,SILVERBEES.NS,3076,148.92,458077.92,229.03896,1323681.437895001,142.47,4.527
2025-11-17,SELL,MAFANG.NS,2487,171.13,425600.31,212.800155,1749068.947740001,176.23,-2.894
2025-11-17,SELL,GOLDBEES.NS,4380,101.94,446497.2,223.2486,2195342.899140001,100.05,1.889
2025-11-17,BUY,SILVERBEES.NS,2946,148.92,438718.31999999995,219.35915999999997,1756405.219980001,,
2025-11-17,BUY,PSUBNKBEES.NS,4640,94.56,438758.4,219.37920000000003,1317427.440780001,,
2025-11-17,BUY,GOLDBEES.NS,4304,101.94,438749.76,219.37488000000002,878458.305900001,,
2025-11-17,BUY,MON100.NS,1861,235.78,438786.58,219.39329,439452.332610001,,
2025-11-17,BUY,HNGSNGBEES.NS,834,525.9,438600.6,219.3003,632.4323100009933,,
2025-11-24,SELL,SILVERBEES.NS,2946,147.08,433297.68000000005,216.64884000000004,433713.46347000106,148.92,-1.236
2025-11-24,SELL,PSUBNKBEES.NS,4640,93.08,431891.2,215.9456,865388.7178700011,94.56,-1.565
2025-11-24,SELL,GOLDBEES.NS,4304,102.23,439997.92000000004,219.99896000000004,1305166.6389100011,101.94,0.284
2025-11-24,SELL,MON100.NS,1861,230.35,428681.35,214.340675,1733633.6482350011,235.78,-2.303
2025-11-24,SELL,HNGSNGBEES.NS,834,498.57,415807.38,207.90369,2149233.124545001,525.9,-5.197
2025-11-24,BUY,PSUBNKBEES.NS,4615,93.08,429564.2,214.7821,1719454.1424450008,,
2025-11-24,BUY,SILVERBEES.NS,2921,147.08,429620.68000000005,214.81034000000002,1289618.6521050008,,
2025-11-24,BUY,GOLDBEES.NS,4202,102.23,429570.46,214.78523,859833.4068750008,,
2025-11-24,BUY,INFRABEES.NS,434,989.55,429464.69999999995,214.73234999999997,430153.97452500084,,
2025-11-24,BUY,BANKBEES.NS,708,606.61,429479.88,214.73994000000002,459.3545850008377,,
2025-12-01,SELL,PSUBNKBEES.NS,4615,95.28,439717.2,219.85860000000002,439956.6959850009,93.08,2.364
2025-12-01,SELL,SILVERBEES.NS,2921,166.21,485499.41000000003,242.74970500000003,925213.3562800009,147.08,13.007
2025-12-01,SELL,GOLDBEES.NS,4202,106.72,448437.44,224.21872000000002,1373426.5775600008,102.23,4.392
2025-12-01,SELL,INFRABEES.NS,434,995.78,432168.51999999996,216.08425999999997,1805379.0133000007,989.55,0.63
2025-12-01,SELL,BANKBEES.NS,708,616.86,436736.88,218.36844000000002,2241897.5248600007,606.61,1.69
2025-12-01,BUY,SILVERBEES.NS,2696,166.21,448102.16000000003,224.05108,1793571.3137800007,,
2025-12-01,BUY,PSUBNKBEES.NS,4703,95.28,448101.84,224.05092000000002,1345245.4228600007,,
2025-12-01,BUY,GOLDBEES.NS,4199,106.72,448117.27999999997,224.05864,896904.0842200008,,
2025-12-01,BUY,BANKBEES.NS,726,616.86,447840.36,223.92018,448839.8040400008,,
2025-12-01,BUY,ITBEES.NS,10882,41.18,448120.76,224.06038,494.98366000078386,,
2025-12-22,SELL,SILVERBEES.NS,2696,199.95,539065.2,269.5326,539290.6510600008,166.21,20.3
2025-12-22,SELL,PSUBNKBEES.NS,4703,93.12,437943.36000000004,218.97168000000002,977015.0393800008,95.28,-2.267
2025-12-22,SELL,GOLDBEES.NS,4199,111.39,467726.61,233.863305,1444507.7860750007,106.72,4.376
2025-12-22,SELL,BANKBEES.NS,726,611.26,443774.76,221.88738,1888060.6586950007,616.86,-0.908
2025-12-22,SELL,ITBEES.NS,10882,43.29,471081.77999999997,235.54089,2358906.8978050007,41.18,5.124
2025-12-22,BUY,SILVERBEES.NS,2358,199.95,471482.1,235.74105,1887189.0567550007,,
2025-12-22,BUY,GOLDBEES.NS,4233,111.39,471513.87,235.756935,1415439.4298200007,,
2025-12-22,BUY,ITBEES.NS,10892,43.29,471514.68,235.75734,943688.9924800007,,
2025-12-22,BUY,PSUBNKBEES.NS,5063,93.12,471466.56,235.73328,471986.69920000073,,
2025-12-22,BUY,DIVOPPBEES.NS,5664,83.24,471471.36,235.73568,279.6035200007609,,
2025-12-29,SELL,SILVERBEES.NS,2358,218.25,514633.5,257.31675,514655.78677000076,199.95,9.152
2025-12-29,SELL,GOLDBEES.NS,4233,113.03,478455.99,239.227995,992872.5487750007,111.39,1.472
2025-12-29,SELL,ITBEES.NS,10892,41.98,457246.16,228.62308,1449890.0856950008,43.29,-3.026
2025-12-29,SELL,PSUBNKBEES.NS,5063,92.09,466251.67000000004,233.12583500000002,1915908.629860001,93.12,-1.106
2025-12-29,SELL,DIVOPPBEES.NS,5664,82.79,468922.56000000006,234.46128000000004,2384596.728580001,83.24,-0.541
2025-12-29,BUY,SILVERBEES.NS,2184,218.25,476658.0,238.329,1907700.399580001,,
2025-12-29,BUY,GOLDBEES.NS,4217,113.03,476647.51,238.323755,1430814.5658250009,,
2025-12-29,BUY,ITBEES.NS,11354,41.98,476640.92,238.32046,953935.3253650009,,
2025-12-29,BUY,DIVOPPBEES.NS,5757,82.79,476622.03,238.31101500000003,477074.98435000086,,
2025-12-29,BUY,NV20BEES.NS,3086,154.45,476632.69999999995,238.31634999999997,203.9680000009248,,
2026-01-05,SELL,SILVERBEES.NS,2184,225.54,492579.36,246.28968,492537.0383200009,218.25,3.34
2026-01-05,SELL,GOLDBEES.NS,4217,112.92,476183.64,238.09182,968482.5865000009,113.03,-0.097
2026-01-05,SELL,ITBEES.NS,11354,41.51,471304.54,235.65227,1439551.4742300007,41.98,-1.12
2026-01-05,SELL,DIVOPPBEES.NS,5757,83.54,480939.78,240.46989000000002,1920250.7843400007,82.79,0.906
2026-01-05,SELL,NV20BEES.NS,3086,155.71,480521.06,240.26053000000002,2400531.5838100007,154.45,0.816
2026-01-05,BUY,SILVERBEES.NS,2127,225.54,479723.57999999996,239.86178999999998,1920568.1420200006,,
2026-01-05,BUY,GOLDBEES.NS,4249,112.92,479797.08,239.89854000000003,1440531.1634800006,,
2026-01-05,BUY,PSUBNKBEES.NS,4932,97.28,479784.96,239.89248,960506.3110000006,,
2026-01-05,BUY,AUTOBEES.NS,1616,296.93,479838.88,239.91944,480427.51156000054,,
2026-01-05,BUY,ITBEES.NS,11560,41.51,479855.6,239.9278,331.9837600005558,,
2026-01-19,SELL,SILVERBEES.NS,2127,282.95,601834.65,300.917325,601865.7164350005,225.54,25.454
2026-01-19,SELL,GOLDBEES.NS,4249,121.1,514553.89999999997,257.27695,1116162.3394850004,112.92,7.244
2026-01-19,SELL,PSUBNKBEES.NS,4932,100.11,493742.52,246.87126,1609657.9882250004,97.28,2.909
2026-01-19,SELL,AUTOBEES.NS,1616,283.55,458216.80000000005,229.10840000000002,2067645.6798250005,296.93,-4.506
2026-01-19,SELL,ITBEES.NS,11560,42.86,495461.6,247.7308,2562859.5490250005,41.51,3.252
2026-01-19,BUY,SILVERBEES.NS,1810,282.95,512139.5,256.06975,2050463.9792750005,,
2026-01-19,BUY,GOLDBEES.NS,4230,121.1,512253.0,256.1265,1537954.8527750005,,
2026-01-19,BUY,PSUBNKBEES.NS,5117,100.11,512262.87,256.131435,1025435.8513400005,,
2026-01-19,BUY,ITBEES.NS,11953,42.86,512305.58,256.15279000000004,512874.1185500005,,
2026-01-19,BUY,HNGSNGBEES.NS,937,546.61,512173.57,256.086785,444.4617650004802,,
2026-02-02,SELL,SILVERBEES.NS,1810,219.94,398091.4,199.0457,398336.8160650005,282.95,-22.269
2026-02-02,SELL,GOLDBEES.NS,4230,118.67,501974.10000000003,250.98705,900059.9290150006,121.1,-2.007
2026-02-02,SELL,PSUBNKBEES.NS,5117,95.56,488980.52,244.49026,1388795.9587550005,100.11,-4.545
2026-02-02,SELL,ITBEES.NS,11953,41.94,501308.81999999995,250.65440999999998,1889854.1243450004,42.86,-2.147
2026-02-02,SELL,HNGSNGBEES.NS,937,527.64,494398.68,247.19934,2384005.6050050003,546.61,-3.47
2026-02-02,BUY,SILVERBEES.NS,2166,219.94,476390.04,238.19502,1907377.3699850002,,
2026-02-02,BUY,GOLDBEES.NS,4015,118.67,476460.05,238.230025,1430679.0899600002,,
2026-02-02,BUY,HNGSNGBEES.NS,903,527.64,476458.92,238.22946,953981.9405000003,,
2026-02-02,BUY,CPSEETF.NS,4969,95.89,476477.41,238.23870499999998,477266.29179500026,,
2026-02-02,BUY,ITBEES.NS,11362,41.94,476522.27999999997,238.26113999999998,505.7506550002727,,
2026-02-09,SELL,SILVERBEES.NS,2166,243.7,527854.2,263.9271,528096.0235550003,219.94,10.803
2026-02-09,SELL,GOLDBEES.NS,4015,127.98,513839.7,256.91985,1041678.8037050003,118.67,7.845
2026-02-09,SELL,HNGSNGBEES.NS,903,545.13,492252.39,246.12619500000002,1533685.0675100004,527.64,3.315
2026-02-09,SELL,CPSEETF.NS,4969,99.88,496303.72,248.15186,2029740.6356500005,95.89,4.161
2026-02-09,SELL,ITBEES.NS,11362,39.29,446412.98,223.20649,2475930.4091600003,41.94,-6.319
2026-02-09,BUY,GOLDBEES.NS,3867,127.98,494898.66000000003,247.44933000000003,1980784.2998300004,,
2026-02-09,BUY,CPSEETF.NS,4955,99.88,494905.39999999997,247.4527,1485631.4471300005,,
2026-02-09,BUY,SILVERBEES.NS,2030,243.7,494711.0,247.3555,990673.0916300004,,
2026-02-09,BUY,PSUBNKBEES.NS,4850,102.03,494845.5,247.42275,495580.16888000036,,
2026-02-09,BUY,HNGSNGBEES.NS,907,545.13,494432.91,247.216455,900.0424250003998,,
2026-02-23,SELL,GOLDBEES.NS,3867,130.0,502710.0,251.35500000000002,503358.6874250004,127.98,1.578
2026-02-23,SELL,CPSEETF.NS,4955,101.94,505112.7,252.55635,1008218.8310750003,99.88,2.062
2026-02-23,SELL,SILVERBEES.NS,2030,250.17,507845.1,253.92255,1515810.0085250004,243.7,2.655
2026-02-23,SELL,PSUBNKBEES.NS,4850,109.21,529668.5,264.83425,2045213.6742750006,102.03,7.037
2026-02-23,SELL,HNGSNGBEES.NS,907,542.38,491938.66,245.96932999999999,2536906.3649450005,545.13,-0.504
2026-02-23,BUY,PSUBNKBEES.NS,4643,109.21,507062.02999999997,253.531015,2029590.8039300004,,
2026-02-23,BUY,GOLDBEES.NS,3900,130.0,507000.0,253.5,1522337.3039300004,,
2026-02-23,BUY,CPSEETF.NS,4974,101.94,507049.56,253.52478,1015034.2191500005,,
2026-02-23,BUY,SILVERBEES.NS,2027,250.17,507094.58999999997,253.547295,507686.0818550005,,
2026-02-23,BUY,BANKBEES.NS,802,631.6,506543.2,253.2716,889.6102550005307,,
2026-03-02,SELL,PSUBNKBEES.NS,4643,107.1,497265.3,248.63265,497906.27760500053,109.21,-1.932
2026-03-02,SELL,GOLDBEES.NS,3900,138.32,539448.0,269.724,1037084.5536050005,130.0,6.4
2026-03-02,SELL,CPSEETF.NS,4974,102.32,508939.68,254.46984,1545769.7637650005,101.94,0.373
2026-03-02,SELL,SILVERBEES.NS,2027,274.65,556715.5499999999,278.35777499999995,2102206.9559900006,250.17,9.785
2026-03-02,SELL,BANKBEES.NS,802,617.72,495411.44,247.70572,2597370.6902700006,631.6,-2.198
2026-03-02,BUY,PSUBNKBEES.NS,4847,107.1,519113.69999999995,259.55685,2077997.4334200006,,
2026-03-02,BUY,GOLDBEES.NS,3753,138.32,519114.95999999996,259.55748,1558622.9159400007,,
2026-03-02,BUY,CPSEETF.NS,5074,102.32,519171.68,259.58584,1039191.6501000007,,
2026-03-02,BUY,SILVERBEES.NS,1890,274.65,519088.49999999994,259.54425,519843.60585000075,,
2026-03-02,BUY,PHARMABEES.NS,22000,23.6,519200.00000000006,259.6,384.0058500007144,,
2026-03-16,SELL,PSUBNKBEES.NS,4847,95.24,461628.27999999997,230.81413999999998,461781.4717100007,107.1,-11.074
2026-03-16,SELL,GOLDBEES.NS,3753,127.22,477456.66,238.72833,938999.4033800007,138.32,-8.025
2026-03-16,SELL,CPSEETF.NS,5074,101.05,512727.7,256.36385,1451470.7395300008,102.32,-1.241
2026-03-16,SELL,SILVERBEES.NS,1890,233.48,441277.19999999995,220.63859999999997,1892527.3009300008,274.65,-14.99
2026-03-16,SELL,PHARMABEES.NS,22000,23.16,509520.0,254.76000000000002,2401792.540930001,23.6,-1.864
2026-03-16,BUY,CPSEETF.NS,4751,101.05,480088.55,240.044275,1921463.946655001,,
2026-03-16,BUY,GOLDBEES.NS,3773,127.22,480001.06,240.00053,1441222.8861250011,,
2026-03-16,BUY,PHARMABEES.NS,20730,23.16,480106.8,240.0534,960876.0327250012,,
2026-03-16,BUY,GILT5YBEES.NS,7465,64.31,480074.15,240.03707500000002,480561.8456500012,,
2026-03-16,BUY,LTGILTBEES.NS,16336,29.39,480115.04000000004,240.05752,206.74813000118593,,
2026-03-23,SELL,CPSEETF.NS,4751,99.75,473912.25,236.95612500000001,473882.04200500116,101.05,-1.286
2026-03-23,SELL,GOLDBEES.NS,3773,110.72,417746.56,208.87328,891419.7287250012,127.22,-12.97
2026-03-23,SELL,PHARMABEES.NS,20730,22.72,470985.6,235.4928,1362169.8359250012,23.16,-1.9
2026-03-23,SELL,GILT5YBEES.NS,7465,64.03,477983.95,238.99197500000002,1839914.7939500012,64.31,-0.435
2026-03-23,SELL,LTGILTBEES.NS,16336,29.15,476194.39999999997,238.0972,2315871.0967500014,29.39,-0.817
2026-03-23,BUY,CPSEETF.NS,4641,99.75,462939.75,231.469875,1852699.8768750015,,
2026-03-23,BUY,PHARMABEES.NS,20376,22.72,462942.72,231.47136,1389525.6855150014,,
2026-03-23,BUY,GILT5YBEES.NS,7230,64.03,462936.9,231.46845000000002,926357.3170650015,,
2026-03-23,BUY,LTGILTBEES.NS,15881,29.15,462931.14999999997,231.465575,463194.7014900015,,
2026-03-23,BUY,LIQUIDBEES.NS,462,1000.0,462000.0,231.0,963.7014900015201,,
2026-03-30,SELL,CPSEETF.NS,4641,100.0,464100.0,232.05,464831.65149000153,99.75,0.251
2026-03-30,SELL,PHARMABEES.NS,20376,22.8,464572.8,232.2864,929172.1650900015,22.72,0.352
2026-03-30,SELL,GILT5YBEES.NS,7230,63.55,459466.5,229.73325,1388408.9318400016,64.03,-0.75
2026-03-30,SELL,LTGILTBEES.NS,15881,28.96,459913.76,229.95688,1848092.7349600017,29.15,-0.652
2026-03-30,SELL,LIQUIDBEES.NS,462,1000.0,462000.0,231.0,2309861.734960002,1000.0,0.0
2026-03-30,BUY,CPSEETF.NS,4617,100.0,461700.0,230.85,1847930.8849600018,,
2026-03-30,BUY,MON100.NS,1994,231.54,461690.76,230.84538,1386009.2795800017,,
2026-03-30,BUY,PHARMABEES.NS,20251,22.8,461722.8,230.8614,924055.6181800017,,
2026-03-30,BUY,LIQUIDBEES.NS,461,1000.0,461000.0,230.5,462825.11818000174,,
2026-03-30,BUY,GILT5YBEES.NS,7265,63.55,461690.75,230.84537500000002,903.5228050017613,,
2026-04-06,SELL,CPSEETF.NS,4617,101.7,469548.9,234.77445000000003,470217.64835500176,100.0,1.7
2026-04-06,SELL,MON100.NS,1994,242.18,482906.92000000004,241.45346000000004,952883.1148950018,231.54,4.595
2026-04-06,SELL,PHARMABEES.NS,20251,22.44,454432.44,227.21622,1407088.3386750016,22.8,-1.579
2026-04-06,SELL,LIQUIDBEES.NS,461,999.99,460995.39,230.49769500000002,1867853.2309800016,1000.0,-0.001
2026-04-06,SELL,GILT5YBEES.NS,7265,63.77,463289.05000000005,231.64452500000002,2330910.636455002,63.55,0.346
2026-04-06,BUY,MON100.NS,1923,242.18,465712.14,232.85607000000002,1864965.640385002,,
2026-04-06,BUY,CPSEETF.NS,4581,101.7,465887.7,232.94385,1398844.9965350018,,
2026-04-06,BUY,LIQUIDBEES.NS,465,999.99,464995.35,232.497675,933617.1488600018,,
2026-04-06,BUY,GILT5YBEES.NS,7306,63.77,465903.62,232.95181,467480.5770500018,,
2026-04-06,BUY,LTGILTBEES.NS,16167,28.82,465932.94,232.96647000000002,1314.670580001839,,
2026-04-13,SELL,MON100.NS,1923,255.05,490461.15,245.23057500000002,491530.59000500187,242.18,5.314
2026-04-13,SELL,CPSEETF.NS,4581,103.45,473904.45,236.952225,965198.0877800018,101.7,1.721
2026-04-13,SELL,LIQUIDBEES.NS,465,1000.0,465000.0,232.5,1429965.5877800018,999.99,0.001
2026-04-13,SELL,GILT5YBEES.NS,7306,64.47,471017.82,235.50891000000001,1900747.8988700018,63.77,1.098
2026-04-13,SELL,LTGILTBEES.NS,16167,29.13,470944.70999999996,235.472355,2371457.1365150018,28.82,1.076
2026-04-13,BUY,MON100.NS,1858,255.05,473882.9,236.94145,1897337.2950650018,,
2026-04-13,BUY,CPSEETF.NS,4582,103.45,474007.9,237.00395,1423092.3911150019,,
2026-04-13,BUY,GILT5YBEES.NS,7353,64.47,474047.91,237.023955,948807.4571600019,,
2026-04-13,BUY,JUNIORBEES.NS,655,723.6,473958.0,236.979,474612.47816000186,,
2026-04-13,BUY,MOMENTUM30.NS,15754,30.09,474037.86,237.01893,337.5992300018552,,
2026-04-20,SELL,MON100.NS,1858,285.16,529827.28,264.91364000000004,529899.9655900018,255.05,11.806
2026-04-20,SELL,CPSEETF.NS,4582,106.93,489953.26,244.97663,1019608.2489600019,103.45,3.364
2026-04-20,SELL,GILT5YBEES.NS,7353,64.57,474783.20999999996,237.391605,1494154.0673550018,64.47,0.155
2026-04-20,SELL,JUNIORBEES.NS,655,756.55,495540.24999999994,247.77012499999998,1989446.5472300018,723.6,4.554
2026-04-20,SELL,MOMENTUM30.NS,15754,30.95,487586.3,243.79315,2476789.054080002,30.09,2.858
2026-04-20,BUY,MON100.NS,1736,285.16,495037.76000000007,247.51888000000005,1981503.775200002,,
2026-04-20,BUY,MAFANG.NS,2814,175.9,494982.60000000003,247.49130000000002,1486273.683900002,,
2026-04-20,BUY,CPSEETF.NS,4630,106.93,495085.9,247.54295000000002,990940.2409500019,,
2026-04-20,BUY,JUNIORBEES.NS,654,756.55,494783.69999999995,247.39184999999998,495909.1491000019,,
2026-04-20,BUY,MOM100.NS,7697,64.32,495071.0399999999,247.53551999999996,590.5735800020047,,
2026-05-04,SELL,MON100.NS,1736,301.87,524046.32,262.02316,524374.870420002,285.16,5.86
2026-05-04,SELL,MAFANG.NS,2814,181.09,509587.26,254.79363,1033707.3367900021,175.9,2.951
2026-05-04,SELL,CPSEETF.NS,4630,108.01,500086.30000000005,250.04315000000003,1533543.5936400022,106.93,1.01
2026-05-04,SELL,JUNIORBEES.NS,654,759.22,496529.88,248.26494,2029825.2087000022,756.55,0.353
2026-05-04,SELL,MOM100.NS,7697,64.76,498457.72000000003,249.22886000000003,2528033.699840002,64.32,0.684
2026-05-04,BUY,MON100.NS,1674,301.87,505330.38,252.66519,2022450.6546500023,,
2026-05-04,BUY,MAFANG.NS,2790,181.09,505241.10000000003,252.62055,1516956.9341000023,,
2026-05-04,BUY,CPSEETF.NS,4678,108.01,505270.78,252.63539000000003,1011433.5187100023,,
2026-05-04,BUY,JUNIORBEES.NS,665,759.22,504881.30000000005,252.44065000000003,506299.77806000225,,
2026-05-04,BUY,PHARMABEES.NS,21012,24.05,505338.60000000003,252.66930000000002,708.5087600022089,,
2026-05-11,SELL,MON100.NS,1674,315.16,527577.8400000001,263.7889200000001,528022.5598400023,301.87,4.403
2026-05-11,SELL,MAFANG.NS,2790,188.14,524910.6,262.45529999999997,1052670.7045400022,181.09,3.893
2026-05-11,SELL,CPSEETF.NS,4678,105.51,493575.78,246.78789000000003,1545999.6966500022,108.01,-2.315
2026-05-11,SELL,JUNIORBEES.NS,665,758.9,504668.5,252.33425,2050415.862400002,759.22,-0.042
2026-05-11,SELL,PHARMABEES.NS,21012,24.81,521307.72,260.65386,2571462.928540002,24.05,3.16
2026-05-11,BUY,MON100.NS,1631,315.16,514025.96,257.01298,2057179.955560002,,
2026-05-11,BUY,MAFANG.NS,2732,188.14,513998.48,256.99924,1542924.476320002,,
2026-05-11,BUY,MOM100.NS,7800,65.9,514020.00000000006,257.01000000000005,1028647.466320002,,
2026-05-11,BUY,MID150BEES.NS,2206,232.92,513821.51999999996,256.91076,514569.035560002,,
2026-05-11,BUY,PHARMABEES.NS,20718,24.81,514013.57999999996,257.00678999999997,298.4487700020545,,
2026-05-18,SELL,MON100.NS,1631,331.62,540872.22,270.43611,540900.2326600021,315.16,5.223
2026-05-18,SELL,MAFANG.NS,2732,197.89,540635.48,270.31774,1081265.3949200022,188.14,5.182
2026-05-18,SELL,MOM100.NS,7800,65.05,507390.0,253.695,1588401.6999200021,65.9,-1.29
2026-05-18,SELL,MID150BEES.NS,2206,229.57,506431.42,253.21571,2094579.9042100022,232.92,-1.438
2026-05-18,SELL,PHARMABEES.NS,20718,25.44,527065.92,263.53296,2621382.291250002,24.81,2.539
2026-05-18,BUY,MON100.NS,1580,331.62,523959.60000000003,261.9798,2097160.711450002,,
2026-05-18,BUY,MAFANG.NS,2648,197.89,524012.72,262.00636,1572885.9850900022,,
2026-05-18,BUY,PHARMABEES.NS,20598,25.44,524013.12000000005,262.00656000000004,1048610.8585300022,,
2026-05-18,BUY,SILVERBEES.NS,2069,253.16,523788.04,261.89402,524560.9245100021,,
2026-05-18,BUY,MOM100.NS,8055,65.05,523977.75,261.988875,321.1856350021553,,
2026-06-01,SELL,MON100.NS,1580,335.83,530611.4,265.3057,530667.2799350021,331.62,1.27
2026-06-01,SELL,MAFANG.NS,2648,201.4,533307.2000000001,266.65360000000004,1063707.8263350022,197.89,1.774
2026-06-01,SELL,PHARMABEES.NS,20598,24.88,512478.24,256.23912,1575929.8272150022,25.44,-2.201
2026-06-01,SELL,SILVERBEES.NS,2069,249.54,516298.26,258.14913,2091969.9380850021,253.16,-1.43
2026-06-01,SELL,MOM100.NS,8055,65.57,528166.35,264.083175,2619872.204910002,65.05,0.799
2026-06-01,BUY,MON100.NS,1559,335.83,523558.97,261.77948499999997,2096051.4554250021,,
2026-06-01,BUY,MAFANG.NS,2600,201.4,523640.0,261.82,1572149.635425002,,
2026-06-01,BUY,MOM100.NS,7987,65.57,523707.58999999997,261.853795,1048180.1916300021,,
2026-06-01,BUY,PHARMABEES.NS,21049,24.88,523699.12,261.84956,524219.2220700021,,
2026-06-01,BUY,MID150BEES.NS,2277,229.92,523527.83999999997,261.76392,429.61815000214847,,
2026-06-08,SELL,MON100.NS,1559,330.89,515857.50999999995,257.92875499999997,516029.1993950021,335.83,-1.471
2026-06-08,SELL,MAFANG.NS,2600,202.2,525720.0,262.86,1041486.3393950021,201.4,0.397
2026-06-08,SELL,MOM100.NS,7987,64.64,516279.68,258.13984,1557507.879555002,65.57,-1.418
2026-06-08,SELL,PHARMABEES.NS,21049,24.8,522015.2,261.0076,2079262.0719550021,24.88,-0.322
2026-06-08,SELL,MID150BEES.NS,2277,226.84,516514.68,258.25734,2595518.494615002,229.92,-1.34
2026-06-08,BUY,MON100.NS,1568,330.89,518835.51999999996,259.41776,2076423.5568550022,,
2026-06-08,BUY,MAFANG.NS,2565,202.2,518642.99999999994,259.32149999999996,1557521.2353550023,,
2026-06-08,BUY,PHARMABEES.NS,20921,24.8,518840.8,259.4204,1038421.0149550023,,
2026-06-08,BUY,MOM100.NS,8026,64.64,518800.64,259.40032,519360.9746350023,,
2026-06-08,BUY,JUNIORBEES.NS,696,744.88,518436.48,259.21824,665.2763950023218,,
2026-06-15,SELL,MON100.NS,1568,330.19,517737.92,258.86896,518144.3274350023,330.89,-0.212
2026-06-15,SELL,MAFANG.NS,2565,192.04,492582.6,246.2913,1010480.6361350024,202.2,-5.025
2026-06-15,SELL,PHARMABEES.NS,20921,24.85,519886.85000000003,259.94342500000005,1530107.5427100025,24.8,0.202
2026-06-15,SELL,MOM100.NS,8026,66.46,533407.96,266.70398,2063248.7987300025,64.64,2.816
2026-06-15,SELL,JUNIORBEES.NS,696,773.42,538300.32,269.15015999999997,2601279.9685700024,744.88,3.831
2026-06-15,BUY,MON100.NS,1574,330.19,519719.06,259.85953,2081301.0490400023,,
2026-06-15,BUY,PHARMABEES.NS,20925,24.85,519986.25000000006,259.993125,1561054.8059150022,,
2026-06-15,BUY,MAFANG.NS,2707,192.04,519852.27999999997,259.92614,1040942.5997750023,,
2026-06-15,BUY,BANKBEES.NS,881,589.68,519508.07999999996,259.75404,521174.76573500235,,
2026-06-15,BUY,MOM100.NS,7824,66.46,519983.04,259.99152,931.7342150023906,,
2026-06-22,SELL,MON100.NS,1574,335.94,528769.5599999999,264.38478,529436.9094350024,330.19,1.741
2026-06-22,SELL,PHARMABEES.NS,20925,25.39,531285.75,265.642875,1060457.0165600022,24.85,2.173
2026-06-22,SELL,MAFANG.NS,2707,195.58,529435.06,264.71753,1589627.3590300023,192.04,1.843
2026-06-22,SELL,BANKBEES.NS,881,598.96,527683.76,263.84188,2117047.2771500023,589.68,1.574
2026-06-22,SELL,MOM100.NS,7824,67.78,530310.72,265.15536,2647092.8417900023,66.46,1.986
2026-06-22,BUY,MON100.NS,1575,335.94,529105.5,264.55275,2117722.789040002,,
2026-06-22,BUY,BANKBEES.NS,883,598.96,528881.68,264.44084000000004,1588576.668200002,,
2026-06-22,BUY,MOM100.NS,7806,67.78,529090.68,264.54534,1059221.4428600022,,
2026-06-22,BUY,JUNIORBEES.NS,672,786.83,528749.76,264.37488,530207.3079800021,,
2026-06-22,BUY,MID150BEES.NS,2221,238.23,529108.83,264.554415,833.9235650021583,,
2026-06-29,SELL,MON100.NS,1575,324.22,510646.50000000006,255.32325000000003,511225.1003150022,335.94,-3.489
2026-06-29,SELL,BANKBEES.NS,883,598.0,528034.0,264.017,1038995.0833150023,598.96,-0.16
2026-06-29,SELL,MOM100.NS,7806,66.41,518396.45999999996,259.19822999999997,1557132.3450850022,67.78,-2.021
2026-06-29,SELL,JUNIORBEES.NS,672,772.96,519429.12,259.71456,2076301.7505250024,786.83,-1.763
2026-06-29,SELL,MID150BEES.NS,2221,234.25,520269.25,260.134625,2596310.8659000024,238.23,-1.671
2026-06-29,BUY,MON100.NS,1600,324.22,518752.00000000006,259.37600000000003,2077299.4899000023,,
2026-06-29,BUY,BANKBEES.NS,867,598.0,518466.0,259.233,1558574.2569000022,,
2026-06-29,BUY,PHARMABEES.NS,20038,25.9,518984.19999999995,259.4921,1039330.5648000024,,
2026-06-29,BUY,JUNIORBEES.NS,671,772.96,518656.16000000003,259.32808,520415.07672000234,,
2026-06-29,BUY,MOM100.NS,7815,66.41,518994.14999999997,259.497075,1161.429645002354,,
2026-07-06,SELL,MON100.NS,1600,327.91,524656.0,262.32800000000003,525555.1016450024,324.22,1.138
2026-07-06,SELL,BANKBEES.NS,867,603.04,522835.68,261.41784,1048129.3638050023,598.0,0.843
2026-07-06,SELL,PHARMABEES.NS,20038,26.53,531608.14,265.80407,1579471.6997350024,25.9,2.432
2026-07-06,SELL,JUNIORBEES.NS,671,784.84,526627.64,263.31382,2105836.0259150025,772.96,1.537
2026-07-06,SELL,MOM100.NS,7815,67.4,526731.0,263.3655,2632303.6604150026,66.41,1.491
2026-07-06,BUY,PHARMABEES.NS,19834,26.53,526196.02,263.09801,2105844.5424050028,,
2026-07-06,BUY,MON100.NS,1604,327.91,525967.64,262.98382000000004,1579613.918585003,,
2026-07-06,BUY,BANKBEES.NS,872,603.04,525850.88,262.92544,1053500.1131450029,,
2026-07-06,BUY,CONSUMBEES.NS,3988,131.94,526176.72,263.08835999999997,527060.3047850028,,
2026-07-06,BUY,JUNIORBEES.NS,670,784.84,525842.8,262.9214,954.5833850027993,,
2026-07-13,SELL,PHARMABEES.NS,19834,26.39,523419.26,261.70963,524112.1337550028,26.53,-0.528
2026-07-13,SELL,MON100.NS,1604,332.37,533121.48,266.56074,1056967.0530150027,327.91,1.36
2026-07-13,SELL,BANKBEES.NS,872,600.74,523845.28,261.92264,1580550.4103750028,603.04,-0.381
2026-07-13,SELL,CONSUMBEES.NS,3988,129.65,517044.2,258.5221,2097336.088275003,131.94,-1.736
2026-07-13,SELL,JUNIORBEES.NS,670,779.19,522057.30000000005,261.02865,2619132.359625003,784.84,-0.72
2026-07-13,BUY,PHARMABEES.NS,19839,26.39,523551.21,261.77560500000004,2095319.3740200028,,
2026-07-13,BUY,BANKBEES.NS,871,600.74,523244.54,261.62227,1571813.2117500028,,
2026-07-13,BUY,MOM100.NS,7699,68.0,523532.0,261.766,1048019.4457500027,,
2026-07-13,BUY,MID150BEES.NS,2187,239.34,523436.58,261.71829,524321.1474600027,,
2026-07-13,BUY,CONSUMBEES.NS,4038,129.65,523526.7,261.76335,532.6841100026504,,
2026-07-20,SELL,PHARMABEES.NS,19839,26.77,531090.03,265.54501500000003,531357.1690950026,26.39,1.44
2026-07-20,SELL,BANKBEES.NS,871,600.21,522782.91000000003,261.391455,1053878.6876400027,600.74,-0.088
2026-07-20,SELL,MOM100.NS,7699,67.85,522377.14999999997,261.188575,1575994.6490650028,68.0,-0.221
2026-07-20,SELL,MID150BEES.NS,2187,238.93,522539.91000000003,261.26995500000004,2098273.289110003,239.34,-0.171
2026-07-20,SELL,CONSUMBEES.NS,4038,130.7,527766.6,263.8833,2625776.005810003,129.65,0.81
2026-07-20,BUY,PHARMABEES.NS,19607,26.77,524879.39,262.43969500000003,2100634.176115003,,
2026-07-20,BUY,BANKBEES.NS,874,600.21,524583.54,262.29177000000004,1575788.344345003,,
2026-07-20,BUY,MAFANG.NS,2642,198.67,524886.14,262.44307000000003,1050639.7612750027,,
2026-07-20,BUY,MON100.NS,1600,327.96,524736.0,262.368,525641.3932750027,,
2026-07-20,BUY,AUTOBEES.NS,1881,279.0,524799.0,262.3995,579.9937750026584,,
2026-07-27,SELL,PHARMABEES.NS,19607,26.72,523899.04,261.94952,524217.0842550026,26.77,-0.187
2026-07-27,SELL,BANKBEES.NS,874,591.44,516918.56000000006,258.45928000000004,1040877.1849750027,600.21,-1.461
2026-07-27,SELL,MAFANG.NS,2642,192.54,508690.68,254.34534,1549313.5196350026,198.67,-3.086
2026-07-27,SELL,MON100.NS,1600,322.11,515376.0,257.688,2064431.8316350025,327.96,-1.784
2026-07-27,SELL,AUTOBEES.NS,1881,285.24,536536.4400000001,268.26822000000004,2600700.0034150025,279.0,2.237
2026-07-27,BUY,PHARMABEES.NS,19456,26.72,519864.31999999995,259.93215999999995,2080575.7512550026,,
2026-07-27,BUY,AUTOBEES.NS,1822,285.24,519707.28,259.85364000000004,1560608.6176150027,,
2026-07-27,BUY,CONSUMBEES.NS,3930,132.26,519781.8,259.8909,1040566.9267150026,,
2026-07-27,BUY,ITBEES.NS,15898,32.7,519864.60000000003,259.9323,520442.3944150026,,
2026-07-27,BUY,BANKBEES.NS,879,591.44,519875.76000000007,259.93788000000006,306.69653500255663,,
