date,action,ticker,units,price,gross,cost,cash_after,entry_price,pct_from_entry
2018-01-01,BUY,MON100.NS,4130,48.4,199892.0,99.946,800008.054,,
2018-01-01,BUY,MOM100.NS,9169,21.8,199884.2,99.94210000000001,600023.9119,,
2018-01-01,BUY,JUNIORBEES.NS,633,315.5,199711.5,99.85575,400212.55614999996,,
2018-01-01,BUY,INFRABEES.NS,537,371.7,199602.9,99.80145,200509.85469999997,,
2018-01-01,BUY,NIFTYBEES.NS,1854,107.81,199879.74,99.93987,530.1748299999745,,
2018-01-08,SELL,NIFTYBEES.NS,1854,109.25,202549.5,101.27475,202978.40007999996,107.81,1.336
2018-01-08,BUY,NIF100BEES.NS,1781,113.9,202855.90000000002,101.42795000000001,21.07212999992771,,
2018-01-15,SELL,INFRABEES.NS,537,372.42,199989.54,99.99477,199910.61735999995,371.7,0.194
2018-01-15,SELL,NIF100BEES.NS,1781,115.02,204850.62,102.42531,404658.81204999995,113.9,0.983
2018-01-15,BUY,CPSEETF.NS,6523,31.0,202213.0,101.1065,202344.70554999996,,
2018-01-15,BUY,DIVOPPBEES.NS,6887,29.36,202202.32,101.10116000000001,41.28438999995706,,
2018-01-22,SELL,JUNIORBEES.NS,633,320.11,202629.63,101.31481500000001,202569.59957499997,315.5,1.461
2018-01-22,SELL,CPSEETF.NS,6523,30.31,197712.13,98.856065,400182.87350999995,31.0,-2.226
2018-01-22,SELL,DIVOPPBEES.NS,6887,29.59,203786.33,101.893165,603867.3103449999,29.36,0.783
2018-01-22,BUY,BANKBEES.NS,733,274.16,200959.28000000003,100.47964000000002,402807.5507049998,,
2018-01-22,BUY,NIFTYBEES.NS,1782,112.88,201152.16,100.57608,201554.81462499982,,
2018-01-22,BUY,NIF100BEES.NS,1726,116.5,201079.0,100.5395,375.27512499981094,,
2018-02-05,SELL,MOM100.NS,9169,22.11,202726.59,101.363295,203000.50182999982,21.8,1.422
2018-02-05,SELL,NIF100BEES.NS,1726,112.16,193588.16,96.79408000000001,396491.86774999986,116.5,-3.725
2018-02-05,BUY,GOLDBEES.NS,7290,27.18,198142.2,99.0711,198250.59664999985,,
2018-02-05,BUY,DIVOPPBEES.NS,6785,29.2,198122.0,99.061,29.535649999859743,,
2018-02-12,SELL,BANKBEES.NS,733,261.59,191745.46999999997,95.87273499999999,191679.13291499982,274.16,-4.585
2018-02-12,SELL,NIFTYBEES.NS,1782,109.14,194487.48,97.24374,386069.3691749998,112.88,-3.313
2018-02-12,BUY,LIQUIDBEES.NS,192,1000.0,192000.0,96.0,193973.36917499983,,
2018-02-12,BUY,MOM100.NS,8734,22.09,192934.06,96.46703,942.8421449998277,,
2018-02-19,SELL,MOM100.NS,8734,21.56,188305.03999999998,94.15252,189153.7296249998,22.09,-2.399
2018-02-19,BUY,NIFTYBEES.NS,1760,107.41,189041.6,94.52080000000001,17.608824999799253,,
2018-03-19,SELL,DIVOPPBEES.NS,6785,30.0,203550.0,101.775,203465.8338249998,29.2,2.74
2018-03-19,BUY,JUNIORBEES.NS,704,288.63,203195.52,101.59776,168.71606499981135,,
2018-04-09,SELL,MON100.NS,4130,50.31,207780.30000000002,103.89015,207845.12591499984,48.4,3.946
2018-04-09,BUY,INFRABEES.NS,602,345.0,207690.0,103.845,51.28091499983566,,
2018-04-16,SELL,LIQUIDBEES.NS,192,999.99,191998.08000000002,95.99904000000001,191953.36187499986,1000.0,-0.001
2018-04-16,BUY,BANKBEES.NS,747,256.75,191792.25,95.896125,65.21574999985751,,
2018-04-23,SELL,BANKBEES.NS,747,252.85,188878.94999999998,94.43947499999999,188849.72627499985,256.75,-1.519
2018-04-23,BUY,MON100.NS,3588,52.6,188728.80000000002,94.36440000000002,26.561874999839347,,
2018-04-30,SELL,MON100.NS,3588,50.11,179794.68,89.89734,179731.34453499984,52.6,-4.734
2018-04-30,BUY,BANKBEES.NS,691,259.83,179542.53,89.771265,99.04326999984914,,
2018-05-07,SELL,INFRABEES.NS,602,351.0,211302.0,105.651,211295.39226999984,345.0,1.739
2018-05-07,BUY,MOM100.NS,10099,20.91,211170.09,105.585045,19.717224999825703,,
2018-05-14,SELL,JUNIORBEES.NS,704,298.62,210228.48,105.11424000000001,210143.08298499984,288.63,3.461
2018-05-14,BUY,LIQUIDBEES.NS,210,1000.0,210000.0,105.0,38.082984999840846,,
2018-05-21,SELL,LIQUIDBEES.NS,210,1000.0,210000.0,105.0,209933.08298499984,1000.0,0.0
2018-05-21,BUY,MON100.NS,3797,55.26,209822.22,104.91111000000001,5.951874999853317,,
2018-05-28,SELL,MOM100.NS,10099,20.45,206524.55,103.262275,206427.23959999986,20.91,-2.2
2018-05-28,BUY,PSUBNKBEES.NS,6151,33.54,206304.54,103.15227,19.54732999985572,,
2018-06-04,SELL,GOLDBEES.NS,7290,27.53,200693.7,100.34685,200612.90047999987,27.18,1.288
2018-06-04,BUY,LIQUIDBEES.NS,200,1000.0,200000.0,100.0,512.9004799998656,,
2018-06-11,SELL,LIQUIDBEES.NS,200,1000.0,200000.0,100.0,200412.90047999987,1000.0,0.0
2018-06-11,BUY,CPSEETF.NS,7255,27.61,200310.55,100.155275,2.195204999879934,,
2018-06-18,SELL,CPSEETF.NS,7255,26.75,194071.25,97.035625,193976.4095799999,27.61,-3.115
2018-06-18,BUY,LIQUIDBEES.NS,193,1000.0,193000.0,96.5,879.9095799998904,,
2018-07-02,SELL,PSUBNKBEES.NS,6151,31.05,190988.55000000002,95.49427500000002,191772.9653049999,33.54,-7.424
2018-07-02,BUY,GOLDBEES.NS,7062,27.14,191662.68,95.83134,14.45396499990602,,
2018-07-16,SELL,GOLDBEES.NS,7062,27.0,190674.0,95.337,190593.1169649999,27.14,-0.516
2018-07-16,BUY,DIVOPPBEES.NS,6479,29.4,190482.59999999998,95.2413,15.275664999935543,,
2018-07-30,SELL,LIQUIDBEES.NS,193,1000.0,193000.0,96.5,192918.77566499994,1000.0,0.0
2018-07-30,BUY,PSUBNKBEES.NS,2684,35.92,96409.28,48.20464,96461.29102499994,,
2018-07-30,BUY,JUNIORBEES.NS,318,302.7,96258.59999999999,48.12929999999999,154.56172499994864,,
2018-08-06,SELL,MON100.NS,3797,58.37,221630.88999999998,110.815445,221674.63627999995,55.26,5.628
2018-08-06,SELL,BANKBEES.NS,691,284.67,196706.97,98.353485,418283.252795,259.83,9.56
2018-08-06,BUY,MOM100.NS,9977,20.95,209018.15,104.509075,209160.59371999998,,
2018-08-06,BUY,NIF100BEES.NS,1741,120.05,209007.05,104.503525,49.040194999979576,,
2018-08-13,SELL,NIF100BEES.NS,1741,119.18,207492.38,103.74619,207437.67400499998,120.05,-0.725
2018-08-13,BUY,BANKBEES.NS,732,283.13,207251.16,103.62558,82.88842499998282,,
2018-08-20,SELL,JUNIORBEES.NS,318,311.28,98987.04,49.49352,99020.43490499997,302.7,2.834
2018-08-20,BUY,NIF100BEES.NS,815,121.3,98859.5,49.42975,111.5051549999771,,
2018-08-27,SELL,BANKBEES.NS,732,288.35,211072.2,105.5361,211078.169055,283.13,1.844
2018-08-27,BUY,JUNIORBEES.NS,666,316.69,210915.54,105.45777000000001,57.17128499998944,,
2018-09-03,SELL,NIFTYBEES.NS,1760,120.77,212555.19999999998,106.27759999999999,212506.09368499997,107.41,12.438
2018-09-03,BUY,INFRABEES.NS,635,334.33,212299.55,106.14977499999999,100.39390999998432,,
2018-09-10,SELL,MOM100.NS,9977,20.34,202932.18,101.46609,202931.10781999998,20.95,-2.912
2018-09-10,BUY,NIFTYBEES.NS,1695,119.65,202806.75,101.403375,22.954444999981206,,
2018-09-17,SELL,PSUBNKBEES.NS,2684,34.0,91256.0,45.628,91233.32644499998,35.92,-5.345
2018-09-17,BUY,GOLDBEES.NS,3337,27.32,91166.84,45.58342,20.90302499999234,,
2018-09-24,SELL,JUNIORBEES.NS,666,285.93,190429.38,95.21469,190355.06833500002,316.69,-9.713
2018-09-24,SELL,NIFTYBEES.NS,1695,114.8,194586.0,97.293,384843.775335,119.65,-4.053
2018-09-24,BUY,CPSEETF.NS,7128,26.98,192313.44,96.15672,192434.178615,,
2018-09-24,BUY,LIQUIDBEES.NS,192,1000.0,192000.0,96.0,338.17861500001163,,
2018-10-01,SELL,INFRABEES.NS,635,301.45,191420.75,95.710375,191663.21824000002,334.33,-9.835
2018-10-01,BUY,NIFTYBEES.NS,1666,114.96,191523.36,95.76168,44.096560000034515,,
2018-10-08,SELL,CPSEETF.NS,7128,24.04,171357.12,85.67856,171315.53800000003,26.98,-10.897
2018-10-08,BUY,MOM100.NS,9260,18.49,171217.4,85.6087,12.529300000023795,,
2018-10-15,SELL,MOM100.NS,9260,18.8,174088.0,87.044,174013.48530000003,18.49,1.677
2018-10-15,SELL,NIFTYBEES.NS,1666,109.99,183243.34,91.62167,357165.20363,114.96,-4.323
2018-10-15,BUY,BANKBEES.NS,689,258.71,178251.18999999997,89.12559499999999,178824.88803500004,,
2018-10-15,BUY,CPSEETF.NS,7052,25.31,178486.12,89.24306,249.52497500003665,,
2018-10-22,SELL,BANKBEES.NS,689,255.15,175798.35,87.899175,175959.97580000004,258.71,-1.376
2018-10-22,SELL,NIF100BEES.NS,815,108.47,88403.05,44.201525000000004,264318.824275,121.3,-10.577
2018-10-22,BUY,MON100.NS,2123,62.2,132050.6,66.0253,132202.198975,,
2018-10-22,BUY,MOM100.NS,6915,19.1,132076.5,66.03825,59.66072499999427,,
2018-11-05,SELL,MOM100.NS,6915,19.44,134427.6,67.2138,134420.046925,19.1,1.78
2018-11-05,SELL,MON100.NS,2123,59.99,127358.77,63.679385,261715.13754000003,62.2,-3.553
2018-11-05,SELL,CPSEETF.NS,7052,24.92,175735.84000000003,87.86792000000001,437363.10962000006,25.31,-1.541
2018-11-05,BUY,INFRABEES.NS,467,311.7,145563.9,72.78195,291726.42767000006,,
2018-11-05,BUY,PSUBNKBEES.NS,4385,33.23,145713.55,72.856775,145940.02089500008,,
2018-11-05,BUY,BANKBEES.NS,555,262.42,145643.1,72.82155,224.0993450000824,,
2018-11-12,SELL,BANKBEES.NS,555,260.83,144760.65,72.380325,144912.36902000007,262.42,-0.606
2018-11-12,BUY,MOM100.NS,7352,19.7,144834.4,72.4172,5.551820000080625,,
2018-11-19,SELL,GOLDBEES.NS,3337,27.53,91867.61,45.933805,91827.22801500009,27.32,0.769
2018-11-19,SELL,MOM100.NS,7352,19.21,141231.92,70.61596,232988.5320550001,19.7,-2.487
2018-11-19,BUY,BANKBEES.NS,433,268.78,116381.73999999999,58.19087,116548.60118500011,,
2018-11-19,BUY,JUNIORBEES.NS,411,283.14,116370.54,58.185269999999996,119.87591500011331,,
2018-12-03,SELL,LIQUIDBEES.NS,192,999.99,191998.08000000002,95.99904000000001,192021.95687500015,1000.0,-0.001
2018-12-03,BUY,NIFTYBEES.NS,1686,113.8,191866.8,95.93339999999999,59.223475000151666,,
2018-12-10,SELL,PSUBNKBEES.NS,4385,31.19,136768.15,68.384075,136758.98940000014,33.23,-6.139
2018-12-10,BUY,LIQUIDBEES.NS,136,1000.0,136000.0,68.0,690.9894000001368,,
2018-12-17,SELL,LIQUIDBEES.NS,136,1000.0,136000.0,68.0,136622.98940000014,1000.0,0.0
2018-12-17,BUY,PSUBNKBEES.NS,4156,32.85,136524.6,68.26230000000001,30.12710000012885,,
2019-01-07,SELL,NIFTYBEES.NS,1686,112.56,189776.16,94.88808,189711.39902000013,113.8,-1.09
2019-01-07,BUY,GOLDBEES.NS,6719,28.22,189610.18,94.80508999999999,6.413930000126129,,
2019-01-21,SELL,JUNIORBEES.NS,411,282.05,115922.55,57.961275,115871.00265500013,283.14,-0.385
2019-01-21,SELL,INFRABEES.NS,467,312.97,146156.99000000002,73.07849500000002,261954.91416000016,311.7,0.407
2019-01-21,BUY,NIFTYBEES.NS,1143,114.48,130850.64,65.42532,131038.84884000017,,
2019-01-21,BUY,MON100.NS,2756,47.5,130910.0,65.455,63.393840000164346,,
2019-01-28,SELL,PSUBNKBEES.NS,4156,32.05,133199.8,66.59989999999999,133196.59394000017,32.85,-2.435
2019-01-28,BUY,DIVOPPBEES.NS,4656,28.59,133115.04,66.55752000000001,14.996420000155922,,
2019-02-04,SELL,BANKBEES.NS,433,276.12,119559.96,59.77998,119515.17644000016,268.78,2.731
2019-02-04,BUY,NIF100BEES.NS,1049,113.85,119428.65,59.714324999999995,26.812115000167978,,
2019-02-18,SELL,NIF100BEES.NS,1049,111.13,116575.37,58.287684999999996,116543.89443000016,113.85,-2.389
2019-02-18,SELL,DIVOPPBEES.NS,4656,28.22,131392.32,65.69616,247870.51827000018,28.59,-1.294
2019-02-18,BUY,LIQUIDBEES.NS,123,999.99,122998.77,61.499385000000004,124810.24888500017,,
2019-02-18,BUY,BANKBEES.NS,455,271.81,123673.55,61.836775,1074.862110000162,,
2019-02-25,SELL,BANKBEES.NS,455,275.94,125552.7,62.77635,126564.78576000016,271.81,1.519
2019-02-25,SELL,NIFTYBEES.NS,1143,113.65,129901.95000000001,64.95097500000001,256401.78478500017,114.48,-0.725
2019-02-25,BUY,CPSEETF.NS,5395,23.75,128131.25,64.065625,128206.46916000017,,
2019-02-25,BUY,DIVOPPBEES.NS,4438,28.87,128125.06,64.06253,17.346630000174628,,
2019-03-05,SELL,LIQUIDBEES.NS,123,999.99,122998.77,61.499385000000004,122954.61724500018,999.99,0.0
2019-03-05,BUY,NIFTYBEES.NS,1069,114.89,122817.41,61.408705000000005,75.79854000017804,,
2019-03-11,SELL,GOLDBEES.NS,6719,28.5,191491.5,95.74575,191471.55279000016,28.22,0.992
2019-03-11,BUY,NIF100BEES.NS,1639,116.74,191336.86,95.66843,39.02436000018497,,
2019-03-18,SELL,NIF100BEES.NS,1639,118.5,194221.5,97.11075,194163.4136100002,116.74,1.508
2019-03-18,SELL,MON100.NS,2756,49.32,135925.92,67.96296000000001,330021.3706500002,47.5,3.832
2019-03-18,SELL,DIVOPPBEES.NS,4438,30.05,133361.9,66.68095,463316.5897000001,28.87,4.087
2019-03-18,BUY,BANKBEES.NS,514,299.88,154138.32,77.06916000000001,309101.2005400001,,
2019-03-18,BUY,INFRABEES.NS,473,325.88,154141.24,77.07061999999999,154882.8899200001,,
2019-03-18,BUY,PSUBNKBEES.NS,4495,34.34,154358.30000000002,77.17915,447.410770000075,,
2019-04-08,SELL,NIFTYBEES.NS,1069,121.95,130364.55,65.182275,130746.77849500008,114.89,6.145
2019-04-08,BUY,MOM100.NS,7063,18.5,130665.5,65.33275,15.945745000077295,,
2019-04-15,SELL,INFRABEES.NS,473,328.43,155347.39,77.67369500000001,155285.6620500001,325.88,0.782
2019-04-15,SELL,MOM100.NS,7063,19.24,135892.12,67.94606,291109.8359900001,18.5,4.0
2019-04-15,BUY,NIFTYBEES.NS,1183,122.88,145367.04,72.68352,145670.1124700001,,
2019-04-15,BUY,NIF100BEES.NS,1195,121.68,145407.6,72.7038,189.80867000011494,,
2019-04-30,SELL,PSUBNKBEES.NS,4495,33.62,151121.9,75.56095,151236.1477200001,34.34,-2.097
2019-04-30,BUY,MON100.NS,2784,54.29,151143.36,75.57168,17.216040000115754,,
2019-05-06,SELL,NIF100BEES.NS,1195,120.4,143878.0,71.93900000000001,143823.2770400001,121.68,-1.052
2019-05-06,BUY,DIVOPPBEES.NS,4724,30.43,143751.32,71.87566000000001,0.08138000010512769,,
2019-05-13,SELL,NIFTYBEES.NS,1183,117.22,138671.26,69.33563000000001,138602.00575000013,122.88,-4.606
2019-05-13,SELL,DIVOPPBEES.NS,4724,29.39,138838.36000000002,69.41918000000001,277370.94657000015,30.43,-3.418
2019-05-13,BUY,LIQUIDBEES.NS,138,1000.0,138000.0,69.0,139301.94657000015,,
2019-05-13,BUY,GOLDBEES.NS,4905,28.26,138615.30000000002,69.30765000000001,617.3389200001257,,
2019-05-20,SELL,CPSEETF.NS,5395,27.34,147499.3,73.74965,148042.8892700001,23.75,15.116
2019-05-20,BUY,NIFTYBEES.NS,1193,123.93,147848.49000000002,73.92424500000001,120.47502500007977,,
2019-05-27,SELL,LIQUIDBEES.NS,138,1000.0,138000.0,69.0,138051.47502500008,1000.0,0.0
2019-05-27,SELL,GOLDBEES.NS,4905,28.1,137830.5,68.91525,275813.0597750001,28.26,-0.566
2019-05-27,SELL,MON100.NS,2784,50.47,140508.48,70.25424000000001,416251.2855350001,54.29,-7.036
2019-05-27,BUY,PSUBNKBEES.NS,3706,37.42,138678.52000000002,69.33926000000001,277503.4262750001,,
2019-05-27,BUY,INFRABEES.NS,400,346.48,138592.0,69.296,138842.1302750001,,
2019-05-27,BUY,CPSEETF.NS,4954,27.99,138662.46,69.33122999999999,110.33904500008794,,
2019-06-03,SELL,PSUBNKBEES.NS,3706,35.92,133119.52000000002,66.55976000000001,133163.2992850001,37.42,-4.009
2019-06-03,BUY,NIF100BEES.NS,1064,125.0,133000.0,66.5,96.79928500010283,,
2019-06-10,SELL,NIF100BEES.NS,1064,123.39,131286.96,65.64348,131318.1158050001,125.0,-1.288
2019-06-10,BUY,GOLDBEES.NS,4557,28.8,131241.6,65.6208,10.895005000085803,,
2019-06-17,SELL,BANKBEES.NS,514,307.71,158162.94,79.08147,158094.75353500008,299.88,2.611
2019-06-17,BUY,NIF100BEES.NS,1307,120.89,158003.23,79.001615,12.521920000086538,,
2019-06-24,SELL,NIF100BEES.NS,1307,121.03,158186.21,79.093105,158119.63881500007,120.89,0.116
2019-06-24,SELL,NIFTYBEES.NS,1193,123.41,147228.13,73.61406500000001,305274.1547500001,123.93,-0.42
2019-06-24,BUY,MON100.NS,2856,53.4,152510.4,76.2552,152687.4995500001,,
2019-06-24,BUY,BANKBEES.NS,487,312.81,152338.47,76.169235,272.8603150000854,,
2019-07-01,SELL,MON100.NS,2856,53.29,152196.24,76.09812,152393.00219500007,53.4,-0.206
2019-07-01,BUY,PSUBNKBEES.NS,4308,35.35,152287.80000000002,76.14390000000002,29.058295000053477,,
2019-07-08,SELL,CPSEETF.NS,4954,26.35,130537.90000000001,65.26895,130501.68934500006,27.99,-5.859
2019-07-08,BUY,MON100.NS,2450,53.22,130389.0,65.1945,47.49484500006656,,
2019-07-22,SELL,INFRABEES.NS,400,327.57,131028.0,65.514,131009.98084500007,346.48,-5.458
2019-07-22,SELL,PSUBNKBEES.NS,4308,33.08,142508.63999999998,71.25431999999999,273447.3665250001,35.35,-6.421
2019-07-22,SELL,BANKBEES.NS,487,298.25,145247.75,72.623875,418622.4926500001,312.81,-4.655
2019-07-22,BUY,LIQUIDBEES.NS,139,999.99,138998.61000000002,69.499305,279554.3833450001,,
2019-07-22,BUY,JUNIORBEES.NS,506,275.23,139266.38,69.63319,140218.3701550001,,
2019-07-22,BUY,NIF100BEES.NS,1181,118.04,139405.24000000002,69.70262000000001,743.4275350000826,,
2019-08-19,SELL,NIF100BEES.NS,1181,115.18,136027.58000000002,68.01379000000001,136702.9937450001,118.04,-2.423
2019-08-19,BUY,NIFTYBEES.NS,1166,117.13,136573.58,68.28679,61.12695500010159,,
2019-08-26,SELL,NIFTYBEES.NS,1166,117.09,136526.94,68.26347,136519.8034850001,117.13,-0.034
2019-08-26,BUY,DIVOPPBEES.NS,4779,28.55,136440.45,68.22022500000001,11.133260000089649,,
2019-09-03,SELL,DIVOPPBEES.NS,4779,28.5,136201.5,68.10075,136144.53251000008,28.55,-0.175
2019-09-03,BUY,NIF100BEES.NS,1202,113.14,135994.28,67.99714,82.25537000008626,,
2019-09-09,SELL,NIF100BEES.NS,1202,115.02,138254.04,69.12702,138267.16835000008,113.14,1.662
2019-09-09,BUY,DIVOPPBEES.NS,4762,29.02,138193.24,69.09662,4.831730000092648,,
2019-09-16,SELL,DIVOPPBEES.NS,4762,28.8,137145.6,68.5728,137081.8589300001,29.02,-0.758
2019-09-16,BUY,NIF100BEES.NS,1188,115.29,136964.52000000002,68.48226000000001,48.85667000009562,,
2019-09-23,SELL,GOLDBEES.NS,4557,33.08,150745.56,75.37278,150719.0438900001,28.8,14.861
2019-09-23,SELL,LIQUIDBEES.NS,139,999.99,138998.61000000002,69.499305,289648.1545850001,999.99,0.0
2019-09-23,SELL,NIF100BEES.NS,1188,121.67,144543.96,72.27198,434119.8426050001,115.29,5.534
2019-09-23,BUY,BANKBEES.NS,461,313.68,144606.48,72.30324,289441.0593650001,,
2019-09-23,BUY,DIVOPPBEES.NS,5156,28.05,144625.80000000002,72.31290000000001,144742.9464650001,,
2019-09-23,BUY,NIFTYBEES.NS,1175,123.0,144525.0,72.2625,145.68396500009112,,
2019-09-30,SELL,MON100.NS,2450,53.97,132226.5,66.11325000000001,132306.0707150001,53.22,1.409
2019-09-30,SELL,DIVOPPBEES.NS,5156,29.5,152102.0,76.051,284332.01971500006,28.05,5.169
2019-09-30,BUY,INFRABEES.NS,421,336.88,141826.48,70.91324,142434.62647500006,,
2019-09-30,BUY,NIF100BEES.NS,1193,119.01,141978.93,70.989465,384.707010000071,,
2019-10-07,SELL,BANKBEES.NS,461,283.33,130615.12999999999,65.307565,130934.52944500007,313.68,-9.675
2019-10-07,SELL,NIFTYBEES.NS,1175,117.57,138144.75,69.07237500000001,269010.20707000006,123.0,-4.415
2019-10-07,BUY,GOLDBEES.NS,4001,33.6,134433.6,67.2168,134509.39027000006,,
2019-10-07,BUY,DIVOPPBEES.NS,4651,28.9,134413.9,67.20694999999999,28.283320000075037,,
2019-10-14,SELL,JUNIORBEES.NS,506,278.05,140693.30000000002,70.34665000000001,140651.2366700001,275.23,1.025
2019-10-14,BUY,NIFTYBEES.NS,1172,119.89,140511.08,70.25554,69.90113000010024,,
2019-10-22,SELL,GOLDBEES.NS,4001,33.67,134713.67,67.356835,134716.2142950001,33.6,0.208
2019-10-22,SELL,DIVOPPBEES.NS,4651,29.45,136971.94999999998,68.485975,271619.67832000006,28.9,1.903
2019-10-22,BUY,CPSEETF.NS,5473,24.8,135730.4,67.8652,135821.41312000007,,
2019-10-22,BUY,JUNIORBEES.NS,466,290.8,135512.80000000002,67.75640000000001,240.8567200000398,,
2019-10-29,SELL,INFRABEES.NS,421,340.15,143203.15,71.601575,143372.40514500003,336.88,0.971
2019-10-29,BUY,BANKBEES.NS,470,304.45,143091.5,71.54575,209.35939500003587,,
2019-11-04,SELL,NIF100BEES.NS,1193,124.9,149005.7,74.50285000000001,149140.55654500006,119.01,4.949
2019-11-04,BUY,PSUBNKBEES.NS,5302,28.11,149039.22,74.51961,26.816935000068042,,
2019-11-11,SELL,CPSEETF.NS,5473,24.27,132829.71,66.414855,132790.11208000005,24.8,-2.137
2019-11-11,BUY,MOM100.NS,7549,17.58,132711.41999999998,66.35570999999999,12.336370000062743,,
2019-11-18,SELL,JUNIORBEES.NS,466,292.41,136263.06,68.13153,136207.26484000005,290.8,0.554
2019-11-18,BUY,MON100.NS,2317,58.75,136123.75,68.061875,15.452965000033146,,
2019-12-02,SELL,NIFTYBEES.NS,1172,127.63,149582.36,74.79118,149523.02178500002,119.89,6.456
2019-12-02,BUY,INFRABEES.NS,433,344.81,149302.73,74.65136500000001,145.64042000001064,,
2019-12-09,SELL,INFRABEES.NS,433,334.01,144626.33,72.313165,144699.657255,344.81,-3.132
2019-12-09,BUY,NIFTYBEES.NS,1144,126.33,144521.52,72.26075999999999,105.87649500000407,,
2020-01-06,SELL,PSUBNKBEES.NS,5302,26.67,141404.34,70.70217,141439.514325,28.11,-5.123
2020-01-06,SELL,NIFTYBEES.NS,1144,127.37,145711.28,72.85564,287077.938685,126.33,0.823
2020-01-06,BUY,HNGSNGBEES.NS,391,366.79,143414.89,71.707445,143591.34123999998,,
2020-01-06,BUY,GOLDBEES.NS,3968,36.15,143443.19999999998,71.7216,76.41964000000735,,
2020-01-13,SELL,BANKBEES.NS,470,328.65,154465.5,77.23275,154464.68689,304.45,7.949
2020-01-13,BUY,MID150BEES.NS,2384,64.74,154340.15999999997,77.17007999999998,47.3568100000266,,
2020-01-20,SELL,GOLDBEES.NS,3968,35.23,139792.63999999998,69.89631999999999,139770.10049,36.15,-2.545
2020-01-20,BUY,CONSUMBEES.NS,2548,54.82,139681.36000000002,69.84068,18.899810000002617,,
2020-01-27,SELL,CONSUMBEES.NS,2548,55.07,140318.36000000002,70.15918,140267.10063000003,54.82,0.456
2020-01-27,BUY,GOLDBEES.NS,3910,35.85,140173.5,70.08675,23.513880000042263,,
2020-02-03,SELL,HNGSNGBEES.NS,391,362.2,141620.19999999998,70.81009999999999,141572.90378000002,366.79,-1.251
2020-02-03,BUY,INFRABEES.NS,432,327.41,141441.12000000002,70.72056000000002,61.063220000010915,,
2020-02-10,SELL,INFRABEES.NS,432,337.13,145640.16,72.82008,145628.40314,327.41,2.969
2020-02-10,BUY,HNGSNGBEES.NS,416,349.17,145254.72,72.62736,301.05577999999514,,
2020-02-17,SELL,HNGSNGBEES.NS,416,354.0,147264.0,73.632,147491.42377999998,349.17,1.383
2020-02-17,BUY,CONSUMBEES.NS,2675,55.09,147365.75,73.682875,51.990904999984195,,
2020-03-02,SELL,MOM100.NS,7549,17.66,133315.34,66.65767,133300.673235,17.58,0.455
2020-03-02,SELL,MON100.NS,2317,61.73,143028.41,71.514205,276257.56903,58.75,5.072
2020-03-02,BUY,HNGSNGBEES.NS,371,372.0,138012.0,69.006,138176.56303000002,,
2020-03-02,BUY,LIQUIDBEES.NS,138,1000.0,138000.0,69.0,107.56303000001935,,
2020-03-09,SELL,CONSUMBEES.NS,2675,50.15,134151.25,67.075625,134191.73740500002,55.09,-8.967
2020-03-09,SELL,MID150BEES.NS,2384,64.53,153839.52,76.91976,287954.337645,64.74,-0.324
2020-03-09,BUY,DIVOPPBEES.NS,5385,26.72,143887.19999999998,71.94359999999999,143995.19404500004,,
2020-03-09,BUY,MON100.NS,2369,60.74,143893.06,71.94653,30.18751500005601,,
2020-03-16,SELL,MON100.NS,2369,55.26,130910.94,65.45547,130875.67204500006,60.74,-9.022
2020-03-16,BUY,CONSUMBEES.NS,2869,45.59,130797.71,65.398855,12.563190000044415,,
2020-03-30,SELL,DIVOPPBEES.NS,5385,26.4,142164.0,71.08200000000001,142105.48119000005,26.72,-1.198
2020-03-30,BUY,MON100.NS,2520,56.36,142027.2,71.01360000000001,7.2675900000322144,,
2020-04-07,SELL,HNGSNGBEES.NS,371,339.98,126132.58,63.06629,126076.78130000003,372.0,-8.608
2020-04-07,BUY,DIVOPPBEES.NS,4796,26.27,125990.92,62.99546,22.865840000027674,,
2020-04-20,SELL,DIVOPPBEES.NS,4796,25.53,122441.88,61.220940000000006,122403.52490000003,26.27,-2.817
2020-04-20,BUY,CPSEETF.NS,7112,17.2,122326.4,61.163199999999996,15.961700000043493,,
2020-04-27,SELL,CPSEETF.NS,7112,16.31,115996.71999999999,57.99835999999999,115954.68334000003,17.2,-5.174
2020-04-27,BUY,DIVOPPBEES.NS,4582,25.29,115878.78,57.93939,17.963950000033947,,
2020-05-04,SELL,LIQUIDBEES.NS,138,1000.0,138000.0,69.0,137948.96395000003,1000.0,0.0
2020-05-04,SELL,DIVOPPBEES.NS,4582,24.52,112350.64,56.17532,250243.42863000004,25.29,-3.045
2020-05-04,BUY,INFRABEES.NS,454,274.99,124845.46,62.42273,125335.54590000003,,
2020-05-04,BUY,JUNIORBEES.NS,520,240.3,124956.0,62.478,317.06790000002366,,
2020-05-11,SELL,JUNIORBEES.NS,520,242.14,125912.79999999999,62.956399999999995,126166.91150000002,240.3,0.766
2020-05-11,BUY,LIQUIDBEES.NS,126,999.99,125998.74,62.999370000000006,105.17213000000629,,
2020-05-18,SELL,CONSUMBEES.NS,2869,47.36,135875.84,67.93792,135913.07421,45.59,3.882
2020-05-18,BUY,JUNIORBEES.NS,575,236.16,135792.0,67.896,53.178209999983665,,
2020-05-26,SELL,LIQUIDBEES.NS,126,1000.0,126000.0,63.0,125990.17820999998,999.99,0.001
2020-05-26,BUY,NV20BEES.NS,2518,50.0,125900.0,62.95,27.228209999986575,,
2020-06-01,SELL,GOLDBEES.NS,3910,41.21,161131.1,80.56555,161077.76266,35.85,14.951
2020-06-01,BUY,CPSEETF.NS,9199,17.5,160982.5,80.49125000000001,14.771410000015749,,
2020-06-08,SELL,NV20BEES.NS,2518,53.6,134964.80000000002,67.48240000000001,134912.08901000003,50.0,7.2
2020-06-08,SELL,CPSEETF.NS,9199,18.37,168985.63,84.49281500000001,303813.226195,17.5,4.971
2020-06-08,BUY,NIFTYBEES.NS,1404,108.1,151772.4,75.8862,151964.939995,,
2020-06-08,BUY,MID150BEES.NS,2810,54.03,151824.30000000002,75.91215000000001,64.7278449999867,,
2020-06-15,SELL,JUNIORBEES.NS,575,259.14,149005.5,74.50275,148995.72509499997,236.16,9.731
2020-06-15,SELL,NIFTYBEES.NS,1404,104.51,146732.04,73.36602,295654.39907499996,108.1,-3.321
2020-06-15,BUY,NIF100BEES.NS,1300,113.61,147693.0,73.8465,147887.55257499995,,
2020-06-15,BUY,MOM100.NS,9765,15.13,147744.45,73.87222500000001,69.23034999993979,,
2020-06-22,SELL,MID150BEES.NS,2810,58.02,163036.2,81.5181,163023.91224999996,54.03,7.385
2020-06-22,BUY,PSUBNKBEES.NS,10089,16.15,162937.34999999998,81.46867499999999,5.093574999977136,,
2020-06-29,SELL,INFRABEES.NS,454,312.98,142092.92,71.04646000000001,142026.96711499998,274.99,13.815
2020-06-29,SELL,MON100.NS,2520,73.11,184237.2,92.1186,326172.04851500003,56.36,29.72
2020-06-29,SELL,NIF100BEES.NS,1300,112.83,146679.0,73.3395,472777.70901500003,113.61,-0.687
2020-06-29,BUY,MID150BEES.NS,2781,56.63,157488.03,78.744015,315210.93500000006,,
2020-06-29,BUY,NIFTYBEES.NS,1435,109.74,157476.9,78.73845,157655.29655000006,,
2020-06-29,BUY,BANKBEES.NS,731,215.31,157391.61000000002,78.69580500000001,184.99074500004645,,
2020-07-06,SELL,MOM100.NS,9765,15.97,155947.05000000002,77.97352500000001,156054.06722000006,15.13,5.552
2020-07-06,BUY,INFRABEES.NS,485,321.32,155840.19999999998,77.92009999999999,135.9471200000844,,
2020-07-13,SELL,INFRABEES.NS,485,316.41,153458.85,76.729425,153518.0676950001,321.32,-1.528
2020-07-13,BUY,MON100.NS,1908,80.4,153403.2,76.70160000000001,38.16609500008053,,
2020-07-20,SELL,BANKBEES.NS,731,224.39,164029.09,82.014545,163985.24155000006,215.31,4.217
2020-07-20,SELL,MID150BEES.NS,2781,58.51,162716.31,81.358155,326620.19339500007,56.63,3.32
2020-07-20,BUY,NV20BEES.NS,2845,57.37,163217.65,81.608825,163320.93457000007,,
2020-07-20,BUY,DIVOPPBEES.NS,5773,28.27,163202.71,81.601355,36.62321500008693,,
2020-07-27,SELL,PSUBNKBEES.NS,10089,15.4,155370.6,77.6853,155329.53791500008,16.15,-4.644
2020-07-27,SELL,MON100.NS,1908,77.59,148041.72,74.02086,303297.2370550001,80.4,-3.495
2020-07-27,SELL,DIVOPPBEES.NS,5773,27.53,158930.69,79.465345,462148.46171000006,28.27,-2.618
2020-07-27,BUY,BANKBEES.NS,699,220.12,153863.88,76.93194,308207.64977,,
2020-07-27,BUY,MID150BEES.NS,2636,58.4,153942.4,76.9712,154188.27857000002,,
2020-07-27,BUY,MOM100.NS,9569,16.09,153965.21,76.98260499999999,146.08596500003478,,
2020-08-03,SELL,BANKBEES.NS,699,212.62,148621.38,74.31069000000001,148693.15527500003,220.12,-3.407
2020-08-03,SELL,MID150BEES.NS,2636,59.14,155893.04,77.94652,304508.24875500007,58.4,1.267
2020-08-03,BUY,GOLDBEES.NS,3217,47.29,152131.93,76.06596499999999,152300.2527900001,,
2020-08-03,BUY,MON100.NS,1889,80.54,152140.06,76.07003,84.12276000008569,,
2020-08-10,SELL,NIFTYBEES.NS,1435,119.97,172156.95,86.07847500000001,172154.9942850001,109.74,9.322
2020-08-10,BUY,MID150BEES.NS,2743,62.72,172040.96,86.02047999999999,28.01380500011146,,
2020-08-24,SELL,GOLDBEES.NS,3217,45.5,146373.5,73.18675,146328.32705500012,47.29,-3.785
2020-08-24,BUY,CPSEETF.NS,7613,19.21,146245.73,73.122865,9.474190000095405,,
2020-08-31,SELL,NV20BEES.NS,2845,59.6,169562.0,84.781,169486.6931900001,57.37,3.887
2020-08-31,SELL,CPSEETF.NS,7613,18.57,141373.41,70.686705,310789.4164850001,19.21,-3.332
2020-08-31,BUY,BANKBEES.NS,648,239.57,155241.36,77.62068,155470.43580500013,,
2020-08-31,BUY,PSUBNKBEES.NS,9245,16.8,155316.0,77.658,76.77780500013614,,
2020-09-07,SELL,PSUBNKBEES.NS,9245,16.09,148752.05,74.376025,148754.45178000012,16.8,-4.226
2020-09-07,SELL,BANKBEES.NS,648,231.37,149927.76,74.96388,298607.24790000013,239.57,-3.423
2020-09-07,BUY,DIVOPPBEES.NS,5145,29.0,149205.0,74.6025,149327.64540000012,,
2020-09-07,BUY,NV20BEES.NS,2507,59.52,149216.64,74.60832,36.3970800001116,,
2020-09-14,SELL,NV20BEES.NS,2507,60.14,150770.98,75.38549,150731.99159000014,59.52,1.042
2020-09-14,SELL,MON100.NS,1889,80.98,152971.22,76.48561000000001,303626.7259800001,80.54,0.546
2020-09-14,SELL,DIVOPPBEES.NS,5145,28.87,148536.15,74.268075,452088.6079050001,29.0,-0.448
2020-09-14,BUY,ITBEES.NS,7704,19.55,150613.2,75.3066,301400.1013050001,,
2020-09-14,BUY,NIFTYBEES.NS,1233,122.13,150586.29,75.29314500000001,150738.51816000007,,
2020-09-14,BUY,INFRABEES.NS,451,333.25,150295.75,75.147875,367.62028500007,,
2020-09-21,SELL,INFRABEES.NS,451,326.28,147152.28,73.57614,147446.32414500008,333.25,-2.092
2020-09-21,BUY,NV20BEES.NS,2458,59.95,147357.1,73.67855,15.54559500006144,,
2020-09-28,SELL,NIFTYBEES.NS,1233,119.75,147651.75,73.825875,147593.46972000005,122.13,-1.949
2020-09-28,BUY,NIF100BEES.NS,1271,116.0,147436.0,73.718,83.75172000005841,,
2020-10-12,SELL,MOM100.NS,9569,17.55,167935.95,83.96797500000001,167935.73374500006,16.09,9.074
2020-10-12,SELL,NIF100BEES.NS,1271,117.57,149431.47,74.715735,317292.4880100001,116.0,1.353
2020-10-12,BUY,BANKBEES.NS,665,238.27,158449.55000000002,79.22477500000001,158763.71323500006,,
2020-10-12,BUY,NIFTYBEES.NS,1248,126.96,158446.08,79.22304,238.41019500006223,,
2020-10-19,SELL,MID150BEES.NS,2743,64.99,178267.56999999998,89.13378499999999,178416.84641000003,62.72,3.619
2020-10-19,BUY,MON100.NS,2067,86.26,178299.42,89.14971000000001,28.276700000016717,,
2020-10-26,SELL,MON100.NS,2067,83.88,173379.96,86.68997999999999,173321.54672,86.26,-2.759
2020-10-26,BUY,MID150BEES.NS,2651,65.33,173189.83,86.594915,45.1218050000316,,
2020-11-02,SELL,MID150BEES.NS,2651,65.34,173216.34,86.60817,173174.85363500004,65.33,0.015
2020-11-02,BUY,JUNIORBEES.NS,605,285.67,172830.35,86.415175,258.08846000002814,,
2020-11-09,SELL,JUNIORBEES.NS,605,298.94,180858.7,90.42935000000001,181026.35911000005,285.67,4.645
2020-11-09,SELL,NV20BEES.NS,2458,64.45,158418.1,79.20905,339365.25006000005,59.95,7.506
2020-11-09,BUY,MOM100.NS,9045,18.75,169593.75,84.796875,169686.70318500005,,
2020-11-09,BUY,MID150BEES.NS,2476,68.49,169581.24,84.79062,20.672565000044415,,
2020-11-17,SELL,MOM100.NS,9045,19.23,173935.35,86.967675,173869.05489000006,18.75,2.56
2020-11-17,SELL,ITBEES.NS,7704,21.72,167330.88,83.66544,341116.26945,19.55,11.1
2020-11-17,SELL,MID150BEES.NS,2476,70.86,175449.36,87.72467999999999,516477.90477,68.49,3.46
2020-11-17,BUY,NIF100BEES.NS,1312,131.08,171976.96000000002,85.98848000000001,344414.95629,,
2020-11-17,BUY,CONSUMBEES.NS,2999,57.36,172022.63999999998,86.01132,172306.30497000003,,
2020-11-17,BUY,JUNIORBEES.NS,556,309.23,171931.88,85.96594,288.45903000002727,,
2020-11-23,SELL,JUNIORBEES.NS,556,315.69,175523.63999999998,87.76182,175724.33721,309.23,2.089
2020-11-23,SELL,CONSUMBEES.NS,2999,56.66,169923.34,84.96167,345562.71554,57.36,-1.22
2020-11-23,SELL,NIF100BEES.NS,1312,128.05,168001.6,84.0008,513480.31474,131.08,-2.312
2020-11-23,BUY,MID150BEES.NS,2325,73.55,171003.75,85.501875,342391.062865,,
2020-11-23,BUY,PSUBNKBEES.NS,10599,16.14,171067.86000000002,85.53393000000001,171237.66893499997,,
2020-11-23,BUY,MOM100.NS,8566,19.97,171063.02,85.53151,89.1174249999749,,
2020-12-01,SELL,NIFTYBEES.NS,1248,139.79,174457.91999999998,87.22896,174459.80846499995,126.96,10.106
2020-12-01,BUY,CPSEETF.NS,9163,19.03,174371.89,87.185945,0.7325199999322649,,
2020-12-14,SELL,MID150BEES.NS,2325,77.89,181094.25,90.54712500000001,181004.43539499992,73.55,5.901
2020-12-14,BUY,DIVOPPBEES.NS,5408,33.45,180897.6,90.4488,16.386594999901718,,
2020-12-21,SELL,DIVOPPBEES.NS,5408,32.75,177112.0,88.556,177039.8305949999,33.45,-2.093
2020-12-21,BUY,MID150BEES.NS,2342,75.54,176914.68000000002,88.45734000000002,36.693254999874625,,
2020-12-28,SELL,BANKBEES.NS,665,310.1,206216.50000000003,103.10825000000001,206150.0850049999,238.27,30.146
2020-12-28,SELL,MID150BEES.NS,2342,78.9,184783.80000000002,92.3919,390841.49310499994,75.54,4.448
2020-12-28,BUY,DIVOPPBEES.NS,5591,34.93,195293.63,97.646815,195450.21628999995,,
2020-12-28,BUY,ITBEES.NS,8031,24.32,195313.92,97.65696000000001,38.63932999994722,,
2021-01-04,SELL,CPSEETF.NS,9163,20.82,190773.66,95.38683,190716.91249999995,19.03,9.406
2021-01-04,SELL,DIVOPPBEES.NS,5591,34.25,191491.75,95.745875,382112.91662499995,34.93,-1.947
2021-01-04,BUY,MID150BEES.NS,2345,81.43,190953.35,95.476675,191064.08994999994,,
2021-01-04,BUY,NV20BEES.NS,2542,75.1,190904.19999999998,95.45209999999999,64.43784999995842,,
2021-01-11,SELL,NV20BEES.NS,2542,78.06,198428.52000000002,99.21426000000001,198393.74358999997,75.1,3.941
2021-01-11,BUY,CPSEETF.NS,9167,21.63,198282.21,99.141105,12.392484999989392,,
2021-01-18,SELL,MOM100.NS,8566,22.42,192049.72,96.02486,191966.087625,19.97,12.268
2021-01-18,SELL,MID150BEES.NS,2345,81.76,191727.2,95.8636,383597.42402499996,81.43,0.405
2021-01-18,BUY,INFRABEES.NS,475,403.37,191600.75,95.800375,191900.87364999996,,
2021-01-18,BUY,NV20BEES.NS,2491,76.93,191632.63,95.816315,172.42733499995666,,
2021-01-25,SELL,CPSEETF.NS,9167,20.13,184531.71,92.265855,184611.87147999994,21.63,-6.935
2021-01-25,BUY,CONSUMBEES.NS,2735,67.45,184475.75,92.237875,43.883604999951785,,
2021-02-01,SELL,INFRABEES.NS,475,399.36,189696.0,94.848,189645.03560499995,403.37,-0.994
2021-02-01,SELL,NV20BEES.NS,2491,76.5,190561.5,95.28075,380111.25485499995,76.93,-0.559
2021-02-01,SELL,CONSUMBEES.NS,2735,64.79,177200.65000000002,88.60032500000001,557223.30453,67.45,-3.944
2021-02-01,BUY,MOM100.NS,8174,22.71,185631.54,92.81577,371498.94875999994,,
2021-02-01,BUY,DIVOPPBEES.NS,5373,34.55,185637.15,92.818575,185768.98018499993,,
2021-02-01,BUY,MON100.NS,1973,94.09,185639.57,92.81978500000001,36.590399999928195,,
2021-02-08,SELL,MOM100.NS,8174,23.66,193396.84,96.69842,193336.73197999992,22.71,4.183
2021-02-08,SELL,MON100.NS,1973,98.44,194222.12,97.11106,387461.7409199999,94.09,4.623
2021-02-08,SELL,ITBEES.NS,8031,26.22,210572.81999999998,105.28640999999999,597929.2745099999,24.32,7.812
2021-02-08,SELL,DIVOPPBEES.NS,5373,35.76,192138.47999999998,96.06924,789971.6852699999,34.55,3.502
2021-02-08,BUY,BANKBEES.NS,546,361.28,197258.87999999998,98.62943999999999,592614.17583,,
2021-02-08,BUY,INFRABEES.NS,464,425.36,197367.04,98.68352,395148.45230999996,,
2021-02-08,BUY,NIFTYBEES.NS,1225,161.03,197261.75,98.630875,197788.07143499996,,
2021-02-08,BUY,NIF100BEES.NS,1268,155.67,197389.56,98.69478,299.81665499997325,,
2021-02-15,SELL,NIF100BEES.NS,1268,158.42,200876.56,100.43828,201075.93837499997,155.67,1.767
2021-02-15,BUY,MID150BEES.NS,2285,87.93,200920.05000000002,100.46002500000002,55.42834999994375,,
2021-02-22,SELL,INFRABEES.NS,464,423.91,196694.24000000002,98.34712000000002,196651.32122999997,425.36,-0.341
2021-02-22,SELL,NIFTYBEES.NS,1225,157.18,192545.5,96.27275,389100.54848,161.03,-2.391
2021-02-22,SELL,MID150BEES.NS,2285,87.46,199846.09999999998,99.92304999999999,588846.72543,87.93,-0.535
2021-02-22,BUY,DIVOPPBEES.NS,5476,35.82,196150.32,98.07516000000001,392598.33027,,
2021-02-22,BUY,MOM100.NS,8066,24.32,196165.12,98.08256,196335.12770999997,,
2021-02-22,BUY,CPSEETF.NS,8754,22.41,196177.14,98.08857,59.89913999996497,,
2021-03-01,SELL,DIVOPPBEES.NS,5476,36.59,200366.84000000003,100.18342000000001,200326.55572,35.82,2.15
2021-03-01,BUY,MID150BEES.NS,2215,90.39,200213.85,100.106925,12.598794999998063,,
2021-03-08,SELL,BANKBEES.NS,546,354.72,193677.12000000002,96.83856000000002,193592.88023500002,361.28,-1.816
2021-03-08,BUY,INFRABEES.NS,435,444.48,193348.80000000002,96.6744,147.4058350000123,,
2021-03-15,SELL,INFRABEES.NS,435,432.87,188298.45,94.149225,188351.70661000002,444.48,-2.612
2021-03-15,BUY,DIVOPPBEES.NS,4994,37.69,188223.86,94.11193,33.73468000002322,,
2021-03-22,SELL,MOM100.NS,8066,24.52,197778.32,98.88916,197713.16552000004,24.32,0.822
2021-03-22,SELL,PSUBNKBEES.NS,10599,23.64,250560.36000000002,125.28018000000002,448148.24534,16.14,46.468
2021-03-22,BUY,INFRABEES.NS,521,429.81,223931.01,111.96550500000001,224105.269835,,
2021-03-22,BUY,NV20BEES.NS,2777,80.63,223909.50999999998,111.95475499999999,83.8050800000201,,
2021-03-30,SELL,INFRABEES.NS,521,429.51,223774.71,111.887355,223746.627725,429.81,-0.07
2021-03-30,SELL,CPSEETF.NS,8754,22.83,199853.81999999998,99.92690999999999,423500.52081499994,22.41,1.874
2021-03-30,BUY,MOM100.NS,8540,24.78,211621.2,105.81060000000001,211773.51021499993,,
2021-03-30,BUY,LIQUIDBEES.NS,211,999.99,210997.89,105.498945,670.121269999916,,
2021-04-05,SELL,LIQUIDBEES.NS,211,1000.0,211000.0,105.5,211564.62126999992,999.99,0.001
2021-04-05,SELL,NV20BEES.NS,2777,85.94,238655.38,119.32769,450100.67357999994,80.63,6.586
2021-04-05,BUY,CPSEETF.NS,9913,22.69,224925.97,112.462985,225062.24059499995,,
2021-04-05,BUY,ITBEES.NS,8421,26.71,224924.91,112.462455,24.868139999947743,,
2021-04-12,SELL,CPSEETF.NS,9913,21.36,211741.68,105.87084,211660.67729999995,22.69,-5.862
2021-04-12,SELL,DIVOPPBEES.NS,4994,36.9,184278.6,92.1393,395847.1379999999,37.69,-2.096
2021-04-12,BUY,MON100.NS,1937,102.1,197767.69999999998,98.88385,197980.55414999992,,
2021-04-12,BUY,NV20BEES.NS,2426,81.53,197791.78,98.89589000000001,89.87825999991037,,
2021-04-19,SELL,MOM100.NS,8540,24.51,209315.40000000002,104.65770000000002,209300.62055999992,24.78,-1.09
2021-04-19,SELL,MID150BEES.NS,2215,89.18,197533.7,98.76685,406735.5537099999,90.39,-1.339
2021-04-19,BUY,HNGSNGBEES.NS,558,364.07,203151.06,101.57553,203482.9181799999,,
2021-04-19,BUY,GOLDBEES.NS,4894,41.53,203247.82,101.62391000000001,133.47426999988966,,
2021-04-26,SELL,NV20BEES.NS,2426,79.43,192697.18000000002,96.34859000000002,192734.3056799999,81.53,-2.576
2021-04-26,SELL,ITBEES.NS,8421,25.93,218356.53,109.178265,410981.6574149999,26.71,-2.92
2021-04-26,BUY,LIQUIDBEES.NS,205,999.99,204997.95,102.498975,205881.2084399999,,
2021-04-26,BUY,MID150BEES.NS,2279,90.09,205315.11000000002,102.65755500000002,463.44088499987265,,
2021-05-03,SELL,LIQUIDBEES.NS,205,1000.0,205000.0,102.5,205360.94088499987,999.99,0.001
2021-05-03,BUY,MOM100.NS,8036,25.54,205239.44,102.61972,18.881164999882458,,
2021-05-10,SELL,HNGSNGBEES.NS,558,359.23,200450.34,100.22517,200368.9959949999,364.07,-1.329
2021-05-10,SELL,MON100.NS,1937,99.33,192402.21,96.201105,392675.00488999987,102.1,-2.713
2021-05-10,BUY,CPSEETF.NS,7938,24.72,196227.36,98.11367999999999,196349.53120999987,,
2021-05-10,BUY,JUNIORBEES.NS,518,378.15,195881.69999999998,97.94085,369.8903599998739,,
2021-05-24,SELL,GOLDBEES.NS,4894,42.2,206526.80000000002,103.2634,206793.4269599999,41.53,1.613
2021-05-24,BUY,PSUBNKBEES.NS,7916,26.11,206686.76,103.34338000000001,3.3235799998801667,,
2021-05-31,SELL,CPSEETF.NS,7938,24.85,197259.30000000002,98.62965000000001,197163.9939299999,24.72,0.526
2021-05-31,BUY,BANKBEES.NS,553,356.12,196934.36000000002,98.46718000000001,131.16674999988754,,
2021-06-07,SELL,BANKBEES.NS,553,356.02,196879.06,98.43953,196911.78721999988,356.12,-0.028
2021-06-07,BUY,CPSEETF.NS,7489,26.28,196810.92,98.40546,2.461759999860078,,
2021-06-21,SELL,JUNIORBEES.NS,518,403.34,208930.12,104.46506,208828.11669999987,378.15,6.661
2021-06-21,SELL,MOM100.NS,8036,27.76,223079.36000000002,111.53968,431795.9370199999,25.54,8.692
2021-06-21,BUY,ITBEES.NS,7500,28.77,215775.0,107.8875,215913.04951999988,,
2021-06-21,BUY,DIVOPPBEES.NS,5375,40.14,215752.5,107.87625,52.673269999882905,,
2021-06-28,SELL,DIVOPPBEES.NS,5375,40.02,215107.50000000003,107.55375000000002,215052.61951999992,40.14,-0.299
2021-06-28,BUY,CONSUMBEES.NS,3115,68.99,214903.84999999998,107.45192499999999,41.31759499994223,,
2021-07-05,SELL,CONSUMBEES.NS,3115,69.55,216648.25,108.32412500000001,216581.24346999993,68.99,0.812
2021-07-05,SELL,CPSEETF.NS,7489,26.36,197410.04,98.70502,413892.5784499999,26.28,0.304
2021-07-05,BUY,MON100.NS,1909,108.33,206801.97,103.400985,206987.20746499993,,
2021-07-05,BUY,DIVOPPBEES.NS,5073,40.77,206826.21000000002,103.41310500000002,57.5843599998916,,
2021-07-12,SELL,DIVOPPBEES.NS,5073,40.36,204746.28,102.37314,204701.49121999988,40.77,-1.006
2021-07-12,BUY,MOM100.NS,7069,28.94,204576.86000000002,102.28843,22.342789999878732,,
2021-07-19,SELL,PSUBNKBEES.NS,7916,26.61,210644.76,105.32238000000001,210561.7804099999,26.11,1.915
2021-07-19,BUY,NV20BEES.NS,2383,88.3,210418.9,105.20945,37.67095999990124,,
2021-07-26,SELL,MOM100.NS,7069,28.97,204788.93,102.394465,204724.2064949999,28.94,0.104
2021-07-26,SELL,NV20BEES.NS,2383,88.53,210966.99,105.48349499999999,415585.7129999999,88.3,0.26
2021-07-26,BUY,MAFANG.NS,3819,54.38,207677.22,103.83861,207804.65438999987,,
2021-07-26,BUY,DIVOPPBEES.NS,5059,41.05,207671.94999999998,103.83597499999999,28.868414999888046,,
2021-08-02,SELL,MAFANG.NS,3819,53.74,205233.06,102.61653,205159.3118849999,54.38,-1.177
2021-08-02,BUY,MOM100.NS,6904,29.7,205048.8,102.5244,7.987484999903245,,
2021-08-09,SELL,MOM100.NS,6904,29.03,200423.12,100.21156,200330.8959249999,29.7,-2.256
2021-08-09,SELL,MID150BEES.NS,2279,106.04,241665.16,120.83258000000001,441875.22334499995,90.09,17.705
2021-08-09,BUY,NV20BEES.NS,2414,91.44,220736.16,110.36808,221028.69526499996,,
2021-08-09,BUY,NIF100BEES.NS,1303,169.46,220806.38,110.40319000000001,111.91207499994198,,
2021-08-16,SELL,MON100.NS,1909,111.44,212738.96,106.36948,212744.50259499994,108.33,2.871
2021-08-16,BUY,NIFTYBEES.NS,1190,178.6,212534.0,106.267,104.23559499994735,,
2021-08-23,SELL,NIF100BEES.NS,1303,172.37,224598.11000000002,112.29905500000001,224590.04653999995,169.46,1.717
2021-08-23,BUY,CONSUMBEES.NS,3087,72.71,224455.77,112.227885,22.04865499996231,,
2021-08-30,SELL,CONSUMBEES.NS,3087,72.95,225196.65000000002,112.59832500000002,225106.10033,72.71,0.33
2021-08-30,BUY,NIF100BEES.NS,1275,176.38,224884.5,112.44225,109.15807999999379,,
2021-09-06,SELL,NIF100BEES.NS,1275,181.83,231833.25000000003,115.91662500000001,231826.491455,176.38,3.09
2021-09-06,SELL,NV20BEES.NS,2414,97.59,235582.26,117.79113000000001,467290.960325,91.44,6.726
2021-09-06,SELL,DIVOPPBEES.NS,5059,44.64,225833.76,112.91688,693011.803445,41.05,8.745
2021-09-06,BUY,CONSUMBEES.NS,3019,76.46,230832.74,115.41637,462063.647075,,
2021-09-06,BUY,JUNIORBEES.NS,518,445.33,230680.94,115.34047000000001,231267.366605,,
2021-09-06,BUY,INFRABEES.NS,459,502.64,230711.75999999998,115.35588,440.2507250000199,,
2021-09-20,SELL,NIFTYBEES.NS,1190,187.86,223553.40000000002,111.77670000000002,223881.87402500006,178.6,5.185
2021-09-20,BUY,NV20BEES.NS,2269,98.6,223723.4,111.8617,46.612325000052806,,
2021-09-27,SELL,JUNIORBEES.NS,518,449.26,232716.68,116.35834,232646.93398500004,445.33,0.882
2021-09-27,BUY,CPSEETF.NS,8173,28.45,232521.85,116.260925,8.82306000002427,,
2021-10-04,SELL,NV20BEES.NS,2269,99.93,226741.17,113.370585,226636.62247500004,98.6,1.349
2021-10-04,SELL,ITBEES.NS,7500,35.78,268350.0,134.175,494852.44747500005,28.77,24.366
2021-10-04,BUY,MOM100.NS,7630,32.41,247288.3,123.64415,247440.50332500006,,
2021-10-04,BUY,MID150BEES.NS,2116,116.84,247233.44,123.61672,83.44660500006285,,
2021-10-11,SELL,CONSUMBEES.NS,3019,79.32,239467.08,119.73353999999999,239430.79306500006,76.46,3.741
2021-10-11,BUY,ITBEES.NS,6671,35.87,239288.77,119.644385,22.37868000008166,,
2021-10-18,SELL,ITBEES.NS,6671,36.86,245893.06,122.94653,245792.4921500001,35.87,2.76
2021-10-18,BUY,PSUBNKBEES.NS,7958,30.87,245663.46000000002,122.83173000000001,6.200420000066515,,
2021-10-25,SELL,INFRABEES.NS,459,528.8,242719.19999999998,121.3596,242604.04082000005,502.64,5.205
2021-10-25,SELL,MID150BEES.NS,2116,115.6,244609.59999999998,122.30479999999999,487091.33602000005,116.84,-1.061
2021-10-25,BUY,BANKBEES.NS,587,414.63,243387.81,121.693905,243581.83211500006,,
2021-10-25,BUY,MAFANG.NS,4306,56.52,243375.12000000002,121.68756000000002,85.02455500003998,,
2021-11-01,SELL,MOM100.NS,7630,33.0,251790.0,125.895,251749.12955500005,32.41,1.82
2021-11-01,BUY,MON100.NS,2145,117.29,251587.05000000002,125.79352500000002,36.286030000046594,,
2021-11-08,SELL,CPSEETF.NS,8173,30.55,249685.15,124.842575,249596.59345500005,28.45,7.381
2021-11-08,SELL,BANKBEES.NS,587,397.48,233320.76,116.66038,482800.6930750001,414.63,-4.136
2021-11-08,BUY,INFRABEES.NS,442,545.76,241225.91999999998,120.61296,241454.1601150001,,
2021-11-08,BUY,MOM100.NS,7228,33.38,241270.64,120.63532000000001,62.88479500007816,,
2021-11-15,SELL,MOM100.NS,7228,33.53,242354.84,121.17742,242296.54737500008,33.38,0.449
2021-11-15,BUY,MID150BEES.NS,1998,121.15,242057.7,121.02885,117.8185250000679,,
2021-11-22,SELL,INFRABEES.NS,442,526.7,232801.40000000002,116.40070000000001,232802.8178250001,545.76,-3.492
2021-11-22,SELL,MID150BEES.NS,1998,115.81,231388.38,115.69419,464075.5036350001,121.15,-4.408
2021-11-22,BUY,GOLDBEES.NS,5491,42.23,231884.93,115.942465,232074.6311700001,,
2021-11-22,BUY,MOM100.NS,6956,33.34,231913.04000000004,115.95652000000003,45.6346500000509,,
2021-11-29,SELL,MOM100.NS,6956,31.42,218557.52000000002,109.27876,218493.87589000008,33.34,-5.759
2021-11-29,SELL,PSUBNKBEES.NS,7958,28.14,223938.12,111.96906,442320.0268300001,30.87,-8.844
2021-11-29,BUY,GILT5YBEES.NS,4478,49.36,221034.08,110.51704,221175.4297900001,,
2021-11-29,BUY,LIQUIDBEES.NS,221,999.99,220997.79,110.498895,67.14089500010596,,
2021-12-06,SELL,GOLDBEES.NS,5491,41.3,226778.3,113.38915,226732.0517450001,42.23,-2.202
2021-12-06,BUY,ITBEES.NS,6342,35.73,226599.65999999997,113.29982999999999,19.09191500011366,,
2021-12-13,SELL,GILT5YBEES.NS,4478,49.39,221168.42,110.58421000000001,221076.92770500013,49.36,0.061
2021-12-13,SELL,LIQUIDBEES.NS,221,999.99,220997.79,110.498895,441964.2188100001,999.99,0.0
2021-12-13,BUY,PSUBNKBEES.NS,7330,30.13,220852.9,110.42645,221000.8923600001,,
2021-12-13,BUY,MID150BEES.NS,1851,119.29,220805.79,110.402895,84.69946500009974,,
2021-12-20,SELL,MAFANG.NS,4306,54.13,233083.78,116.54189,233051.9375750001,56.52,-4.229
2021-12-20,SELL,PSUBNKBEES.NS,7330,26.93,197396.9,98.69845,430350.1391250001,30.13,-10.621
2021-12-20,SELL,MID150BEES.NS,1851,111.2,205831.2,102.91560000000001,636078.4235250001,119.29,-6.782
2021-12-20,BUY,GOLDBEES.NS,5062,41.86,211895.32,105.94766,424077.1558650001,,
2021-12-20,BUY,GILT5YBEES.NS,4302,49.26,211916.52,105.95826,212054.6776050001,,
2021-12-20,BUY,LIQUIDBEES.NS,211,1000.0,211000.0,105.5,949.1776050000917,,
2021-12-27,SELL,LIQUIDBEES.NS,211,999.99,210997.89,105.498945,211841.5686600001,1000.0,-0.001
2021-12-27,BUY,NV20BEES.NS,2139,98.95,211654.05000000002,105.827025,81.6916350000829,,
2022-01-03,SELL,GILT5YBEES.NS,4302,49.33,212217.66,106.10883,212193.24280500007,49.26,0.142
2022-01-03,SELL,GOLDBEES.NS,5062,41.73,211237.25999999998,105.61863,423324.884175,41.86,-0.311
2022-01-03,BUY,PHARMABEES.NS,14929,14.17,211543.93,105.771965,211675.18221000003,,
2022-01-03,BUY,DIVOPPBEES.NS,4630,45.69,211544.69999999998,105.77234999999999,24.709860000031767,,
2022-01-10,SELL,PHARMABEES.NS,14929,13.93,207960.97,103.980485,207881.69937500003,14.17,-1.694
2022-01-10,SELL,MON100.NS,2145,115.06,246803.7,123.40185000000001,454561.997525,117.29,-1.901
2022-01-10,BUY,CPSEETF.NS,7253,31.32,227163.96,113.58198,227284.45554500003,,
2022-01-10,BUY,NIFTYBEES.NS,1168,194.35,227000.8,113.5004,170.1551450000552,,
2022-01-17,SELL,DIVOPPBEES.NS,4630,47.34,219184.2,109.5921,219244.76304500006,45.69,3.611
2022-01-17,BUY,INFRABEES.NS,397,551.86,219088.42,109.54421,46.79883500005235,,
2022-01-24,SELL,ITBEES.NS,6342,35.73,226599.65999999997,113.29982999999999,226533.15900500002,35.73,0.0
2022-01-24,SELL,NIFTYBEES.NS,1168,185.79,217002.72,108.50136,443427.377645,194.35,-4.404
2022-01-24,BUY,BANKBEES.NS,595,372.15,221429.25,110.714625,221887.41302,,
2022-01-24,BUY,PSUBNKBEES.NS,7657,28.94,221593.58000000002,110.79679000000002,183.0362299999979,,
2022-01-31,SELL,INFRABEES.NS,397,526.58,209052.26,104.52613000000001,209130.7701,551.86,-4.581
2022-01-31,SELL,NV20BEES.NS,2139,98.34,210349.26,105.17463000000001,419374.85547,98.95,-0.616
2022-01-31,BUY,LIQUIDBEES.NS,209,1000.0,209000.0,104.5,210270.35547,,
2022-01-31,BUY,GILT5YBEES.NS,4244,49.38,209568.72,104.78436,596.8511100000178,,
2022-02-07,SELL,GILT5YBEES.NS,4244,49.12,208465.28,104.23264,208957.89847000001,49.38,-0.527
2022-02-07,SELL,LIQUIDBEES.NS,209,1000.0,209000.0,104.5,417853.39847,1000.0,0.0
2022-02-07,BUY,HNGSNGBEES.NS,674,309.6,208670.40000000002,104.33520000000001,209078.66327,,
2022-02-07,BUY,DIVOPPBEES.NS,4587,45.52,208800.24000000002,104.40012000000002,174.02314999996452,,
2022-02-14,SELL,DIVOPPBEES.NS,4587,44.58,204488.46,102.24423,204560.23891999995,45.52,-2.065
2022-02-14,BUY,GOLDBEES.NS,4759,42.96,204446.64,102.22332000000002,11.375599999941187,,
2022-02-21,SELL,BANKBEES.NS,595,379.51,225808.44999999998,112.904225,225706.92137499992,372.15,1.978
2022-02-21,BUY,GILT5YBEES.NS,4523,49.87,225562.00999999998,112.781005,32.13036999994074,,
2022-02-28,SELL,PSUBNKBEES.NS,7657,29.1,222818.7,111.40935,222739.42101999995,28.94,0.553
2022-02-28,BUY,LIQUIDBEES.NS,222,1000.0,222000.0,111.0,628.4210199999507,,
2022-03-07,SELL,HNGSNGBEES.NS,674,289.84,195352.15999999997,97.67607999999998,195882.90493999992,309.6,-6.382
2022-03-07,BUY,DIVOPPBEES.NS,4531,43.21,195784.51,97.892255,0.5026849998976104,,
2022-03-14,SELL,DIVOPPBEES.NS,4531,44.79,202943.49,101.471745,202842.5209399999,43.21,3.657
2022-03-14,BUY,PHARMABEES.NS,15073,13.45,202731.84999999998,101.36592499999999,9.30501499993261,,
2022-03-21,SELL,GILT5YBEES.NS,4523,49.54,224069.41999999998,112.03470999999999,223966.6903049999,49.87,-0.662
2022-03-21,SELL,LIQUIDBEES.NS,222,999.99,221997.78,110.99889,445853.4714149999,1000.0,-0.001
2022-03-21,BUY,NV20BEES.NS,2240,99.45,222768.0,111.384,222974.08741499993,,
2022-03-21,BUY,ITBEES.NS,6139,36.29,222784.31,111.392155,78.38525999992271,,
2022-03-28,SELL,NV20BEES.NS,2240,100.72,225612.8,112.8064,225578.3788599999,99.45,1.277
2022-03-28,SELL,ITBEES.NS,6139,36.92,226651.88,113.32594,452116.93291999993,36.29,1.736
2022-03-28,BUY,MON100.NS,1999,112.99,225867.00999999998,112.933505,226136.98941499996,,
2022-03-28,BUY,MAFANG.NS,4453,50.73,225900.68999999997,112.95034499999998,123.34906999999657,,
2022-04-04,SELL,GOLDBEES.NS,4759,44.22,210442.97999999998,105.22148999999999,210461.10757999998,42.96,2.933
2022-04-04,SELL,PHARMABEES.NS,15073,13.83,208459.59,104.229795,418816.467785,13.45,2.825
2022-04-04,BUY,DIVOPPBEES.NS,4478,46.73,209256.93999999997,104.62847,209454.89931500002,,
2022-04-04,BUY,ITBEES.NS,5609,37.31,209271.79,104.635895,78.4734199999948,,
2022-04-11,SELL,MAFANG.NS,4453,47.38,210983.14,105.49157000000001,210956.12185,50.73,-6.604
2022-04-11,SELL,MON100.NS,1999,112.16,224207.84,112.10392,435051.85793,112.99,-0.735
2022-04-11,SELL,ITBEES.NS,5609,35.8,200802.19999999998,100.4011,635753.65683,37.31,-4.047
2022-04-11,SELL,DIVOPPBEES.NS,4478,47.01,210510.78,105.25539,846159.18144,46.73,0.599
2022-04-11,BUY,JUNIORBEES.NS,456,463.53,211369.68,105.68484,634683.8166,,
2022-04-11,BUY,MOM100.NS,6397,33.05,211420.84999999998,105.71042499999999,423157.25617500005,,
2022-04-11,BUY,INFRABEES.NS,389,542.86,211172.54,105.58627000000001,211879.12990500004,,
2022-04-11,BUY,MID150BEES.NS,1774,119.17,211407.58000000002,105.70379000000001,365.8461150000221,,
2022-04-18,SELL,INFRABEES.NS,389,533.82,207655.98,103.82799000000001,207917.99812500004,542.86,-1.665
2022-04-18,BUY,GOLDBEES.NS,4499,46.19,207808.81,103.904405,5.283720000035828,,
2022-04-25,SELL,GOLDBEES.NS,4499,44.9,202005.1,101.00255,201909.38117000004,46.19,-2.793
2022-04-25,SELL,MOM100.NS,6397,31.32,200354.04,100.17702000000001,402163.24415000004,33.05,-5.234
2022-04-25,BUY,INFRABEES.NS,378,531.59,200941.02000000002,100.47051,201121.75364,,
2022-04-25,BUY,CONSUMBEES.NS,2647,75.9,200907.30000000002,100.45365000000001,113.99998999998206,,
2022-05-02,SELL,MID150BEES.NS,1774,113.4,201171.6,100.5858,201185.01419,119.17,-4.842
2022-05-02,BUY,AUTOBEES.NS,1827,110.02,201006.53999999998,100.50326999999999,77.97092000002158,,
2022-05-09,SELL,JUNIORBEES.NS,456,418.7,190927.19999999998,95.4636,190909.70732000002,463.53,-9.671
2022-05-09,SELL,AUTOBEES.NS,1827,105.18,192163.86000000002,96.08193000000001,382977.48539000005,110.02,-4.399
2022-05-09,SELL,CONSUMBEES.NS,2647,72.22,191166.34,95.58317,574048.24222,75.9,-4.848
2022-05-09,SELL,INFRABEES.NS,378,507.87,191974.86000000002,95.98743,765927.11479,531.59,-4.462
2022-05-09,BUY,DIVOPPBEES.NS,4359,43.9,191360.1,95.68005000000001,574471.3347400001,,
2022-05-09,BUY,HNGSNGBEES.NS,628,304.74,191376.72,95.68836,382998.9263800001,,
2022-05-09,BUY,LIQUIDBEES.NS,191,1000.0,191000.0,95.5,191903.42638000008,,
2022-05-09,BUY,GOLDBEES.NS,4308,44.42,191361.36000000002,95.68068000000001,446.38570000007167,,
2022-05-16,SELL,CPSEETF.NS,7253,33.99,246529.47,123.264735,246852.59096500007,31.32,8.525
2022-05-16,SELL,DIVOPPBEES.NS,4359,42.39,184778.01,92.38900500000001,431538.2119600001,43.9,-3.44
2022-05-16,BUY,GILT5YBEES.NS,4370,49.34,215615.80000000002,107.80790000000002,215814.60406000007,,
2022-05-16,BUY,AUTOBEES.NS,2012,107.15,215585.80000000002,107.79290000000002,121.01116000005277,,
2022-05-23,SELL,GOLDBEES.NS,4308,44.25,190629.0,95.3145,190654.69666000005,44.42,-0.383
2022-05-23,SELL,HNGSNGBEES.NS,628,295.04,185285.12000000002,92.64256000000002,375847.17410000006,304.74,-3.183
2022-05-23,BUY,CPSEETF.NS,5492,34.2,187826.40000000002,93.91320000000002,187926.86090000003,,
2022-05-23,BUY,CONSUMBEES.NS,2531,74.2,187800.2,93.90010000000001,32.76080000001821,,
2022-05-30,SELL,CONSUMBEES.NS,2531,74.76,189217.56000000003,94.60878000000001,189155.71202000004,74.2,0.755
2022-05-30,SELL,CPSEETF.NS,5492,33.95,186453.40000000002,93.22670000000001,375515.88532000006,34.2,-0.731
2022-05-30,BUY,BANKBEES.NS,519,361.43,187582.17,93.79108500000001,187839.92423500004,,
2022-05-30,BUY,GOLDBEES.NS,4267,43.98,187662.65999999997,93.83133,83.43290500008152,,
2022-06-06,SELL,GILT5YBEES.NS,4370,48.56,212207.2,106.10360000000001,212184.5293050001,49.34,-1.581
2022-06-06,SELL,BANKBEES.NS,519,356.47,185007.93000000002,92.50396500000001,397099.9553400001,361.43,-1.372
2022-06-06,BUY,CPSEETF.NS,5658,35.07,198426.06,99.21303,198574.6823100001,,
2022-06-06,BUY,CONSUMBEES.NS,2697,73.58,198445.26,99.22263000000001,30.199680000077933,,
2022-06-13,SELL,GOLDBEES.NS,4267,44.19,188558.72999999998,94.279365,188494.65031500006,43.98,0.477
2022-06-13,SELL,CONSUMBEES.NS,2697,71.67,193293.99,96.646995,381691.99332000007,73.58,-2.596
2022-06-13,BUY,HNGSNGBEES.NS,628,303.58,190648.24,95.32412,190948.42920000007,,
2022-06-13,BUY,GILT5YBEES.NS,3921,48.64,190717.44,95.35872,135.63048000007984,,
2022-06-20,SELL,CPSEETF.NS,5658,31.44,177887.52000000002,88.94376000000001,177934.2067200001,35.07,-10.351
2022-06-20,BUY,GOLDBEES.NS,4058,43.82,177821.56,88.91078,23.735940000100527,,
2022-06-27,SELL,GOLDBEES.NS,4058,43.87,178024.46,89.01223,177959.1837100001,43.82,0.114
2022-06-27,BUY,CONSUMBEES.NS,2421,73.44,177798.24,88.89912,72.04459000012139,,
2022-07-04,SELL,HNGSNGBEES.NS,628,297.94,187106.32,93.55316,187084.81143000012,303.58,-1.858
2022-07-04,BUY,GOLDBEES.NS,4185,44.68,186985.8,93.49289999999999,5.518530000117607,,
2022-07-11,SELL,GILT5YBEES.NS,3921,48.74,191109.54,95.55477,191019.50376000014,48.64,0.206
2022-07-11,SELL,LIQUIDBEES.NS,191,999.99,190998.09,95.499045,381922.09471500013,1000.0,-0.001
2022-07-11,SELL,GOLDBEES.NS,4185,43.56,182298.6,91.14930000000001,564129.5454150002,44.68,-2.507
2022-07-11,BUY,PSUBNKBEES.NS,6375,29.48,187935.0,93.9675,376100.57791500015,,
2022-07-11,BUY,MAFANG.NS,4497,41.79,187929.63,93.964815,188076.98310000013,,
2022-07-11,BUY,BANKBEES.NS,523,358.74,187621.02000000002,93.81051000000001,362.15259000009974,,
2022-07-18,SELL,MAFANG.NS,4497,41.02,184466.94,92.23347,184736.8591200001,41.79,-1.843
2022-07-18,SELL,BANKBEES.NS,523,357.55,186998.65,93.499325,371642.0097950001,358.74,-0.332
2022-07-18,BUY,JUNIORBEES.NS,446,416.01,185540.46,92.77023,186008.7795650001,,
2022-07-18,BUY,MID150BEES.NS,1695,109.57,185721.15,92.860575,194.7689900000987,,
2022-07-25,SELL,JUNIORBEES.NS,446,423.76,188996.96,94.49848,189097.23051000008,416.01,1.863
2022-07-25,BUY,BANKBEES.NS,510,370.3,188853.0,94.4265,149.80401000007987,,
2022-08-01,SELL,AUTOBEES.NS,2012,130.73,263028.75999999995,131.51438,263047.04963,107.15,22.007
2022-08-01,BUY,MOM100.NS,8210,32.02,262884.2,131.4421,31.407530000025872,,
2022-08-08,SELL,BANKBEES.NS,510,386.46,197094.59999999998,98.54729999999999,197027.46023,370.3,4.364
2022-08-08,BUY,JUNIORBEES.NS,445,442.15,196756.75,98.378375,172.33185499999672,,
2022-08-16,SELL,CONSUMBEES.NS,2421,84.87,205470.27000000002,102.73513500000001,205539.86672000002,73.44,15.564
2022-08-16,BUY,BANKBEES.NS,517,397.06,205280.02,102.64001,157.20671000002767,,
2022-08-22,SELL,PSUBNKBEES.NS,6375,30.93,197178.75,98.589375,197237.36733500002,29.48,4.919
2022-08-22,BUY,CONSUMBEES.NS,2342,84.17,197126.14,98.56307000000001,12.664264999999432,,
2022-08-29,SELL,CONSUMBEES.NS,2342,85.22,199585.24,99.79262,199498.111645,84.17,1.247
2022-08-29,SELL,BANKBEES.NS,517,387.78,200482.25999999998,100.24113,399880.13051499997,397.06,-2.337
2022-08-29,BUY,PSUBNKBEES.NS,6145,32.52,199835.40000000002,99.91770000000001,199944.81281499995,,
2022-08-29,BUY,CPSEETF.NS,5472,36.52,199837.44000000003,99.91872000000002,7.454094999935478,,
2022-09-12,SELL,JUNIORBEES.NS,445,472.03,210053.34999999998,105.026675,209955.7774199999,442.15,6.758
2022-09-12,BUY,BANKBEES.NS,511,410.22,209622.42,104.81121,228.546209999884,,
2022-09-19,SELL,MOM100.NS,8210,33.64,276184.4,138.09220000000002,276274.8540099999,32.02,5.059
2022-09-19,BUY,JUNIORBEES.NS,589,468.16,275746.24,137.87312,390.7408899998991,,
2022-09-26,SELL,CPSEETF.NS,5472,34.55,189057.59999999998,94.52879999999999,189353.81208999988,36.52,-5.394
2022-09-26,BUY,CONSUMBEES.NS,2209,85.65,189200.85,94.600425,58.361664999858476,,
2022-10-03,SELL,JUNIORBEES.NS,589,438.54,258300.06,129.15003000000002,258229.27163499987,468.16,-6.327
2022-10-03,SELL,BANKBEES.NS,511,385.88,197184.68,98.59234,455315.35929499986,410.22,-5.933
2022-10-03,BUY,PHARMABEES.NS,17134,13.28,227539.52,113.76975999999999,227662.06953499987,,
2022-10-03,BUY,SILVERBEES.NS,4000,56.88,227520.0,113.76,28.30953499986208,,
2022-10-10,SELL,CONSUMBEES.NS,2209,84.73,187168.57,93.58428500000001,187103.29524999988,85.65,-1.074
2022-10-10,BUY,GOLDBEES.NS,4276,43.73,186989.47999999998,93.49474,20.32050999990315,,
2022-10-17,SELL,GOLDBEES.NS,4276,43.24,184894.24000000002,92.44712000000001,184822.11338999993,43.73,-1.121
2022-10-17,SELL,PSUBNKBEES.NS,6145,33.77,207516.65000000002,103.75832500000001,392235.0050649999,32.52,3.844
2022-10-17,SELL,SILVERBEES.NS,4000,55.52,222080.0,111.04,614203.9650649999,56.88,-2.391
2022-10-17,SELL,MID150BEES.NS,1695,118.69,201179.55,100.589775,815282.9252899999,109.57,8.323
2022-10-17,BUY,BANKBEES.NS,504,403.65,203439.59999999998,101.71979999999999,611741.60549,,
2022-10-17,BUY,LIQUIDBEES.NS,203,999.99,202997.97,101.498985,408642.13650499994,,
2022-10-17,BUY,CPSEETF.NS,5622,36.23,203685.05999999997,101.84252999999998,204855.23397499998,,
2022-10-17,BUY,LTGILTBEES.NS,9054,22.5,203715.0,101.8575,1038.3764749999682,,
2022-10-24,SELL,LIQUIDBEES.NS,203,999.99,202997.97,101.498985,203934.84748999996,999.99,0.0
2022-10-24,SELL,LTGILTBEES.NS,9054,22.45,203262.3,101.63114999999999,407095.51634,22.5,-0.222
2022-10-24,BUY,PSUBNKBEES.NS,5471,37.18,203411.78,101.70589,203582.03044999996,,
2022-10-24,BUY,DIVOPPBEES.NS,4395,46.29,203444.55,101.722275,35.758174999966286,,
2022-10-31,SELL,PHARMABEES.NS,17134,13.31,228053.54,114.02677000000001,227975.27140499998,13.28,0.226
2022-10-31,BUY,SILVERBEES.NS,3989,57.11,227811.79,113.905895,49.575509999966016,,
2022-11-07,SELL,BANKBEES.NS,504,421.16,212264.64,106.13232,212208.08318999998,403.65,4.338
2022-11-07,SELL,DIVOPPBEES.NS,4395,47.52,208850.40000000002,104.42520000000002,420954.05799,46.29,2.657
2022-11-07,BUY,PHARMABEES.NS,15722,13.38,210360.36000000002,105.18018000000001,210488.51781,,
2022-11-07,BUY,INFRABEES.NS,380,552.71,210029.80000000002,105.01490000000001,353.7029099999636,,
2022-11-14,SELL,PHARMABEES.NS,15722,13.16,206901.52,103.45076,207151.77214999995,13.38,-1.644
2022-11-14,SELL,CPSEETF.NS,5622,38.03,213804.66,106.90233,420849.52981999994,36.23,4.968
2022-11-14,SELL,INFRABEES.NS,380,549.79,208920.19999999998,104.4601,629665.26972,552.71,-0.528
2022-11-14,BUY,ITBEES.NS,6758,31.04,209768.32,104.88416000000001,419792.06556,,
2022-11-14,BUY,BANKBEES.NS,492,425.65,209419.8,104.70989999999999,210267.55566000004,,
2022-11-14,BUY,NV20BEES.NS,2045,102.57,209755.65,104.877825,407.02783500004443,,
2022-11-21,SELL,NV20BEES.NS,2045,101.81,208201.45,104.10072500000001,208504.37711000006,102.57,-0.741
2022-11-21,BUY,GOLDBEES.NS,4651,44.8,208364.8,104.1824,35.39471000008052,,
2022-11-28,SELL,GOLDBEES.NS,4651,45.12,209853.12,104.92656,209783.58815000008,44.8,0.714
2022-11-28,BUY,NV20BEES.NS,2014,104.07,209596.97999999998,104.79848999999999,81.8096600001154,,
2022-12-05,SELL,NV20BEES.NS,2014,105.71,212899.93999999997,106.44997,212875.2996900001,104.07,1.576
2022-12-05,SELL,BANKBEES.NS,492,437.9,215446.8,107.7234,428214.3762900001,425.65,2.878
2022-12-05,BUY,HNGSNGBEES.NS,778,274.93,213895.54,106.94777,214211.8885200001,,
2022-12-05,BUY,INFRABEES.NS,377,567.12,213804.24,106.90212,300.74640000009094,,
2022-12-12,SELL,ITBEES.NS,6758,30.27,204564.66,102.28233,204763.1240700001,31.04,-2.481
2022-12-12,BUY,BANKBEES.NS,463,441.77,204539.50999999998,102.26975499999999,121.34431500014034,,
2022-12-19,SELL,INFRABEES.NS,377,566.18,213449.86,106.72493,213464.47938500013,567.12,-0.166
2022-12-19,BUY,GOLDBEES.NS,4596,46.42,213346.32,106.67316000000001,11.486225000116974,,
2022-12-26,SELL,BANKBEES.NS,463,430.88,199497.44,99.74872,199409.17750500012,441.77,-2.465
2022-12-26,BUY,LTGILTBEES.NS,8639,23.07,199301.73,99.65086500000001,7.796640000102343,,
2023-01-02,SELL,LTGILTBEES.NS,8639,23.05,199128.95,99.564475,199037.18216500012,23.07,-0.087
2023-01-02,BUY,BANKBEES.NS,455,437.18,198916.9,99.45845,20.82371500012232,,
2023-01-09,SELL,BANKBEES.NS,455,430.82,196023.1,98.01155,195945.91216500013,437.18,-1.455
2023-01-09,BUY,LTGILTBEES.NS,8500,23.04,195840.0,97.92,7.992165000119712,,
2023-01-23,SELL,LTGILTBEES.NS,8500,23.16,196860.0,98.43,196769.56216500013,23.04,0.521
2023-01-23,SELL,PSUBNKBEES.NS,5471,47.11,257738.81,128.869405,454379.5027600001,37.18,26.708
2023-01-23,BUY,CPSEETF.NS,5803,39.13,227071.39,113.535695,227194.5770650001,,
2023-01-23,BUY,DIVOPPBEES.NS,4592,49.44,227028.47999999998,113.51423999999999,52.58282500013593,,
2023-01-30,SELL,CPSEETF.NS,5803,37.66,218540.97999999998,109.27049,218484.29233500012,39.13,-3.757
2023-01-30,SELL,DIVOPPBEES.NS,4592,48.47,222574.24,111.28712,440947.2452150001,49.44,-1.962
2023-01-30,BUY,MAFANG.NS,5143,42.84,220326.12000000002,110.16306000000002,220510.9621550001,,
2023-01-30,BUY,MON100.NS,2313,95.25,220313.25,110.156625,87.55553000009968,,
2023-02-06,SELL,SILVERBEES.NS,3989,66.92,266943.88,133.47194000000002,266897.96359000006,57.11,17.177
2023-02-06,BUY,ITBEES.NS,8433,31.63,266735.79,133.367895,28.805695000104606,,
2023-02-13,SELL,GOLDBEES.NS,4596,48.67,223687.32,111.84366,223604.2820350001,46.42,4.847
2023-02-13,BUY,AUTOBEES.NS,1684,132.67,223416.27999999997,111.70813999999999,76.29389500012621,,
2023-02-20,SELL,AUTOBEES.NS,1684,132.96,223904.64,111.95232000000001,223868.98157500013,132.67,0.219
2023-02-20,SELL,HNGSNGBEES.NS,778,297.52,231470.56,115.73528,455223.80629500013,274.93,8.217
2023-02-20,BUY,NV20BEES.NS,2122,107.16,227393.52,113.69676,227716.58953500015,,
2023-02-20,BUY,DIVOPPBEES.NS,4559,49.89,227448.51,113.72425500000001,154.35528000013437,,
2023-02-27,SELL,DIVOPPBEES.NS,4559,48.55,221339.44999999998,110.669725,221383.1355550001,49.89,-2.686
2023-02-27,BUY,CPSEETF.NS,5611,39.43,221241.73,110.62086500000001,30.78469000008772,,
2023-03-06,SELL,NV20BEES.NS,2122,105.5,223871.0,111.9355,223789.8491900001,107.16,-1.549
2023-03-06,BUY,DIVOPPBEES.NS,4531,49.36,223650.16,111.82508,27.86411000008229,,
2023-03-13,SELL,ITBEES.NS,8433,30.53,257459.49000000002,128.729745,257358.6243650001,31.63,-3.478
2023-03-13,BUY,GILT5YBEES.NS,5040,51.03,257191.2,128.59560000000002,38.82876500010025,,
2023-03-20,SELL,GILT5YBEES.NS,5040,51.16,257846.4,128.9232,257756.3055650001,51.03,0.255
2023-03-20,SELL,DIVOPPBEES.NS,4531,48.46,219572.26,109.78613,477218.77943500015,49.36,-1.823
2023-03-20,BUY,GOLDBEES.NS,4684,50.91,238462.43999999997,119.23122,238637.1082150002,,
2023-03-20,BUY,LTGILTBEES.NS,10178,23.43,238470.54,119.23527,47.33294500017655,,
2023-03-27,SELL,CPSEETF.NS,5611,38.58,216472.38,108.23619000000001,216411.47675500019,39.43,-2.156
2023-03-27,BUY,SILVERBEES.NS,3161,68.42,216275.62,108.13781,27.718945000204258,,
2023-04-03,SELL,LTGILTBEES.NS,10178,23.46,238775.88,119.38794,238684.21100500022,23.43,0.128
2023-04-03,BUY,CPSEETF.NS,5959,40.03,238538.77000000002,119.26938500000001,26.171620000211988,,
2023-04-17,SELL,MON100.NS,2313,103.8,240089.4,120.0447,239995.5269200002,95.25,8.976
2023-04-17,BUY,PHARMABEES.NS,19128,12.54,239865.12,119.93256,10.474360000225715,,
2023-04-24,SELL,MAFANG.NS,5143,48.39,248869.77,124.434885,248755.80947500022,42.84,12.955
2023-04-24,BUY,BANKBEES.NS,576,431.09,248307.84,124.15392,323.81555500021204,,
2023-05-02,SELL,GOLDBEES.NS,4684,51.31,240336.04,120.16802000000001,240539.6875350002,50.91,0.786
2023-05-02,SELL,CPSEETF.NS,5959,42.2,251469.80000000002,125.73490000000001,491883.7526350002,40.03,5.421
2023-05-02,BUY,PSUBNKBEES.NS,5305,46.33,245780.65,122.890325,245980.21231000024,,
2023-05-02,BUY,MAFANG.NS,4970,49.46,245816.2,122.9081,41.10421000022325,,
2023-05-08,SELL,PHARMABEES.NS,19128,12.8,244838.40000000002,122.41920000000002,244757.08501000024,12.54,2.073
2023-05-08,SELL,MAFANG.NS,4970,49.75,247257.5,123.62875,491890.95626000024,49.46,0.586
2023-05-08,SELL,BANKBEES.NS,576,437.54,252023.04,126.01152,743787.9847400002,431.09,1.496
2023-05-08,BUY,MOM100.NS,7182,34.5,247779.0,123.8895,495885.0952400002,,
2023-05-08,BUY,CPSEETF.NS,5806,42.68,247800.08,123.90003999999999,247961.11520000023,,
2023-05-08,BUY,GOLDBEES.NS,4749,52.17,247755.33000000002,123.87766500000001,81.90753500020946,,
2023-05-15,SELL,CPSEETF.NS,5806,42.63,247509.78000000003,123.75489000000002,247467.93264500023,42.68,-0.117
2023-05-15,SELL,GOLDBEES.NS,4749,52.28,248277.72,124.13886000000001,495621.5137850002,52.17,0.211
2023-05-15,SELL,SILVERBEES.NS,3161,71.83,227054.63,113.527315,722562.6164700002,68.42,4.984
2023-05-15,SELL,MOM100.NS,7182,34.56,248209.92,124.10496,970648.4315100003,34.5,0.174
2023-05-15,SELL,PSUBNKBEES.NS,5305,44.41,235595.05,117.797525,1206125.6839850002,46.33,-4.144
2023-05-15,BUY,MAFANG.NS,4638,51.98,241083.24,120.54162,964921.9023650002,,
2023-05-15,BUY,AUTOBEES.NS,1701,141.66,240963.66,120.48183,723837.7605350002,,
2023-05-15,BUY,CONSUMBEES.NS,2828,85.24,241058.71999999997,120.52935999999998,482658.5111750003,,
2023-05-15,BUY,BANKBEES.NS,541,445.19,240847.79,120.423895,241690.29728000026,,
2023-05-15,BUY,JUNIORBEES.NS,556,433.05,240775.80000000002,120.38790000000002,794.1093800002418,,
2023-05-22,SELL,JUNIORBEES.NS,556,433.16,240836.96000000002,120.41848000000002,241510.65090000027,433.05,0.025
2023-05-22,SELL,CONSUMBEES.NS,2828,84.45,238824.6,119.4123,480215.83860000025,85.24,-0.927
2023-05-22,BUY,MON100.NS,2166,110.77,239927.81999999998,119.96391,240168.05469000028,,
2023-05-22,BUY,CPSEETF.NS,5653,42.45,239969.85,119.984925,78.21976500027813,,
2023-05-29,SELL,CPSEETF.NS,5653,42.41,239743.72999999998,119.871865,239702.07790000027,42.45,-0.094
2023-05-29,SELL,BANKBEES.NS,541,449.93,243412.13,121.70606500000001,482992.50183500024,445.19,1.065
2023-05-29,BUY,MOM100.NS,6768,35.66,241346.87999999998,120.67343999999999,241524.94839500025,,
2023-05-29,BUY,JUNIORBEES.NS,544,443.11,241051.84,120.52592,352.5824750002648,,
2023-06-05,SELL,JUNIORBEES.NS,544,449.08,244299.52,122.14976,244529.95271500025,443.11,1.347
2023-06-05,BUY,CONSUMBEES.NS,2767,88.31,244353.77000000002,122.17688500000001,54.005830000241986,,
2023-06-12,SELL,CONSUMBEES.NS,2767,88.33,244409.11,122.204555,244340.91127500022,88.31,0.023
2023-06-12,BUY,JUNIORBEES.NS,538,453.62,244047.56,122.02378,171.32749500023783,,
2023-06-19,SELL,AUTOBEES.NS,1701,148.15,252003.15000000002,126.00157500000002,252048.47592000026,141.66,4.581
2023-06-19,BUY,MID150BEES.NS,1867,134.91,251876.97,125.938485,45.567435000266414,,
2023-06-26,SELL,JUNIORBEES.NS,538,455.07,244827.66,122.41383,244750.81360500026,453.62,0.32
2023-06-26,BUY,AUTOBEES.NS,1647,148.48,244546.56,122.27328,81.9803250002733,,
2023-07-03,SELL,MID150BEES.NS,1867,137.13,256021.71,128.010855,255975.67947000026,134.91,1.646
2023-07-03,BUY,PHARMABEES.NS,18593,13.76,255839.68,127.91984,8.079630000283942,,
2023-07-10,SELL,MOM100.NS,6768,38.19,258469.91999999998,129.23496,258348.76467000027,35.66,7.095
2023-07-10,BUY,PSUBNKBEES.NS,5244,49.24,258214.56,129.10728,5.097390000271844,,
2023-07-17,SELL,PSUBNKBEES.NS,5244,49.83,261308.52,130.65426,261182.96313000025,49.24,1.198
2023-07-17,BUY,ITBEES.NS,8012,32.58,261030.96,130.51548,21.487650000257418,,
2023-07-24,SELL,MON100.NS,2166,122.74,265854.83999999997,132.92741999999998,265743.4002300002,110.77,10.806
2023-07-24,SELL,ITBEES.NS,8012,31.41,251656.92,125.82846,517274.4917700002,32.58,-3.591
2023-07-24,BUY,PSUBNKBEES.NS,5080,50.88,258470.40000000002,129.23520000000002,258674.85657000018,,
2023-07-24,BUY,MOM100.NS,6603,39.15,258507.44999999998,129.253725,38.15284500020789,,
2023-07-31,SELL,AUTOBEES.NS,1647,158.81,261560.07,130.780035,261467.4428100002,148.48,6.957
2023-07-31,SELL,MAFANG.NS,4638,65.71,304762.98,152.38148999999999,566078.0413200002,51.98,26.414
2023-07-31,BUY,CPSEETF.NS,5929,47.71,282872.59,141.43629500000003,283064.01502500015,,
2023-07-31,BUY,INFRABEES.NS,448,631.03,282701.44,141.35072,221.22430500015616,,
2023-08-07,SELL,PSUBNKBEES.NS,5080,49.0,248920.0,124.46000000000001,249016.76430500016,50.88,-3.695
2023-08-07,BUY,MID150BEES.NS,1718,144.82,248800.75999999998,124.40038,91.6039250001777,,
2023-08-14,SELL,INFRABEES.NS,448,622.44,278853.12,139.42656,278805.2973650002,631.03,-1.361
2023-08-14,BUY,PSUBNKBEES.NS,5538,50.31,278616.78,139.30839,49.20897500013234,,
2023-09-04,SELL,PHARMABEES.NS,18593,15.28,284101.04,142.05052,284008.1984550001,13.76,11.047
2023-09-04,SELL,PSUBNKBEES.NS,5538,51.58,285650.04,142.82502,569515.4134350001,50.31,2.524
2023-09-04,BUY,ITBEES.NS,8415,33.82,284595.3,142.29765,284777.8157850001,,
2023-09-04,BUY,AUTOBEES.NS,1754,162.23,284551.42,142.27571,84.12007500010077,,
2023-09-11,SELL,AUTOBEES.NS,1754,166.48,292005.92,146.00296,291944.0371150001,162.23,2.62
2023-09-11,BUY,INFRABEES.NS,447,652.19,291528.93000000005,145.76446500000003,269.34265000000596,,
2023-09-18,SELL,INFRABEES.NS,447,652.27,291564.69,145.782345,291688.250305,652.19,0.012
2023-09-18,BUY,PSUBNKBEES.NS,5019,58.08,291503.52,145.75176000000002,38.97854499996174,,
2023-10-03,SELL,ITBEES.NS,8415,33.35,280640.25,140.320125,280538.90841999993,33.82,-1.39
2023-10-03,BUY,DIVOPPBEES.NS,4842,57.9,280351.8,140.17589999999998,46.93251999997301,,
2023-10-09,SELL,DIVOPPBEES.NS,4842,57.7,279383.4,139.69170000000003,279290.64082,57.9,-0.345
2023-10-09,BUY,ITBEES.NS,8239,33.88,279137.32,139.56866,13.752159999974538,,
2023-10-16,SELL,MOM100.NS,6603,43.22,285381.66,142.69082999999998,285252.72133,39.15,10.396
2023-10-16,SELL,ITBEES.NS,8239,33.39,275100.21,137.550105,560215.381225,33.88,-1.446
2023-10-16,BUY,AUTOBEES.NS,1668,167.83,279940.44,139.97022,280134.971005,,
2023-10-16,BUY,INFRABEES.NS,427,654.68,279548.36,139.77418,446.8368250000058,,
2023-10-23,SELL,INFRABEES.NS,427,635.03,271157.81,135.578905,271469.06792,654.68,-3.001
2023-10-23,SELL,MID150BEES.NS,1718,149.24,256394.32,128.19716,527735.19076,144.82,3.052
2023-10-23,BUY,GOLDBEES.NS,5117,51.54,263730.18,131.86509,263873.14567000006,,
2023-10-23,BUY,DIVOPPBEES.NS,4621,57.07,263720.47000000003,131.86023500000002,20.815435000055004,,
2023-10-30,SELL,DIVOPPBEES.NS,4621,56.99,263350.79000000004,131.675395,263239.93004000006,57.07,-0.14
2023-10-30,BUY,GILT5YBEES.NS,4953,53.12,263103.36,131.55168,5.018360000103712,,
2023-11-06,SELL,AUTOBEES.NS,1668,164.52,274419.36000000004,137.20968000000002,274287.1686800001,167.83,-1.972
2023-11-06,BUY,DIVOPPBEES.NS,4716,58.13,274141.08,137.07054000000002,9.018140000116546,,
2023-11-13,SELL,GILT5YBEES.NS,4953,53.41,264539.73,132.26986499999998,264416.4782750001,53.12,0.546
2023-11-13,SELL,GOLDBEES.NS,5117,50.93,260608.81,130.304405,524894.9838700001,51.54,-1.184
2023-11-13,SELL,PSUBNKBEES.NS,5019,57.39,288040.41,144.020205,812791.3736650001,58.08,-1.188
2023-11-13,SELL,DIVOPPBEES.NS,4716,59.05,278479.8,139.2399,1091131.9337650002,58.13,1.583
2023-11-13,BUY,MAFANG.NS,4191,65.05,272624.55,136.312275,818371.0714900002,,
2023-11-13,BUY,PHARMABEES.NS,17332,15.73,272632.36,136.31618,545602.3953100003,,
2023-11-13,BUY,INFRABEES.NS,416,655.09,272517.44,136.25872,272948.6965900003,,
2023-11-13,BUY,MID150BEES.NS,1741,156.52,272501.32,136.25066,311.1259300002712,,
2023-11-20,SELL,PHARMABEES.NS,17332,16.04,278005.27999999997,139.00263999999999,278177.4032900002,15.73,1.971
2023-11-20,SELL,INFRABEES.NS,416,665.93,277026.88,138.51344,555065.7698500003,655.09,1.655
2023-11-20,SELL,MID150BEES.NS,1741,159.73,278089.93,139.044965,833016.6548850003,156.52,2.051
2023-11-20,BUY,MON100.NS,2163,128.29,277491.26999999996,138.745635,555386.6392500004,,
2023-11-20,BUY,DIVOPPBEES.NS,4586,60.51,277498.86,138.74943,277749.02982000035,,
2023-11-20,BUY,MOM100.NS,6228,44.56,277519.68,138.75984,90.58998000033898,,
2023-11-28,SELL,MOM100.NS,6228,44.96,280010.88,140.00544,279961.46454000036,44.56,0.898
2023-11-28,SELL,DIVOPPBEES.NS,4586,61.13,280342.18,140.17109,560163.4734500004,60.51,1.025
2023-11-28,BUY,PHARMABEES.NS,17344,16.14,279932.16000000003,139.96608,280091.3473700004,,
2023-11-28,BUY,AUTOBEES.NS,1604,174.49,279881.96,139.94098000000002,69.44639000034658,,
2023-12-04,SELL,AUTOBEES.NS,1604,179.71,288254.84,144.12742000000003,288180.1589700004,174.49,2.992
2023-12-04,SELL,MON100.NS,2163,129.73,280605.99,140.302995,568645.8459750004,128.29,1.122
2023-12-04,SELL,PHARMABEES.NS,17344,16.49,286002.56,143.00128,854505.4046950004,16.14,2.169
2023-12-04,BUY,MOM100.NS,6038,47.15,284691.7,142.34585,569671.3588450004,,
2023-12-04,BUY,DIVOPPBEES.NS,4468,63.71,284656.28,142.32814000000002,284872.75070500036,,
2023-12-04,BUY,JUNIORBEES.NS,541,525.72,284414.52,142.20726000000002,316.02344500034815,,
2023-12-11,SELL,MAFANG.NS,4191,69.01,289220.91000000003,144.61045500000003,289392.32299000036,65.05,6.088
2023-12-11,BUY,INFRABEES.NS,399,724.68,289147.32,144.57366000000002,100.42933000036282,,
2023-12-18,SELL,INFRABEES.NS,399,747.2,298132.80000000005,149.06640000000002,298084.1629300004,724.68,3.108
2023-12-18,SELL,MOM100.NS,6038,48.73,294231.74,147.11587,592168.7870600005,47.15,3.351
2023-12-18,BUY,PSUBNKBEES.NS,4639,63.78,295875.42,147.93770999999998,296145.42935000046,,
2023-12-18,BUY,ITBEES.NS,7816,37.86,295913.76,147.95688,83.71247000043513,,
2023-12-26,SELL,PSUBNKBEES.NS,4639,61.99,287571.61,143.78580499999998,287511.5366650004,63.78,-2.807
2023-12-26,BUY,MAFANG.NS,3956,72.64,287363.84,143.68192000000002,4.0147450004005805,,
2024-01-01,SELL,MAFANG.NS,3956,73.02,288867.12,144.43356,288726.7011850004,72.64,0.523
2024-01-01,SELL,ITBEES.NS,7816,37.68,294506.88,147.25344,583086.3277450004,37.86,-0.475
2024-01-01,BUY,INFRABEES.NS,384,757.41,290845.44,145.42272,292095.4650250004,,
2024-01-01,BUY,MOM100.NS,5886,49.5,291357.0,145.6785,592.7865250004106,,
2024-01-08,SELL,DIVOPPBEES.NS,4468,68.03,303958.04,151.97902,304398.84750500036,63.71,6.781
2024-01-08,BUY,MID150BEES.NS,1709,178.02,304236.18,152.11809,10.549415000365116,,
2024-01-15,SELL,MOM100.NS,5886,51.0,300186.0,150.093,300046.4564150004,49.5,3.03
2024-01-15,SELL,MID150BEES.NS,1709,181.13,309551.17,154.775585,609442.8508300004,178.02,1.747
2024-01-15,BUY,ITBEES.NS,7763,39.23,304542.49,152.271245,304748.08958500036,,
2024-01-15,BUY,DIVOPPBEES.NS,4332,70.3,304539.6,152.2698,56.21978500037221,,
2024-01-23,SELL,JUNIORBEES.NS,541,566.94,306714.54000000004,153.35727000000003,306617.40251500043,525.72,7.841
2024-01-23,BUY,PSUBNKBEES.NS,4752,64.48,306408.96,153.20448000000002,55.23803500039503,,
2024-01-29,SELL,ITBEES.NS,7763,38.69,300350.47,150.175235,300255.5328000004,39.23,-1.376
2024-01-29,BUY,MAFANG.NS,3953,75.91,300072.23,150.036115,33.26668500038795,,
2024-02-12,SELL,DIVOPPBEES.NS,4332,72.21,312813.72,156.40686,312690.5798250004,70.3,2.717
2024-02-12,BUY,PHARMABEES.NS,16457,18.99,312518.43,156.259215,15.890610000351444,,
2024-02-19,SELL,INFRABEES.NS,384,842.19,323400.96,161.70048000000003,323255.1501300004,757.41,11.193
2024-02-19,BUY,AUTOBEES.NS,1551,208.25,322995.75,161.497875,97.90225500037195,,
2024-03-04,SELL,PHARMABEES.NS,16457,19.3,317620.10000000003,158.81005000000002,317559.19220500044,18.99,1.632
2024-03-04,BUY,JUNIORBEES.NS,498,637.01,317230.98,158.61549,169.59671500045806,,
2024-03-18,SELL,JUNIORBEES.NS,498,621.81,309661.37999999995,154.83068999999998,309676.14602500043,637.01,-2.386
2024-03-18,SELL,PSUBNKBEES.NS,4752,75.3,357825.6,178.9128,667322.8332250004,64.48,16.78
2024-03-18,SELL,CPSEETF.NS,5929,76.54,453805.66000000003,226.90283000000002,1120901.5903950005,47.71,60.428
2024-03-18,BUY,HNGSNGBEES.NS,1469,254.17,373375.73,186.687865,747339.1725300006,,
2024-03-18,BUY,GOLDBEES.NS,6728,55.5,373404.0,186.702,373748.4705300006,,
2024-03-18,BUY,SILVERBEES.NS,5139,72.66,373399.74,186.69987,162.03066000057152,,
2024-03-26,SELL,HNGSNGBEES.NS,1469,242.41,356100.29,178.050145,356084.27051500056,254.17,-4.627
2024-03-26,SELL,SILVERBEES.NS,5139,72.83,374273.37,187.136685,730170.5038300005,72.66,0.234
2024-03-26,BUY,MON100.NS,2437,149.71,364843.27,182.421635,365144.81219500053,,
2024-03-26,BUY,JUNIORBEES.NS,575,634.45,364808.75,182.40437500000002,153.65782000054605,,
2024-04-01,SELL,MON100.NS,2437,150.1,365793.7,182.89685,365764.46097000054,149.71,0.261
2024-04-01,BUY,INFRABEES.NS,418,872.91,364876.38,182.43819000000002,705.6427800005185,,
2024-04-08,SELL,AUTOBEES.NS,1551,223.58,346772.58,173.38629,347304.83649000054,208.25,7.361
2024-04-08,SELL,INFRABEES.NS,418,874.63,365595.34,182.79767,712717.3788200006,872.91,0.197
2024-04-08,BUY,SILVERBEES.NS,4422,80.53,356103.66000000003,178.05183000000002,356435.6669900005,,
2024-04-08,BUY,PSUBNKBEES.NS,4431,80.37,356119.47000000003,178.05973500000002,138.1372550004744,,
2024-04-15,SELL,PSUBNKBEES.NS,4431,78.32,347035.92,173.51796,347000.53929500043,80.37,-2.551
2024-04-15,BUY,AUTOBEES.NS,1578,219.73,346733.94,173.36697,93.2323250004556,,
2024-04-29,SELL,AUTOBEES.NS,1578,224.43,354150.54000000004,177.07527000000002,354066.6970550005,219.73,2.139
2024-04-29,BUY,HNGSNGBEES.NS,1336,264.81,353786.16,176.89308,103.64397500053747,,
2024-05-06,SELL,GOLDBEES.NS,6728,60.72,408524.16,204.26208,408423.5418950005,55.5,9.405
2024-05-06,SELL,SILVERBEES.NS,4422,79.78,352787.16000000003,176.39358000000001,761034.3083150005,80.53,-0.931
2024-05-06,BUY,CPSEETF.NS,4357,87.28,380278.96,190.13948000000002,380565.20883500046,,
2024-05-06,BUY,AUTOBEES.NS,1664,228.45,380140.8,190.0704,234.33843500044895,,
2024-05-13,SELL,JUNIORBEES.NS,575,685.45,394133.75,197.066875,394171.02156000043,634.45,8.038
2024-05-13,SELL,CPSEETF.NS,4357,84.52,368253.63999999996,184.12681999999998,762240.5347400004,87.28,-3.162
2024-05-13,BUY,SILVERBEES.NS,4647,81.97,380914.58999999997,190.457295,381135.48744500044,,
2024-05-13,BUY,GOLDBEES.NS,6229,61.15,380903.35,190.451675,41.68577000044752,,
2024-05-21,SELL,GOLDBEES.NS,6229,62.63,390122.27,195.061135,389968.89463500044,61.15,2.42
2024-05-21,SELL,MAFANG.NS,3953,95.58,377827.74,188.91387,767607.7207650004,75.91,25.912
2024-05-21,BUY,JUNIORBEES.NS,528,726.45,383565.60000000003,191.7828,383850.3379650004,,
2024-05-21,BUY,CPSEETF.NS,4139,92.67,383561.13,191.780565,97.42740000039339,,
2024-06-10,SELL,CPSEETF.NS,4139,90.42,374248.38,187.12419,374158.6832100004,92.67,-2.428
2024-06-10,BUY,CONSUMBEES.NS,3062,122.13,373962.06,186.98103,9.642180000373628,,
2024-06-18,SELL,HNGSNGBEES.NS,1336,305.24,407800.64,203.90032000000002,407606.3818600004,264.81,15.268
2024-06-18,SELL,CONSUMBEES.NS,3062,124.01,379718.62,189.85931,787135.1425500003,122.13,1.539
2024-06-18,SELL,SILVERBEES.NS,4647,86.26,400850.22000000003,200.42511000000002,1187784.9374400005,81.97,5.234
2024-06-18,BUY,MID150BEES.NS,1853,213.45,395522.85,197.761425,792064.3260150005,,
2024-06-18,BUY,MOM100.NS,6669,59.33,395671.76999999996,197.835885,396194.7201300005,,
2024-06-18,BUY,MON100.NS,2442,162.02,395652.84,197.82642,344.0537100004731,,
2024-07-01,SELL,JUNIORBEES.NS,528,767.87,405435.36,202.71768,405576.69603000046,726.45,5.702
2024-07-01,BUY,ITBEES.NS,10312,39.31,405364.72000000003,202.68236000000002,9.29367000045022,,
2024-07-08,SELL,AUTOBEES.NS,1664,257.56,428579.84,214.28992000000002,428374.84375000047,228.45,12.742
2024-07-08,BUY,CPSEETF.NS,4299,99.58,428094.42,214.04721,66.37654000049224,,
2024-07-15,SELL,MOM100.NS,6669,61.66,411210.54,205.60527,411071.3112700005,59.33,3.927
2024-07-15,SELL,MID150BEES.NS,1853,219.68,407067.04000000004,203.53352,817934.8177500005,213.45,2.919
2024-07-15,BUY,NV20BEES.NS,2597,157.36,408663.92000000004,204.33196000000004,409066.5657900005,,
2024-07-15,BUY,DIVOPPBEES.NS,4839,84.47,408750.33,204.375165,111.86062500049593,,
2024-07-22,SELL,MON100.NS,2442,161.76,395017.92,197.50896,394932.2716650005,162.02,-0.16
2024-07-22,BUY,NIFTYBEES.NS,1448,272.45,394507.6,197.25379999999998,227.41786500049056,,
2024-07-29,SELL,NIFTYBEES.NS,1448,276.68,400632.64,200.31632000000002,400659.7415450005,272.45,1.553
2024-07-29,BUY,PHARMABEES.NS,18128,22.09,400447.52,200.22376000000003,11.99778500047978,,
2024-08-12,SELL,NV20BEES.NS,2597,157.09,407962.73,203.98136499999998,407770.74642000045,157.36,-0.172
2024-08-12,BUY,CONSUMBEES.NS,3159,128.98,407447.81999999995,203.72391,119.20251000049757,,
2024-08-19,SELL,DIVOPPBEES.NS,4839,86.19,417073.41,208.53670499999998,416984.0758050005,84.47,2.036
2024-08-19,BUY,NV20BEES.NS,2607,159.85,416728.95,208.364475,46.76133000047412,,
2024-08-26,SELL,CPSEETF.NS,4299,103.63,445505.37,222.752685,445329.37864500046,99.58,4.067
2024-08-26,BUY,DIVOPPBEES.NS,5095,87.36,445099.2,222.5496,7.629045000416227,,
2024-09-16,SELL,DIVOPPBEES.NS,5095,87.78,447239.1,223.61955,447023.1094950004,87.36,0.481
2024-09-16,BUY,MOM100.NS,6923,64.53,446741.19,223.370595,58.54890000040177,,
2024-09-23,SELL,PHARMABEES.NS,18128,23.55,426914.4,213.45720000000003,426759.4917000004,22.09,6.609
2024-09-23,SELL,NV20BEES.NS,2607,165.43,431276.01,215.63800500000002,857819.8636950004,159.85,3.491
2024-09-23,SELL,ITBEES.NS,10312,44.94,463421.27999999997,231.71063999999998,1321009.4330550004,39.31,14.322
2024-09-23,BUY,SILVERBEES.NS,5156,85.35,440064.6,220.0323,880724.8007550004,,
2024-09-23,BUY,BANKBEES.NS,790,556.57,439690.30000000005,219.84515000000002,440814.6556050004,,
2024-09-23,BUY,NIFTYBEES.NS,1521,289.34,440086.13999999996,220.04306999999997,508.4725350004155,,
2024-09-30,SELL,MOM100.NS,6923,64.48,446395.04000000004,223.19752000000003,446680.31501500047,64.53,-0.077
2024-09-30,SELL,BANKBEES.NS,790,544.78,430376.19999999995,215.1881,876841.3269150003,556.57,-2.118
2024-09-30,SELL,NIFTYBEES.NS,1521,288.38,438625.98,219.31298999999999,1315247.9939250003,289.34,-0.332
2024-09-30,BUY,HNGSNGBEES.NS,1193,367.12,437974.16000000003,218.98708000000002,877054.8468450003,,
2024-09-30,BUY,AUTOBEES.NS,1585,276.44,438157.4,219.07870000000003,438678.36814500025,,
2024-09-30,BUY,NIF100BEES.NS,1549,282.73,437948.77,218.974385,510.6237600002205,,
2024-10-07,SELL,AUTOBEES.NS,1585,264.31,418931.35,209.465675,419232.5080850002,276.44,-4.388
2024-10-07,SELL,CONSUMBEES.NS,3159,135.3,427412.7,213.70635000000001,846431.5017350002,128.98,4.9
2024-10-07,SELL,NIF100BEES.NS,1549,271.65,420785.85,210.392925,1267006.9588100002,282.73,-3.919
2024-10-07,BUY,GOLDBEES.NS,6615,63.81,422103.15,211.051575,844692.7572350001,,
2024-10-07,BUY,NV20BEES.NS,2571,164.14,422003.93999999994,211.00196999999997,422477.8152650002,,
2024-10-07,BUY,MON100.NS,2600,162.32,422032.0,211.016,234.79926500021247,,
2024-10-14,SELL,NV20BEES.NS,2571,162.89,418790.18999999994,209.39509499999997,418815.5941700002,164.14,-0.762
2024-10-14,BUY,MAFANG.NS,4306,97.2,418543.2,209.2716,63.12257000018144,,
2024-11-11,SELL,SILVERBEES.NS,5156,88.48,456202.88,228.10144,456037.9011300002,85.35,3.667
2024-11-11,BUY,PSUBNKBEES.NS,5964,76.42,455768.88,227.88444,41.13669000018854,,
2024-11-18,SELL,GOLDBEES.NS,6615,62.9,416083.5,208.04175,415916.5949400002,63.81,-1.426
2024-11-18,SELL,PSUBNKBEES.NS,5964,72.69,433523.16,216.76157999999998,849222.9933600002,76.42,-4.881
2024-11-18,BUY,ITBEES.NS,9545,44.46,424370.7,212.18535,424640.1080100002,,
2024-11-18,BUY,GILT5YBEES.NS,7277,58.32,424394.64,212.19732000000002,33.27069000020856,,
2024-11-25,SELL,HNGSNGBEES.NS,1193,319.86,381592.98000000004,190.79649000000003,381435.45420000027,367.12,-12.873
2024-11-25,BUY,GOLDBEES.NS,5921,64.38,381193.98,190.59699,50.877210000297055,,
2024-12-02,SELL,GOLDBEES.NS,5921,63.76,377522.95999999996,188.76147999999998,377385.0757300003,64.38,-0.963
2024-12-02,BUY,PSUBNKBEES.NS,4975,75.81,377154.75,188.57737500000002,41.748355000279844,,
2024-12-09,SELL,GILT5YBEES.NS,7277,58.71,427232.67,213.616335,427060.80202000024,58.32,0.669
2024-12-09,BUY,BANKBEES.NS,779,547.79,426728.41,213.364205,119.0278150002705,,
2024-12-16,SELL,BANKBEES.NS,779,548.81,427522.98999999993,213.76149499999997,427428.2563200002,547.79,0.186
2024-12-16,BUY,MOM100.NS,6709,63.67,427162.03,213.581015,52.64530500018736,,
2024-12-23,SELL,MOM100.NS,6709,61.18,410456.62,205.22831,410304.0369950002,63.67,-3.911
2024-12-23,SELL,PSUBNKBEES.NS,4975,73.84,367354.0,183.677,777474.3599950002,75.81,-2.599
2024-12-23,BUY,HNGSNGBEES.NS,1121,346.33,388235.93,194.117965,389044.3120300002,,
2024-12-23,BUY,GILT5YBEES.NS,6618,58.71,388542.78,194.27139000000003,307.26064000016777,,
2024-12-30,SELL,GILT5YBEES.NS,6618,58.77,388939.86000000004,194.46993000000003,389052.6507100002,58.71,0.102
2024-12-30,BUY,PHARMABEES.NS,16400,23.71,388844.0,194.422,14.228710000170395,,
2025-01-06,SELL,HNGSNGBEES.NS,1121,333.5,373853.5,186.92675,373680.8019600002,346.33,-3.705
2025-01-06,SELL,ITBEES.NS,9545,46.84,447087.80000000005,223.54390000000004,820545.0580600002,44.46,5.353
2025-01-06,BUY,MOM100.NS,6786,60.42,410010.12,205.00506000000001,410329.9330000002,,
2025-01-06,BUY,AUTOBEES.NS,1713,239.33,409972.29000000004,204.98614500000002,152.656855000183,,
2025-01-13,SELL,AUTOBEES.NS,1713,229.07,392396.91,196.198455,392353.36840000015,239.33,-4.287
2025-01-13,SELL,PHARMABEES.NS,16400,22.3,365720.0,182.86,757890.5084000002,23.71,-5.947
2025-01-13,SELL,MOM100.NS,6786,56.25,381712.5,190.85625000000002,1139412.1521500002,60.42,-6.902
2025-01-13,BUY,ITBEES.NS,8010,47.39,379593.9,189.79695,759628.4552000002,,
2025-01-13,BUY,GOLDBEES.NS,5730,66.25,379612.5,189.80625,379826.1489500002,,
2025-01-13,BUY,GILT5YBEES.NS,6464,58.72,379566.08,189.78304,70.28591000015149,,
2025-01-20,SELL,ITBEES.NS,8010,45.64,365576.4,182.78820000000002,365463.89771000016,47.39,-3.693
2025-01-20,BUY,SILVERBEES.NS,4163,87.73,365219.99,182.609995,61.297715000167955,,
2025-01-27,SELL,GILT5YBEES.NS,6464,59.29,383250.56,191.62528,383120.2324350002,58.72,0.971
2025-01-27,BUY,HNGSNGBEES.NS,1081,353.92,382587.52,191.29376000000002,341.41867500019725,,
2025-02-17,SELL,MON100.NS,2600,205.35,533910.0,266.955,533984.4636750002,162.32,26.509
2025-02-17,BUY,LTGILTBEES.NS,19365,27.56,533699.4,266.84970000000004,18.213975000195205,,
2025-03-03,SELL,MAFANG.NS,4306,130.61,562406.66,281.20333,562143.6706450002,97.2,34.372
2025-03-03,BUY,GILT5YBEES.NS,9422,59.63,561833.86,280.91693,28.89371500024572,,
2025-03-24,SELL,GILT5YBEES.NS,9422,60.04,565696.88,282.84844,565442.9252750003,59.63,0.688
2025-03-24,SELL,LTGILTBEES.NS,19365,27.84,539121.6,269.5608,1104294.9644750003,27.56,1.016
2025-03-24,SELL,SILVERBEES.NS,4163,94.18,392071.34,196.03567,1496170.2688050002,87.73,7.352
2025-03-24,BUY,CPSEETF.NS,5647,88.27,498460.69,249.230345,997460.3484600002,,
2025-03-24,BUY,INFRABEES.NS,568,877.42,498374.56,249.18728000000002,498836.60118000023,,
2025-03-24,BUY,BANKBEES.NS,941,529.72,498466.52,249.23326,120.84792000020389,,
2025-04-01,SELL,HNGSNGBEES.NS,1081,393.57,425449.17,212.724585,425357.29333500017,353.92,11.203
2025-04-01,BUY,SILVERBEES.NS,4395,96.72,425084.4,212.5422,60.35113500012085,,
2025-04-07,SELL,INFRABEES.NS,568,821.05,466356.39999999997,233.17819999999998,466183.57293500006,877.42,-6.425
2025-04-07,SELL,SILVERBEES.NS,4395,87.03,382496.85,191.248425,848489.17451,96.72,-10.019
2025-04-07,BUY,PSUBNKBEES.NS,6271,67.61,423982.31,211.991155,424294.87335500005,,
2025-04-07,BUY,LTGILTBEES.NS,14999,28.27,424021.73,212.010865,61.132490000047255,,
2025-04-15,SELL,PSUBNKBEES.NS,6271,69.56,436210.76,218.10538,436053.78711000003,67.61,2.884
2025-04-15,BUY,GILT5YBEES.NS,7131,61.11,435775.41,217.88770499999998,60.48940500005847,,
2025-04-21,SELL,GILT5YBEES.NS,7131,61.55,438913.05,219.456525,438754.08288000006,61.11,0.72
2025-04-21,SELL,LTGILTBEES.NS,14999,28.58,428671.42,214.33571,867211.16717,28.27,1.097
2025-04-21,BUY,PSUBNKBEES.NS,5842,74.18,433359.56000000006,216.67978000000002,433634.92738999997,,
2025-04-21,BUY,INFRABEES.NS,480,901.61,432772.8,216.3864,645.740989999962,,
2025-04-28,SELL,INFRABEES.NS,480,901.96,432940.80000000005,216.47040000000004,433370.07059,901.61,0.039
2025-04-28,BUY,MOM100.NS,7429,58.3,433110.69999999995,216.55534999999998,42.81524000008358,,
2025-05-05,SELL,CPSEETF.NS,5647,88.25,498347.75,249.173875,498141.3913650001,88.27,-0.023
2025-05-05,BUY,INFRABEES.NS,543,916.29,497545.47,248.77273499999998,347.148630000127,,
2025-05-12,SELL,MOM100.NS,7429,59.3,440539.69999999995,220.26985,440666.5787800001,58.3,1.715
2025-05-12,SELL,PSUBNKBEES.NS,5842,71.97,420448.74,210.22437,860905.0944100001,74.18,-2.979
2025-05-12,BUY,AUTOBEES.NS,1805,238.35,430221.75,215.110875,430468.2335350001,,
2025-05-12,BUY,MID150BEES.NS,2055,209.26,430029.3,215.01465,223.91888500010828,,
2025-05-19,SELL,GOLDBEES.NS,5730,78.32,448773.6,224.3868,448773.1320850001,66.25,18.219
2025-05-19,SELL,INFRABEES.NS,543,930.05,505017.14999999997,252.50857499999998,953537.7735100001,916.29,1.502
2025-05-19,SELL,BANKBEES.NS,941,568.28,534751.48,267.37574,1488021.8777700001,529.72,7.279
2025-05-19,BUY,MAFANG.NS,3677,134.8,495659.60000000003,247.82980000000003,992114.4479700001,,
2025-05-19,BUY,MOM100.NS,8109,61.13,495703.17000000004,247.85158500000003,496163.42638500006,,
2025-05-19,BUY,CPSEETF.NS,5345,92.74,495695.3,247.84765,220.27873500005808,,
2025-06-02,SELL,CPSEETF.NS,5345,91.8,490671.0,245.3355,490645.9432350001,92.74,-1.014
2025-06-02,BUY,PSUBNKBEES.NS,6165,79.54,490364.10000000003,245.18205000000003,36.66118500003358,,
2025-06-09,SELL,AUTOBEES.NS,1805,243.1,438795.5,219.39775,438612.76343500003,238.35,1.993
2025-06-09,BUY,SILVERBEES.NS,4256,102.99,438325.44,219.16272,68.16071500000544,,
2025-06-16,SELL,PSUBNKBEES.NS,6165,77.66,478773.89999999997,239.38694999999998,478602.67376499996,79.54,-2.364
2025-06-16,BUY,ITBEES.NS,11245,42.54,478362.3,239.18115,1.1926149999490008,,
2025-06-30,SELL,ITBEES.NS,11245,42.41,476900.44999999995,238.450225,476663.1923899999,42.54,-0.306
2025-06-30,SELL,SILVERBEES.NS,4256,102.47,436112.32,218.05616,912557.4562299999,102.99,-0.505
2025-06-30,BUY,MON100.NS,2363,192.97,455988.11,227.994055,456341.3521749999,,
2025-06-30,BUY,INFRABEES.NS,470,969.11,455481.7,227.74085000000002,631.9113249998773,,
2025-07-07,SELL,INFRABEES.NS,470,973.27,457436.89999999997,228.71845,457840.09287499986,969.11,0.429
2025-07-07,SELL,MID150BEES.NS,2055,225.72,463854.6,231.9273,921462.7655749999,209.26,7.866
2025-07-07,BUY,SILVERBEES.NS,4436,103.79,460412.44,230.20622,460820.11935499986,,
2025-07-07,BUY,PSUBNKBEES.NS,5792,79.5,460464.0,230.232,125.88735499983886,,
2025-07-14,SELL,MOM100.NS,8109,63.46,514597.14,257.29857000000004,514465.72878499987,61.13,3.812
2025-07-14,BUY,PHARMABEES.NS,22464,22.89,514200.96,257.10048,7.668304999824613,,
2025-07-21,SELL,PSUBNKBEES.NS,5792,79.54,460695.68000000005,230.34784000000002,460473.0004649999,79.5,0.05
2025-07-21,BUY,HNGSNGBEES.NS,1115,412.53,459970.94999999995,229.98547499999998,272.0649899999262,,
2025-08-04,SELL,PHARMABEES.NS,22464,22.74,510831.36,255.41568,510848.00930999994,22.89,-0.655
2025-08-04,BUY,GOLDBEES.NS,6134,83.23,510532.82,255.26641,59.92289999994682,,
2025-08-18,SELL,GOLDBEES.NS,6134,82.75,507588.5,253.79425,507394.62864999997,83.23,-0.577
2025-08-18,BUY,AUTOBEES.NS,1969,257.56,507135.64,253.56782,5.420829999959096,,
2025-08-25,SELL,SILVERBEES.NS,4436,112.05,497053.8,248.5269,496810.69392999995,103.79,7.958
2025-08-25,BUY,CONSUMBEES.NS,3653,135.9,496442.7,248.22135,119.77257999993162,,
2025-09-01,SELL,AUTOBEES.NS,1969,263.37,518575.53,259.28776500000004,518436.01481499994,257.56,2.256
2025-09-01,SELL,CONSUMBEES.NS,3653,135.84,496223.52,248.11176,1014411.4230549999,135.9,-0.044
2025-09-01,BUY,SILVERBEES.NS,4274,118.59,506853.66000000003,253.42683000000002,507304.33622499986,,
2025-09-01,BUY,GOLDBEES.NS,5853,86.61,506928.33,253.464165,122.54205999983242,,
2025-09-08,SELL,MON100.NS,2363,205.28,485076.64,242.53832,484956.64373999985,192.97,6.379
2025-09-08,BUY,AUTOBEES.NS,1731,279.86,484437.66000000003,242.21883000000003,276.7649099997943,,
2025-10-06,SELL,AUTOBEES.NS,1731,275.8,477409.80000000005,238.70490000000004,477447.86000999983,279.86,-1.451
2025-10-06,SELL,MAFANG.NS,3677,169.23,622258.71,311.129355,1099395.4406549998,134.8,25.542
2025-10-06,BUY,MON100.NS,2283,240.61,549312.63,274.656315,549808.1543399998,,
2025-10-06,BUY,PSUBNKBEES.NS,6464,84.99,549375.36,274.68768,158.10665999981575,,
2025-10-20,SELL,HNGSNGBEES.NS,1115,512.68,571638.2,285.8191,571510.4875599998,412.53,24.277
2025-10-20,BUY,AUTOBEES.NS,2048,278.86,571105.28,285.55264,119.65491999976803,,
2025-10-27,SELL,AUTOBEES.NS,2048,279.73,572887.04,286.44352000000003,572720.2513999998,278.86,0.312
2025-10-27,BUY,BANKBEES.NS,955,599.04,572083.2,286.04159999999996,351.0097999998834,,
2025-11-03,SELL,BANKBEES.NS,955,600.1,573095.5,286.54775,573159.9620499999,599.04,0.177
2025-11-03,BUY,MAFANG.NS,3250,176.23,572747.5,286.37375000000003,126.08829999982845,,
2025-11-10,SELL,MAFANG.NS,3250,171.86,558545.0,279.2725,558391.8157999999,176.23,-2.48
2025-11-10,BUY,BANKBEES.NS,933,598.17,558092.61,279.046305,20.159494999912567,,
2025-11-17,SELL,BANKBEES.NS,933,607.83,567105.39,283.552695,566841.9968,598.17,1.615
2025-11-17,BUY,INFRABEES.NS,569,994.94,566120.86,283.06043,438.0763700000243,,
2025-11-24,SELL,MON100.NS,2283,230.35,525889.0499999999,262.944525,526064.1818449999,240.61,-4.264
2025-11-24,SELL,SILVERBEES.NS,4274,147.08,628619.92,314.30996000000005,1154369.791885,118.59,24.024
2025-11-24,BUY,ITBEES.NS,14184,40.67,576863.28,288.43164,577218.080245,,
2025-11-24,BUY,BANKBEES.NS,951,606.61,576886.11,288.443055,43.52718999993522,,
2025-12-01,SELL,INFRABEES.NS,569,995.78,566598.82,283.29940999999997,566359.0477799999,994.94,0.084
2025-12-01,BUY,SILVERBEES.NS,3405,166.21,565945.05,282.972525,131.0252549998695,,
2025-12-15,SELL,PSUBNKBEES.NS,6464,92.22,596110.08,298.05503999999996,595943.0502149998,84.99,8.507
2025-12-15,SELL,BANKBEES.NS,951,613.39,583333.89,291.666945,1178985.2732699998,606.61,1.118
2025-12-15,BUY,MAFANG.NS,3342,176.26,589060.9199999999,294.53045999999995,589629.8228099998,,
2025-12-15,BUY,AUTOBEES.NS,2079,283.33,589043.07,294.521535,292.23127499991097,,
2025-12-22,SELL,AUTOBEES.NS,2079,285.55,593658.4500000001,296.82922500000006,593653.85205,283.33,0.784
2025-12-22,SELL,MAFANG.NS,3342,166.86,557646.12,278.82306,1151021.1489900001,176.26,-5.333
2025-12-22,BUY,DIVOPPBEES.NS,6910,83.24,575188.3999999999,287.59419999999994,575545.1547900002,,
2025-12-22,BUY,PSUBNKBEES.NS,6177,93.12,575202.24,287.60112,55.31367000017781,,
2025-12-29,SELL,PSUBNKBEES.NS,6177,92.09,568839.93,284.41996500000005,568610.8237050002,93.12,-1.106
2025-12-29,BUY,NV20BEES.NS,3679,154.45,568221.5499999999,284.110775,105.16293000034057,,
2026-01-05,SELL,NV20BEES.NS,3679,155.71,572857.0900000001,286.42854500000004,572675.8243850004,154.45,0.816
2026-01-05,SELL,ITBEES.NS,14184,41.51,588777.84,294.38892,1161159.2754650004,40.67,2.065
2026-01-05,SELL,DIVOPPBEES.NS,6910,83.54,577261.4,288.6307,1738132.0447650005,83.24,0.36
2026-01-05,BUY,AUTOBEES.NS,1950,296.93,579013.5,289.50675,1158829.0380150005,,
2026-01-05,BUY,PSUBNKBEES.NS,5952,97.28,579010.56,289.50528,579528.9727350004,,
2026-01-05,BUY,CPSEETF.NS,6102,94.9,579079.8,289.53990000000005,159.63283500040416,,
2026-01-12,SELL,CPSEETF.NS,6102,93.15,568401.3,284.20065000000005,568276.7321850004,94.9,-1.844
2026-01-12,BUY,ITBEES.NS,13624,41.69,567984.5599999999,283.99228,8.179905000491999,,
2026-01-19,SELL,AUTOBEES.NS,1950,283.55,552922.5,276.46125,552654.2186550004,296.93,-4.506
2026-01-19,BUY,HNGSNGBEES.NS,1010,546.61,552076.1,276.03805,302.0806050004903,,
2026-01-27,SELL,ITBEES.NS,13624,42.51,579156.24,289.57812,579168.7424850005,41.69,1.967
2026-01-27,BUY,MON100.NS,2447,236.53,578788.91,289.39445500000005,90.43803000054322,,
2026-02-02,SELL,PSUBNKBEES.NS,5952,95.56,568773.12,284.38656000000003,568579.1714700005,97.28,-1.768
2026-02-02,SELL,MON100.NS,2447,225.44,551651.68,275.82584,1119955.0256300005,236.53,-4.689
2026-02-02,BUY,CPSEETF.NS,5836,95.89,559614.04,279.80702,560061.1786100005,,
2026-02-02,BUY,ITBEES.NS,13345,41.94,559689.2999999999,279.84464999999994,92.03396000061184,,
2026-02-09,SELL,ITBEES.NS,13345,39.29,524325.05,262.162525,524154.92143500067,41.94,-6.319
2026-02-09,SELL,SILVERBEES.NS,3405,243.7,829798.5,414.89925,1353538.5221850006,166.21,46.622
2026-02-09,BUY,PSUBNKBEES.NS,6629,102.03,676356.87,338.178435,676843.4737500006,,
2026-02-09,BUY,INFRABEES.NS,683,990.06,676210.98,338.10549,294.3882600006182,,
2026-02-16,SELL,INFRABEES.NS,683,997.02,680964.66,340.48233000000005,680918.5659300006,990.06,0.703
2026-02-16,BUY,AUTOBEES.NS,2360,288.31,680411.6,340.2058,166.76013000064995,,
2026-02-23,SELL,AUTOBEES.NS,2360,288.59,681072.3999999999,340.53619999999995,680898.6239300006,288.31,0.097
2026-02-23,SELL,HNGSNGBEES.NS,1010,542.38,547803.8,273.9019,1228428.5220300006,546.61,-0.774
2026-02-23,BUY,BANKBEES.NS,971,631.6,613283.6,306.6418,614838.2802300006,,
2026-02-23,BUY,INFRABEES.NS,613,1000.49,613300.37,306.650185,1231.2600450005848,,
2026-03-02,SELL,INFRABEES.NS,613,963.24,590466.12,295.23306,591402.1469850006,1000.49,-3.723
2026-03-02,SELL,BANKBEES.NS,971,617.72,599806.12,299.90306,1190908.3639250007,631.6,-2.198
2026-03-02,BUY,SILVERBEES.NS,2166,274.65,594891.8999999999,297.44595,595719.0179750008,,
2026-03-02,BUY,PHARMABEES.NS,25218,23.6,595144.8,297.5724,276.6455750007881,,
2026-03-09,SELL,SILVERBEES.NS,2166,247.0,535002.0,267.50100000000003,535011.1445750007,274.65,-10.067
2026-03-09,BUY,GILT5YBEES.NS,8331,64.18,534683.5800000001,267.34179000000006,60.22278500068933,,
2026-03-16,SELL,PSUBNKBEES.NS,6629,95.24,631345.96,315.67298,631090.5098050006,102.03,-6.655
2026-03-16,BUY,MAFANG.NS,3920,160.89,630688.7999999999,315.34439999999995,86.36540500074625,,
2026-03-23,SELL,GOLDBEES.NS,5853,110.72,648044.16,324.02208,647806.5033250008,86.61,27.837
2026-03-23,SELL,MAFANG.NS,3920,158.06,619595.2,309.7976,1267091.9057250007,160.89,-1.759
2026-03-23,BUY,LTGILTBEES.NS,21723,29.15,633225.45,316.61272499999995,633549.8430000007,,
2026-03-23,BUY,LIQUIDBEES.NS,633,1000.0,633000.0,316.5,233.34300000069197,,
2026-03-30,SELL,LTGILTBEES.NS,21723,28.96,629098.0800000001,314.54904000000005,629016.8739600008,29.15,-0.652
2026-03-30,BUY,MON100.NS,2715,231.54,628631.1,314.31555,71.4584100007778,,
2026-04-06,SELL,PHARMABEES.NS,25218,22.44,565891.92,282.94596,565680.4324500008,23.6,-4.915
2026-04-06,BUY,LTGILTBEES.NS,19618,28.82,565390.76,282.69538,6.977070000721142,,
2026-04-13,SELL,GILT5YBEES.NS,8331,64.47,537099.57,268.549785,536837.9972850006,64.18,0.452
2026-04-13,SELL,LIQUIDBEES.NS,633,1000.0,633000.0,316.5,1169521.4972850005,1000.0,0.0
2026-04-13,SELL,LTGILTBEES.NS,19618,29.13,571472.34,285.73617,1740708.1011150004,28.82,1.076
2026-04-13,BUY,HNGSNGBEES.NS,1114,520.3,579614.2,289.8071,1160804.0940150004,,
2026-04-13,BUY,MOMENTUM30.NS,19273,30.09,579924.57,289.962285,580589.5617300004,,
2026-04-13,BUY,JUNIORBEES.NS,801,723.6,579603.6,289.8018,696.1599300004309,,
2026-04-20,SELL,HNGSNGBEES.NS,1114,533.91,594775.74,297.38787,595174.5120600004,520.3,2.616
2026-04-20,SELL,MOMENTUM30.NS,19273,30.95,596499.35,298.24967499999997,1191375.6123850006,30.09,2.858
2026-04-20,BUY,MAFANG.NS,3384,175.9,595245.6,297.6228,595832.3895850006,,
2026-04-20,BUY,MOM100.NS,9256,64.32,595345.9199999999,297.67296,188.7966250006575,,
2026-05-11,SELL,CPSEETF.NS,5836,105.51,615756.36,307.87818,615637.2784450006,95.89,10.032
2026-05-11,BUY,MID150BEES.NS,2641,232.92,615141.72,307.57086,187.9875850006938,,
2026-05-18,SELL,JUNIORBEES.NS,801,740.6,593220.6,296.6103,593111.9772850007,723.6,2.349
2026-05-18,SELL,MID150BEES.NS,2641,229.57,606294.37,303.147185,1199103.2001000007,232.92,-1.438
2026-05-18,BUY,PHARMABEES.NS,23555,25.44,599239.2000000001,299.61960000000005,599564.3805000007,,
2026-05-18,BUY,SILVERBEES.NS,2367,253.16,599229.72,299.61485999999996,35.045640000724234,,
2026-06-15,SELL,MAFANG.NS,3384,192.04,649863.36,324.93168,649573.4739600007,175.9,9.176
2026-06-15,SELL,SILVERBEES.NS,2367,238.62,564813.54,282.40677000000005,1214104.6071900008,253.16,-5.743
2026-06-15,BUY,BANKBEES.NS,1028,589.68,606191.0399999999,303.09551999999996,607610.4716700009,,
2026-06-15,BUY,PSUBNKBEES.NS,6322,95.96,606659.12,303.32956,648.0221100009512,,
2026-06-22,SELL,PHARMABEES.NS,23555,25.39,598061.4500000001,299.030725,598410.4413850011,25.44,-0.197
2026-06-22,BUY,JUNIORBEES.NS,760,786.83,597990.8,298.9954,120.64598500099964,,
2026-06-29,SELL,MOM100.NS,9256,66.41,614690.96,307.34548,614504.260505001,64.32,3.249
2026-06-29,SELL,PSUBNKBEES.NS,6322,95.52,603877.44,301.93872,1218079.761785001,95.96,-0.459
2026-06-29,BUY,PHARMABEES.NS,23503,25.9,608727.7,304.36384999999996,609047.6979350011,,
2026-06-29,BUY,AUTOBEES.NS,2232,272.69,608644.08,304.32203999999996,99.29589500115253,,
2026-07-06,SELL,JUNIORBEES.NS,760,784.84,596478.4,298.23920000000004,596279.4566950012,786.83,-0.253
2026-07-06,BUY,CONSUMBEES.NS,4517,131.94,595972.98,297.98649,8.490205001202412,,
2026-07-13,SELL,AUTOBEES.NS,2232,278.85,622393.2000000001,311.19660000000005,622090.4936050012,272.69,2.259
2026-07-13,SELL,MON100.NS,2715,332.37,902384.55,451.19227500000005,1524023.8513300014,231.54,43.548
2026-07-13,BUY,MOM100.NS,11200,68.0,761600.0,380.8,762043.0513300013,,
2026-07-13,BUY,MID150BEES.NS,3182,239.34,761579.88,380.78994,82.38139000127558,,
2026-07-20,SELL,MOM100.NS,11200,67.85,759919.9999999999,379.9599999999999,759622.4213900012,68.0,-0.221
2026-07-20,SELL,CONSUMBEES.NS,4517,130.7,590371.8999999999,295.18594999999993,1349699.1354400013,131.94,-0.94
2026-07-20,SELL,MID150BEES.NS,3182,238.93,760275.26,380.13763,2109594.2578100013,239.34,-0.171
2026-07-20,BUY,ITBEES.NS,21706,32.38,702840.28,351.42014,1406402.5576700014,,
2026-07-20,BUY,MAFANG.NS,3537,198.67,702695.7899999999,351.347895,703355.4197750015,,
2026-07-20,BUY,AUTOBEES.NS,2519,279.0,702801.0,351.4005,203.01927500148304,,
2026-07-27,SELL,MAFANG.NS,3537,192.54,681013.98,340.50699,680876.4922850014,198.67,-3.086
2026-07-27,SELL,BANKBEES.NS,1028,591.44,608000.3200000001,304.00016000000005,1288572.8121250016,589.68,0.298
2026-07-27,BUY,CONSUMBEES.NS,4868,132.26,643841.6799999999,321.92084,644409.2112850016,,
2026-07-27,BUY,JUNIORBEES.NS,821,783.45,643212.4500000001,321.60622500000005,875.1550600015325,,
