date,action,ticker,units,price,gross,cost,cash_after
2018-01-01,BUY,MON100.NS,4130,48.4,199892.0,99.946,800008.054
2018-01-01,BUY,INFRABEES.NS,537,371.7,199602.9,99.80145,600305.35255
2018-01-01,BUY,MOM100.NS,9169,21.8,199884.2,99.94210000000001,400321.21044999996
2018-01-01,BUY,JUNIORBEES.NS,633,315.5,199711.5,99.85575,200509.85469999997
2018-01-01,BUY,NIF100BEES.NS,1801,110.94,199802.94,99.90147,607.0132299999532
2018-01-15,SELL,INFRABEES.NS,537,372.42,199989.54,99.99477,200496.55845999997
2018-01-15,SELL,NIF100BEES.NS,1801,115.02,207151.02,103.57551,407544.00295
2018-01-15,SELL,JUNIORBEES.NS,633,322.77,204313.40999999997,102.15670499999999,611755.2562449999
2018-01-15,BUY,HNGSNGBEES.NS,676,301.5,203814.0,101.907,407839.34924499993
2018-01-15,BUY,CPSEETF.NS,6574,31.0,203794.0,101.897,203943.45224499993
2018-01-15,BUY,DIVOPPBEES.NS,6941,29.36,203787.76,101.89388000000001,53.798364999936894
2018-01-22,SELL,CPSEETF.NS,6574,30.31,199257.94,99.62897000000001,199212.10939499995
2018-01-22,SELL,DIVOPPBEES.NS,6941,29.59,205384.19,102.69209500000001,404493.6072999999
2018-01-22,SELL,HNGSNGBEES.NS,676,304.0,205504.0,102.752,609894.8552999999
2018-01-22,BUY,BANKBEES.NS,741,274.16,203152.56000000003,101.57628000000001,406640.7190199999
2018-01-22,BUY,NIFTYBEES.NS,1800,112.88,203184.0,101.592,203355.1270199999
2018-01-22,BUY,GOLDBEES.NS,7553,26.9,203175.69999999998,101.58784999999999,77.8391699999047
2018-01-29,SELL,GOLDBEES.NS,7553,27.15,205063.94999999998,102.53197499999999,205039.2571949999
2018-01-29,BUY,NIF100BEES.NS,1751,116.98,204831.98,102.41599000000001,104.86120499987737
2018-02-05,SELL,MOM100.NS,9169,22.11,202726.59,101.363295,202730.0879099999
2018-02-05,SELL,NIF100BEES.NS,1751,112.16,196392.16,98.19608000000001,399024.0518299999
2018-02-05,BUY,GOLDBEES.NS,7336,27.18,199392.48,99.69624,199531.8755899999
2018-02-05,BUY,LIQUIDBEES.NS,199,1000.0,199000.0,99.5,432.37558999989415
2018-02-12,SELL,BANKBEES.NS,741,261.59,193838.18999999997,96.91909499999998,194173.64649499988
2018-02-12,SELL,NIFTYBEES.NS,1800,109.14,196452.0,98.226,390527.42049499985
2018-02-12,BUY,CPSEETF.NS,6512,29.97,195164.63999999998,97.58232,195265.19817499988
2018-02-12,BUY,DIVOPPBEES.NS,6697,29.14,195150.58000000002,97.57529000000001,17.04288499985705
2018-02-19,SELL,DIVOPPBEES.NS,6697,28.58,191400.25999999998,95.70012999999999,191321.60275499983
2018-02-19,BUY,HNGSNGBEES.NS,616,310.0,190960.0,95.48,266.1227549998148
2018-02-26,SELL,CPSEETF.NS,6512,30.13,196206.56,98.10328,196374.5794749998
2018-02-26,SELL,HNGSNGBEES.NS,616,306.3,188680.80000000002,94.34040000000002,384961.03907499986
2018-02-26,BUY,DIVOPPBEES.NS,6570,29.28,192369.6,96.18480000000001,192495.25427499987
2018-02-26,BUY,JUNIORBEES.NS,637,301.76,192221.12,96.11056,178.02371499987203
2018-03-05,SELL,GOLDBEES.NS,7336,27.4,201006.4,100.50319999999999,201083.92051499986
2018-03-05,SELL,JUNIORBEES.NS,637,295.76,188399.12,94.19956,389388.84095499985
2018-03-05,BUY,CPSEETF.NS,6598,29.49,194575.02,97.28751,194716.53344499986
2018-03-05,BUY,INFRABEES.NS,558,348.41,194412.78000000003,97.20639000000001,206.5470549998281
2018-03-12,SELL,CPSEETF.NS,6598,28.98,191210.04,95.60502000000001,191320.98203499985
2018-03-12,SELL,INFRABEES.NS,558,348.58,194507.63999999998,97.25381999999999,385731.3682149998
2018-03-12,BUY,GOLDBEES.NS,7087,27.2,192766.4,96.3832,192868.5850149998
2018-03-12,BUY,NIFTYBEES.NS,1785,107.99,192762.15,96.381075,10.053939999779686
2018-03-19,SELL,DIVOPPBEES.NS,6570,30.0,197100.0,98.55,197011.5039399998
2018-03-19,SELL,NIFTYBEES.NS,1785,104.77,187014.44999999998,93.50722499999999,383932.44671499974
2018-03-19,BUY,JUNIORBEES.NS,664,288.63,191650.32,95.82516000000001,192186.30155499972
2018-03-19,BUY,BANKBEES.NS,779,245.99,191626.21000000002,95.81310500000001,464.2784499996924
2018-03-26,SELL,BANKBEES.NS,779,246.01,191641.78999999998,95.820895,192010.24755499966
2018-03-26,BUY,MOM100.NS,9491,20.22,191908.02,95.95401,6.273544999683509
2018-04-02,SELL,MON100.NS,4130,51.55,212901.5,106.45075,212801.3227949997
2018-04-02,BUY,BANKBEES.NS,864,245.96,212509.44,106.25472,185.62807499969495
2018-04-09,SELL,GOLDBEES.NS,7087,27.38,194042.06,97.02103,194130.6670449997
2018-04-09,SELL,MOM100.NS,9491,20.45,194090.94999999998,97.045475,388124.5715699997
2018-04-09,SELL,LIQUIDBEES.NS,199,1000.0,199000.0,99.5,587025.0715699997
2018-04-09,BUY,PSUBNKBEES.NS,5770,33.89,195545.30000000002,97.77265000000001,391381.9989199997
2018-04-09,BUY,HNGSNGBEES.NS,553,353.3,195374.9,97.68745,195909.4114699997
2018-04-09,BUY,NIF100BEES.NS,1768,110.61,195558.48,97.77924,253.15222999968682
2018-04-16,SELL,PSUBNKBEES.NS,5770,32.52,187640.40000000002,93.82020000000001,187799.73202999972
2018-04-16,BUY,NIFTYBEES.NS,1723,108.94,187703.62,93.85181,2.260219999734545
2018-04-23,SELL,BANKBEES.NS,864,252.85,218462.4,109.2312,218355.42901999972
2018-04-23,SELL,HNGSNGBEES.NS,553,361.5,199909.5,99.95475,418164.9742699997
2018-04-23,BUY,MON100.NS,3972,52.6,208927.2,104.46360000000001,209133.31066999972
2018-04-23,BUY,INFRABEES.NS,592,352.95,208946.4,104.4732,82.43746999971336
2018-04-30,SELL,INFRABEES.NS,592,357.49,211634.08000000002,105.81704,211610.70042999974
2018-04-30,SELL,MON100.NS,3972,50.11,199036.91999999998,99.51845999999999,410548.1019699997
2018-04-30,SELL,NIF100BEES.NS,1768,114.0,201552.0,100.776,611999.3259699997
2018-04-30,BUY,BANKBEES.NS,784,259.83,203706.72,101.85336000000001,408190.7526099996
2018-04-30,BUY,MOM100.NS,9845,20.71,203889.95,101.94497500000001,204198.85763499961
2018-04-30,BUY,GOLDBEES.NS,7347,27.75,203879.25,101.939625,217.6680099996156
2018-05-07,SELL,JUNIORBEES.NS,664,305.34,202745.75999999998,101.37288,202862.0551299996
2018-05-07,BUY,LIQUIDBEES.NS,202,999.99,201997.98,100.99899,763.0761399995827
2018-05-14,SELL,LIQUIDBEES.NS,202,1000.0,202000.0,101.0,202662.07613999958
2018-05-14,BUY,CPSEETF.NS,7231,28.01,202540.31,101.270155,20.495984999579377
2018-05-21,SELL,CPSEETF.NS,7231,27.34,197695.54,98.84777000000001,197617.1882149996
2018-05-21,SELL,NIFTYBEES.NS,1723,109.05,187893.15,93.946575,385416.3916399996
2018-05-21,BUY,MON100.NS,3485,55.26,192581.1,96.29055000000001,192739.00108999957
2018-05-21,BUY,LIQUIDBEES.NS,192,1000.0,192000.0,96.0,643.0010899995686
2018-05-28,SELL,MOM100.NS,9845,20.45,201330.25,100.665125,201872.58596499957
2018-05-28,BUY,PSUBNKBEES.NS,6015,33.54,201743.1,100.87155,28.614414999552537
2018-06-04,SELL,GOLDBEES.NS,7347,27.53,202262.91,101.131455,202190.39295999956
2018-06-04,SELL,LIQUIDBEES.NS,192,1000.0,192000.0,96.0,394094.39295999956
2018-06-04,BUY,NIFTYBEES.NS,1788,110.12,196894.56,98.44728,197101.38567999957
2018-06-04,BUY,DIVOPPBEES.NS,6719,29.31,196933.88999999998,98.466945,69.02873499959242
2018-06-11,SELL,BANKBEES.NS,784,269.42,211225.28,105.61264,211188.69609499958
2018-06-11,SELL,DIVOPPBEES.NS,6719,29.58,198748.02,99.37401,409837.34208499955
2018-06-11,BUY,HNGSNGBEES.NS,522,392.26,204759.72,102.37986000000001,204975.24222499956
2018-06-11,BUY,JUNIORBEES.NS,681,300.56,204681.36000000002,102.34068,191.54154499954893
2018-06-18,SELL,JUNIORBEES.NS,681,297.73,202754.13,101.377065,202844.29447999955
2018-06-18,SELL,HNGSNGBEES.NS,522,346.29,180763.38,90.38169,383517.2927899995
2018-06-18,BUY,DIVOPPBEES.NS,6477,29.59,191654.43,95.827215,191767.03557499952
2018-06-18,BUY,BANKBEES.NS,711,269.26,191443.86,95.72193,227.45364499953575
2018-06-25,SELL,DIVOPPBEES.NS,6477,29.16,188869.32,94.43466000000001,189002.33898499954
2018-06-25,SELL,PSUBNKBEES.NS,6015,32.16,193442.39999999997,96.72119999999998,382348.0177849995
2018-06-25,BUY,LIQUIDBEES.NS,191,1000.0,191000.0,95.5,191252.5177849995
2018-06-25,BUY,NIF100BEES.NS,1689,113.07,190975.22999999998,95.48761499999999,181.8001699995366
2018-07-09,SELL,MON100.NS,3485,56.61,197285.85,98.642925,197369.00724499955
2018-07-09,BUY,GOLDBEES.NS,7210,27.36,197265.6,98.6328,4.774444999551633
2018-07-16,SELL,GOLDBEES.NS,7210,27.0,194670.0,97.33500000000001,194577.43944499956
2018-07-16,SELL,LIQUIDBEES.NS,191,1000.0,191000.0,95.5,385481.93944499956
2018-07-16,BUY,MON100.NS,3294,58.48,192633.12,96.31656,192752.50288499956
2018-07-16,BUY,HNGSNGBEES.NS,578,333.16,192566.48,96.28324,89.73964499955764
2018-07-23,SELL,HNGSNGBEES.NS,578,338.44,195618.32,97.80916,195610.25048499956
2018-07-23,BUY,MOM100.NS,10135,19.29,195504.15,97.752075,8.348409999569412
2018-07-30,SELL,BANKBEES.NS,711,284.0,201924.0,100.962,201831.38640999957
2018-07-30,SELL,NIFTYBEES.NS,1788,117.74,210519.12,105.25956,412245.24684999953
2018-07-30,SELL,MON100.NS,3294,60.58,199550.52,99.77526,611695.9915899995
2018-07-30,BUY,PSUBNKBEES.NS,5673,35.92,203774.16,101.88708,407819.94450999954
2018-07-30,BUY,JUNIORBEES.NS,673,302.7,203717.1,101.85855000000001,204000.98595999953
2018-07-30,BUY,HNGSNGBEES.NS,590,345.01,203555.9,101.77795,343.30800999954226
2018-08-06,SELL,HNGSNGBEES.NS,590,349.0,205910.0,102.955,206150.35300999956
2018-08-06,BUY,CPSEETF.NS,7462,27.61,206025.82,103.01291,21.520099999557715
2018-08-13,SELL,NIF100BEES.NS,1689,119.18,201295.02000000002,100.64751000000001,201215.89258999957
2018-08-13,BUY,BANKBEES.NS,710,283.13,201022.3,100.51115,93.08143999957247
2018-08-20,SELL,CPSEETF.NS,7462,27.21,203041.02000000002,101.52051000000002,203032.5809299996
2018-08-20,SELL,BANKBEES.NS,710,288.34,204721.4,102.3607,407651.6202299996
2018-08-20,BUY,HNGSNGBEES.NS,573,355.0,203415.0,101.7075,204134.9127299996
2018-08-20,BUY,NIFTYBEES.NS,1693,120.27,203617.11,101.808555,415.99417499962146
2018-08-27,SELL,PSUBNKBEES.NS,5673,36.42,206610.66,103.30533,206923.34884499962
2018-08-27,SELL,HNGSNGBEES.NS,573,329.32,188700.36,94.35018,395529.3586649996
2018-08-27,BUY,INFRABEES.NS,595,331.8,197421.0,98.7105,198009.6481649996
2018-08-27,BUY,DIVOPPBEES.NS,6323,31.26,197656.98,98.82849,253.83967499958817
2018-09-03,SELL,NIFTYBEES.NS,1693,120.77,204463.61,102.231805,204615.2178699996
2018-09-03,SELL,MOM100.NS,10135,20.83,211112.05,105.55602499999999,415621.7118449996
2018-09-03,BUY,GOLDBEES.NS,7727,26.88,207701.75999999998,103.85087999999999,207816.10096499958
2018-09-03,BUY,NIF100BEES.NS,1709,121.5,207643.5,103.82175000000001,68.77921499958029
2018-09-10,SELL,JUNIORBEES.NS,673,308.19,207411.87,103.705935,207376.94327999957
2018-09-10,BUY,MON100.NS,3277,63.25,207270.25,103.635125,3.058154999569524
2018-09-17,SELL,NIF100BEES.NS,1709,121.68,207951.12000000002,103.97556000000002,207850.2025949996
2018-09-17,BUY,LIQUIDBEES.NS,207,1000.0,207000.0,103.5,746.7025949996023
2018-09-24,SELL,INFRABEES.NS,595,315.0,187425.0,93.7125,188077.9900949996
2018-09-24,SELL,DIVOPPBEES.NS,6323,30.46,192598.58000000002,96.29929000000001,380580.2708049996
2018-09-24,BUY,NIF100BEES.NS,1633,116.44,190146.52,95.07325999999999,190338.67754499963
2018-09-24,BUY,CPSEETF.NS,7049,26.98,190182.02,95.09101,61.56653499964159
2018-10-01,SELL,NIF100BEES.NS,1633,115.39,188431.87,94.215935,188399.22059999965
2018-10-01,BUY,HNGSNGBEES.NS,545,345.5,188297.5,94.14875,7.571849999658298
2018-10-08,SELL,CPSEETF.NS,7049,24.04,169457.96,84.72897999999999,169380.80286999964
2018-10-08,BUY,MOM100.NS,9156,18.49,169294.43999999997,84.64721999999999,1.715649999649031
2018-10-15,SELL,HNGSNGBEES.NS,545,315.5,171947.5,85.97375,171863.24189999964
2018-10-15,BUY,BANKBEES.NS,663,258.71,171524.72999999998,85.76236499999999,252.74953499966068
2018-10-22,SELL,MON100.NS,3277,62.2,203829.40000000002,101.91470000000001,203980.2348349997
2018-10-22,BUY,PSUBNKBEES.NS,6850,29.76,203856.0,101.928,22.30683499967563
2018-10-29,SELL,BANKBEES.NS,663,254.27,168581.01,84.29050500000001,168519.02632999967
2018-10-29,SELL,PSUBNKBEES.NS,6850,30.87,211459.5,105.72975,379872.7965799997
2018-10-29,BUY,INFRABEES.NS,636,298.1,189591.6,94.7958,190186.40077999968
2018-10-29,BUY,CPSEETF.NS,7512,25.27,189828.24,94.91412,263.2466599996842
2018-11-05,SELL,CPSEETF.NS,7512,24.92,187199.04,93.59952000000001,187368.6871399997
2018-11-05,SELL,GOLDBEES.NS,7727,28.44,219755.88,109.87794000000001,407014.6891999997
2018-11-05,SELL,MOM100.NS,9156,19.44,177992.64,88.99632000000001,584918.3328799997
2018-11-05,SELL,LIQUIDBEES.NS,207,999.99,206997.93,103.498965,791812.7639149997
2018-11-05,BUY,PSUBNKBEES.NS,5954,33.23,197851.41999999998,98.92571,593862.4182049996
2018-11-05,BUY,JUNIORBEES.NS,705,280.33,197632.65,98.816325,396130.95187999966
2018-11-05,BUY,BANKBEES.NS,753,262.42,197602.26,98.80113,198429.89074999964
2018-11-05,BUY,DIVOPPBEES.NS,6910,28.63,197833.3,98.91664999999999,497.6740999996546
2018-11-12,SELL,DIVOPPBEES.NS,6910,28.61,197695.1,98.84755,198093.92654999965
2018-11-12,BUY,MOM100.NS,10050,19.7,197985.0,98.9925,9.93404999966151
2018-11-19,SELL,MOM100.NS,10050,19.21,193060.5,96.53025,192973.90379999965
2018-11-19,BUY,NIFTYBEES.NS,1718,112.24,192828.31999999998,96.41416,49.169639999687206
2018-12-03,SELL,PSUBNKBEES.NS,5954,32.6,194100.4,97.0502,194052.51943999968
2018-12-03,BUY,LIQUIDBEES.NS,193,999.99,192998.07,96.499035,957.9504049996904
2018-12-10,SELL,INFRABEES.NS,636,306.22,194755.92,97.37796,195616.4924449997
2018-12-10,SELL,JUNIORBEES.NS,705,272.71,192260.55,96.130275,387780.9121699997
2018-12-10,BUY,GOLDBEES.NS,6896,28.1,193777.6,96.8888,193906.42336999968
2018-12-10,BUY,DIVOPPBEES.NS,6913,28.03,193771.39,96.88569500000001,38.14767499966547
2018-12-17,SELL,NIFTYBEES.NS,1718,113.64,195233.52,97.61676,195174.05091499965
2018-12-17,SELL,LIQUIDBEES.NS,193,1000.0,193000.0,96.5,388077.5509149997
2018-12-17,BUY,PSUBNKBEES.NS,5903,32.85,193913.55000000002,96.95677500000001,194067.04413999966
2018-12-17,BUY,JUNIORBEES.NS,673,288.14,193918.22,96.95911000000001,51.86502999966615
2018-12-24,SELL,BANKBEES.NS,753,272.74,205373.22,102.68661,205322.39841999966
2018-12-24,SELL,GOLDBEES.NS,6896,27.88,192260.47999999998,96.13023999999999,397486.74817999965
2018-12-24,BUY,CPSEETF.NS,8269,24.02,198621.38,99.31069000000001,198766.05748999963
2018-12-24,BUY,INFRABEES.NS,621,319.7,198533.69999999998,99.26684999999999,133.0906399996311
2019-01-07,SELL,DIVOPPBEES.NS,6913,28.8,199094.4,99.5472,199127.94343999962
2019-01-07,SELL,JUNIORBEES.NS,673,285.5,192141.5,96.07075,391173.37268999964
2019-01-07,BUY,GOLDBEES.NS,6927,28.22,195479.94,97.73997,195595.69271999964
2019-01-07,BUY,BANKBEES.NS,701,278.74,195396.74000000002,97.69837000000001,101.25434999962454
2019-01-14,SELL,CPSEETF.NS,8269,23.81,196884.88999999998,98.44244499999999,196887.70190499962
2019-01-14,SELL,INFRABEES.NS,621,316.25,196391.25,98.195625,393180.7562799996
2019-01-14,BUY,MON100.NS,4316,45.52,196464.32,98.23216000000001,196618.2041199996
2019-01-14,BUY,LIQUIDBEES.NS,196,999.99,195998.04,97.99902,522.1650999996054
2019-01-21,SELL,BANKBEES.NS,701,279.61,196006.61000000002,98.00330500000001,196430.77179499963
2019-01-21,SELL,LIQUIDBEES.NS,196,1000.0,196000.0,98.0,392332.7717949996
2019-01-21,BUY,NIF100BEES.NS,1711,114.57,196029.27,98.014635,196205.4871599996
2019-01-21,BUY,NIFTYBEES.NS,1712,114.48,195989.76,97.99488000000001,117.73227999958908
2019-01-28,SELL,PSUBNKBEES.NS,5903,32.05,189191.15,94.595575,189214.28670499957
2019-01-28,SELL,NIF100BEES.NS,1711,110.95,189835.45,94.917725,378954.8189799996
2019-01-28,BUY,HNGSNGBEES.NS,607,311.5,189080.5,94.54025,189779.77872999958
2019-01-28,BUY,LIQUIDBEES.NS,189,999.99,188998.11000000002,94.49905500000001,687.1696749995754
2019-02-04,SELL,LIQUIDBEES.NS,189,999.99,188998.11000000002,94.49905500000001,189590.7806199996
2019-02-04,SELL,HNGSNGBEES.NS,607,316.0,191812.0,95.906,381306.8746199996
2019-02-04,BUY,NIF100BEES.NS,1673,113.85,190471.05,95.235525,190740.58909499962
2019-02-04,BUY,DIVOPPBEES.NS,6589,28.92,190553.88,95.27694000000001,91.43215499960934
2019-02-18,SELL,DIVOPPBEES.NS,6589,28.22,185941.58,92.97079,185940.0413649996
2019-02-18,SELL,NIF100BEES.NS,1673,111.13,185920.49,92.960245,371767.57111999963
2019-02-18,BUY,LIQUIDBEES.NS,185,999.99,184998.15,92.499075,186676.92204499964
2019-02-18,BUY,BANKBEES.NS,683,271.81,185646.23,92.823115,937.8689299996186
2019-02-25,SELL,BANKBEES.NS,683,275.94,188467.02,94.23351,189310.65541999962
2019-02-25,SELL,NIFTYBEES.NS,1712,113.65,194568.80000000002,97.2844,383782.17101999966
2019-02-25,SELL,LIQUIDBEES.NS,185,999.99,184998.15,92.499075,568687.8219449996
2019-02-25,BUY,CPSEETF.NS,7977,23.75,189453.75,94.726875,379139.34506999963
2019-02-25,BUY,MOM100.NS,10907,17.37,189454.59,94.727295,189590.02777499965
2019-02-25,BUY,DIVOPPBEES.NS,6562,28.87,189444.94,94.72247,50.365304999635555
2019-03-05,SELL,GOLDBEES.NS,6927,28.48,197280.96,98.64048,197232.68482499963
2019-03-05,SELL,MON100.NS,4316,50.08,216145.28,108.07264,413269.89218499966
2019-03-05,SELL,MOM100.NS,10907,18.2,198507.4,99.2537,611678.0384849997
2019-03-05,BUY,HNGSNGBEES.NS,621,327.7,203501.69999999998,101.75085,408074.58763499965
2019-03-05,BUY,JUNIORBEES.NS,721,282.6,203754.6,101.8773,204218.11033499966
2019-03-05,BUY,INFRABEES.NS,669,304.43,203663.67,101.83183500000001,452.60849999965285
2019-03-11,SELL,DIVOPPBEES.NS,6562,30.0,196860.0,98.43,197214.17849999966
2019-03-11,SELL,HNGSNGBEES.NS,621,339.0,210519.0,105.2595,407627.91899999965
2019-03-11,BUY,PSUBNKBEES.NS,6135,33.2,203682.00000000003,101.84100000000002,203844.07799999963
2019-03-11,BUY,MOM100.NS,11101,18.35,203703.35,101.851675,38.876324999611825
2019-03-18,SELL,JUNIORBEES.NS,721,288.6,208080.6,104.0403,208015.43602499962
2019-03-18,BUY,BANKBEES.NS,693,299.88,207816.84,103.90842,94.68760499963537
2019-03-25,SELL,MOM100.NS,11101,18.21,202149.21000000002,101.07460500000002,202142.82299999965
2019-03-25,BUY,NIFTYBEES.NS,1700,118.81,201977.0,100.9885,64.83449999964796
2019-04-08,SELL,CPSEETF.NS,7977,26.74,213304.97999999998,106.65248999999999,213263.16200999962
2019-04-08,SELL,INFRABEES.NS,669,330.86,221345.34,110.67267,434497.8293399996
2019-04-08,BUY,MON100.NS,4179,51.95,217099.05000000002,108.54952500000002,217290.22981499956
2019-04-08,BUY,NIF100BEES.NS,1799,120.66,217067.34,108.53367,114.35614499956137
2019-04-15,SELL,BANKBEES.NS,693,306.35,212300.55000000002,106.15027500000001,212308.7558699996
2019-04-15,BUY,DIVOPPBEES.NS,6856,30.95,212193.19999999998,106.0966,9.459269999613753
2019-04-22,SELL,PSUBNKBEES.NS,6135,34.64,212516.4,106.2582,212419.6010699996
2019-04-22,BUY,CPSEETF.NS,7889,26.91,212292.99,106.146495,20.464574999612523
2019-04-30,SELL,CPSEETF.NS,7889,27.5,216947.5,108.47375,216859.4908249996
2019-04-30,BUY,HNGSNGBEES.NS,669,323.69,216548.61,108.274305,202.60651999962283
2019-05-06,SELL,NIF100BEES.NS,1799,120.4,216599.6,108.2998,216693.90671999962
2019-05-06,SELL,HNGSNGBEES.NS,669,321.0,214749.0,107.3745,431335.5322199996
2019-05-06,BUY,CPSEETF.NS,7864,27.41,215552.24,107.77611999999999,215675.5160999996
2019-05-06,BUY,BANKBEES.NS,714,301.84,215513.75999999998,107.75688,53.99921999961953
2019-05-13,SELL,CPSEETF.NS,7864,25.91,203756.24,101.87812,203708.3610999996
2019-05-13,SELL,DIVOPPBEES.NS,6856,29.39,201497.84,100.74892,405105.45217999956
2019-05-13,SELL,NIFTYBEES.NS,1700,117.22,199274.0,99.637,604279.8151799996
2019-05-13,BUY,GOLDBEES.NS,7124,28.26,201324.24000000002,100.66212000000002,402854.9130599996
2019-05-13,BUY,LIQUIDBEES.NS,201,1000.0,201000.0,100.5,201754.41305999958
2019-05-13,BUY,HNGSNGBEES.NS,726,276.96,201072.96,100.53648,580.9165799995826
2019-05-20,SELL,HNGSNGBEES.NS,726,299.9,217727.4,108.8637,218199.4528799996
2019-05-20,BUY,NIFTYBEES.NS,1759,123.93,217992.87000000002,108.99643500000002,97.58644499955699
2019-05-27,SELL,GOLDBEES.NS,7124,28.1,200184.40000000002,100.09220000000002,200181.89424499957
2019-05-27,SELL,MON100.NS,4179,50.47,210914.13,105.457065,410990.56717999955
2019-05-27,SELL,LIQUIDBEES.NS,201,1000.0,201000.0,100.5,611890.0671799995
2019-05-27,BUY,PSUBNKBEES.NS,5447,37.42,203826.74000000002,101.91337000000001,407961.41380999953
2019-05-27,BUY,INFRABEES.NS,588,346.48,203730.24000000002,101.86512000000002,204129.3086899995
2019-05-27,BUY,MOM100.NS,10901,18.7,203848.69999999998,101.92434999999999,178.6843399995414
2019-06-03,SELL,NIFTYBEES.NS,1759,126.8,223041.19999999998,111.52059999999999,223108.36373999954
2019-06-03,BUY,CPSEETF.NS,7799,28.59,222973.41,111.486705,23.467034999543102
2019-06-10,SELL,PSUBNKBEES.NS,5447,33.83,184272.00999999998,92.136005,184203.34102999952
2019-06-10,SELL,MOM100.NS,10901,18.55,202213.55000000002,101.10677500000001,386315.78425499954
2019-06-10,BUY,GOLDBEES.NS,6703,28.8,193046.4,96.5232,193172.86105499955
2019-06-10,BUY,DIVOPPBEES.NS,6217,31.05,193037.85,96.51892500000001,38.49212999953306
2019-06-17,SELL,BANKBEES.NS,714,307.71,219704.93999999997,109.85246999999998,219633.5796599995
2019-06-17,BUY,MON100.NS,4232,51.87,219513.84,109.75692,9.982739999482874
2019-06-24,SELL,CPSEETF.NS,7799,27.96,218060.04,109.03002000000001,217960.99271999949
2019-06-24,SELL,INFRABEES.NS,588,342.2,201213.6,100.6068,419073.9859199995
2019-06-24,BUY,HNGSNGBEES.NS,707,296.0,209272.0,104.636,209697.34991999948
2019-06-24,BUY,LIQUIDBEES.NS,209,999.99,208997.91,104.49895500000001,594.9409649994923
2019-07-01,SELL,DIVOPPBEES.NS,6217,30.56,189991.52,94.99575999999999,190491.4652049995
2019-07-01,SELL,LIQUIDBEES.NS,209,1000.0,209000.0,104.5,399386.9652049995
2019-07-01,BUY,PSUBNKBEES.NS,5646,35.35,199586.1,99.79305000000001,199701.07215499948
2019-07-01,BUY,BANKBEES.NS,623,320.17,199465.91,99.732955,135.42919999946025
2019-07-15,SELL,BANKBEES.NS,623,311.03,193771.68999999997,96.88584499999999,193810.23335499942
2019-07-15,SELL,HNGSNGBEES.NS,707,301.53,213181.71,106.590855,406885.35249999946
2019-07-15,BUY,LIQUIDBEES.NS,203,1000.0,203000.0,101.5,203783.85249999946
2019-07-15,BUY,JUNIORBEES.NS,729,278.9,203318.09999999998,101.65905,364.093449999491
2019-07-22,SELL,PSUBNKBEES.NS,5646,33.08,186769.68,93.38484,187040.38860999947
2019-07-22,BUY,NIF100BEES.NS,1583,118.04,186857.32,93.42866000000001,89.63994999945862
2019-07-29,SELL,NIF100BEES.NS,1583,116.76,184831.08000000002,92.41554000000001,184828.3044099995
2019-07-29,BUY,DIVOPPBEES.NS,6436,28.7,184713.19999999998,92.3566,22.74780999950599
2019-08-13,SELL,DIVOPPBEES.NS,6436,28.22,181623.91999999998,90.81196,181555.8558499995
2019-08-13,BUY,NIF100BEES.NS,1598,113.54,181436.92,90.71846000000001,28.217389999481384
2019-08-19,SELL,NIF100BEES.NS,1598,115.18,184057.64,92.02882000000001,183993.8285699995
2019-08-19,BUY,NIFTYBEES.NS,1570,117.13,183894.1,91.94705,7.781519999494776
2019-08-26,SELL,JUNIORBEES.NS,729,267.85,195262.65000000002,97.63132500000002,195172.80019499952
2019-08-26,BUY,DIVOPPBEES.NS,6832,28.55,195053.6,97.52680000000001,21.673394999525044
2019-09-03,SELL,NIFTYBEES.NS,1570,114.52,179796.4,89.8982,179728.17519499952
2019-09-03,SELL,LIQUIDBEES.NS,203,1000.0,203000.0,101.5,382626.67519499955
2019-09-03,BUY,JUNIORBEES.NS,712,268.39,191093.68,95.54684,191437.44835499956
2019-09-03,BUY,NIF100BEES.NS,1690,113.14,191206.6,95.6033,135.24505499957013
2019-09-09,SELL,GOLDBEES.NS,6703,33.69,225824.06999999998,112.91203499999999,225846.40301999956
2019-09-09,SELL,NIF100BEES.NS,1690,115.02,194383.8,97.19189999999999,420133.0111199996
2019-09-09,BUY,CPSEETF.NS,8907,23.57,209937.99,104.96899499999999,210090.05212499958
2019-09-09,BUY,INFRABEES.NS,663,316.56,209879.28,104.93964,105.83248499958427
2019-09-16,SELL,DIVOPPBEES.NS,6832,28.8,196761.6,98.38080000000001,196769.05168499958
2019-09-16,SELL,MON100.NS,4232,55.36,234283.52,117.14175999999999,430935.4299249996
2019-09-16,BUY,HNGSNGBEES.NS,663,324.7,215276.1,107.63805,215551.69187499958
2019-09-16,BUY,BANKBEES.NS,755,285.15,215288.24999999997,107.64412499999999,155.79774999961955
2019-09-23,SELL,HNGSNGBEES.NS,663,319.5,211828.5,105.91425,211878.38349999962
2019-09-23,BUY,NIFTYBEES.NS,1721,123.0,211683.0,105.8415,89.54199999960838
2019-09-30,SELL,CPSEETF.NS,8907,23.83,212253.81,106.12690500000001,212237.2250949996
2019-09-30,BUY,NIF100BEES.NS,1782,119.01,212075.82,106.03791000000001,55.36718499957351
2019-10-07,SELL,BANKBEES.NS,755,283.33,213914.15,106.957075,213862.56010999955
2019-10-07,SELL,NIFTYBEES.NS,1721,117.57,202337.97,101.168985,416099.3611249996
2019-10-07,SELL,JUNIORBEES.NS,712,273.03,194397.36,97.19868,610399.5224449995
2019-10-07,BUY,GOLDBEES.NS,6052,33.6,203347.2,101.67360000000001,406950.6488449995
2019-10-07,BUY,DIVOPPBEES.NS,7036,28.9,203340.4,101.6702,203508.5786449995
2019-10-07,BUY,LIQUIDBEES.NS,203,1000.0,203000.0,101.5,407.07864499950665
2019-10-14,SELL,LIQUIDBEES.NS,203,1000.0,203000.0,101.5,203305.5786449995
2019-10-14,BUY,NIFTYBEES.NS,1694,119.89,203093.66,101.54683,110.37181499949656
2019-10-22,SELL,DIVOPPBEES.NS,7036,29.45,207210.19999999998,103.6051,207216.9667149995
2019-10-22,SELL,GOLDBEES.NS,6052,33.67,203770.84,101.88542,410885.9212949995
2019-10-22,BUY,CPSEETF.NS,8279,24.8,205319.2,102.65960000000001,205464.06169499946
2019-10-22,BUY,JUNIORBEES.NS,706,290.8,205304.80000000002,102.65240000000001,56.60929499944905
2019-10-29,SELL,CPSEETF.NS,8279,24.75,204905.25,102.452625,204859.40666999944
2019-10-29,SELL,NIFTYBEES.NS,1694,124.68,211207.92,105.60396000000001,415961.7227099994
2019-10-29,SELL,INFRABEES.NS,663,340.15,225519.44999999998,112.75972499999999,641368.4129849994
2019-10-29,BUY,PSUBNKBEES.NS,6257,25.61,160241.77,80.120885,481046.52209999936
2019-10-29,BUY,BANKBEES.NS,526,304.45,160140.69999999998,80.07034999999999,320825.75174999936
2019-10-29,BUY,MOM100.NS,9312,17.21,160259.52000000002,80.12976,160486.10198999933
2019-10-29,BUY,MON100.NS,2831,56.6,160234.6,80.1173,171.38468999930774
2019-11-04,SELL,MON100.NS,2831,56.97,161282.07,80.641035,161372.8136549993
2019-11-04,BUY,CPSEETF.NS,6436,25.06,161286.16,80.64308,6.010574999294477
2019-11-11,SELL,CPSEETF.NS,6436,24.27,156201.72,78.10086,156129.6297149993
2019-11-11,BUY,NIFTYBEES.NS,1233,126.49,155962.16999999998,77.981085,89.4786299992993
2019-11-18,SELL,JUNIORBEES.NS,706,292.41,206441.46000000002,103.22073000000002,206427.71789999932
2019-11-18,BUY,MON100.NS,3511,58.75,206271.25,103.135625,53.332274999324
2019-11-25,SELL,NIFTYBEES.NS,1233,127.74,157503.41999999998,78.75170999999999,157478.0005649993
2019-11-25,BUY,INFRABEES.NS,458,343.01,157098.58,78.54929,300.87127499931375
2019-12-09,SELL,INFRABEES.NS,458,334.01,152976.58,76.48828999999999,153200.9629849993
2019-12-09,SELL,PSUBNKBEES.NS,6257,27.07,169376.99,84.688495,322493.2644899993
2019-12-09,BUY,GOLDBEES.NS,4848,33.24,161147.52000000002,80.57376000000001,161265.17072999926
2019-12-09,BUY,LIQUIDBEES.NS,161,999.99,160998.39,80.49919500000001,186.28153499923064
2019-12-16,SELL,GOLDBEES.NS,4848,33.44,162117.12,81.05856,162222.34297499922
2019-12-16,SELL,MOM100.NS,9312,17.74,165194.87999999998,82.59743999999999,327334.6255349992
2019-12-16,SELL,LIQUIDBEES.NS,161,1000.0,161000.0,80.5,488254.1255349992
2019-12-16,BUY,NIF100BEES.NS,1302,124.87,162580.74000000002,81.29037000000001,325592.09516499913
2019-12-16,BUY,NIFTYBEES.NS,1275,127.53,162600.75,81.300375,162910.04478999914
2019-12-16,BUY,PSUBNKBEES.NS,5809,28.0,162652.0,81.32600000000001,176.71878999914043
2019-12-23,SELL,PSUBNKBEES.NS,5809,27.82,161606.38,80.80319,161702.29559999914
2019-12-23,BUY,HNGSNGBEES.NS,459,351.39,161288.00999999998,80.64400499999999,333.6415949991497
2019-12-30,SELL,NIFTYBEES.NS,1275,130.26,166081.5,83.04075,166332.10084499916
2019-12-30,BUY,GOLDBEES.NS,4846,34.3,166217.8,83.10889999999999,31.19194499918376
2020-01-06,SELL,BANKBEES.NS,526,319.18,167888.68,83.94434,167835.9276049992
2020-01-06,SELL,NIF100BEES.NS,1302,124.97,162710.94,81.35547,330465.51213499915
2020-01-06,BUY,CPSEETF.NS,7155,23.08,165137.4,82.56869999999999,165245.54343499916
2020-01-06,BUY,MOM100.NS,9215,17.92,165132.80000000002,82.56640000000002,30.1770349991275
2020-01-13,SELL,CPSEETF.NS,7155,23.62,169001.1,84.50055,168946.77648499914
2020-01-13,BUY,INFRABEES.NS,489,344.8,168607.2,84.3036,255.27288499911083
2020-01-20,SELL,GOLDBEES.NS,4846,35.23,170724.58,85.36229,170894.4905949991
2020-01-20,BUY,JUNIORBEES.NS,571,299.07,170768.97,85.384485,40.13610999911907
2020-02-03,SELL,JUNIORBEES.NS,571,286.7,163705.69999999998,81.85284999999999,163663.9832599991
2020-02-03,SELL,HNGSNGBEES.NS,459,362.2,166249.8,83.1249,329830.65835999907
2020-02-03,BUY,GOLDBEES.NS,4590,35.91,164826.9,82.41345,164921.34490999908
2020-02-03,BUY,LIQUIDBEES.NS,164,1000.0,164000.0,82.0,839.344909999083
2020-02-10,SELL,INFRABEES.NS,489,337.13,164856.57,82.428285,165613.4866249991
2020-02-10,SELL,LIQUIDBEES.NS,164,999.99,163998.36000000002,81.99918000000001,329529.8474449991
2020-02-10,BUY,JUNIORBEES.NS,548,300.46,164652.08,82.32603999999999,164795.4414049991
2020-02-10,BUY,BANKBEES.NS,518,317.68,164558.24,82.27911999999999,154.9222849991056
2020-02-17,SELL,BANKBEES.NS,518,313.06,162165.08,81.08254,162238.9197449991
2020-02-17,SELL,MOM100.NS,9215,18.75,172781.25,86.390625,334933.7791199991
2020-02-17,SELL,JUNIORBEES.NS,548,293.4,160783.19999999998,80.3916,495636.58751999907
2020-02-17,BUY,NIF100BEES.NS,1319,125.15,165072.85,82.53642500000001,330481.2010949991
2020-02-17,BUY,NIFTYBEES.NS,1291,127.84,165041.44,82.52072,165357.2403749991
2020-02-17,BUY,LIQUIDBEES.NS,165,999.99,164998.35,82.49917500000001,276.39119999908144
2020-02-24,SELL,LIQUIDBEES.NS,165,1000.0,165000.0,82.5,165193.89119999908
2020-02-24,BUY,JUNIORBEES.NS,564,292.68,165071.52,82.53576,39.83543999909307
2020-03-02,SELL,NIF100BEES.NS,1319,115.87,152832.53,76.416265,152795.94917499908
2020-03-02,SELL,NIFTYBEES.NS,1291,118.39,152841.49,76.420745,305561.01842999907
2020-03-02,SELL,MON100.NS,3511,61.73,216734.03,108.367015,522186.68141499907
2020-03-02,SELL,JUNIORBEES.NS,564,275.84,155573.75999999998,77.78688,677682.654534999
2020-03-02,BUY,HNGSNGBEES.NS,455,372.0,169260.0,84.63,508338.02453499904
2020-03-02,BUY,LIQUIDBEES.NS,169,1000.0,169000.0,84.5,339253.52453499904
2020-03-02,BUY,INFRABEES.NS,554,305.41,169197.14,84.59857000000001,169971.78596499903
2020-03-02,BUY,BANKBEES.NS,575,294.45,169308.75,84.654375,578.381589999015
2020-03-09,SELL,INFRABEES.NS,554,289.11,160166.94,80.08347,160665.238119999
2020-03-09,SELL,BANKBEES.NS,575,271.61,156175.75,78.087875,316762.900244999
2020-03-09,BUY,DIVOPPBEES.NS,5924,26.72,158289.28,79.14464,158394.47560499897
2020-03-09,BUY,MON100.NS,2606,60.74,158288.44,79.14422,26.89138499897672
2020-03-16,SELL,MON100.NS,2606,55.26,144007.56,72.00378,143962.44760499898
2020-03-16,BUY,MOM100.NS,9485,15.17,143887.45,71.943725,3.0538799989735708
2020-03-23,SELL,MOM100.NS,9485,12.37,117329.45,58.664725,117273.83915499898
2020-03-23,BUY,MON100.NS,2326,50.39,117207.14,58.60357,8.09558499896957
2020-03-30,SELL,DIVOPPBEES.NS,5924,26.4,156393.6,78.19680000000001,156323.49878499896
2020-03-30,BUY,CPSEETF.NS,10126,15.43,156244.18,78.12209,1.1966949989728164
2020-04-07,SELL,HNGSNGBEES.NS,455,339.98,154690.9,77.34545,154614.75124499897
2020-04-07,BUY,DIVOPPBEES.NS,5882,26.27,154520.13999999998,77.26007,17.35117499899934
2020-04-13,SELL,LIQUIDBEES.NS,169,1000.0,169000.0,84.5,168932.851174999
2020-04-13,BUY,JUNIORBEES.NS,713,236.77,168817.01,84.408505,31.432669998990605
2020-04-20,SELL,DIVOPPBEES.NS,5882,25.53,150167.46000000002,75.08373000000002,150123.808939999
2020-04-20,BUY,INFRABEES.NS,551,271.95,149844.44999999998,74.922225,204.43671499902848
2020-04-27,SELL,CPSEETF.NS,10126,16.31,165155.06,82.57753,165276.91918499902
2020-04-27,BUY,CONSUMBEES.NS,3101,53.26,165159.25999999998,82.57963,35.07955499904347
2020-05-04,SELL,CONSUMBEES.NS,3101,51.8,160631.8,80.3159,160586.56365499904
2020-05-04,SELL,GOLDBEES.NS,4590,42.73,196130.69999999998,98.06535,356619.19830499904
2020-05-04,SELL,JUNIORBEES.NS,713,240.3,171333.9,85.66695,527867.4313549991
2020-05-04,BUY,NIFTYBEES.NS,1780,98.8,175864.0,87.932,351915.49935499905
2020-05-04,BUY,BANKBEES.NS,882,199.2,175694.4,87.8472,176133.25215499906
2020-05-04,BUY,MID150BEES.NS,3507,50.14,175840.98,87.92049,204.35166499906336
2020-05-11,SELL,BANKBEES.NS,882,191.42,168832.44,84.41622000000001,168952.37544499905
2020-05-11,SELL,NIFTYBEES.NS,1780,98.21,174813.8,87.4069,343678.76854499907
2020-05-11,SELL,MID150BEES.NS,3507,49.54,173736.78,86.86839,517328.6801549991
2020-05-11,BUY,HNGSNGBEES.NS,486,354.0,172044.0,86.022,345198.6581549991
2020-05-11,BUY,NIF100BEES.NS,1713,100.58,172293.54,86.14677,172818.97138499908
2020-05-11,BUY,CONSUMBEES.NS,3269,52.72,172341.68,86.17084,391.1205449990812
2020-05-18,SELL,CONSUMBEES.NS,3269,47.36,154819.84,77.40992,155133.55062499907
2020-05-18,BUY,MID150BEES.NS,3177,48.8,155037.59999999998,77.51879999999998,18.43182499910472
2020-05-26,SELL,HNGSNGBEES.NS,486,350.0,170100.0,85.05,170033.38182499912
2020-05-26,SELL,NIF100BEES.NS,1713,102.21,175085.72999999998,87.54286499999999,345031.56895999913
2020-05-26,SELL,MID150BEES.NS,3177,49.0,155673.0,77.8365,500626.73245999916
2020-05-26,BUY,NV20BEES.NS,3335,50.0,166750.0,83.375,333793.35745999916
2020-05-26,BUY,MOM100.NS,12121,13.76,166784.96,83.39247999999999,166925.00497999915
2020-05-26,BUY,LIQUIDBEES.NS,166,1000.0,166000.0,83.0,842.0049799991539
2020-06-01,SELL,MON100.NS,2326,70.14,163145.64,81.57282000000001,163906.07215999917
2020-06-01,SELL,MOM100.NS,12121,14.46,175269.66,87.63483000000001,339088.0973299992
2020-06-01,SELL,LIQUIDBEES.NS,166,1000.0,166000.0,83.0,505005.0973299992
2020-06-01,BUY,CPSEETF.NS,9614,17.5,168245.0,84.1225,336675.9748299992
2020-06-01,BUY,JUNIORBEES.NS,661,254.16,167999.76,83.99988,168592.2149499992
2020-06-01,BUY,NIFTYBEES.NS,1611,104.42,168220.62,84.11031,287.4846399992239
2020-06-08,SELL,NV20BEES.NS,3335,53.6,178756.0,89.378,178954.10663999923
2020-06-08,SELL,JUNIORBEES.NS,661,264.21,174642.81,87.321405,353509.5952349992
2020-06-08,BUY,PSUBNKBEES.NS,11692,15.11,176666.12,88.33306,176755.1421749992
2020-06-08,BUY,BANKBEES.NS,825,214.02,176566.5,88.28325,100.35892499919282
2020-06-15,SELL,CPSEETF.NS,9614,17.27,166033.78,83.01689,166051.1220349992
2020-06-15,SELL,NIFTYBEES.NS,1611,104.51,168365.61000000002,84.18280500000002,334332.5492299992
2020-06-15,SELL,INFRABEES.NS,551,300.91,165801.41,82.900705,500051.0585249992
2020-06-15,BUY,MID150BEES.NS,3085,54.0,166590.0,83.295,333377.76352499914
2020-06-15,BUY,NIF100BEES.NS,1466,113.61,166552.26,83.27613000000001,166742.22739499912
2020-06-15,BUY,DIVOPPBEES.NS,6315,26.38,166589.69999999998,83.29485,69.2325449991331
2020-06-22,SELL,DIVOPPBEES.NS,6315,26.3,166084.5,83.04225,166070.69029499913
2020-06-22,BUY,MOM100.NS,10647,15.59,165986.73,82.99336500000001,0.9669299991219305
2020-06-29,SELL,NIF100BEES.NS,1466,112.83,165408.78,82.70439,165327.04253999912
2020-06-29,BUY,NIFTYBEES.NS,1505,109.74,165158.69999999998,82.57934999999999,85.76318999912473
2020-07-06,SELL,PSUBNKBEES.NS,11692,16.22,189644.24,94.82212,189635.18106999912
2020-07-06,SELL,MOM100.NS,10647,15.97,170032.59,85.016295,359582.7547749991
2020-07-06,BUY,INFRABEES.NS,559,321.32,179617.88,89.80894,179875.0658349991
2020-07-06,BUY,NV20BEES.NS,3239,55.47,179667.33,89.833665,117.90216999911354
2020-07-13,SELL,INFRABEES.NS,559,316.41,176873.19,88.436595,176902.6555749991
2020-07-13,SELL,NV20BEES.NS,3239,55.6,180088.4,90.0442,356901.01137499907
2020-07-13,BUY,MON100.NS,2218,80.4,178327.2,89.1636,178484.64777499906
2020-07-13,BUY,CONSUMBEES.NS,3365,52.99,178311.35,89.155675,84.14209999906598
2020-07-20,SELL,BANKBEES.NS,825,224.39,185121.75,92.560875,185113.33122499907
2020-07-20,SELL,MID150BEES.NS,3085,58.51,180503.35,90.251675,365526.42954999907
2020-07-20,BUY,NV20BEES.NS,3184,57.37,182666.08,91.33304,182769.01650999908
2020-07-20,BUY,DIVOPPBEES.NS,6461,28.27,182652.47,91.326235,25.220274999097455
2020-07-27,SELL,MON100.NS,2218,77.59,172094.62,86.04731,172033.7929649991
2020-07-27,BUY,GOLDBEES.NS,3701,46.45,171911.45,85.955725,36.38723999907961
2020-08-03,SELL,DIVOPPBEES.NS,6461,28.05,181231.05000000002,90.615525,181176.8217149991
2020-08-03,SELL,CONSUMBEES.NS,3365,51.84,174441.6,87.22080000000001,355531.2009149991
2020-08-03,BUY,MOM100.NS,10907,16.29,177675.03,88.837515,177767.33339999913
2020-08-03,BUY,JUNIORBEES.NS,635,279.7,177609.5,88.80475,69.0286499991198
2020-08-10,SELL,NV20BEES.NS,3184,58.93,187633.12,93.81656,187608.3320899991
2020-08-10,SELL,NIFTYBEES.NS,1505,119.97,180554.85,90.27742500000001,368072.9046649991
2020-08-10,BUY,MID150BEES.NS,2932,62.72,183895.04,91.94752000000001,184085.9171449991
2020-08-10,BUY,MON100.NS,2240,82.1,183904.0,91.952,89.96514499912155
2020-08-17,SELL,GOLDBEES.NS,3701,46.15,170801.15,85.400575,170805.7145699991
2020-08-17,BUY,CONSUMBEES.NS,3188,53.54,170685.52,85.34276,34.85180999911972
2020-08-24,SELL,CONSUMBEES.NS,3188,54.66,174256.08,87.12804,174203.8037699991
2020-08-24,SELL,JUNIORBEES.NS,635,289.23,183661.05000000002,91.83052500000001,357773.0232449991
2020-08-24,BUY,CPSEETF.NS,9307,19.21,178787.47,89.393735,178896.15950999912
2020-08-24,BUY,PSUBNKBEES.NS,10935,16.35,178787.25000000003,89.39362500000001,19.51588499909849
2020-08-31,SELL,MON100.NS,2240,87.22,195372.8,97.68639999999999,195294.62948499908
2020-08-31,BUY,BANKBEES.NS,814,239.57,195009.97999999998,97.50498999999999,187.1444949991128
2020-09-07,SELL,CPSEETF.NS,9307,17.99,167432.93,83.716465,167536.3580299991
2020-09-07,SELL,PSUBNKBEES.NS,10935,16.09,175944.15,87.972075,343392.5359549991
2020-09-07,SELL,MOM100.NS,10907,17.46,190436.22,95.21811,533733.5378449991
2020-09-07,BUY,NIF100BEES.NS,1470,120.9,177723.0,88.8615,355921.6763449991
2020-09-07,BUY,DIVOPPBEES.NS,6131,29.0,177799.0,88.8995,178033.7768449991
2020-09-07,BUY,INFRABEES.NS,541,328.44,177686.04,88.84302000000001,258.89382499910425
2020-09-14,SELL,BANKBEES.NS,814,222.75,181318.5,90.65925,181486.7345749991
2020-09-14,SELL,DIVOPPBEES.NS,6131,28.87,177001.97,88.500985,358400.2035899991
2020-09-14,SELL,NIF100BEES.NS,1470,116.6,171402.0,85.70100000000001,529716.5025899991
2020-09-14,SELL,MID150BEES.NS,2932,66.68,195505.76,97.75288,725124.5097099992
2020-09-14,BUY,NIFTYBEES.NS,1483,122.13,181118.78999999998,90.559395,543915.1603149993
2020-09-14,BUY,CONSUMBEES.NS,3293,55.02,181180.86000000002,90.59043000000001,362643.70988499926
2020-09-14,BUY,LIQUIDBEES.NS,181,999.99,180998.19,90.499095,181555.02078999925
2020-09-14,BUY,GOLDBEES.NS,4023,45.03,181155.69,90.577845,308.75294499925803
2020-09-21,SELL,INFRABEES.NS,541,326.28,176517.47999999998,88.25873999999999,176737.97420499925
2020-09-21,SELL,CONSUMBEES.NS,3293,53.63,176603.59,88.301795,353253.26240999927
2020-09-21,SELL,NIFTYBEES.NS,1483,119.92,177841.36000000002,88.92068,531005.7017299993
2020-09-21,SELL,LIQUIDBEES.NS,181,1000.0,181000.0,90.5,711915.2017299993
2020-09-21,BUY,MOM100.NS,9833,18.09,177878.97,88.939485,533947.2922449992
2020-09-21,BUY,MID150BEES.NS,2756,64.53,177844.68,88.92233999999999,356013.6899049992
2020-09-21,BUY,NV20BEES.NS,2967,59.95,177871.65,88.935825,178053.10407999923
2020-09-21,BUY,JUNIORBEES.NS,633,280.98,177860.34000000003,88.93017000000002,103.83390999920084
2020-09-28,SELL,GOLDBEES.NS,4023,43.31,174236.13,87.118065,174252.84584499922
2020-09-28,SELL,JUNIORBEES.NS,633,281.34,178088.21999999997,89.04410999999999,352252.0217349992
2020-09-28,SELL,MID150BEES.NS,2756,64.99,179112.43999999997,89.55621999999998,531274.9055149992
2020-09-28,BUY,LIQUIDBEES.NS,177,999.99,176998.23,88.499115,354188.1763999992
2020-09-28,BUY,NIF100BEES.NS,1525,116.0,176900.0,88.45,177199.72639999917
2020-09-28,BUY,CONSUMBEES.NS,3361,52.65,176956.65,88.478325,154.59807499917224
2020-10-05,SELL,NV20BEES.NS,2967,61.4,182173.8,91.0869,182237.31117499917
2020-10-05,SELL,CONSUMBEES.NS,3361,53.99,181460.39,90.73019500000001,363606.97097999917
2020-10-05,SELL,LIQUIDBEES.NS,177,1000.0,177000.0,88.5,540518.4709799992
2020-10-05,BUY,MON100.NS,2209,81.49,180011.40999999997,90.00570499999999,360417.05527499923
2020-10-05,BUY,MID150BEES.NS,2740,65.72,180072.8,90.0364,180254.21887499923
2020-10-05,BUY,BANKBEES.NS,801,224.68,179968.68,89.98434,195.55453499924624
2020-10-12,SELL,MOM100.NS,9833,17.55,172569.15,86.284575,172678.41995999924
2020-10-12,SELL,MID150BEES.NS,2740,65.09,178346.6,89.17330000000001,350935.8466599992
2020-10-12,BUY,NIFTYBEES.NS,1381,126.96,175331.75999999998,87.66587999999999,175516.42077999926
2020-10-12,BUY,NV20BEES.NS,2803,62.56,175355.68,87.67784,73.06293999927584
2020-10-19,SELL,NIF100BEES.NS,1525,117.5,179187.5,89.59375,179170.96918999928
2020-10-19,BUY,DIVOPPBEES.NS,6391,28.02,179075.82,89.53791000000001,5.611279999255203
2020-10-26,SELL,DIVOPPBEES.NS,6391,28.73,183613.43,91.806715,183527.23456499923
2020-10-26,SELL,NV20BEES.NS,2803,62.91,176336.72999999998,88.168365,359775.7961999992
2020-10-26,SELL,MON100.NS,2209,83.88,185290.91999999998,92.64546,544974.0707399992
2020-10-26,BUY,CPSEETF.NS,11010,16.49,181554.9,90.77745,363328.3932899992
2020-10-26,BUY,MID150BEES.NS,2779,65.33,181552.07,90.77603500000001,181685.54725499923
2020-10-26,BUY,PSUBNKBEES.NS,12750,14.24,181560.0,90.78,34.76725499922759
2020-11-02,SELL,NIFTYBEES.NS,1381,124.37,171754.97,85.87748500000001,171703.85976999922
2020-11-02,SELL,PSUBNKBEES.NS,12750,14.26,181815.0,90.9075,353427.9522699992
2020-11-02,SELL,MID150BEES.NS,2779,65.34,181579.86000000002,90.78993000000001,534917.0223399992
2020-11-02,BUY,HNGSNGBEES.NS,551,323.0,177973.0,88.9865,356855.0358399992
2020-11-02,BUY,MOM100.NS,10034,17.76,178203.84000000003,89.10192000000002,178562.0939199992
2020-11-02,BUY,INFRABEES.NS,557,319.63,178033.91,89.01695500000001,439.16696499919635
2020-11-09,SELL,CPSEETF.NS,11010,17.2,189372.0,94.686,189716.4809649992
2020-11-09,SELL,INFRABEES.NS,557,333.95,186010.15,93.005075,375633.6258899992
2020-11-09,BUY,PSUBNKBEES.NS,12374,15.17,187713.58,93.85678999999999,187826.18909999923
2020-11-09,BUY,MID150BEES.NS,2740,68.49,187662.59999999998,93.83129999999998,69.75779999926453
2020-11-17,SELL,PSUBNKBEES.NS,12374,15.83,195880.42,97.94021000000001,195852.23758999928
2020-11-17,SELL,MOM100.NS,10034,19.23,192953.82,96.47691,388709.5806799993
2020-11-17,SELL,HNGSNGBEES.NS,551,342.08,188486.08,94.24304,577101.4176399993
2020-11-17,BUY,NIF100BEES.NS,1466,131.08,192163.28000000003,96.08164000000002,384842.0559999993
2020-11-17,BUY,CONSUMBEES.NS,3352,57.36,192270.72,96.13536,192475.2006399993
2020-11-17,BUY,INFRABEES.NS,549,350.1,192204.90000000002,96.10245000000002,174.19818999926792
2020-11-23,SELL,CONSUMBEES.NS,3352,56.66,189924.31999999998,94.96216,190003.55602999925
2020-11-23,SELL,NIF100BEES.NS,1466,128.05,187721.30000000002,93.86065,377630.9953799993
2020-11-23,BUY,PSUBNKBEES.NS,11692,16.14,188708.88,94.35444000000001,188827.76093999928
2020-11-23,BUY,MOM100.NS,9450,19.97,188716.5,94.35825,16.902689999289578
2020-12-01,SELL,INFRABEES.NS,549,360.17,197733.33000000002,98.86666500000001,197651.3660249993
2020-12-01,SELL,BANKBEES.NS,801,299.43,239843.43,119.921715,437374.8743099993
2020-12-01,BUY,CPSEETF.NS,11485,19.03,218559.55000000002,109.27977500000001,218706.04453499927
2020-12-01,BUY,DIVOPPBEES.NS,7050,31.0,218550.0,109.275,46.769534999271855
2020-12-14,SELL,MID150BEES.NS,2740,77.89,213418.6,106.7093,213358.6602349993
2020-12-14,BUY,CONSUMBEES.NS,3335,63.93,213206.55,106.603275,45.50695999930031
2020-12-21,SELL,DIVOPPBEES.NS,7050,32.75,230887.5,115.44375000000001,230817.5632099993
2020-12-21,SELL,MOM100.NS,9450,20.47,193441.5,96.72075,424162.34245999926
2020-12-21,BUY,NV20BEES.NS,2993,70.82,211964.25999999998,105.98213,212092.1003299993
2020-12-21,BUY,ITBEES.NS,9212,23.01,211968.12000000002,105.98406000000001,17.996269999275682
2020-12-28,SELL,CPSEETF.NS,11485,20.5,235442.5,117.72125,235342.77501999927
2020-12-28,SELL,PSUBNKBEES.NS,11692,19.15,223901.8,111.95089999999999,459132.62411999924
2020-12-28,BUY,DIVOPPBEES.NS,6568,34.93,229420.24,114.71012,229597.67399999924
2020-12-28,BUY,NIFTYBEES.NS,1552,147.78,229354.56,114.67728,128.43671999924118
2021-01-04,SELL,DIVOPPBEES.NS,6568,34.25,224954.0,112.477,224969.95971999923
2021-01-04,SELL,CONSUMBEES.NS,3335,64.21,214140.34999999998,107.07017499999999,439003.2395449992
2021-01-04,BUY,MID150BEES.NS,2694,81.43,219372.42,109.68621,219521.13333499918
2021-01-04,BUY,PSUBNKBEES.NS,10915,20.1,219391.50000000003,109.69575000000002,19.937584999133833
2021-01-11,SELL,NV20BEES.NS,2993,78.06,233633.58000000002,116.81679000000001,233536.70079499914
2021-01-11,SELL,PSUBNKBEES.NS,10915,19.82,216335.30000000002,108.16765000000001,449763.83314499917
2021-01-11,SELL,NIFTYBEES.NS,1552,154.38,239597.75999999998,119.79888,689241.7942649992
2021-01-11,BUY,MOM100.NS,9897,23.2,229610.4,114.8052,459516.58906499925
2021-01-11,BUY,JUNIORBEES.NS,640,358.63,229523.2,114.7616,229878.62746499924
2021-01-11,BUY,INFRABEES.NS,578,397.22,229593.16,114.79658,170.67088499924284
2021-01-18,SELL,MOM100.NS,9897,22.42,221890.74000000002,110.94537000000001,221950.46551499926
2021-01-18,SELL,JUNIORBEES.NS,640,345.44,221081.6,110.5408,442921.52471499925
2021-01-18,SELL,MID150BEES.NS,2694,81.76,220261.44,110.13072,663072.8339949993
2021-01-18,BUY,PSUBNKBEES.NS,10605,20.83,220902.15,110.451075,442060.2329199993
2021-01-18,BUY,NV20BEES.NS,2871,76.93,220866.03000000003,110.43301500000001,221083.76990499927
2021-01-18,BUY,CPSEETF.NS,10494,21.05,220898.7,110.44935000000001,74.62055499924463
2021-01-25,SELL,CPSEETF.NS,10494,20.13,211244.22,105.62211,211213.21844499925
2021-01-25,SELL,NV20BEES.NS,2871,77.59,222760.89,111.38044500000001,433862.7279999993
2021-01-25,SELL,PSUBNKBEES.NS,10605,20.21,214327.05000000002,107.163525,648082.6144749993
2021-01-25,BUY,MON100.NS,2225,97.04,215914.0,107.95700000000001,432060.65747499926
2021-01-25,BUY,CONSUMBEES.NS,3201,67.45,215907.45,107.953725,216045.25374999925
2021-01-25,BUY,HNGSNGBEES.NS,603,357.66,215668.98,107.83449,268.43925999922794
2021-02-01,SELL,ITBEES.NS,9212,25.03,230576.36000000002,115.28818000000001,230729.51107999924
2021-02-01,SELL,CONSUMBEES.NS,3201,64.79,207392.79,103.69639500000001,438018.6046849992
2021-02-01,SELL,INFRABEES.NS,578,399.36,230830.08000000002,115.41504,668733.2696449992
2021-02-01,BUY,LIQUIDBEES.NS,222,999.99,221997.78,110.99889,446624.4907549992
2021-02-01,BUY,DIVOPPBEES.NS,6448,34.55,222778.4,111.3892,223734.70155499922
2021-02-01,BUY,MOM100.NS,9810,22.71,222785.1,111.39255,838.2090049992257
2021-02-08,SELL,DIVOPPBEES.NS,6448,35.76,230580.47999999998,115.29024,231303.3987649992
2021-02-08,SELL,MOM100.NS,9810,23.66,232104.6,116.0523,463291.94646499923
2021-02-08,SELL,LIQUIDBEES.NS,222,999.99,221997.78,110.99889,685178.7275749992
2021-02-08,SELL,HNGSNGBEES.NS,603,361.52,217996.56,108.99828,903066.2892949992
2021-02-08,BUY,PSUBNKBEES.NS,9139,24.69,225641.91,112.820955,677311.5583399992
2021-02-08,BUY,BANKBEES.NS,624,361.28,225438.71999999997,112.71936,451760.1189799992
2021-02-08,BUY,INFRABEES.NS,530,425.36,225440.80000000002,112.72040000000001,226206.5985799992
2021-02-08,BUY,NIFTYBEES.NS,1401,161.03,225603.03,112.801515,490.7670649992069
2021-02-15,SELL,MON100.NS,2225,98.68,219563.00000000003,109.78150000000002,219943.98556499922
2021-02-15,BUY,DIVOPPBEES.NS,6072,36.2,219806.40000000002,109.90320000000001,27.682364999200217
2021-02-22,SELL,INFRABEES.NS,530,423.91,224672.30000000002,112.33615000000002,224587.64621499923
2021-02-22,SELL,NIFTYBEES.NS,1401,157.18,220209.18000000002,110.10459000000002,444686.72162499925
2021-02-22,BUY,CPSEETF.NS,9916,22.41,222217.56,111.10878,222358.05284499924
2021-02-22,BUY,MOM100.NS,9137,24.32,222211.84,111.10592,35.10692499924335
2021-03-01,SELL,BANKBEES.NS,624,354.96,221495.03999999998,110.74752,221419.39940499922
2021-03-01,SELL,DIVOPPBEES.NS,6072,36.59,222174.48,111.08724000000001,443482.79216499923
2021-03-01,BUY,MID150BEES.NS,2451,90.39,221545.89,110.772945,221826.12921999922
2021-03-01,BUY,JUNIORBEES.NS,613,361.41,221544.33000000002,110.77216500000002,171.0270549991983
2021-03-08,SELL,PSUBNKBEES.NS,9139,26.03,237888.17,118.94408500000002,237940.25296999922
2021-03-08,BUY,INFRABEES.NS,535,444.48,237796.80000000002,118.89840000000001,24.55456999919261
2021-03-15,SELL,INFRABEES.NS,535,432.87,231585.45,115.792725,231494.2118449992
2021-03-15,SELL,JUNIORBEES.NS,613,362.5,222212.5,111.10625,453595.60559499916
2021-03-15,BUY,DIVOPPBEES.NS,6014,37.69,226667.65999999997,113.33382999999999,226814.6117649992
2021-03-15,BUY,ITBEES.NS,8625,26.28,226665.0,113.3325,36.279264999204315
2021-03-22,SELL,CPSEETF.NS,9916,23.33,231340.27999999997,115.67013999999999,231260.88912499917
2021-03-22,SELL,MOM100.NS,9137,24.52,224039.24,112.01962,455188.1095049991
2021-03-22,SELL,MID150BEES.NS,2451,89.94,220442.94,110.22147,675520.8280349991
2021-03-22,BUY,NV20BEES.NS,2791,80.63,225038.33,112.519165,450369.97886999906
2021-03-22,BUY,LIQUIDBEES.NS,225,1000.0,225000.0,112.5,225257.47886999906
2021-03-22,BUY,GOLDBEES.NS,5793,38.85,225058.05000000002,112.529025,86.89984499904676
2021-03-30,SELL,NV20BEES.NS,2791,80.37,224312.67,112.15633500000001,224287.41350999905
2021-03-30,SELL,GOLDBEES.NS,5793,38.38,222335.34000000003,111.16767000000002,446511.5858399991
2021-03-30,BUY,HNGSNGBEES.NS,645,345.94,223131.3,111.56564999999999,223268.7201899991
2021-03-30,BUY,MON100.NS,2389,93.39,223108.71,111.554355,48.45583499909844
2021-04-05,SELL,ITBEES.NS,8625,26.71,230373.75,115.186875,230307.01895999908
2021-04-05,SELL,LIQUIDBEES.NS,225,1000.0,225000.0,112.5,455194.5189599991
2021-04-05,BUY,MID150BEES.NS,2503,90.87,227447.61000000002,113.72380500000001,227633.18515499908
2021-04-05,BUY,CONSUMBEES.NS,3502,64.95,227454.90000000002,113.72745000000002,64.55770499905339
2021-04-12,SELL,DIVOPPBEES.NS,6014,36.9,221916.6,110.95830000000001,221870.19940499906
2021-04-12,SELL,CONSUMBEES.NS,3502,65.01,227665.02000000002,113.83251000000001,449421.3868949991
2021-04-12,SELL,MID150BEES.NS,2503,93.25,233404.75,116.702375,682709.4345199991
2021-04-12,BUY,ITBEES.NS,8465,26.87,227454.55000000002,113.727275,455141.1572449991
2021-04-12,BUY,GOLDBEES.NS,5617,40.49,227432.33000000002,113.716165,227595.11107999907
2021-04-12,BUY,NV20BEES.NS,2789,81.53,227387.17,113.69358500000001,94.24749499905738
2021-04-19,SELL,ITBEES.NS,8465,26.48,224153.2,112.07660000000001,224135.37089499907
2021-04-19,SELL,NV20BEES.NS,2789,80.28,223900.92,111.95046,447924.3404349991
2021-04-19,BUY,CONSUMBEES.NS,3490,64.14,223848.6,111.9243,223963.81613499907
2021-04-19,BUY,JUNIORBEES.NS,627,356.69,223644.63,111.822315,207.36381999906735
2021-04-26,SELL,CONSUMBEES.NS,3490,63.21,220602.9,110.30145,220699.96236999906
2021-04-26,BUY,LIQUIDBEES.NS,220,999.99,219997.8,109.99889999999999,592.1634699990682
2021-05-03,SELL,GOLDBEES.NS,5617,40.69,228555.72999999998,114.27786499999999,229033.61560499904
2021-05-03,SELL,LIQUIDBEES.NS,220,1000.0,220000.0,110.0,448923.615604999
2021-05-03,SELL,HNGSNGBEES.NS,645,373.41,240849.45,120.42472500000001,689652.640879999
2021-05-03,BUY,CPSEETF.NS,9933,23.13,229750.28999999998,114.87514499999999,459787.47573499905
2021-05-03,BUY,MOM100.NS,8996,25.54,229757.84,114.87892,229914.75681499907
2021-05-03,BUY,MID150BEES.NS,2486,92.4,229706.40000000002,114.85320000000002,93.50361499903374
2021-05-10,SELL,MON100.NS,2389,99.33,237299.37,118.649685,237274.22392999902
2021-05-10,SELL,MID150BEES.NS,2486,93.97,233609.41999999998,116.80471,470766.83921999903
2021-05-10,BUY,PSUBNKBEES.NS,10024,23.47,235263.28,117.63164,235385.92757999903
2021-05-10,BUY,DIVOPPBEES.NS,6292,37.39,235257.88,117.62894,10.418639999028528
2021-05-17,SELL,DIVOPPBEES.NS,6292,37.48,235824.15999999997,117.91207999999999,235716.666559999
2021-05-17,SELL,MOM100.NS,8996,25.93,233266.28,116.63314,468866.313419999
2021-05-17,BUY,INFRABEES.NS,544,430.27,234066.88,117.03344,234682.39997999897
2021-05-17,BUY,MID150BEES.NS,2490,94.08,234259.19999999998,117.1296,306.0703799990006
2021-05-24,SELL,INFRABEES.NS,544,436.0,237184.0,118.592,237371.478379999
2021-05-24,SELL,MID150BEES.NS,2490,97.27,242202.3,121.10114999999999,479452.677229999
2021-05-24,BUY,BANKBEES.NS,683,350.8,239596.4,119.7982,239736.479029999
2021-05-24,BUY,MOM100.NS,8947,26.78,239600.66,119.80033,16.018699998996453
2021-05-31,SELL,CPSEETF.NS,9933,24.85,246835.05000000002,123.41752500000001,246727.65117499902
2021-05-31,SELL,JUNIORBEES.NS,627,393.59,246780.93,123.390465,493385.190709999
2021-05-31,BUY,ITBEES.NS,9002,27.39,246564.78,123.28239,246697.128319999
2021-05-31,BUY,NIFTYBEES.NS,1478,166.79,246515.62,123.25781,58.25050999899395
2021-06-07,SELL,ITBEES.NS,9002,27.56,248095.12,124.04756,248029.32294999898
2021-06-07,SELL,NIFTYBEES.NS,1478,168.63,249235.13999999998,124.61757,497139.84537999897
2021-06-07,SELL,BANKBEES.NS,683,356.02,243161.65999999997,121.58082999999999,740179.924549999
2021-06-07,BUY,JUNIORBEES.NS,604,407.82,246323.28,123.16164,493733.482909999
2021-06-07,BUY,INFRABEES.NS,528,466.24,246174.72,123.08736,247435.67554999897
2021-06-07,BUY,MID150BEES.NS,2427,101.57,246510.38999999998,123.255195,802.0303549989767
2021-06-14,SELL,INFRABEES.NS,528,464.13,245060.63999999998,122.53031999999999,245740.14003499897
2021-06-14,SELL,PSUBNKBEES.NS,10024,27.21,272753.04000000004,136.37652000000003,518356.803514999
2021-06-14,SELL,JUNIORBEES.NS,604,409.77,247501.08,123.75054,765734.132974999
2021-06-14,BUY,ITBEES.NS,8889,28.7,255114.3,127.55715,510492.27582499903
2021-06-14,BUY,CPSEETF.NS,9519,26.8,255109.2,127.55460000000001,255255.521224999
2021-06-14,BUY,DIVOPPBEES.NS,6163,41.39,255086.57,127.54328500000001,41.40793999901507
2021-06-21,SELL,CPSEETF.NS,9519,25.98,247303.62,123.65181,247221.376129999
2021-06-21,SELL,MOM100.NS,8947,27.76,248368.72,124.18436,495465.91176999896
2021-06-21,SELL,MID150BEES.NS,2427,101.79,247044.33000000002,123.52216500000002,742386.719604999
2021-06-21,BUY,MON100.NS,2391,103.41,247253.31,123.626655,495009.782949999
2021-06-21,BUY,CONSUMBEES.NS,3601,68.68,247316.68000000002,123.65834000000001,247569.44460999896
2021-06-21,BUY,NV20BEES.NS,2845,86.93,247315.85,123.657925,129.93668499894557
2021-06-28,SELL,DIVOPPBEES.NS,6163,40.02,246643.26,123.32163000000001,246649.87505499896
2021-06-28,BUY,PSUBNKBEES.NS,8766,28.12,246499.92,123.24996000000002,26.70509499896434
2021-07-05,SELL,CONSUMBEES.NS,3601,69.55,250449.55,125.224775,250351.03031999894
2021-07-05,BUY,MID150BEES.NS,2421,103.35,250210.34999999998,125.10517499999999,15.57514499896206
2021-07-12,SELL,ITBEES.NS,8889,28.94,257247.66,128.62383,257134.61131499897
2021-07-12,SELL,NV20BEES.NS,2845,87.04,247628.80000000002,123.8144,504639.59691499895
2021-07-12,SELL,PSUBNKBEES.NS,8766,27.05,237120.30000000002,118.56015000000001,741641.336764999
2021-07-12,BUY,MOM100.NS,8538,28.94,247089.72,123.54486,494428.071904999
2021-07-12,BUY,GOLDBEES.NS,5953,41.5,247049.5,123.52475,247255.04715499896
2021-07-12,BUY,JUNIORBEES.NS,604,408.46,246709.84,123.35492,421.85223499895073
2021-07-19,SELL,GOLDBEES.NS,5953,41.62,247763.86,123.88193,248061.83030499893
2021-07-19,SELL,JUNIORBEES.NS,604,408.03,246450.12,123.22506,494388.72524499893
2021-07-19,BUY,BANKBEES.NS,698,353.8,246952.4,123.4762,247312.84904499893
2021-07-19,BUY,ITBEES.NS,8316,29.71,247068.36000000002,123.53418,120.95486499893013
2021-07-26,SELL,BANKBEES.NS,698,351.52,245360.96,122.68048,245359.2343849989
2021-07-26,SELL,MOM100.NS,8538,28.97,247345.86,123.67293,492581.4214549989
2021-07-26,SELL,MID150BEES.NS,2421,105.62,255706.02000000002,127.85301000000001,748159.588444999
2021-07-26,BUY,DIVOPPBEES.NS,6072,41.05,249255.59999999998,124.6278,498779.36064499896
2021-07-26,BUY,INFRABEES.NS,540,461.11,248999.4,124.4997,249655.46094499898
2021-07-26,BUY,NV20BEES.NS,2815,88.53,249211.95,124.60597500000002,318.9049699989555
2021-08-02,SELL,INFRABEES.NS,540,464.41,250781.40000000002,125.39070000000001,250974.914269999
2021-08-02,SELL,MON100.NS,2391,110.58,264396.77999999997,132.19839,515239.495879999
2021-08-02,BUY,MID150BEES.NS,2395,107.5,257462.5,128.73125,257648.264629999
2021-08-02,BUY,MOM100.NS,8669,29.7,257469.3,128.73465,50.229979999014176
2021-08-09,SELL,MOM100.NS,8669,29.03,251661.07,125.83053500000001,251585.46944499903
2021-08-09,SELL,MID150BEES.NS,2395,106.04,253965.80000000002,126.98290000000001,505424.28654499905
2021-08-09,BUY,NIF100BEES.NS,1490,169.46,252495.40000000002,126.24770000000001,252802.63884499902
2021-08-09,BUY,NIFTYBEES.NS,1439,175.41,252414.99,126.207495,261.4413499990187
2021-08-23,SELL,NIF100BEES.NS,1490,172.37,256831.30000000002,128.41565,256964.32569999903
2021-08-23,BUY,CONSUMBEES.NS,3532,72.71,256811.71999999997,128.40586,24.199839999055257
2021-08-30,SELL,NIFTYBEES.NS,1439,182.57,262718.23,131.359115,262611.07072499907
2021-08-30,BUY,NIF100BEES.NS,1488,176.38,262453.44,131.22672,26.404004999087192
2021-09-06,SELL,NV20BEES.NS,2815,97.59,274715.85000000003,137.35792500000002,274604.8960799991
2021-09-06,SELL,DIVOPPBEES.NS,6072,44.64,271054.08,135.52704,545523.4490399992
2021-09-06,BUY,JUNIORBEES.NS,612,445.33,272541.95999999996,136.27097999999998,272845.2180599992
2021-09-06,BUY,INFRABEES.NS,542,502.64,272430.88,136.21544,278.1226199992234
2021-09-13,SELL,ITBEES.NS,8316,35.77,297463.32,148.73166,297592.71095999924
2021-09-13,SELL,NIF100BEES.NS,1488,182.3,271262.4,135.6312,568719.4797599993
2021-09-13,BUY,MOM100.NS,9206,30.87,284189.22000000003,142.09461000000002,284388.1651499993
2021-09-13,BUY,MID150BEES.NS,2532,112.22,284141.04,142.07052,105.05462999932934
2021-09-20,SELL,JUNIORBEES.NS,612,444.26,271887.12,135.94356,271856.23106999934
2021-09-20,SELL,MOM100.NS,9206,30.95,284925.7,142.46285,556639.4682199993
2021-09-20,BUY,CPSEETF.NS,10134,27.45,278178.3,139.08915,278322.07906999934
2021-09-20,BUY,PSUBNKBEES.NS,10769,25.83,278163.26999999996,139.08163499999998,19.727434999367688
2021-09-27,SELL,PSUBNKBEES.NS,10769,25.79,277732.51,138.866255,277613.3711799994
2021-09-27,SELL,MID150BEES.NS,2532,114.53,289989.96,144.99498000000003,567458.3361999993
2021-09-27,BUY,ITBEES.NS,7710,36.78,283573.8,141.7869,283742.7492999993
2021-09-27,BUY,NV20BEES.NS,2831,100.16,283552.95999999996,141.77648,48.01281999936327
2021-10-04,SELL,ITBEES.NS,7710,35.78,275863.8,137.93189999999998,275773.8809199993
2021-10-04,SELL,NV20BEES.NS,2831,99.93,282901.83,141.450915,558534.2600049993
2021-10-04,SELL,CONSUMBEES.NS,3532,78.38,276838.16,138.41907999999998,835234.0009249994
2021-10-04,BUY,PSUBNKBEES.NS,9970,27.91,278262.7,139.13135,556832.1695749994
2021-10-04,BUY,MOM100.NS,8585,32.41,278239.85,139.119925,278453.1996499994
2021-10-04,BUY,MID150BEES.NS,2381,116.84,278196.04,139.09802,118.06162999942899
2021-10-25,SELL,CPSEETF.NS,10134,30.85,312633.9,156.31695000000002,312595.64467999944
2021-10-25,SELL,MOM100.NS,8585,32.15,276007.75,138.003875,588465.3908049995
2021-10-25,SELL,INFRABEES.NS,542,528.8,286609.6,143.3048,874931.6860049996
2021-10-25,SELL,MID150BEES.NS,2381,115.6,275243.6,137.62179999999998,1150037.6642049996
2021-10-25,BUY,MAFANG.NS,5084,56.52,287347.68,143.67384,862546.3103649996
2021-10-25,BUY,BANKBEES.NS,693,414.63,287338.59,143.669295,575064.0510699996
2021-10-25,BUY,MON100.NS,2530,113.58,287357.4,143.67870000000002,287562.97236999957
2021-10-25,BUY,HNGSNGBEES.NS,886,324.04,287099.44,143.54972,319.98264999955427
2021-11-01,SELL,BANKBEES.NS,693,400.98,277879.14,138.93957,278060.1830799996
2021-11-01,BUY,GOLDBEES.NS,6732,41.28,277896.96,138.94848000000002,24.274599999538623
2021-11-08,SELL,GOLDBEES.NS,6732,41.5,279378.0,139.689,279262.5855999995
2021-11-08,SELL,HNGSNGBEES.NS,886,317.96,281712.56,140.85628,560834.2893199995
2021-11-08,BUY,INFRABEES.NS,513,545.76,279974.88,139.98744,280719.4218799995
2021-11-08,BUY,NIF100BEES.NS,1487,188.43,280195.41000000003,140.09770500000002,383.91417499945965
2021-11-15,SELL,PSUBNKBEES.NS,9970,31.38,312858.6,156.42929999999998,313086.0848749994
2021-11-15,SELL,MON100.NS,2530,118.88,300766.39999999997,150.3832,613702.1016749993
2021-11-15,SELL,NIF100BEES.NS,1487,190.09,282663.83,141.331915,896224.5997599994
2021-11-15,BUY,JUNIORBEES.NS,641,465.75,298545.75,149.272875,597529.5768849994
2021-11-15,BUY,GOLDBEES.NS,7000,42.65,298550.0,149.275,298830.3018849994
2021-11-15,BUY,ITBEES.NS,8018,37.24,298590.32,149.29516,90.68672499939566
2021-11-22,SELL,INFRABEES.NS,513,526.7,270197.10000000003,135.09855000000002,270152.68817499944
2021-11-22,SELL,JUNIORBEES.NS,641,449.14,287898.74,143.94937,557907.4788049995
2021-11-22,BUY,CONSUMBEES.NS,3518,79.24,278766.32,139.38316,279001.77564499946
2021-11-22,BUY,MON100.NS,2298,121.29,278724.42000000004,139.36221000000003,137.99343499942916
2021-11-29,SELL,ITBEES.NS,8018,35.61,285520.98,142.76049,285516.2129449994
2021-11-29,SELL,CONSUMBEES.NS,3518,76.09,267684.62,133.84231,553066.9906349995
2021-11-29,BUY,GILT5YBEES.NS,5599,49.36,276366.64,138.18332,276562.16731499945
2021-11-29,BUY,LIQUIDBEES.NS,276,999.99,275997.24,137.99862,426.92869499942753
2021-12-06,SELL,GOLDBEES.NS,7000,41.3,289100.0,144.55,289382.37869499944
2021-12-06,SELL,MAFANG.NS,5084,55.16,280433.44,140.21672,569675.6019749994
2021-12-06,BUY,ITBEES.NS,7967,35.73,284660.91,142.330455,284872.36151999945
2021-12-06,BUY,CPSEETF.NS,9644,29.52,284690.88,142.34544,39.13607999944361
2021-12-13,SELL,CPSEETF.NS,9644,29.87,288066.28,144.03314,287961.38293999946
2021-12-13,SELL,GILT5YBEES.NS,5599,49.39,276534.61,138.267305,564357.7256349995
2021-12-13,SELL,LIQUIDBEES.NS,276,999.99,275997.24,137.99862,840216.9670149994
2021-12-13,SELL,ITBEES.NS,7967,36.83,293424.61,146.712305,1133494.8647099994
2021-12-13,BUY,PSUBNKBEES.NS,9400,30.13,283222.0,141.611,850131.2537099994
2021-12-13,BUY,MID150BEES.NS,2374,119.29,283194.46,141.59723000000002,566795.1964799993
2021-12-13,BUY,NV20BEES.NS,2897,97.75,283181.75,141.590875,283471.85560499935
2021-12-13,BUY,MOM100.NS,8577,33.02,283212.54000000004,141.60627000000002,117.70933499932289
2021-12-20,SELL,PSUBNKBEES.NS,9400,26.93,253142.0,126.571,253133.13833499933
2021-12-20,SELL,MON100.NS,2298,116.68,268130.64,134.06532,521129.71301499935
2021-12-20,SELL,MOM100.NS,8577,31.48,270003.96,135.00198,790998.6710349994
2021-12-20,SELL,MID150BEES.NS,2374,111.2,263988.8,131.99439999999998,1054855.4766349993
2021-12-20,BUY,ITBEES.NS,7172,36.75,263571.0,131.7855,791152.6911349993
2021-12-20,BUY,GOLDBEES.NS,6296,41.86,263550.56,131.77528,527470.3558549993
2021-12-20,BUY,GILT5YBEES.NS,5350,49.26,263541.0,131.7705,263797.5853549993
2021-12-20,BUY,LIQUIDBEES.NS,263,1000.0,263000.0,131.5,666.0853549992898
2021-12-27,SELL,GILT5YBEES.NS,5350,49.33,263915.5,131.95775,264449.6276049993
2021-12-27,SELL,LIQUIDBEES.NS,263,999.99,262997.37,131.498685,527315.4989199992
2021-12-27,BUY,MON100.NS,2182,120.75,263476.5,131.73825,263707.26066999923
2021-12-27,BUY,DIVOPPBEES.NS,5879,44.82,263496.78,131.74839000000003,78.73227999918163
2022-01-03,SELL,DIVOPPBEES.NS,5879,45.69,268611.51,134.305755,268555.9365249992
2022-01-03,SELL,GOLDBEES.NS,6296,41.73,262732.07999999996,131.36603999999997,531156.6504849992
2022-01-03,SELL,MON100.NS,2182,120.27,262429.14,131.21457,793454.5759149992
2022-01-03,BUY,PHARMABEES.NS,18655,14.17,264341.35,132.170675,528981.0552399992
2022-01-03,BUY,CONSUMBEES.NS,3445,76.72,264300.4,132.1502,264548.5050399992
2022-01-03,BUY,NIFTYBEES.NS,1386,190.72,264337.92,132.16896,78.41607999923872
2022-01-10,SELL,ITBEES.NS,7172,39.08,280281.76,140.14088,280220.0351999992
2022-01-10,SELL,NV20BEES.NS,2897,102.35,296507.95,148.253975,576579.7312249993
2022-01-10,SELL,PHARMABEES.NS,18655,13.93,259864.15,129.932075,836313.9491499993
2022-01-10,BUY,BANKBEES.NS,722,385.71,278482.62,139.24131,557692.0878399992
2022-01-10,BUY,CPSEETF.NS,8896,31.32,278622.72000000003,139.31136,278930.0564799992
2022-01-10,BUY,PSUBNKBEES.NS,9284,30.01,278612.84,139.30642,177.9100599992089
2022-01-17,SELL,CONSUMBEES.NS,3445,79.17,272740.65,136.370325,272782.1897349992
2022-01-17,BUY,INFRABEES.NS,494,551.86,272618.84,136.30942000000002,27.04031499917619
2022-01-24,SELL,INFRABEES.NS,494,516.07,254938.58000000002,127.46929000000002,254838.15102499918
2022-01-24,SELL,NIFTYBEES.NS,1386,185.79,257504.94,128.75247000000002,512214.3385549992
2022-01-24,BUY,HNGSNGBEES.NS,839,304.82,255743.97999999998,127.87199,256342.4865649992
2022-01-24,BUY,GOLDBEES.NS,6088,42.04,255939.52,127.96976,274.9968049992167
2022-01-31,SELL,GOLDBEES.NS,6088,41.25,251130.0,125.565,251279.4318049992
2022-01-31,BUY,LIQUIDBEES.NS,251,1000.0,251000.0,125.5,153.93180499921436
2022-02-07,SELL,LIQUIDBEES.NS,251,1000.0,251000.0,125.5,251028.4318049992
2022-02-07,BUY,PHARMABEES.NS,18668,13.44,250897.91999999998,125.44896,5.062844999221852
2022-02-14,SELL,PHARMABEES.NS,18668,13.32,248657.76,124.32888000000001,248538.49396499924
2022-02-14,SELL,BANKBEES.NS,722,372.2,268728.39999999997,134.36419999999998,517132.52976499917
2022-02-14,BUY,GOLDBEES.NS,6015,42.96,258404.4,129.2022,258598.92756499918
2022-02-14,BUY,GILT5YBEES.NS,5183,49.86,258424.38,129.21219,45.3353749991802
2022-02-21,SELL,CPSEETF.NS,8896,31.68,281825.27999999997,140.91263999999998,281729.7027349991
2022-02-21,SELL,PSUBNKBEES.NS,9284,30.41,282326.44,141.16322,563914.9795149991
2022-02-21,BUY,LIQUIDBEES.NS,281,1000.0,281000.0,140.5,282774.4795149991
2022-02-21,BUY,MAFANG.NS,5819,48.43,281814.17,140.907085,819.4024299990851
2022-02-28,SELL,MAFANG.NS,5819,47.26,275005.94,137.50297,275687.8394599991
2022-02-28,BUY,DIVOPPBEES.NS,6393,43.1,275538.3,137.76915,11.77030999911949
2022-03-07,SELL,DIVOPPBEES.NS,6393,43.21,276241.53,138.120765,276115.17954499915
2022-03-07,SELL,HNGSNGBEES.NS,839,289.84,243175.75999999998,121.58788,519169.35166499915
2022-03-07,BUY,CPSEETF.NS,7579,34.23,259429.16999999998,129.714585,259610.46707999916
2022-03-07,BUY,ITBEES.NS,7425,34.94,259429.49999999997,129.71474999999998,51.252329999173526
2022-03-14,SELL,GILT5YBEES.NS,5183,49.46,256351.18,128.17559,256274.25673999917
2022-03-14,SELL,LIQUIDBEES.NS,281,1000.0,281000.0,140.5,537133.7567399992
2022-03-14,BUY,PHARMABEES.NS,19957,13.45,268421.64999999997,134.21082499999997,268577.8959149992
2022-03-14,BUY,NV20BEES.NS,2711,98.99,268361.89,134.180945,81.82496999920113
2022-03-21,SELL,CPSEETF.NS,7579,33.23,251850.16999999998,125.925085,251806.0698849992
2022-03-21,SELL,NV20BEES.NS,2711,99.45,269608.95,134.804475,521280.2154099992
2022-03-21,SELL,GOLDBEES.NS,6015,44.14,265502.1,132.75105,786649.5643599991
2022-03-21,BUY,NIFTYBEES.NS,1413,185.38,261941.94,130.97097,524576.6533899992
2022-03-21,BUY,NIF100BEES.NS,1461,179.34,262015.74,131.00787,262429.9055199992
2022-03-21,BUY,INFRABEES.NS,520,503.54,261840.80000000002,130.9204,458.1851199991943
2022-03-28,SELL,ITBEES.NS,7425,36.92,274131.0,137.06550000000001,274452.1196199992
2022-03-28,SELL,NIFTYBEES.NS,1413,186.32,263270.16,131.63508,537590.6445399992
2022-03-28,SELL,NIF100BEES.NS,1461,180.14,263184.54,131.59226999999998,800643.5922699992
2022-03-28,SELL,INFRABEES.NS,520,513.36,266947.2,133.4736,1067457.3186699993
2022-03-28,BUY,MON100.NS,2360,112.99,266656.39999999997,133.32819999999998,800667.5904699992
2022-03-28,BUY,MAFANG.NS,5257,50.73,266687.61,133.343805,533846.6366649992
2022-03-28,BUY,HNGSNGBEES.NS,851,313.18,266516.18,133.25809,267197.1985749992
2022-03-28,BUY,MID150BEES.NS,2395,111.34,266659.3,133.32965,404.56892499915557
2022-04-04,SELL,PHARMABEES.NS,19957,13.83,276005.31,138.002655,276271.87626999913
2022-04-04,SELL,MID150BEES.NS,2395,115.76,277245.2,138.6226,553378.4536699991
2022-04-04,BUY,PSUBNKBEES.NS,8892,31.1,276541.2,138.2706,276698.98306999914
2022-04-04,BUY,DIVOPPBEES.NS,5918,46.73,276548.13999999996,138.27407,12.568999999202788
2022-04-11,SELL,DIVOPPBEES.NS,5918,47.01,278205.18,139.10259,278078.6464099992
2022-04-11,SELL,MON100.NS,2360,112.16,264697.6,132.34879999999998,542643.8976099992
2022-04-11,SELL,MAFANG.NS,5257,47.38,249076.66,124.53833,791596.0192799992
2022-04-11,SELL,HNGSNGBEES.NS,851,312.33,265792.82999999996,132.896415,1057255.9528649992
2022-04-11,BUY,CPSEETF.NS,7251,36.43,264153.93,132.076965,792969.9458999992
2022-04-11,BUY,JUNIORBEES.NS,569,463.53,263748.57,131.87428500000001,529089.5016149993
2022-04-11,BUY,MOM100.NS,7993,33.05,264168.64999999997,132.08432499999998,264788.7672899993
2022-04-11,BUY,MID150BEES.NS,2216,119.17,264080.72000000003,132.04036000000002,576.0069299992756
2022-04-25,SELL,PSUBNKBEES.NS,8892,29.9,265870.8,132.9354,266313.87152999925
2022-04-25,SELL,MOM100.NS,7993,31.32,250340.76,125.17038000000001,516529.4611499993
2022-04-25,SELL,MID150BEES.NS,2216,113.43,251360.88,125.68044,767764.6607099993
2022-04-25,BUY,CONSUMBEES.NS,3370,75.9,255783.00000000003,127.89150000000002,511853.76920999924
2022-04-25,BUY,INFRABEES.NS,481,531.59,255694.79,127.847395,256031.13181499924
2022-04-25,BUY,GOLDBEES.NS,5696,44.9,255750.4,127.8752,152.85661499924026
2022-05-02,SELL,CPSEETF.NS,7251,35.6,258135.6,129.0678,258159.38881499926
2022-05-02,SELL,JUNIORBEES.NS,569,446.39,253995.91,126.997955,512028.30085999926
2022-05-02,BUY,LIQUIDBEES.NS,255,999.99,254997.45,127.49872500000001,256903.35213499924
2022-05-02,BUY,DIVOPPBEES.NS,5745,44.54,255882.3,127.94115,893.1109849992499
2022-05-09,SELL,INFRABEES.NS,481,507.87,244285.47,122.142735,245056.43824999925
2022-05-09,SELL,CONSUMBEES.NS,3370,72.22,243381.4,121.69069999999999,488316.14754999924
2022-05-09,BUY,CPSEETF.NS,6801,35.88,244019.88,122.00994,244174.25760999924
2022-05-09,BUY,HNGSNGBEES.NS,800,304.74,243792.0,121.896,260.36160999923595
2022-05-16,SELL,CPSEETF.NS,6801,33.99,231165.99000000002,115.58299500000001,231310.76861499925
2022-05-16,SELL,DIVOPPBEES.NS,5745,42.39,243530.55000000002,121.76527500000002,474719.5533399993
2022-05-16,BUY,GILT5YBEES.NS,4808,49.34,237226.72000000003,118.61336000000001,237374.21997999927
2022-05-16,BUY,MON100.NS,2281,103.97,237155.57,118.577785,100.0721949992585
2022-05-23,SELL,MON100.NS,2281,100.88,230107.28,115.05364,230092.29855499926
2022-05-23,SELL,HNGSNGBEES.NS,800,295.04,236032.00000000003,118.01600000000002,466006.2825549993
2022-05-23,BUY,PHARMABEES.NS,17928,12.99,232884.72,116.44236000000001,233005.1201949993
2022-05-23,BUY,CONSUMBEES.NS,3138,74.2,232839.6,116.41980000000001,49.100394999288255
2022-05-30,SELL,PHARMABEES.NS,17928,12.76,228761.28,114.38064,228695.9997549993
2022-05-30,SELL,GILT5YBEES.NS,4808,48.79,234582.32,117.29116,463161.02859499934
2022-05-30,BUY,BANKBEES.NS,640,361.43,231315.2,115.6576,231730.17099499932
2022-05-30,BUY,NIFTYBEES.NS,1282,180.43,231311.26,115.65563,303.2553649993206
2022-06-06,SELL,CONSUMBEES.NS,3138,73.58,230894.04,115.44702000000001,231081.84834499934
2022-06-06,SELL,GOLDBEES.NS,5696,44.0,250624.0,125.312,481580.53634499933
2022-06-06,SELL,LIQUIDBEES.NS,255,999.99,254997.45,127.49872500000001,736450.4876199993
2022-06-06,BUY,MAFANG.NS,5956,41.19,245327.63999999998,122.66382,491000.18379999936
2022-06-06,BUY,PSUBNKBEES.NS,8722,28.13,245349.86,122.67492999999999,245527.64886999936
2022-06-06,BUY,ITBEES.NS,7976,30.76,245341.76,122.67088000000001,63.21798999936436
2022-06-13,SELL,BANKBEES.NS,640,338.36,216550.40000000002,108.27520000000001,216505.34278999938
2022-06-13,SELL,NIFTYBEES.NS,1282,171.87,220337.34,110.16867,436732.51411999937
2022-06-13,BUY,CPSEETF.NS,6346,34.39,218238.94,109.11947,218384.45464999936
2022-06-13,BUY,HNGSNGBEES.NS,718,303.58,217970.44,108.98522,305.02942999935476
2022-06-20,SELL,CPSEETF.NS,6346,31.44,199518.24000000002,99.75912000000001,199723.51030999937
2022-06-20,SELL,PSUBNKBEES.NS,8722,25.57,223021.54,111.51077000000001,422633.5395399994
2022-06-20,SELL,MAFANG.NS,5956,38.21,227578.76,113.78938000000001,650098.5101599994
2022-06-20,SELL,ITBEES.NS,7976,27.81,221812.56,110.90628,871800.1638799994
2022-06-20,BUY,GOLDBEES.NS,4971,43.82,217829.22,108.91461,653862.0292699994
2022-06-20,BUY,LIQUIDBEES.NS,217,999.99,216997.83000000002,108.49891500000001,436755.70035499934
2022-06-20,BUY,GILT5YBEES.NS,4475,48.67,217798.25,108.899125,218848.55122999934
2022-06-20,BUY,MON100.NS,2363,92.17,217797.71,108.898855,941.9423749993439
2022-06-27,SELL,MON100.NS,2363,94.45,223185.35,111.592675,224015.69969999936
2022-06-27,SELL,HNGSNGBEES.NS,718,308.21,221294.78,110.64739,445199.8323099994
2022-06-27,BUY,CONSUMBEES.NS,3029,73.44,222449.75999999998,111.22488,222638.8474299994
2022-06-27,BUY,MAFANG.NS,5414,41.09,222461.26,111.23063,66.35679999939748
2022-07-04,SELL,GILT5YBEES.NS,4475,48.81,218424.75,109.21237500000001,218381.8944249994
2022-07-04,SELL,LIQUIDBEES.NS,217,999.99,216997.83000000002,108.49891500000001,435271.22550999944
2022-07-04,SELL,MAFANG.NS,5414,39.58,214286.12,107.14306,649450.2024499994
2022-07-04,BUY,NV20BEES.NS,2368,91.36,216340.48,108.17024,433001.5522099994
2022-07-04,BUY,PHARMABEES.NS,17577,12.31,216372.87,108.186435,216520.4957749994
2022-07-04,BUY,JUNIORBEES.NS,551,392.64,216344.63999999998,108.17232,67.68345499940915
2022-07-11,SELL,PHARMABEES.NS,17577,12.61,221645.97,110.822985,221602.8304699994
2022-07-11,SELL,NV20BEES.NS,2368,92.02,217903.36,108.95168,439397.2387899994
2022-07-11,SELL,GOLDBEES.NS,4971,43.56,216536.76,108.26838000000001,655825.7304099994
2022-07-11,SELL,JUNIORBEES.NS,551,410.46,226163.46,113.08173,881876.1086799994
2022-07-11,BUY,PSUBNKBEES.NS,7474,29.48,220333.52,110.16676,661432.4219199994
2022-07-11,BUY,AUTOBEES.NS,1785,123.43,220322.55000000002,110.16127500000002,440999.7106449994
2022-07-11,BUY,MAFANG.NS,5273,41.79,220358.66999999998,110.179335,220530.86130999943
2022-07-11,BUY,BANKBEES.NS,614,358.74,220266.36000000002,110.13318000000001,154.36812999940594
2022-07-18,SELL,BANKBEES.NS,614,357.55,219535.7,109.76785000000001,219580.3002799994
2022-07-18,SELL,PSUBNKBEES.NS,7474,29.53,220707.22,110.35361,440177.1666699994
2022-07-18,SELL,MAFANG.NS,5273,41.02,216298.46000000002,108.14923000000002,656367.4774399995
2022-07-18,BUY,JUNIORBEES.NS,525,416.01,218405.25,109.202625,437853.02481499943
2022-07-18,BUY,MOM100.NS,7245,30.18,218654.1,109.32705,219089.59776499943
2022-07-18,BUY,MID150BEES.NS,1995,109.57,218592.15,109.296075,388.1516899994458
2022-07-25,SELL,AUTOBEES.NS,1785,125.43,223892.55000000002,111.94627500000001,224168.75541499947
2022-07-25,SELL,JUNIORBEES.NS,525,423.76,222474.0,111.23700000000001,446531.5184149995
2022-07-25,SELL,MID150BEES.NS,1995,111.64,222721.8,111.3609,669141.9575149994
2022-07-25,BUY,PSUBNKBEES.NS,7245,30.77,222928.65,111.464325,446101.84318999946
2022-07-25,BUY,BANKBEES.NS,602,370.3,222920.6,111.4603,223069.78288999945
2022-07-25,BUY,MON100.NS,2298,96.98,222860.04,111.43002000000001,98.31286999944132
2022-08-01,SELL,CONSUMBEES.NS,3029,82.96,251285.83999999997,125.64291999999999,251258.5099499994
2022-08-01,SELL,PSUBNKBEES.NS,7245,31.48,228072.6,114.03630000000001,479217.0736499994
2022-08-01,BUY,ITBEES.NS,7914,30.26,239477.64,119.73882,239619.69482999938
2022-08-01,BUY,MID150BEES.NS,2069,115.75,239486.75,119.743375,13.20145499939099
2022-08-08,SELL,BANKBEES.NS,602,386.46,232648.91999999998,116.32445999999999,232545.79699499937
2022-08-08,SELL,MID150BEES.NS,2069,116.68,241410.92,120.70546,473836.01153499936
2022-08-08,BUY,MAFANG.NS,5352,44.24,236772.48,118.38624,236945.14529499935
2022-08-08,BUY,NIF100BEES.NS,1280,184.92,236697.59999999998,118.3488,129.19649499937077
2022-08-16,SELL,ITBEES.NS,7914,31.01,245413.14,122.70657000000001,245419.62992499938
2022-08-16,SELL,NIF100BEES.NS,1280,188.09,240755.2,120.37760000000002,486054.4523249994
2022-08-16,BUY,CPSEETF.NS,6771,35.87,242875.77,121.437885,243057.2444399994
2022-08-16,BUY,BANKBEES.NS,611,397.06,242603.66,121.30183000000001,332.28260999938357
2022-08-22,SELL,BANKBEES.NS,611,387.38,236689.18,118.34459,236903.11801999938
2022-08-22,SELL,MOM100.NS,7245,32.29,233941.05,116.970525,470727.1974949994
2022-08-22,SELL,MON100.NS,2298,102.15,234740.7,117.37035,705350.5271449994
2022-08-22,SELL,MAFANG.NS,5352,43.66,233668.31999999998,116.83416,938902.0129849993
2022-08-22,BUY,JUNIORBEES.NS,524,447.21,234338.03999999998,117.16901999999999,704446.8039649994
2022-08-22,BUY,INFRABEES.NS,448,523.11,234353.28,117.17664,469976.3473249994
2022-08-22,BUY,MID150BEES.NS,2001,117.22,234557.22,117.27861,235301.8487149994
2022-08-22,BUY,NIF100BEES.NS,1267,185.13,234559.71,117.279855,624.8588599993964
2022-08-29,SELL,NIF100BEES.NS,1267,183.62,232646.54,116.32327000000001,233155.0755899994
2022-08-29,BUY,PSUBNKBEES.NS,7166,32.52,233038.32000000004,116.51916000000001,0.23642999937874265
2022-09-05,SELL,INFRABEES.NS,448,535.04,239697.91999999998,119.84895999999999,239578.30746999936
2022-09-05,BUY,CONSUMBEES.NS,2761,86.7,239378.7,119.68935,79.91811999934725
2022-09-12,SELL,CONSUMBEES.NS,2761,87.42,241366.62,120.68331,241325.85480999935
2022-09-12,SELL,JUNIORBEES.NS,524,472.03,247343.71999999997,123.67186,488545.9029499993
2022-09-12,BUY,BANKBEES.NS,595,410.22,244080.90000000002,122.04045000000002,244342.9624999993
2022-09-12,BUY,MOM100.NS,7103,34.37,244130.11,122.065055,90.78744499929599
2022-09-19,SELL,MOM100.NS,7103,33.64,238944.92,119.47246000000001,238916.23498499932
2022-09-19,SELL,MID150BEES.NS,2001,122.0,244122.0,122.061,482916.1739849993
2022-09-19,BUY,JUNIORBEES.NS,515,468.16,241102.40000000002,120.55120000000001,241693.2227849993
2022-09-19,BUY,INFRABEES.NS,445,542.15,241256.75,120.628375,315.8444099992921
2022-09-26,SELL,CPSEETF.NS,6771,34.55,233938.05,116.969025,234136.92538499928
2022-09-26,SELL,PSUBNKBEES.NS,7166,32.7,234328.2,117.1641,468347.96128499927
2022-09-26,SELL,INFRABEES.NS,445,510.13,227007.85,113.50392500000001,695242.3073599993
2022-09-26,SELL,BANKBEES.NS,595,391.54,232966.30000000002,116.48315000000001,928092.1242099993
2022-09-26,SELL,JUNIORBEES.NS,515,447.52,230472.8,115.2364,1158449.6878099993
2022-09-26,BUY,SILVERBEES.NS,4190,55.26,231539.4,115.7697,926794.5181099994
2022-09-26,BUY,CONSUMBEES.NS,2703,85.65,231511.95,115.755975,695166.8121349993
2022-09-26,BUY,PHARMABEES.NS,18378,12.6,231562.8,115.78139999999999,463488.2307349993
2022-09-26,BUY,LIQUIDBEES.NS,231,1000.0,231000.0,115.5,232372.7307349993
2022-09-26,BUY,AUTOBEES.NS,1816,127.5,231540.0,115.77,716.9607349993021
2022-10-03,SELL,CONSUMBEES.NS,2703,84.33,227943.99,113.97199499999999,228546.9787399993
2022-10-03,SELL,AUTOBEES.NS,1816,126.1,228997.59999999998,114.49879999999999,457430.07993999927
2022-10-03,BUY,GOLDBEES.NS,5299,43.14,228598.86000000002,114.29943000000002,228716.92050999924
2022-10-03,BUY,GILT5YBEES.NS,4633,49.34,228592.22000000003,114.29611000000001,10.404399999213638
2022-10-10,SELL,LIQUIDBEES.NS,231,999.99,230997.69,115.498845,230892.59555499922
2022-10-10,SELL,GILT5YBEES.NS,4633,49.13,227619.29,113.809645,458398.0759099992
2022-10-10,BUY,ITBEES.NS,7904,28.98,229057.92,114.52896000000001,229225.6269499992
2022-10-10,BUY,DIVOPPBEES.NS,5032,45.52,229056.64,114.52832000000001,54.45862999916426
2022-10-17,SELL,SILVERBEES.NS,4190,55.52,232628.80000000002,116.3144,232566.94422999918
2022-10-17,BUY,NV20BEES.NS,2349,98.95,232433.55000000002,116.21677500000001,17.17745499915327
2022-10-24,SELL,PHARMABEES.NS,18378,13.43,246816.54,123.40827,246710.30918499915
2022-10-24,SELL,NV20BEES.NS,2349,99.59,233936.91,116.968455,480530.25072999916
2022-10-24,SELL,GOLDBEES.NS,5299,43.48,230400.52,115.20026,710815.5704699991
2022-10-24,BUY,PSUBNKBEES.NS,6369,37.18,236799.41999999998,118.39971,473897.75075999915
2022-10-24,BUY,BANKBEES.NS,568,416.7,236685.6,118.34280000000001,237093.80795999913
2022-10-24,BUY,CPSEETF.NS,6400,37.0,236800.0,118.4,175.40795999913826
2022-10-31,SELL,ITBEES.NS,7904,29.81,235618.24,117.80912,235675.83883999914
2022-10-31,SELL,DIVOPPBEES.NS,5032,46.93,236151.76,118.07588000000001,471709.52295999916
2022-10-31,BUY,AUTOBEES.NS,1740,135.41,235613.4,117.8067,235978.31625999918
2022-10-31,BUY,INFRABEES.NS,432,545.11,235487.52000000002,117.74376000000001,373.0524999991467
2022-11-07,SELL,BANKBEES.NS,568,421.16,239218.88,119.60944,239472.32305999915
2022-11-07,SELL,AUTOBEES.NS,1740,135.53,235822.2,117.9111,475176.6119599992
2022-11-07,BUY,MID150BEES.NS,1925,123.35,237448.75,118.72437500000001,237609.1375849992
2022-11-07,BUY,NIFTYBEES.NS,1195,198.62,237350.9,118.67545,139.56213499919977
2022-11-14,SELL,CPSEETF.NS,6400,38.03,243392.0,121.696,243409.8661349992
2022-11-14,SELL,INFRABEES.NS,432,549.79,237509.27999999997,118.75463999999998,480800.3914949992
2022-11-14,SELL,MID150BEES.NS,1925,121.54,233964.5,116.98225000000001,714647.9092449992
2022-11-14,BUY,SILVERBEES.NS,3893,61.15,238056.94999999998,119.028475,476471.93076999916
2022-11-14,BUY,ITBEES.NS,7670,31.04,238076.8,119.0384,238276.09236999918
2022-11-14,BUY,HNGSNGBEES.NS,974,244.37,238016.38,119.00819,140.70417999918573
2022-11-21,SELL,ITBEES.NS,7670,30.45,233551.5,116.77575,233575.42842999919
2022-11-21,SELL,NIFTYBEES.NS,1195,198.55,237267.25,118.63362500000001,470724.0448049992
2022-11-21,BUY,MAFANG.NS,6228,37.77,235231.56000000003,117.61578000000002,235374.86902499918
2022-11-21,BUY,GOLDBEES.NS,5250,44.8,235199.99999999997,117.6,57.269024999201065
2022-11-28,SELL,GOLDBEES.NS,5250,45.12,236880.0,118.44,236818.8290249992
2022-11-28,SELL,SILVERBEES.NS,3893,61.44,239185.91999999998,119.59295999999999,475885.1560649992
2022-11-28,BUY,ITBEES.NS,7528,31.59,237809.52,118.90476,237956.73130499918
2022-11-28,BUY,BANKBEES.NS,546,435.31,237679.26,118.83963000000001,158.63167499916744
2022-12-05,SELL,BANKBEES.NS,546,437.9,239093.4,119.5467,239132.48497499916
2022-12-05,BUY,SILVERBEES.NS,3670,65.11,238953.7,119.47685000000001,59.30812499913736
2022-12-12,SELL,ITBEES.NS,7528,30.27,227872.56,113.93628,227817.93184499914
2022-12-12,BUY,MOM100.NS,6623,34.38,227698.74000000002,113.84937000000001,5.342474999109982
2022-12-19,SELL,MOM100.NS,6623,34.02,225314.46000000002,112.65723000000001,225207.14524499912
2022-12-19,SELL,MAFANG.NS,6228,38.35,238843.80000000002,119.42190000000001,463931.5233449992
2022-12-19,BUY,GOLDBEES.NS,4994,46.42,231821.48,115.91074,231994.13260499918
2022-12-19,BUY,LTGILTBEES.NS,10097,22.96,231827.12,115.91356,51.09904499919503
2022-12-26,SELL,PSUBNKBEES.NS,6369,46.44,295776.36,147.88818,295679.5708649992
2022-12-26,BUY,LIQUIDBEES.NS,295,1000.0,295000.0,147.5,532.0708649992011
2023-01-02,SELL,LIQUIDBEES.NS,295,1000.0,295000.0,147.5,295384.5708649992
2023-01-02,BUY,PSUBNKBEES.NS,6120,48.24,295228.8,147.6144,8.156464999192394
2023-01-09,SELL,LTGILTBEES.NS,10097,23.04,232634.88,116.31744,232526.71902499918
2023-01-09,SELL,PSUBNKBEES.NS,6120,47.89,293086.8,146.5434,525466.9756249991
2023-01-09,BUY,LIQUIDBEES.NS,262,999.99,261997.38,130.99869,263338.5969349991
2023-01-09,BUY,GILT5YBEES.NS,5210,50.4,262584.0,131.292,623.3049349990906
2023-01-16,SELL,GILT5YBEES.NS,5210,50.56,263417.60000000003,131.70880000000002,263909.1961349991
2023-01-16,SELL,SILVERBEES.NS,3670,68.26,250514.2,125.25710000000001,514298.1390349991
2023-01-16,SELL,LIQUIDBEES.NS,262,1000.0,262000.0,131.0,776167.1390349991
2023-01-16,BUY,MAFANG.NS,6728,38.43,258557.04,129.27852000000001,517480.8205149991
2023-01-16,BUY,AUTOBEES.NS,2009,128.68,258518.12000000002,129.25906,258833.44145499906
2023-01-16,BUY,DIVOPPBEES.NS,5349,48.34,258570.66000000003,129.28533000000002,133.4961249990156
2023-01-23,SELL,AUTOBEES.NS,2009,129.26,259683.33999999997,129.84167,259686.994454999
2023-01-23,SELL,MAFANG.NS,6728,39.58,266294.24,133.14712,525848.087334999
2023-01-23,BUY,CPSEETF.NS,6715,39.13,262757.95,131.378975,262958.758359999
2023-01-23,BUY,ITBEES.NS,8406,31.26,262771.56,131.38578,55.812579998979345
2023-01-30,SELL,CPSEETF.NS,6715,37.66,252886.89999999997,126.44344999999998,252816.26912999895
2023-01-30,SELL,DIVOPPBEES.NS,5349,48.47,259266.03,129.633015,511952.666114999
2023-01-30,SELL,GOLDBEES.NS,4994,48.77,243557.38,121.77869000000001,755388.267424999
2023-01-30,BUY,MAFANG.NS,5874,42.84,251642.16000000003,125.82108000000002,503620.286344999
2023-01-30,BUY,MON100.NS,2642,95.25,251650.5,125.82525,251843.961094999
2023-01-30,BUY,AUTOBEES.NS,1906,131.98,251553.87999999998,125.77694,164.30415499900118
2023-02-06,SELL,HNGSNGBEES.NS,974,305.35,297410.9,148.70545,297426.498704999
2023-02-06,BUY,NV20BEES.NS,2778,107.0,297246.0,148.623,31.875704998965375
2023-02-20,SELL,NV20BEES.NS,2778,107.16,297690.48,148.84524,297573.51046499895
2023-02-20,SELL,AUTOBEES.NS,1906,132.96,253421.76,126.71088,550868.559584999
2023-02-20,BUY,CPSEETF.NS,7100,38.77,275267.0,137.6335,275463.926084999
2023-02-20,BUY,DIVOPPBEES.NS,5518,49.89,275293.02,137.64651,33.259574998985045
2023-02-27,SELL,ITBEES.NS,8406,31.15,261846.9,130.92345,261749.23612499898
2023-02-27,SELL,DIVOPPBEES.NS,5518,48.55,267898.89999999997,133.94944999999998,529514.186674999
2023-02-27,SELL,MON100.NS,2642,98.02,258968.84,129.48442,788353.5422549989
2023-02-27,SELL,MAFANG.NS,5874,44.58,261862.91999999998,130.93146,1050085.5307949989
2023-02-27,BUY,LTGILTBEES.NS,11309,23.2,262368.8,131.1844,787585.5463949989
2023-02-27,BUY,LIQUIDBEES.NS,262,1000.0,262000.0,131.0,525454.5463949989
2023-02-27,BUY,GILT5YBEES.NS,5176,50.69,262371.44,131.18572,262951.9206749989
2023-02-27,BUY,INFRABEES.NS,501,523.37,262208.37,131.104185,612.4464899988961
2023-03-06,SELL,LIQUIDBEES.NS,262,1000.0,262000.0,131.0,262481.4464899989
2023-03-06,SELL,LTGILTBEES.NS,11309,23.18,262142.62,131.07131,524492.9951799989
2023-03-06,SELL,GILT5YBEES.NS,5176,50.8,262940.8,131.47039999999998,787302.324779999
2023-03-06,BUY,PSUBNKBEES.NS,5979,43.87,262298.73,131.149365,524872.445414999
2023-03-06,BUY,BANKBEES.NS,627,417.84,261985.68,130.99284,262755.772574999
2023-03-06,BUY,MID150BEES.NS,2196,119.43,262268.28,131.13414000000003,356.3584349990124
2023-03-13,SELL,BANKBEES.NS,627,401.21,251558.66999999998,125.77933499999999,251789.249099999
2023-03-13,SELL,MID150BEES.NS,2196,116.23,255241.08000000002,127.62054,506902.708559999
2023-03-13,BUY,MOM100.NS,7918,31.99,253296.81999999998,126.64841,253479.24014999904
2023-03-13,BUY,GILT5YBEES.NS,4964,51.03,253312.92,126.65646000000001,39.663689999026246
2023-03-20,SELL,INFRABEES.NS,501,525.62,263335.62,131.66781,263243.615879999
2023-03-20,SELL,PSUBNKBEES.NS,5979,40.09,239698.11000000002,119.849055,502821.876824999
2023-03-20,SELL,MOM100.NS,7918,31.51,249496.18000000002,124.74809000000002,752193.308734999
2023-03-20,SELL,GILT5YBEES.NS,4964,51.16,253958.24,126.97912,1006024.569614999
2023-03-20,BUY,MAFANG.NS,5385,46.68,251371.8,125.6859,754527.083714999
2023-03-20,BUY,GOLDBEES.NS,4937,50.91,251342.66999999998,125.671335,503058.742379999
2023-03-20,BUY,SILVERBEES.NS,3719,67.59,251367.21000000002,125.68360500000001,251565.848774999
2023-03-20,BUY,MON100.NS,2500,100.52,251300.0,125.65,140.19877499900758
2023-03-27,SELL,CPSEETF.NS,7100,38.58,273918.0,136.959,273921.23977499903
2023-03-27,BUY,LTGILTBEES.NS,11670,23.46,273778.2,136.8891,6.150674999051262
2023-04-03,SELL,LTGILTBEES.NS,11670,23.46,273778.2,136.8891,273647.4615749991
2023-04-03,BUY,PHARMABEES.NS,22418,12.2,273499.6,136.7498,11.111774999124464
2023-04-10,SELL,MON100.NS,2500,103.65,259125.0,129.5625,259006.54927499912
2023-04-10,BUY,BANKBEES.NS,626,413.13,258619.38,129.30969000000002,257.8595849991252
2023-04-17,SELL,GOLDBEES.NS,4937,51.7,255242.90000000002,127.62145000000001,255373.13813499914
2023-04-17,SELL,MAFANG.NS,5385,49.01,263918.85,131.95942499999998,519160.0287099991
2023-04-17,BUY,AUTOBEES.NS,1978,131.14,259394.91999999998,129.69746,259635.41124999913
2023-04-17,BUY,PSUBNKBEES.NS,5963,43.51,259450.12999999998,129.725065,55.55618499914999
2023-05-02,SELL,PHARMABEES.NS,22418,12.72,285156.96,142.57848,285069.9377049991
2023-05-02,SELL,SILVERBEES.NS,3719,72.99,271449.81,135.724905,556384.0227999991
2023-05-02,BUY,INFRABEES.NS,498,557.91,277839.18,138.91959,278405.9232099991
2023-05-02,BUY,MOM100.NS,8163,34.06,278031.78,139.01589,235.12731999909738
2023-05-08,SELL,BANKBEES.NS,626,437.54,273900.04000000004,136.95002000000002,273998.21729999915
2023-05-08,BUY,JUNIORBEES.NS,641,427.06,273745.46,136.87273000000002,115.8845699991216
2023-05-15,SELL,INFRABEES.NS,498,563.01,280378.98,140.18949,280354.6750799991
2023-05-15,SELL,PSUBNKBEES.NS,5963,44.41,264816.82999999996,132.408415,545039.096664999
2023-05-15,SELL,MOM100.NS,8163,34.56,282113.28,141.05664000000002,827011.3200249991
2023-05-15,BUY,MAFANG.NS,5300,51.98,275494.0,137.747,551379.5730249991
2023-05-15,BUY,CONSUMBEES.NS,3232,85.24,275495.68,137.74784,275746.1451849991
2023-05-15,BUY,MON100.NS,2587,106.49,275489.63,137.74481500000002,118.7703699991107
2023-05-22,SELL,CONSUMBEES.NS,3232,84.45,272942.4,136.4712,272924.6991699991
2023-05-22,SELL,JUNIORBEES.NS,641,433.16,277655.56,138.82778,550441.4313899991
2023-05-22,BUY,CPSEETF.NS,6480,42.45,275076.0,137.538,275227.8933899991
2023-05-22,BUY,ITBEES.NS,9087,30.27,275063.49,137.531745,26.871644999133423
2023-05-29,SELL,CPSEETF.NS,6480,42.41,274816.8,137.4084,274706.2632449991
2023-05-29,BUY,JUNIORBEES.NS,619,443.11,274285.09,137.142545,284.03069999907166
2023-06-05,SELL,ITBEES.NS,9087,30.63,278334.81,139.167405,278479.67329499905
2023-06-05,SELL,AUTOBEES.NS,1978,147.28,291319.84,145.65992000000003,569653.853374999
2023-06-05,BUY,CONSUMBEES.NS,3223,88.31,284623.13,142.311565,284888.41180999903
2023-06-05,BUY,MOM100.NS,7883,36.11,284655.13,142.327565,90.95424499904038
2023-06-12,SELL,CONSUMBEES.NS,3223,88.33,284687.58999999997,142.343795,284636.200449999
2023-06-12,SELL,JUNIORBEES.NS,619,453.62,280790.78,140.39539000000002,565286.585059999
2023-06-12,BUY,AUTOBEES.NS,1904,148.36,282477.44,141.23872,282667.906339999
2023-06-12,BUY,SILVERBEES.NS,3904,72.35,282454.39999999997,141.22719999999998,72.2791399990092
2023-06-19,SELL,SILVERBEES.NS,3904,71.74,280072.95999999996,140.03647999999998,280005.20265999896
2023-06-19,SELL,AUTOBEES.NS,1904,148.15,282077.60000000003,141.0388,561941.763859999
2023-06-19,BUY,MID150BEES.NS,2081,134.91,280747.71,140.37385500000002,281053.680004999
2023-06-19,BUY,JUNIORBEES.NS,606,463.28,280747.68,140.37384,165.62616499897558
2023-06-26,SELL,JUNIORBEES.NS,606,455.07,275772.42,137.88621,275800.15995499893
2023-06-26,BUY,PHARMABEES.NS,20404,13.51,275658.04,137.82901999999999,4.290934998949524
2023-07-03,SELL,MON100.NS,2587,120.9,312768.3,156.38415,312616.20678499894
2023-07-03,SELL,MAFANG.NS,5300,62.87,333211.0,166.6055,645660.6012849989
2023-07-03,BUY,AUTOBEES.NS,2111,152.78,322518.58,161.25929000000002,322980.7619949989
2023-07-03,BUY,CPSEETF.NS,7303,44.18,322646.54,161.32326999999998,172.89872499892954
2023-07-10,SELL,MOM100.NS,7883,38.19,301051.76999999996,150.525885,301074.1428399989
2023-07-10,SELL,MID150BEES.NS,2081,137.33,285783.73000000004,142.89186500000002,586714.9809749989
2023-07-10,BUY,PSUBNKBEES.NS,5954,49.24,293174.96,146.58748,293393.4334949989
2023-07-10,BUY,DIVOPPBEES.NS,5392,54.37,293163.04,146.58151999999998,83.81197499891277
2023-07-17,SELL,CPSEETF.NS,7303,44.32,323668.96,161.83448,323590.9374949989
2023-07-17,SELL,DIVOPPBEES.NS,5392,55.48,299148.16,149.57407999999998,622589.5234149989
2023-07-17,SELL,PHARMABEES.NS,20404,14.22,290144.88,145.07244,912589.3309749989
2023-07-17,BUY,ITBEES.NS,9332,32.58,304036.56,152.01828,608400.7526949989
2023-07-17,BUY,SILVERBEES.NS,4119,73.81,304023.39,152.011695,304225.35099999886
2023-07-17,BUY,MAFANG.NS,4653,65.34,304027.02,152.01351000000003,46.317489998822566
2023-07-24,SELL,ITBEES.NS,9332,31.41,293118.12,146.55906,293017.8784299988
2023-07-24,SELL,MAFANG.NS,4653,63.94,297512.82,148.75641000000002,590381.9420199988
2023-07-24,BUY,PHARMABEES.NS,20305,14.53,295031.64999999997,147.51582499999998,295202.7761949988
2023-07-24,BUY,BANKBEES.NS,631,467.53,295011.43,147.505715,43.84047999884933
2023-07-31,SELL,BANKBEES.NS,631,464.52,293112.12,146.55606,293009.4044199989
2023-07-31,SELL,SILVERBEES.NS,4119,72.68,299368.92000000004,149.68446000000003,592228.6399599989
2023-07-31,SELL,AUTOBEES.NS,2111,158.81,335247.91000000003,167.62395500000002,927308.9260049989
2023-07-31,BUY,CPSEETF.NS,6475,47.71,308922.25,154.461125,618232.2148799989
2023-07-31,BUY,INFRABEES.NS,489,631.03,308573.67,154.286835,309504.258044999
2023-07-31,BUY,MID150BEES.NS,2134,144.75,308896.5,154.44825,453.30979499896057
2023-08-07,SELL,PSUBNKBEES.NS,5954,49.0,291746.0,145.873,292053.43679499894
2023-08-07,BUY,MOM100.NS,7248,40.27,291876.96,145.93848000000003,30.53831499890657
2023-08-14,SELL,INFRABEES.NS,489,622.44,304373.16000000003,152.18658000000002,304251.51173499896
2023-08-14,BUY,ITBEES.NS,9342,32.55,304082.1,152.04104999999998,17.37068499898305
2023-08-21,SELL,CPSEETF.NS,6475,47.53,307756.75,153.878375,307620.242309999
2023-08-21,BUY,PSUBNKBEES.NS,6046,50.85,307439.10000000003,153.71955000000003,27.422759998997208
2023-08-28,SELL,PHARMABEES.NS,20305,15.41,312900.05,156.450025,312771.02273499896
2023-08-28,SELL,PSUBNKBEES.NS,6046,50.78,307015.88,153.50794000000002,619633.3947949989
2023-08-28,BUY,SILVERBEES.NS,4272,72.48,309634.56,154.81728,309844.0175149989
2023-08-28,BUY,CPSEETF.NS,6451,48.0,309648.0,154.824,41.1935149988858
2023-09-04,SELL,ITBEES.NS,9342,33.82,315946.44,157.97322,315829.6602949989
2023-09-04,BUY,AUTOBEES.NS,1945,162.23,315537.35,157.768675,134.54161999892676
2023-09-11,SELL,SILVERBEES.NS,4272,70.61,301645.92,150.82296,301629.6386599989
2023-09-11,SELL,AUTOBEES.NS,1945,166.48,323803.6,161.90179999999998,625271.3368599989
2023-09-11,BUY,DIVOPPBEES.NS,5331,58.61,312449.91,156.224955,312665.2019049989
2023-09-11,BUY,ITBEES.NS,9115,34.28,312462.2,156.2311,46.770804998930544
2023-09-18,SELL,DIVOPPBEES.NS,5331,58.82,313569.42,156.78471,313459.40609499894
2023-09-18,SELL,MOM100.NS,7248,43.25,313476.0,156.738,626778.6680949989
2023-09-18,SELL,MID150BEES.NS,2134,155.12,331026.08,165.51304000000002,957639.2350549989
2023-09-18,BUY,PSUBNKBEES.NS,5493,58.08,319033.44,159.51672,638446.2783349989
2023-09-18,BUY,AUTOBEES.NS,1896,168.24,318983.04000000004,159.49152,319303.74681499886
2023-09-18,BUY,NV20BEES.NS,2664,119.74,318987.36,159.49367999999998,156.8931349988561
2023-09-25,SELL,NV20BEES.NS,2664,118.1,314618.39999999997,157.30919999999998,314617.9839349988
2023-09-25,BUY,DIVOPPBEES.NS,5405,58.17,314408.85000000003,157.20442500000001,51.92950999876484
2023-10-03,SELL,ITBEES.NS,9115,33.35,303985.25,151.992625,303885.18688499875
2023-10-03,SELL,AUTOBEES.NS,1896,162.56,308213.76,154.10688000000002,611944.8400049987
2023-10-03,BUY,PHARMABEES.NS,19692,15.53,305816.76,152.90838,305975.17162499874
2023-10-03,BUY,INFRABEES.NS,471,648.13,305269.23,152.634615,553.3070099987672
2023-10-09,SELL,CPSEETF.NS,6451,51.8,334161.8,167.08089999999999,334548.02610999875
2023-10-09,SELL,PHARMABEES.NS,19692,15.33,301878.36,150.93918,636275.4469299987
2023-10-09,BUY,LIQUIDBEES.NS,317,999.99,316996.83,158.49841500000002,319120.1185149987
2023-10-09,BUY,NV20BEES.NS,2709,117.37,317955.33,158.977665,1005.8108499986702
2023-10-16,SELL,NV20BEES.NS,2709,118.36,320637.24,160.31862,321482.7322299987
2023-10-16,SELL,DIVOPPBEES.NS,5405,58.62,316841.1,158.42055,638165.4116799987
2023-10-16,SELL,PSUBNKBEES.NS,5493,56.49,310299.57,155.149785,948309.8318949987
2023-10-16,SELL,LIQUIDBEES.NS,317,1000.0,317000.0,158.5,1265151.3318949987
2023-10-16,BUY,CPSEETF.NS,5862,53.92,316079.04000000004,158.03952,948914.2523749986
2023-10-16,BUY,AUTOBEES.NS,1883,167.83,316023.89,158.011945,632732.3504299987
2023-10-16,BUY,CONSUMBEES.NS,3359,94.11,316115.49,158.057745,316458.8026849987
2023-10-16,BUY,MON100.NS,2598,121.68,316124.64,158.06232,176.10036499868147
2023-10-23,SELL,INFRABEES.NS,471,635.03,299099.13,149.549565,299125.6807999987
2023-10-23,SELL,MON100.NS,2598,117.3,304745.39999999997,152.37269999999998,603718.7080999987
2023-10-23,BUY,GOLDBEES.NS,5853,51.54,301663.62,150.83181,301904.25628999865
2023-10-23,BUY,SILVERBEES.NS,4254,70.92,301693.68,150.84684,59.72944999864558
2023-10-30,SELL,CONSUMBEES.NS,3359,91.52,307415.68,153.70784,307321.70160999865
2023-10-30,SELL,AUTOBEES.NS,1883,163.03,306985.49,153.49274499999999,614153.6988649986
2023-10-30,BUY,GILT5YBEES.NS,5777,53.12,306874.24,153.43712,307126.02174499864
2023-10-30,BUY,LIQUIDBEES.NS,306,999.99,305996.94,152.99847,976.0832749986439
2023-11-06,SELL,LIQUIDBEES.NS,306,999.99,305996.94,152.99847,306820.02480499865
2023-11-06,SELL,SILVERBEES.NS,4254,70.77,301055.57999999996,150.52778999999998,607725.0770149985
2023-11-06,SELL,GILT5YBEES.NS,5777,53.35,308202.95,154.10147500000002,915773.9255399986
2023-11-06,BUY,PSUBNKBEES.NS,5488,55.59,305077.92000000004,152.53896000000003,610543.4665799986
2023-11-06,BUY,MON100.NS,2484,122.82,305084.88,152.54244,305306.0441399986
2023-11-06,BUY,JUNIORBEES.NS,636,479.7,305089.2,152.5446,64.29953999858117
2023-11-13,SELL,GOLDBEES.NS,5853,50.93,298093.29,149.04664499999998,298008.54289499857
2023-11-13,SELL,PSUBNKBEES.NS,5488,57.39,314956.32,157.47816,612807.3847349986
2023-11-13,SELL,JUNIORBEES.NS,636,488.53,310705.07999999996,155.35253999999998,923357.1121949985
2023-11-13,BUY,MAFANG.NS,4729,65.05,307621.45,153.81072500000002,615581.8514699985
2023-11-13,BUY,PHARMABEES.NS,19557,15.73,307631.61,153.81580499999998,307796.4256649985
2023-11-13,BUY,MID150BEES.NS,1965,156.52,307561.80000000005,153.78090000000003,80.84476499841549
2023-11-20,SELL,PHARMABEES.NS,19557,16.04,313694.27999999997,156.84714,313618.27762499836
2023-11-20,SELL,MID150BEES.NS,1965,159.73,313869.44999999995,156.934725,627330.7928999984
2023-11-20,BUY,MOM100.NS,7035,44.56,313479.60000000003,156.73980000000003,313694.45309999835
2023-11-20,BUY,DIVOPPBEES.NS,5181,60.51,313502.31,156.751155,35.39194499835139
2023-11-28,SELL,DIVOPPBEES.NS,5181,61.13,316714.53,158.357265,316591.5646799984
2023-11-28,SELL,MOM100.NS,7035,44.96,316293.60000000003,158.1468,632727.0178799984
2023-11-28,BUY,AUTOBEES.NS,1812,174.49,316175.88,158.08794,316393.0499399984
2023-11-28,BUY,PHARMABEES.NS,19591,16.14,316198.74,158.09937,36.210569998424035
2023-12-04,SELL,PHARMABEES.NS,19591,16.49,323055.58999999997,161.527795,322930.2727749984
2023-12-04,SELL,MON100.NS,2484,129.73,322249.31999999995,161.12465999999998,645018.4681149984
2023-12-04,SELL,MAFANG.NS,4729,68.26,322801.54000000004,161.40077000000002,967658.6073449985
2023-12-04,BUY,SILVERBEES.NS,4289,75.15,322318.35000000003,161.15917500000003,645179.0981699985
2023-12-04,BUY,MOM100.NS,6837,47.15,322364.55,161.182275,322653.3658949985
2023-12-04,BUY,DIVOPPBEES.NS,5060,63.71,322372.6,161.1863,119.57959499850404
2023-12-11,SELL,DIVOPPBEES.NS,5060,64.86,328191.6,164.0958,328147.08379499847
2023-12-11,SELL,SILVERBEES.NS,4289,70.35,301731.14999999997,150.86557499999998,629727.3682199984
2023-12-11,SELL,AUTOBEES.NS,1812,181.05,328062.60000000003,164.03130000000002,957625.9369199985
2023-12-11,SELL,MOM100.NS,6837,47.66,325851.42,162.92571,1283314.4312099984
2023-12-11,BUY,JUNIORBEES.NS,589,543.84,320321.76,160.16088000000002,962832.5103299984
2023-12-11,BUY,PSUBNKBEES.NS,5198,61.69,320664.62,160.33231,642007.5580199985
2023-12-11,BUY,INFRABEES.NS,442,724.68,320308.56,160.15428,321538.84373999847
2023-12-11,BUY,BANKBEES.NS,664,482.69,320506.16,160.25307999999998,872.4306599984993
2023-12-18,SELL,BANKBEES.NS,664,488.15,324131.6,162.0658,324841.9648599985
2023-12-18,SELL,JUNIORBEES.NS,589,556.22,327613.58,163.80679,652291.7380699986
2023-12-18,BUY,ITBEES.NS,8610,37.86,325974.6,162.9873,326154.1507699986
2023-12-18,BUY,DIVOPPBEES.NS,4852,67.18,325957.36000000004,162.97868000000003,33.81208999856608
2023-12-26,SELL,INFRABEES.NS,442,746.64,330014.88,165.00744,329883.68464999855
2023-12-26,SELL,PSUBNKBEES.NS,5198,61.99,322224.02,161.11201000000003,651946.5926399985
2023-12-26,BUY,MAFANG.NS,4485,72.64,325790.4,162.89520000000002,325993.2974399985
2023-12-26,BUY,NV20BEES.NS,2497,130.47,325783.59,162.89179500000003,46.815644998452626
2024-01-01,SELL,ITBEES.NS,8610,37.68,324424.8,162.2124,324309.4032449984
2024-01-01,SELL,NV20BEES.NS,2497,132.21,330128.37,165.064185,654272.7090599984
2024-01-01,SELL,MAFANG.NS,4485,73.02,327494.69999999995,163.74734999999998,981603.6617099983
2024-01-01,BUY,JUNIORBEES.NS,575,568.13,326674.75,163.337375,654765.5743349983
2024-01-01,BUY,AUTOBEES.NS,1729,189.04,326850.16,163.42507999999998,327751.9892549983
2024-01-01,BUY,INFRABEES.NS,431,757.41,326443.70999999996,163.22185499999998,1145.0573999983026
2024-01-08,SELL,INFRABEES.NS,431,763.68,329146.07999999996,164.57304,330126.5643599983
2024-01-08,SELL,DIVOPPBEES.NS,4852,68.03,330081.56,165.04078,660043.0835799982
2024-01-08,SELL,AUTOBEES.NS,1729,186.11,321784.19,160.892095,981666.3814849982
2024-01-08,BUY,PHARMABEES.NS,18721,17.47,327055.87,163.527935,654446.9835499981
2024-01-08,BUY,MOM100.NS,6538,50.02,327030.76,163.51538000000002,327252.70816999814
2024-01-08,BUY,MID150BEES.NS,1837,178.02,327022.74,163.51137,66.45679999812273
2024-01-15,SELL,CPSEETF.NS,5862,69.83,409343.45999999996,204.67173,409205.2450699981
2024-01-15,SELL,PHARMABEES.NS,18721,17.81,333421.00999999995,166.71050499999998,742459.544564998
2024-01-15,BUY,INFRABEES.NS,468,792.67,370969.56,185.48478,371304.499784998
2024-01-15,BUY,ITBEES.NS,9458,39.23,371037.33999999997,185.51867,81.64111499802675
2024-01-23,SELL,JUNIORBEES.NS,575,566.94,325990.50000000006,162.99525000000003,325909.1458649981
2024-01-23,SELL,MOM100.NS,6538,49.96,326638.48,163.31924,652384.3066249981
2024-01-23,SELL,MID150BEES.NS,1837,176.5,324230.5,162.11525,976452.6913749981
2024-01-23,BUY,CPSEETF.NS,4729,68.79,325307.91000000003,162.65395500000002,650982.127419998
2024-01-23,BUY,PSUBNKBEES.NS,5045,64.48,325301.60000000003,162.65080000000003,325517.876619998
2024-01-23,BUY,MAFANG.NS,4402,73.9,325307.80000000005,162.65390000000002,47.422719997994136
2024-01-29,SELL,PSUBNKBEES.NS,5045,67.29,339478.05000000005,169.73902500000003,339355.733694998
2024-01-29,BUY,MON100.NS,2394,141.65,339110.10000000003,169.55505000000002,76.07864499796415
2024-02-05,SELL,ITBEES.NS,9458,39.35,372172.3,186.08615,372062.29249499796
2024-02-05,SELL,MON100.NS,2394,141.81,339493.14,169.74657000000002,711385.685924998
2024-02-05,BUY,PSUBNKBEES.NS,4866,73.06,355509.96,177.75498000000002,355697.970944998
2024-02-05,BUY,DIVOPPBEES.NS,4846,73.36,355502.56,177.75128,17.659664997947402
2024-02-12,SELL,INFRABEES.NS,468,818.41,383015.88,191.50794000000002,382842.03172499797
2024-02-12,SELL,DIVOPPBEES.NS,4846,72.21,349929.66,174.96482999999998,732596.726894998
2024-02-12,BUY,PHARMABEES.NS,19279,18.99,366108.20999999996,183.054105,366305.46278999804
2024-02-12,BUY,JUNIORBEES.NS,610,599.64,365780.39999999997,182.8902,342.172589998052
2024-02-19,SELL,PHARMABEES.NS,19279,19.39,373819.81,186.909905,373975.07268499804
2024-02-19,BUY,AUTOBEES.NS,1794,208.25,373600.5,186.80025,187.77243499807082
2024-02-26,SELL,JUNIORBEES.NS,610,630.13,384379.3,192.18965,384374.88278499804
2024-02-26,BUY,HNGSNGBEES.NS,1529,251.25,384161.25,192.080625,21.552159998042043
2024-03-04,SELL,CPSEETF.NS,4729,83.67,395675.43,197.837715,395499.14444499806
2024-03-04,SELL,HNGSNGBEES.NS,1529,249.5,381485.5,190.74275,776793.9016949981
2024-03-04,BUY,JUNIORBEES.NS,609,637.01,387939.08999999997,193.96954499999998,388660.8421499982
2024-03-04,BUY,INFRABEES.NS,448,865.38,387690.24,193.84512,776.7570299981744
2024-03-11,SELL,INFRABEES.NS,448,857.75,384272.0,192.136,384856.6210299982
2024-03-11,SELL,MAFANG.NS,4402,85.57,376679.13999999996,188.33956999999998,761347.4214599981
2024-03-11,BUY,GOLDBEES.NS,6793,56.01,380475.93,190.237965,380681.25349499815
2024-03-11,BUY,CPSEETF.NS,4599,82.73,380475.27,190.237635,15.745859998103697
2024-03-18,SELL,CPSEETF.NS,4599,76.54,352007.46,176.00373000000002,351847.2021299981
2024-03-18,SELL,PSUBNKBEES.NS,4866,75.3,366409.8,183.2049,718073.797229998
2024-03-18,SELL,AUTOBEES.NS,1794,207.61,372452.34,186.22617000000002,1090339.911059998
2024-03-18,SELL,JUNIORBEES.NS,609,621.81,378682.29,189.34114499999998,1468832.859914998
2024-03-18,BUY,SILVERBEES.NS,5051,72.66,367005.66,183.50283,1101643.697084998
2024-03-18,BUY,HNGSNGBEES.NS,1444,254.17,367021.48,183.51074,734438.706344998
2024-03-18,BUY,LTGILTBEES.NS,14455,25.39,367012.45,183.506225,367242.75011999795
2024-03-18,BUY,GILT5YBEES.NS,6664,55.07,366986.48,183.49324,72.77687999798218
2024-03-26,SELL,LTGILTBEES.NS,14455,25.4,367157.0,183.5785,367046.198379998
2024-03-26,SELL,GILT5YBEES.NS,6664,55.07,366986.48,183.49324,733849.185139998
2024-03-26,SELL,HNGSNGBEES.NS,1444,242.41,350040.04,175.02002,1083714.205119998
2024-03-26,BUY,MON100.NS,2411,149.71,360950.81,180.475405,722582.919714998
2024-03-26,BUY,AUTOBEES.NS,1686,214.05,360888.30000000005,180.44415000000004,361514.17556499795
2024-03-26,BUY,CONSUMBEES.NS,3293,109.64,361044.52,180.52226000000002,289.1333049979294
2024-04-01,SELL,CONSUMBEES.NS,3293,111.51,367202.43,183.601215,367307.96208999795
2024-04-01,SELL,SILVERBEES.NS,5051,74.03,373925.53,186.96276500000002,741046.5293249979
2024-04-01,SELL,MON100.NS,2411,150.1,361891.1,180.94555,1102756.683774998
2024-04-01,BUY,MAFANG.NS,4162,88.27,367379.74,183.68987,735193.253904998
2024-04-01,BUY,JUNIORBEES.NS,560,655.78,367236.8,183.6184,367772.835504998
2024-04-01,BUY,INFRABEES.NS,420,872.91,366622.2,183.3111,967.324404997984
2024-04-08,SELL,INFRABEES.NS,420,874.63,367344.6,183.67229999999998,368128.252104998
2024-04-08,SELL,GOLDBEES.NS,6793,60.21,409006.53,204.50326500000003,776930.278839998
2024-04-08,SELL,AUTOBEES.NS,1686,223.58,376955.88,188.47794000000002,1153697.680899998
2024-04-08,BUY,SILVERBEES.NS,4773,80.53,384369.69,192.184845,769135.806054998
2024-04-08,BUY,MID150BEES.NS,2022,190.04,384260.88,192.13044,384682.795614998
2024-04-08,BUY,PSUBNKBEES.NS,4782,80.37,384329.34,192.16467000000003,161.29094499791972
2024-04-15,SELL,PSUBNKBEES.NS,4782,78.32,374526.24,187.26312,374500.2678249979
2024-04-15,SELL,MID150BEES.NS,2022,187.6,379327.2,189.6636,753637.8042249979
2024-04-15,BUY,GOLDBEES.NS,6151,61.23,376625.73,188.312865,376823.7613599979
2024-04-15,BUY,CPSEETF.NS,4476,84.13,376565.88,188.28294,69.59841999789933
2024-04-29,SELL,GOLDBEES.NS,6151,61.3,377056.3,188.52815,376937.37026999786
2024-04-29,SELL,MAFANG.NS,4162,94.26,392310.12,196.15506,769051.3352099978
2024-04-29,SELL,SILVERBEES.NS,4773,79.43,379119.39,189.559695,1147981.165514998
2024-04-29,BUY,HNGSNGBEES.NS,1444,264.81,382385.64,191.19282,765404.3326949979
2024-04-29,BUY,PSUBNKBEES.NS,4571,83.67,382455.57,191.227785,382757.5349099979
2024-04-29,BUY,MID150BEES.NS,1984,192.73,382376.32,191.18816,190.0267499978654
2024-05-06,SELL,MID150BEES.NS,1984,193.18,383269.12,191.63456,383267.5121899979
2024-05-06,BUY,AUTOBEES.NS,1676,228.45,382882.19999999995,191.44109999999998,193.87108999793418
2024-05-13,SELL,CPSEETF.NS,4476,84.52,378311.51999999996,189.15576,378316.2353299979
2024-05-13,SELL,PSUBNKBEES.NS,4571,77.54,354435.34,177.21767000000003,732574.3576599979
2024-05-13,SELL,JUNIORBEES.NS,560,685.45,383852.0,191.92600000000002,1116234.431659998
2024-05-13,BUY,SILVERBEES.NS,4536,81.97,371815.92,185.90796,744232.603699998
2024-05-13,BUY,MON100.NS,2528,147.1,371868.8,185.9344,372177.869299998
2024-05-13,BUY,GOLDBEES.NS,6081,61.15,371853.14999999997,185.92657499999999,138.79272499802755
2024-05-21,SELL,GOLDBEES.NS,6081,62.63,380853.03,190.42651500000002,380801.39620999806
2024-05-21,SELL,MON100.NS,2528,150.69,380944.32,190.47216,761555.244049998
2024-05-21,BUY,JUNIORBEES.NS,523,726.45,379933.35000000003,189.966675,381431.927374998
2024-05-21,BUY,CPSEETF.NS,4106,92.67,380503.02,190.25151000000002,738.6558649979997
2024-06-03,SELL,AUTOBEES.NS,1676,243.34,407837.84,203.91892,408372.576944998
2024-06-03,SELL,JUNIORBEES.NS,523,750.2,392354.60000000003,196.17730000000003,800530.999644998
2024-06-03,SELL,HNGSNGBEES.NS,1444,309.64,447120.16,223.56008,1247427.599564998
2024-06-03,BUY,PSUBNKBEES.NS,4632,89.71,415536.72,207.76836,831683.111204998
2024-06-03,BUY,MOM100.NS,7300,56.93,415589.0,207.7945,415886.31670499797
2024-06-03,BUY,BANKBEES.NS,795,522.61,415474.95,207.73747500000002,203.6292299979832
2024-06-10,SELL,CPSEETF.NS,4106,90.42,371264.52,185.63226,371282.516969998
2024-06-10,SELL,PSUBNKBEES.NS,4632,81.64,378156.48,189.07824,749249.9187299979
2024-06-10,SELL,SILVERBEES.NS,4536,87.34,396174.24,198.08712,1145226.071609998
2024-06-10,SELL,BANKBEES.NS,795,508.81,404503.95,202.25197500000002,1549527.769634998
2024-06-10,SELL,MOM100.NS,7300,56.85,415005.0,207.5025,1964325.267134998
2024-06-10,BUY,AUTOBEES.NS,1545,254.15,392661.75,196.330875,1571467.186259998
2024-06-10,BUY,ITBEES.NS,10629,36.94,392635.25999999995,196.31762999999998,1178635.608629998
2024-06-10,BUY,CONSUMBEES.NS,3215,122.13,392647.95,196.32397500000002,785791.334654998
2024-06-10,BUY,MON100.NS,2543,154.37,392562.91000000003,196.28145500000002,393032.143199998
2024-06-10,BUY,NIFTYBEES.NS,1522,257.94,392584.68,196.29234,251.17085999803385
2024-06-18,SELL,ITBEES.NS,10629,37.13,394654.77,197.32738500000002,394708.61347499804
2024-06-18,SELL,CONSUMBEES.NS,3215,124.01,398692.15,199.346075,793201.417399998
2024-06-18,SELL,NIFTYBEES.NS,1522,261.56,398094.32,199.04716000000002,1191096.690239998
2024-06-18,BUY,MID150BEES.NS,1859,213.45,396803.55,198.401775,794094.7384649981
2024-06-18,BUY,MOM100.NS,6688,59.33,396799.04,198.39952,397097.2989449981
2024-06-18,BUY,JUNIORBEES.NS,516,768.89,396747.24,198.37362,151.6853249981068
2024-06-24,SELL,AUTOBEES.NS,1545,257.7,398146.5,199.07325,398099.1120749981
2024-06-24,SELL,JUNIORBEES.NS,516,761.94,393161.04000000004,196.58052000000004,791063.5715549982
2024-06-24,BUY,BANKBEES.NS,747,529.16,395282.51999999996,197.64126,395583.4102949982
2024-06-24,BUY,ITBEES.NS,10547,37.48,395301.55999999994,197.65077999999997,84.19951499823947
2024-07-01,SELL,MID150BEES.NS,1859,216.04,401618.36,200.80918,401501.75033499824
2024-07-01,BUY,NIFTYBEES.NS,1495,268.3,401108.5,200.55425,192.696084998257
2024-07-08,SELL,BANKBEES.NS,747,537.7,401661.9,200.83095000000003,401653.7651349983
2024-07-08,SELL,NIFTYBEES.NS,1495,270.04,403709.80000000005,201.85490000000001,805161.7102349984
2024-07-08,SELL,MON100.NS,2543,167.53,426028.79,213.014395,1230977.4858399983
2024-07-08,SELL,MOM100.NS,6688,60.92,407432.96,203.71648000000002,1638206.7293599984
2024-07-08,BUY,CPSEETF.NS,4110,99.58,409273.8,204.6369,1228728.2924599983
2024-07-08,BUY,NV20BEES.NS,2658,153.98,409278.83999999997,204.63942,819244.8130399983
2024-07-08,BUY,PHARMABEES.NS,19794,20.68,409339.92,204.66996,409700.2230799983
2024-07-08,BUY,MAFANG.NS,4112,99.53,409267.36,204.63368,228.22939999826485
2024-07-15,SELL,PHARMABEES.NS,19794,21.2,419632.8,209.8164,419651.21299999824
2024-07-15,BUY,DIVOPPBEES.NS,4965,84.47,419393.55,209.696775,47.9662249982357
2024-07-22,SELL,CPSEETF.NS,4110,99.59,409314.9,204.65745,409158.20877499826
2024-07-22,SELL,MAFANG.NS,4112,98.13,403510.56,201.75528,812467.0134949982
2024-07-22,BUY,GOLDBEES.NS,6540,62.08,406003.2,203.0016,406260.8118949982
2024-07-22,BUY,PHARMABEES.NS,19307,21.03,406026.21,203.01310500000002,31.58878999814624
2024-07-29,SELL,GOLDBEES.NS,6540,58.78,384421.2,192.2106,384260.57818999817
2024-07-29,BUY,AUTOBEES.NS,1429,268.65,383900.85,191.950425,167.77776499820175
2024-08-05,SELL,ITBEES.NS,10547,41.3,435591.1,217.79555,435541.0822149982
2024-08-05,SELL,NV20BEES.NS,2658,156.41,415737.77999999997,207.86889,851070.9933249982
2024-08-05,SELL,AUTOBEES.NS,1429,255.21,364695.09,182.34754500000003,1215583.7357799981
2024-08-05,BUY,CPSEETF.NS,4043,100.15,404906.45,202.453225,810474.8325549981
2024-08-05,BUY,MOM100.NS,6728,60.19,404958.32,202.47916,405314.0333949981
2024-08-05,BUY,CONSUMBEES.NS,3172,127.65,404905.80000000005,202.45290000000003,205.78049499809276
2024-08-12,SELL,DIVOPPBEES.NS,4965,84.5,419542.5,209.77125,419538.5092449981
2024-08-12,SELL,MOM100.NS,6728,61.32,412560.96,206.28048,831893.1887649981
2024-08-12,BUY,LTGILTBEES.NS,15741,26.41,415719.81,207.859905,415965.5188599981
2024-08-12,BUY,GILT5YBEES.NS,7244,57.39,415733.16000000003,207.86658000000003,24.492279998084996
2024-08-19,SELL,CPSEETF.NS,4043,102.83,415741.69,207.870845,415558.31143499806
2024-08-19,SELL,LTGILTBEES.NS,15741,26.48,416821.68,208.41084,832171.5805949981
2024-08-19,SELL,GILT5YBEES.NS,7244,57.5,416530.0,208.26500000000001,1248493.3155949982
2024-08-19,BUY,MON100.NS,2621,158.7,415952.69999999995,207.97634999999997,832332.6392449982
2024-08-19,BUY,ITBEES.NS,9438,44.07,415932.66,207.96633,416192.0129149982
2024-08-19,BUY,MOM100.NS,6699,62.09,415940.91000000003,207.97045500000002,43.132459998189006
2024-08-26,SELL,MOM100.NS,6699,63.13,422907.87,211.453935,422739.5485249982
2024-08-26,BUY,SILVERBEES.NS,5022,84.13,422500.86,211.25043,27.43809499818599
2024-09-02,SELL,CONSUMBEES.NS,3172,133.75,424255.0,212.1275,424070.3105949982
2024-09-02,SELL,SILVERBEES.NS,5022,80.89,406229.58,203.11479,830096.7758049981
2024-09-02,SELL,MON100.NS,2621,159.96,419255.16000000003,209.62758000000002,1249142.3082249982
2024-09-02,BUY,HNGSNGBEES.NS,1449,287.03,415906.47,207.95323499999998,833027.8849899982
2024-09-02,BUY,DIVOPPBEES.NS,4695,88.64,416164.8,208.0824,416655.0025899982
2024-09-02,BUY,NV20BEES.NS,2515,165.45,416106.75,208.05337500000002,340.199214998167
2024-09-09,SELL,NV20BEES.NS,2515,161.11,405191.65,202.59582500000002,405329.25338999816
2024-09-09,SELL,DIVOPPBEES.NS,4695,86.46,405929.69999999995,202.96484999999998,811055.9885399982
2024-09-09,BUY,CONSUMBEES.NS,3025,133.99,405319.75,202.659875,405533.5786649982
2024-09-09,BUY,GOLDBEES.NS,6737,60.16,405297.92,202.64896,33.00970499817049
2024-09-16,SELL,HNGSNGBEES.NS,1449,282.88,409893.12,204.94656,409721.18314499815
2024-09-16,BUY,SILVERBEES.NS,4748,86.24,409467.51999999996,204.73376,48.929384998220485
2024-09-23,SELL,PHARMABEES.NS,19307,23.55,454679.85000000003,227.33992500000002,454501.4394599983
2024-09-23,SELL,ITBEES.NS,9438,44.94,424143.72,212.07186,878433.0875999982
2024-09-23,BUY,BANKBEES.NS,788,556.57,438577.16000000003,219.28858000000002,439636.6390199982
2024-09-23,BUY,NIFTYBEES.NS,1517,289.34,438928.77999999997,219.46438999999998,488.394629998249
2024-09-30,SELL,BANKBEES.NS,788,544.78,429286.63999999996,214.64332,429560.39130999823
2024-09-30,SELL,GOLDBEES.NS,6737,63.55,428136.35,214.068175,857482.6731349982
2024-09-30,SELL,NIFTYBEES.NS,1517,288.38,437472.46,218.73623,1294736.3969049982
2024-09-30,BUY,HNGSNGBEES.NS,1174,367.12,430998.88,215.49944,863522.0174649982
2024-09-30,BUY,AUTOBEES.NS,1560,276.44,431246.4,215.62320000000003,432059.9942649982
2024-09-30,BUY,MON100.NS,2645,163.08,431346.60000000003,215.6733,497.72096499812324
2024-10-07,SELL,CONSUMBEES.NS,3025,135.3,409282.50000000006,204.64125000000004,409575.5797149982
2024-10-07,SELL,AUTOBEES.NS,1560,264.31,412323.6,206.1618,821693.0179149981
2024-10-07,BUY,NV20BEES.NS,2501,164.14,410514.13999999996,205.25706999999997,410973.62084499816
2024-10-07,BUY,GOLDBEES.NS,6435,63.81,410617.35000000003,205.30867500000002,150.96216999815078
2024-10-14,SELL,NV20BEES.NS,2501,162.89,407387.88999999996,203.69394499999999,407335.1582249981
2024-10-14,SELL,SILVERBEES.NS,4748,88.39,419675.72000000003,209.83786,826801.0403649982
2024-10-14,BUY,MAFANG.NS,4250,97.2,413100.0,206.55,413494.4903649982
2024-10-14,BUY,PHARMABEES.NS,17088,24.18,413187.83999999997,206.59392,100.05644499819027
2024-10-21,SELL,HNGSNGBEES.NS,1174,326.5,383311.0,191.65550000000002,383219.4009449982
2024-10-21,BUY,SILVERBEES.NS,4047,94.64,383008.08,191.50404,19.816904998151585
2024-10-28,SELL,PHARMABEES.NS,17088,23.33,398663.04,199.33151999999998,398483.5253849981
2024-10-28,BUY,GILT5YBEES.NS,6852,58.12,398238.24,199.11912,46.16626499814447
2024-11-04,SELL,GILT5YBEES.NS,6852,58.19,398717.88,199.35894000000002,398564.68732499814
2024-11-04,SELL,MAFANG.NS,4250,97.05,412462.5,206.23125000000002,810820.9560749981
2024-11-04,BUY,PSUBNKBEES.NS,5387,75.21,405156.26999999996,202.57813499999997,405462.10793999815
2024-11-04,BUY,BANKBEES.NS,770,526.07,405073.9,202.53695000000002,185.67098999815062
2024-11-11,SELL,BANKBEES.NS,770,532.0,409640.0,204.82,409620.85098999814
2024-11-11,SELL,GOLDBEES.NS,6435,64.49,414993.14999999997,207.49657499999998,824406.5044149981
2024-11-11,SELL,SILVERBEES.NS,4047,88.48,358078.56,179.03928,1182306.0251349981
2024-11-11,BUY,HNGSNGBEES.NS,1096,359.38,393880.48,196.94024,788228.6048949981
2024-11-11,BUY,MAFANG.NS,3506,112.34,393864.04000000004,196.93202000000002,394167.6328749981
2024-11-11,BUY,ITBEES.NS,8591,45.85,393897.35000000003,196.948675,73.3341999980621
2024-11-18,SELL,PSUBNKBEES.NS,5387,72.69,391581.02999999997,195.790515,391458.57368499803
2024-11-18,SELL,HNGSNGBEES.NS,1096,329.95,361625.2,180.8126,752902.961084998
2024-11-18,BUY,GILT5YBEES.NS,6451,58.32,376222.32,188.11116,376492.529924998
2024-11-18,BUY,LTGILTBEES.NS,14003,26.87,376260.61,188.130305,43.78961999801686
2024-11-25,SELL,LTGILTBEES.NS,14003,26.9,376680.69999999995,188.34034999999997,376536.14926999796
2024-11-25,SELL,GILT5YBEES.NS,6451,58.36,376480.36,188.24018,752828.269089998
2024-11-25,BUY,GOLDBEES.NS,5843,64.38,376172.33999999997,188.08616999999998,376467.842919998
2024-11-25,BUY,NV20BEES.NS,2367,158.93,376187.31,188.093655,92.43926499801455
2024-12-02,SELL,NV20BEES.NS,2367,158.59,375382.53,187.69126500000002,375287.27799999807
2024-12-02,SELL,GOLDBEES.NS,5843,63.76,372549.68,186.27484,747650.683159998
2024-12-02,BUY,JUNIORBEES.NS,491,759.95,373135.45,186.567725,374328.66543499805
2024-12-02,BUY,MOM100.NS,6124,61.01,373625.24,186.81262,516.6128149980796
2024-12-09,SELL,ITBEES.NS,8591,48.09,413141.19,206.570595,413451.2322199981
2024-12-09,SELL,MON100.NS,2645,183.21,484590.45,242.29522500000002,897799.3869949981
2024-12-09,BUY,PSUBNKBEES.NS,5662,79.24,448656.87999999995,224.32843999999997,448918.1785549981
2024-12-09,BUY,MID150BEES.NS,2004,223.78,448455.12,224.22756,238.83099499810487
2024-12-16,SELL,PSUBNKBEES.NS,5662,78.37,443730.94,221.86547000000002,443747.9055249981
2024-12-16,SELL,JUNIORBEES.NS,491,781.28,383608.48,191.80424,827164.581284998
2024-12-16,SELL,MID150BEES.NS,2004,224.42,449737.68,224.86884,1276677.392444998
2024-12-16,BUY,MON100.NS,2050,207.47,425313.5,212.65675000000002,851151.235694998
2024-12-16,BUY,ITBEES.NS,8659,49.12,425330.07999999996,212.66503999999998,425608.490654998
2024-12-16,BUY,HNGSNGBEES.NS,1221,348.22,425176.62000000005,212.58831000000004,219.2823449979187
2024-12-23,SELL,ITBEES.NS,8659,47.01,407059.58999999997,203.52979499999998,407075.3425499979
2024-12-23,SELL,MOM100.NS,6124,61.18,374666.32,187.33316000000002,781554.329389998
2024-12-23,BUY,PHARMABEES.NS,17003,22.97,390558.91,195.27945499999998,390800.139934998
2024-12-23,BUY,LIQUIDBEES.NS,390,1000.0,390000.0,195.0,605.1399349980056
2024-12-30,SELL,LIQUIDBEES.NS,390,999.99,389996.1,194.99805,390406.241884998
2024-12-30,BUY,GILT5YBEES.NS,6639,58.77,390174.03,195.087015,37.12486999796238
2025-01-06,SELL,GILT5YBEES.NS,6639,58.85,390705.15,195.352575,390546.92229499796
2025-01-06,SELL,HNGSNGBEES.NS,1221,333.5,407203.5,203.60175,797546.8205449979
2025-01-06,BUY,AUTOBEES.NS,1665,239.33,398484.45,199.24222500000002,398863.1283199979
2025-01-06,BUY,CONSUMBEES.NS,3156,126.29,398571.24,199.28562,92.60269999795128
2025-01-13,SELL,MAFANG.NS,3506,131.06,459496.36,229.74818,459359.21451999794
2025-01-13,SELL,PHARMABEES.NS,17003,22.3,379166.9,189.58345000000003,838336.5310699979
2025-01-13,SELL,CONSUMBEES.NS,3156,121.02,381939.12,190.96956,1220084.681509998
2025-01-13,SELL,AUTOBEES.NS,1665,229.07,381401.55,190.700775,1601295.530734998
2025-01-13,SELL,MON100.NS,2050,189.55,388577.5,194.28875,1989678.7419849979
2025-01-13,BUY,GOLDBEES.NS,6003,66.25,397698.75,198.849375,1591781.142609998
2025-01-13,BUY,SILVERBEES.NS,4556,87.29,397693.24000000005,198.84662000000003,1193889.055989998
2025-01-13,BUY,ITBEES.NS,8392,47.39,397696.88,198.84844,795993.327549998
2025-01-13,BUY,GILT5YBEES.NS,6773,58.72,397710.56,198.85528,398083.91226999793
2025-01-13,BUY,LTGILTBEES.NS,14682,27.09,397735.38,198.86769,149.6645799979451
2025-01-20,SELL,ITBEES.NS,8392,45.64,383010.88,191.50544,382969.03913999797
2025-01-20,SELL,LTGILTBEES.NS,14682,27.32,401112.24,200.55612,783880.7230199979
2025-01-20,BUY,CPSEETF.NS,4506,86.93,391706.58,195.85329000000002,391978.2897299979
2025-01-20,BUY,MAFANG.NS,2922,134.05,391694.10000000003,195.84705000000002,88.34267999790609
2025-01-27,SELL,CPSEETF.NS,4506,81.74,368320.44,184.16022,368224.6224599979
2025-01-27,SELL,GILT5YBEES.NS,6773,59.29,401571.17,200.785585,769595.0068749979
2025-01-27,BUY,MON100.NS,1833,209.79,384545.07,192.272535,384857.66433999786
2025-01-27,BUY,HNGSNGBEES.NS,1086,353.92,384357.12,192.17856,308.36577999789733
2025-02-03,SELL,MON100.NS,1833,203.39,372813.87,186.406935,372935.8288449979
2025-02-03,SELL,MAFANG.NS,2922,134.32,392483.04,196.24151999999998,765222.6273249979
2025-02-03,BUY,CONSUMBEES.NS,3021,126.56,382337.76,191.16888,382693.6984449979
2025-02-03,BUY,AUTOBEES.NS,1605,238.17,382262.85,191.13142499999998,239.71701999788638
2025-02-10,SELL,CONSUMBEES.NS,3021,122.12,368924.52,184.46226000000001,368979.7747599979
2025-02-10,BUY,MAFANG.NS,2578,143.02,368705.56,184.35278,89.86197999789147
2025-02-17,SELL,AUTOBEES.NS,1605,223.78,359166.9,179.58345000000003,359077.17852999794
2025-02-17,BUY,LTGILTBEES.NS,13022,27.56,358886.32,179.44316,11.415369997906964
2025-03-03,SELL,SILVERBEES.NS,4556,91.41,416463.95999999996,208.23198,416267.1433899979
2025-03-03,SELL,MAFANG.NS,2578,130.61,336712.58,168.35629,752811.3670999978
2025-03-03,BUY,GILT5YBEES.NS,6309,59.63,376205.67000000004,188.10283500000003,376417.59426499775
2025-03-03,BUY,LIQUIDBEES.NS,376,999.99,375996.24,187.99812,233.35614499775693
2025-03-10,SELL,LTGILTBEES.NS,13022,27.65,360058.3,180.02915,360111.6269949977
2025-03-10,SELL,GOLDBEES.NS,6003,72.17,433236.51,216.618255,793131.5187399978
2025-03-10,SELL,LIQUIDBEES.NS,376,1000.0,376000.0,188.0,1168943.5187399979
2025-03-10,BUY,CPSEETF.NS,4852,80.25,389373.0,194.6865,779375.8322399978
2025-03-10,BUY,SILVERBEES.NS,4138,94.1,389385.8,194.6929,389795.3393399978
2025-03-10,BUY,INFRABEES.NS,474,821.14,389220.36,194.61017999999999,380.3691599977901
2025-03-17,SELL,INFRABEES.NS,474,821.79,389528.45999999996,194.76423,389714.0649299978
2025-03-17,SELL,HNGSNGBEES.NS,1086,435.56,473018.16,236.50907999999998,862495.7158499977
2025-03-17,BUY,GOLDBEES.NS,5861,73.53,430959.33,215.479665,431320.9061849977
2025-03-17,BUY,LTGILTBEES.NS,15543,27.73,431007.39,215.50369500000002,98.0124899976654
2025-03-24,SELL,GILT5YBEES.NS,6309,60.04,378792.36,189.39618,378700.97630999767
2025-03-24,SELL,LTGILTBEES.NS,15543,27.84,432717.12,216.35856,811201.7377499976
2025-03-24,SELL,GOLDBEES.NS,5861,73.0,427853.0,213.9265,1238840.8112499977
2025-03-24,SELL,SILVERBEES.NS,4138,94.18,389716.84,194.85842000000002,1628362.7928299978
2025-03-24,BUY,PHARMABEES.NS,18344,22.18,406869.92,203.43496,1221289.437869998
2025-03-24,BUY,INFRABEES.NS,463,877.42,406245.45999999996,203.12273,814840.855139998
2025-03-24,BUY,MOM100.NS,7213,56.41,406885.32999999996,203.44266499999998,407752.0824749981
2025-03-24,BUY,JUNIORBEES.NS,597,680.56,406294.31999999995,203.14715999999999,1254.61531499814
2025-04-01,SELL,PHARMABEES.NS,18344,21.2,388892.8,194.4464,389952.9689149981
2025-04-01,SELL,JUNIORBEES.NS,597,667.85,398706.45,199.353225,788460.0656899981
2025-04-01,BUY,PSUBNKBEES.NS,5678,69.39,393996.42,196.99821,394266.6474799981
2025-04-01,BUY,BANKBEES.NS,755,521.86,394004.3,197.00215,65.34532999811927
2025-04-07,SELL,CPSEETF.NS,4852,82.0,397864.0,198.93200000000002,397730.41332999815
2025-04-07,SELL,MOM100.NS,7213,52.51,378754.63,189.377315,776295.6660149982
2025-04-07,SELL,INFRABEES.NS,463,821.05,380146.14999999997,190.073075,1156251.7429399982
2025-04-07,BUY,GOLDBEES.NS,5217,73.83,385171.11,192.585555,770888.0473849982
2025-04-07,BUY,GILT5YBEES.NS,6314,61.01,385217.14,192.60857000000001,385478.2988149982
2025-04-07,BUY,LTGILTBEES.NS,13626,28.27,385207.02,192.60351,78.67530499817804
2025-04-15,SELL,BANKBEES.NS,755,536.28,404891.39999999997,202.4457,404767.62960499816
2025-04-15,SELL,PSUBNKBEES.NS,5678,69.56,394961.68,197.48084,799531.8287649981
2025-04-15,BUY,CONSUMBEES.NS,3271,122.14,399519.94,199.75997,399812.1287949981
2025-04-15,BUY,CPSEETF.NS,4572,87.39,399547.08,199.77354000000003,65.27525499806507
2025-04-21,SELL,CPSEETF.NS,4572,90.4,413308.80000000005,206.65440000000004,413167.4208549981
2025-04-21,SELL,LTGILTBEES.NS,13626,28.58,389431.07999999996,194.71553999999998,802403.7853149981
2025-04-21,SELL,GILT5YBEES.NS,6314,61.55,388626.69999999995,194.31334999999999,1190836.1719649981
2025-04-21,BUY,BANKBEES.NS,700,566.23,396361.0,198.1805,794276.9914649981
2025-04-21,BUY,PSUBNKBEES.NS,5348,74.18,396714.64,198.35732000000002,397363.9941449981
2025-04-21,BUY,INFRABEES.NS,440,901.61,396708.4,198.35420000000002,457.2399449980585
2025-04-28,SELL,INFRABEES.NS,440,901.96,396862.4,198.43120000000002,397121.2087449981
2025-04-28,SELL,CONSUMBEES.NS,3271,124.99,408842.29,204.421145,805759.0775999981
2025-04-28,BUY,AUTOBEES.NS,1769,227.62,402659.78,201.32989,402897.9677099981
2025-04-28,BUY,MOM100.NS,6907,58.3,402678.1,201.33905,18.528659998090006
2025-05-05,SELL,GOLDBEES.NS,5217,79.58,415168.86,207.58443,414979.8042299981
2025-05-05,SELL,PSUBNKBEES.NS,5348,72.86,389655.27999999997,194.82764,804440.256589998
2025-05-05,SELL,MOM100.NS,6907,58.54,404335.77999999997,202.16789,1208573.8686999981
2025-05-05,BUY,MAFANG.NS,3239,124.29,402575.31,201.287655,805797.2710449982
2025-05-05,BUY,ITBEES.NS,10345,38.92,402627.4,201.3137,402968.5573449982
2025-05-05,BUY,INFRABEES.NS,439,916.29,402251.31,201.125655,516.1216899981955
2025-05-12,SELL,INFRABEES.NS,439,926.73,406834.47000000003,203.41723500000003,407147.1744549982
2025-05-12,SELL,BANKBEES.NS,700,567.97,397579.0,198.7895,804527.3849549983
2025-05-12,BUY,GOLDBEES.NS,5155,77.98,401986.9,200.99345000000002,402339.49150499824
2025-05-12,BUY,SILVERBEES.NS,4397,91.44,402061.68,201.03084,76.78066499822307
2025-05-19,SELL,GOLDBEES.NS,5155,78.32,403739.6,201.8698,403614.5108649982
2025-05-19,SELL,SILVERBEES.NS,4397,92.81,408085.57,204.042785,811496.0380799982
2025-05-19,BUY,MON100.NS,2271,178.54,405464.33999999997,202.73217,405828.9659099983
2025-05-19,BUY,MOM100.NS,6634,61.13,405536.42000000004,202.76821000000004,89.77769999823067
2025-05-26,SELL,ITBEES.NS,10345,40.8,422075.99999999994,211.03799999999998,421954.7396999982
2025-05-26,SELL,AUTOBEES.NS,1769,242.76,429442.44,214.72122000000002,851182.4584799982
2025-05-26,SELL,MON100.NS,2271,177.73,403624.82999999996,201.812415,1254605.4760649982
2025-05-26,BUY,CPSEETF.NS,4506,92.76,417976.56,208.98828,836419.9277849982
2025-05-26,BUY,MID150BEES.NS,1934,216.07,417879.38,208.93969,418331.60809499817
2025-05-26,BUY,JUNIORBEES.NS,579,720.84,417366.36000000004,208.68318000000002,756.5649149981327
2025-06-02,SELL,CPSEETF.NS,4506,91.8,413650.8,206.8254,414200.53951499815
2025-06-02,SELL,JUNIORBEES.NS,579,717.54,415455.66,207.72782999999998,829448.4716849981
2025-06-02,BUY,PSUBNKBEES.NS,5211,79.54,414482.94000000006,207.24147000000002,414758.29021499807
2025-06-02,BUY,MON100.NS,2322,178.51,414500.22,207.25010999999998,50.82010499807075
2025-06-09,SELL,MON100.NS,2322,180.51,419144.22,209.57210999999998,418985.46799499803
2025-06-09,SELL,MAFANG.NS,3239,135.68,439467.52,219.73376000000002,858233.254234998
2025-06-09,BUY,SILVERBEES.NS,4164,102.99,428850.36,214.42518,429168.469054998
2025-06-09,BUY,BANKBEES.NS,733,584.42,428379.86,214.18993,574.4191249980358
2025-06-16,SELL,BANKBEES.NS,733,573.98,420727.34,210.36367,421091.39545499807
2025-06-16,SELL,PSUBNKBEES.NS,5211,77.66,404686.26,202.34313,825575.3123249981
2025-06-16,SELL,MOM100.NS,6634,63.13,418804.42000000004,209.40221000000003,1244170.3301149982
2025-06-16,BUY,GOLDBEES.NS,4988,83.09,414452.92000000004,207.22646000000003,829510.1836549982
2025-06-16,BUY,ITBEES.NS,9744,42.54,414509.76,207.25488,414793.16877499816
2025-06-16,BUY,PHARMABEES.NS,18455,22.46,414499.3,207.24965,86.6191249981639
2025-06-23,SELL,PHARMABEES.NS,18455,22.03,406563.65,203.28182500000003,406446.9872999982
2025-06-23,SELL,MID150BEES.NS,1934,219.5,424513.0,212.25650000000002,830747.7307999982
2025-06-23,BUY,INFRABEES.NS,443,936.62,414922.66,207.46133,415617.60946999816
2025-06-23,BUY,CONSUMBEES.NS,3234,128.36,415116.24000000005,207.55812000000003,293.81134999811184
2025-06-30,SELL,ITBEES.NS,9744,42.41,413243.04,206.62152,413330.2298299981
2025-06-30,SELL,GOLDBEES.NS,4988,79.99,398990.12,199.49506,812120.8547699981
2025-06-30,SELL,SILVERBEES.NS,4164,102.47,426685.08,213.34254,1238592.5922299982
2025-06-30,BUY,MON100.NS,2138,192.97,412569.86,206.28493,825816.4472999983
2025-06-30,BUY,NIFTYBEES.NS,1440,286.51,412574.39999999997,206.28719999999998,413035.76009999827
2025-06-30,BUY,NIF100BEES.NS,1500,275.07,412605.0,206.3025,224.45759999827715
2025-07-07,SELL,CONSUMBEES.NS,3234,131.26,424494.83999999997,212.24741999999998,424507.0501799982
2025-07-07,SELL,NIFTYBEES.NS,1440,286.07,411940.8,205.9704,836241.8797799982
2025-07-07,SELL,NIF100BEES.NS,1500,274.27,411405.0,205.70250000000001,1247441.177279998
2025-07-07,BUY,MAFANG.NS,2729,152.28,415572.12,207.78606,831661.2712199981
2025-07-07,BUY,PHARMABEES.NS,18204,22.83,415597.31999999995,207.79865999999998,415856.1525599982
2025-07-07,BUY,PSUBNKBEES.NS,5227,79.5,415546.5,207.77325,101.87930999818491
2025-07-14,SELL,INFRABEES.NS,443,954.61,422892.23,211.446115,422782.66319499817
2025-07-14,SELL,PSUBNKBEES.NS,5227,78.88,412305.75999999995,206.15287999999998,834882.2703149981
2025-07-14,BUY,SILVERBEES.NS,3792,110.02,417195.83999999997,208.59792,417477.8323949982
2025-07-14,BUY,GILT5YBEES.NS,6658,62.66,417190.27999999997,208.59514,78.95725499821128
2025-07-21,SELL,GILT5YBEES.NS,6658,62.75,417789.5,208.89475000000002,417659.56250499823
2025-07-21,BUY,HNGSNGBEES.NS,1011,412.53,417067.82999999996,208.53391499999998,383.1985899982974
2025-08-04,SELL,PHARMABEES.NS,18204,22.74,413958.95999999996,206.97948,414135.1791099983
2025-08-04,SELL,SILVERBEES.NS,3792,108.09,409877.28,204.93864000000002,823807.5204699982
2025-08-04,BUY,GOLDBEES.NS,4946,83.23,411655.58,205.82779000000002,411946.1126799982
2025-08-04,BUY,GILT5YBEES.NS,6552,62.83,411662.16,205.83108,78.1215999982669
2025-08-11,SELL,GILT5YBEES.NS,6552,62.62,410286.24,205.14312,410159.21847999824
2025-08-11,BUY,SILVERBEES.NS,3743,109.52,409933.36,204.96668,20.89179999823682
2025-08-18,SELL,GOLDBEES.NS,4946,82.75,409281.5,204.64075,409097.7510499982
2025-08-18,BUY,AUTOBEES.NS,1587,257.56,408747.72000000003,204.37386,145.65718999819364
2025-08-25,SELL,SILVERBEES.NS,3743,112.05,419403.14999999997,209.701575,419339.10561499815
2025-08-25,SELL,MON100.NS,2138,203.4,434869.2,217.43460000000002,853990.8710149982
2025-08-25,SELL,MAFANG.NS,2729,153.73,419529.17,209.76458499999998,1273310.2764299982
2025-08-25,BUY,CONSUMBEES.NS,3121,135.9,424143.9,212.07195000000002,848954.3044799982
2025-08-25,BUY,ITBEES.NS,10728,39.54,424185.12,212.09256,424557.0919199982
2025-08-25,BUY,MID150BEES.NS,1918,221.08,424031.44,212.01572000000002,313.63619999814546
2025-09-01,SELL,ITBEES.NS,10728,38.96,417962.88,208.98144000000002,418067.53475999815
2025-09-01,SELL,MID150BEES.NS,1918,217.98,418085.63999999996,209.04281999999998,835944.1319399981
2025-09-01,BUY,SILVERBEES.NS,3522,118.59,417673.98000000004,208.83699000000001,418061.3149499981
2025-09-01,BUY,GOLDBEES.NS,4823,86.61,417720.02999999997,208.86001499999998,132.42493499815464
2025-09-15,SELL,CONSUMBEES.NS,3121,137.35,428669.35,214.334675,428587.44025999814
2025-09-15,BUY,MAFANG.NS,2575,166.34,428325.5,214.16275000000002,47.777509998122696
2025-09-22,SELL,GOLDBEES.NS,4823,93.14,449214.22000000003,224.60711,449037.39039999817
2025-09-22,SELL,MAFANG.NS,2575,169.89,437466.74999999994,218.73337499999997,886285.4070249981
2025-09-22,BUY,PSUBNKBEES.NS,5387,82.22,442919.14,221.45957,443144.8074549981
2025-09-22,BUY,MON100.NS,2063,214.61,442740.43000000005,221.37021500000003,183.00723999802722
2025-09-29,SELL,PSUBNKBEES.NS,5387,82.53,444589.11,222.294555,444549.82268499804
2025-09-29,SELL,AUTOBEES.NS,1587,271.24,430457.88,215.22894,874792.473744998
2025-09-29,BUY,GOLDBEES.NS,4558,95.9,437112.2,218.55610000000001,437461.717644998
2025-09-29,BUY,MAFANG.NS,2598,168.27,437165.46,218.58273000000003,77.67491499794414
2025-10-06,SELL,MAFANG.NS,2598,169.23,439659.54,219.82977,439517.3851449979
2025-10-06,BUY,PSUBNKBEES.NS,5168,84.99,439228.31999999995,219.61415999999997,69.45098499796586
2025-10-13,SELL,HNGSNGBEES.NS,1011,529.37,535193.07,267.59653499999996,534994.924449998
2025-10-13,BUY,BANKBEES.NS,914,584.58,534306.12,267.15306,421.65138999791816
2025-10-20,SELL,PSUBNKBEES.NS,5168,87.49,452148.31999999995,226.07415999999998,452343.89722999785
2025-10-20,BUY,CONSUMBEES.NS,3225,140.17,452048.24999999994,226.02412499999997,69.62310499791056
2025-10-27,SELL,CONSUMBEES.NS,3225,139.98,451435.49999999994,225.71774999999997,451279.40535499784
2025-10-27,SELL,GOLDBEES.NS,4558,100.14,456438.12,228.21906,907489.3062949979
2025-10-27,SELL,SILVERBEES.NS,3522,138.85,489029.69999999995,244.51485,1396274.491444998
2025-10-27,BUY,ITBEES.NS,11738,39.63,465176.94,232.58847,930864.9629749979
2025-10-27,BUY,PSUBNKBEES.NS,5213,89.23,465155.99000000005,232.57799500000002,465476.3949799979
2025-10-27,BUY,NV20BEES.NS,3038,153.1,465117.8,232.5589,126.03607999789529
2025-11-03,SELL,ITBEES.NS,11738,39.11,459073.18,229.53659,458969.6794899979
2025-11-03,SELL,NV20BEES.NS,3038,151.15,459193.7,229.59685000000002,917933.782639998
2025-11-03,SELL,BANKBEES.NS,914,600.1,548491.4,274.2457,1466150.936939998
2025-11-03,BUY,MAFANG.NS,2771,176.23,488333.32999999996,244.166665,977573.4402749981
2025-11-03,BUY,INFRABEES.NS,493,988.97,487562.21,243.78110500000003,489767.44916999806
2025-11-03,BUY,DIVOPPBEES.NS,6055,80.67,488456.85000000003,244.22842500000002,1066.370744998043
2025-11-10,SELL,INFRABEES.NS,493,972.36,479373.48,239.68674,480200.16400499805
2025-11-10,SELL,MON100.NS,2063,239.87,494851.81,247.425905,974804.548099998
2025-11-10,BUY,MOM100.NS,7527,64.72,487147.44,243.57372,487413.53437999805
2025-11-10,BUY,BANKBEES.NS,814,598.17,486910.37999999995,243.45519,259.69918999809306
2025-11-17,SELL,BANKBEES.NS,814,607.83,494773.62000000005,247.38681000000003,494785.93237999815
2025-11-17,SELL,DIVOPPBEES.NS,6055,81.41,492937.55,246.468775,987477.0136049981
2025-11-17,SELL,MOM100.NS,7527,65.82,495427.13999999996,247.71356999999998,1482656.440034998
2025-11-17,SELL,MAFANG.NS,2771,171.13,474201.23,237.100615,1956620.5694199982
2025-11-17,BUY,SILVERBEES.NS,3283,148.92,488904.36,244.45218,1467471.7572399983
2025-11-17,BUY,HNGSNGBEES.NS,929,525.9,488561.1,244.28055,978666.3766899983
2025-11-17,BUY,PHARMABEES.NS,20893,23.4,488896.19999999995,244.44809999999998,489525.7285899984
2025-11-17,BUY,GOLDBEES.NS,4796,101.94,488904.24,244.45212,377.0364699984202
2025-11-24,SELL,PHARMABEES.NS,20893,23.03,481165.79000000004,240.58289500000004,481302.24357499846
2025-11-24,SELL,PSUBNKBEES.NS,5213,93.08,485226.04,242.61302,966285.6705549984
2025-11-24,SELL,SILVERBEES.NS,3283,147.08,482863.64,241.43182000000002,1448907.8787349984
2025-11-24,SELL,HNGSNGBEES.NS,929,498.57,463171.52999999997,231.58576499999998,1911847.8229699982
2025-11-24,BUY,ITBEES.NS,11746,40.67,477709.82,238.85491000000002,1433899.1480599982
2025-11-24,BUY,AUTOBEES.NS,1699,281.1,477588.9,238.79445,956071.4536099981
2025-11-24,BUY,INFRABEES.NS,482,989.55,476963.1,238.48155,478869.8720599981
2025-11-24,BUY,NV20BEES.NS,3127,152.77,477711.79000000004,238.85589500000003,919.2261649980792
2025-12-01,SELL,INFRABEES.NS,482,995.78,479965.95999999996,239.98298,480645.20318499807
2025-12-01,SELL,NV20BEES.NS,3127,153.78,480870.06,240.43503,961274.8281549981
2025-12-01,BUY,SILVERBEES.NS,2890,166.21,480346.9,240.17345,480687.7547049981
2025-12-01,BUY,BANKBEES.NS,778,616.86,479917.08,239.95854,530.7161649980699
2025-12-08,SELL,BANKBEES.NS,778,611.47,475723.66000000003,237.86183000000003,476016.5143349981
2025-12-08,SELL,AUTOBEES.NS,1699,283.42,481530.58,240.76529000000002,957306.3290449982
2025-12-08,BUY,MAFANG.NS,2717,176.06,478355.02,239.17751,478712.13153499813
2025-12-08,BUY,NV20BEES.NS,3098,154.38,478269.24,239.13462,203.75691499811364
2025-12-15,SELL,NV20BEES.NS,3098,154.98,480128.04,240.06402,480091.7328949981
2025-12-15,BUY,AUTOBEES.NS,1693,283.33,479677.68999999994,239.83884499999996,174.20404999813763
2025-12-22,SELL,AUTOBEES.NS,1693,285.55,483436.15,241.71807500000003,483368.6359749982
2025-12-22,SELL,MAFANG.NS,2717,166.86,453358.62000000005,226.67931000000004,936500.5766649982
2025-12-22,BUY,DIVOPPBEES.NS,5622,83.24,467975.27999999997,233.98764,468291.3090249982
2025-12-22,BUY,NV20BEES.NS,3000,155.96,467880.0,233.94,177.36902499821736
2025-12-29,SELL,ITBEES.NS,11746,41.98,493097.07999999996,246.54853999999997,493027.9004849982
2025-12-29,SELL,NV20BEES.NS,3000,154.45,463349.99999999994,231.67499999999998,956146.2254849982
2025-12-29,BUY,CPSEETF.NS,5293,90.27,477799.11,238.899555,478108.2159299982
2025-12-29,BUY,JUNIORBEES.NS,646,738.58,477122.68000000005,238.56134000000003,746.9745899981353
2026-01-05,SELL,DIVOPPBEES.NS,5622,83.54,469661.88000000006,234.83094000000003,470174.0236499982
2026-01-05,SELL,GOLDBEES.NS,4796,112.92,541564.3200000001,270.78216000000003,1011467.5614899984
2026-01-05,BUY,PSUBNKBEES.NS,5196,97.28,505466.88,252.73344,505747.9480499984
2026-01-05,BUY,AUTOBEES.NS,1702,296.93,505374.86,252.68743,120.40061999839963
2026-01-12,SELL,AUTOBEES.NS,1702,287.45,489239.89999999997,244.61995,489115.68066999834
2026-01-12,SELL,JUNIORBEES.NS,646,738.67,477180.81999999995,238.59041,966057.9102599983
2026-01-12,BUY,GOLDBEES.NS,4134,116.76,482685.84,241.34292000000002,483130.72733999824
2026-01-12,BUY,MON100.NS,2048,235.64,482590.72,241.29536,298.71197999827564
2026-01-19,SELL,CPSEETF.NS,5293,93.24,493519.31999999995,246.75965999999997,493571.27231999824
2026-01-19,SELL,MON100.NS,2048,233.17,477532.16,238.76608,970864.6662399983
2026-01-19,BUY,HNGSNGBEES.NS,887,546.61,484843.07,242.421535,485779.1747049983
2026-01-19,BUY,ITBEES.NS,11320,42.86,485175.2,242.5876,361.3871049982845
2026-01-27,SELL,ITBEES.NS,11320,42.51,481213.19999999995,240.6066,481333.98050499824
2026-01-27,BUY,MON100.NS,2033,236.53,480865.49,240.432745,228.05775999824982
2026-02-02,SELL,PSUBNKBEES.NS,5196,95.56,496529.76,248.26488,496509.5528799983
2026-02-02,SELL,MON100.NS,2033,225.44,458319.52,229.15976,954599.9131199983
2026-02-02,SELL,SILVERBEES.NS,2890,219.94,635626.6,317.81329999999997,1589908.6998199983
2026-02-02,BUY,MAFANG.NS,3187,166.17,529583.7899999999,264.79189499999995,1060060.1179249985
2026-02-02,BUY,CPSEETF.NS,5524,95.89,529696.36,264.84818,530098.9097449986
2026-02-02,BUY,ITBEES.NS,12630,41.94,529702.2,264.8511,131.85864499863237
2026-02-09,SELL,ITBEES.NS,12630,39.29,496232.7,248.11635,496116.4422949986
2026-02-09,SELL,GOLDBEES.NS,4134,127.98,529069.3200000001,264.53466000000003,1024921.2276349987
2026-02-09,SELL,MAFANG.NS,3187,153.26,488439.62,244.21981,1513116.6278249987
2026-02-09,SELL,HNGSNGBEES.NS,887,545.13,483530.31,241.765155,1996405.1726699988
2026-02-09,BUY,INFRABEES.NS,503,990.06,498000.18,249.00009,1498155.992579999
2026-02-09,BUY,MID150BEES.NS,2169,229.97,498804.93,249.402465,999101.6601149989
2026-02-09,BUY,JUNIORBEES.NS,666,748.66,498607.56,249.30378000000002,500244.7963349989
2026-02-09,BUY,MOM100.NS,7685,64.91,498833.35,249.416675,1162.0296599989524
2026-02-16,SELL,JUNIORBEES.NS,666,747.26,497675.16,248.83758,498588.35207999893
2026-02-16,SELL,MOM100.NS,7685,64.34,494452.9,247.22645000000003,992794.0256299989
2026-02-16,BUY,AUTOBEES.NS,1720,288.31,495893.2,247.94660000000002,496652.87902999885
2026-02-16,BUY,PSUBNKBEES.NS,4802,103.31,496094.62,248.04731,310.211719998857
2026-02-23,SELL,AUTOBEES.NS,1720,288.59,496374.79999999993,248.18739999999997,496436.8243199988
2026-02-23,SELL,MID150BEES.NS,2169,225.79,489738.51,244.869255,985930.4650649987
2026-02-23,BUY,BANKBEES.NS,780,631.6,492648.0,246.324,493036.1410649987
2026-02-23,BUY,PHARMABEES.NS,21302,23.13,492715.25999999995,246.35762999999997,74.5234349987586
2026-03-02,SELL,INFRABEES.NS,503,963.24,484509.72000000003,242.25486,484341.9885749988
2026-03-02,SELL,BANKBEES.NS,780,617.72,481821.60000000003,240.91080000000002,965922.6777749988
2026-03-02,BUY,SILVERBEES.NS,1757,274.65,482560.05,241.280025,483121.34774999885
2026-03-02,BUY,GOLDBEES.NS,3489,138.32,482598.48,241.29924,281.56850999884773
2026-03-09,SELL,PSUBNKBEES.NS,4802,98.35,472276.69999999995,236.13834999999997,472322.1301599988
2026-03-09,BUY,MAFANG.NS,2926,161.32,472022.32,236.01116000000002,63.79899999877671
2026-03-16,SELL,PHARMABEES.NS,21302,23.16,493354.32,246.67716000000001,493171.44183999876
2026-03-16,SELL,SILVERBEES.NS,1757,233.48,410224.36,205.11218,903190.6896599988
2026-03-16,BUY,LTGILTBEES.NS,15357,29.39,451342.23,225.671115,451622.7885449988
2026-03-16,BUY,GILT5YBEES.NS,7018,64.31,451327.58,225.66379,69.54475499875844
2026-03-23,SELL,CPSEETF.NS,5524,99.75,551019.0,275.5095,550813.0352549987
2026-03-23,SELL,GOLDBEES.NS,3489,110.72,386302.08,193.15104000000002,936921.9642149988
2026-03-23,BUY,MON100.NS,2136,219.18,468168.48000000004,234.08424000000002,468519.3999749987
2026-03-23,BUY,LIQUIDBEES.NS,468,1000.0,468000.0,234.0,285.399974998727
2026-03-30,SELL,MAFANG.NS,2926,157.09,459645.34,229.82267000000002,459700.91730499873
2026-03-30,BUY,ITBEES.NS,14362,31.99,459440.38,229.72019,30.81711499870289
2026-04-06,SELL,LTGILTBEES.NS,15357,28.82,442588.74,221.29437,442398.2627449987
2026-04-06,BUY,CPSEETF.NS,4347,101.7,442089.9,221.04495000000003,87.31779499864206
2026-04-13,SELL,CPSEETF.NS,4347,103.45,449697.15,224.848575,449559.61921999865
2026-04-13,SELL,GILT5YBEES.NS,7018,64.47,452450.46,226.22523,901783.8539899987
2026-04-13,SELL,LIQUIDBEES.NS,468,1000.0,468000.0,234.0,1369549.8539899988
2026-04-13,SELL,ITBEES.NS,14362,33.86,486297.32,243.14866,1855604.0253299987
2026-04-13,BUY,AUTOBEES.NS,1727,268.38,463492.26,231.74613000000002,1391880.0191999986
2026-04-13,BUY,HNGSNGBEES.NS,891,520.3,463587.3,231.79364999999999,928060.9255499986
2026-04-13,BUY,MOMENTUM30.NS,15409,30.09,463656.81,231.828405,464172.28714499867
2026-04-13,BUY,JUNIORBEES.NS,640,723.6,463104.0,231.552,836.7351449986454
2026-04-20,SELL,MOMENTUM30.NS,15409,30.95,476908.55,238.454275,477506.8308699986
2026-04-20,SELL,AUTOBEES.NS,1727,271.86,469502.22000000003,234.75111,946774.2997599987
2026-04-20,BUY,MAFANG.NS,2689,175.9,472995.10000000003,236.49755000000002,473542.7022099987
2026-04-20,BUY,MOM100.NS,7356,64.32,473137.9199999999,236.56895999999998,168.21324999874923
2026-04-27,SELL,HNGSNGBEES.NS,891,525.97,468639.27,234.319635,468573.16361499875
2026-04-27,BUY,MID150BEES.NS,2040,229.5,468180.0,234.09,159.0736149987206
2026-05-04,SELL,MOM100.NS,7356,64.76,476374.56000000006,238.18728000000004,476295.44633499876
2026-05-04,SELL,JUNIORBEES.NS,640,759.22,485900.80000000005,242.95040000000003,961953.2959349989
2026-05-04,SELL,MID150BEES.NS,2040,228.69,466527.6,233.2638,1428247.632134999
2026-05-04,BUY,PHARMABEES.NS,19785,24.05,475829.25,237.914625,952180.4675099989
2026-05-04,BUY,CPSEETF.NS,4405,108.01,475784.05000000005,237.89202500000002,476158.5254849989
2026-05-04,BUY,INFRABEES.NS,488,975.0,475800.0,237.9,120.6254849988618
2026-05-11,SELL,CPSEETF.NS,4405,105.51,464771.55000000005,232.38577500000002,464659.78970999893
2026-05-11,SELL,INFRABEES.NS,488,961.97,469441.36,234.72068,933866.4290299988
2026-05-11,BUY,SILVERBEES.NS,1934,241.29,466654.86,233.32743,466978.24159999884
2026-05-11,BUY,MID150BEES.NS,2003,232.92,466538.75999999995,233.26937999999998,206.21221999888076
2026-05-18,SELL,MID150BEES.NS,2003,229.57,459828.70999999996,229.91435499999997,459805.0078649988
2026-05-18,BUY,GOLDBEES.NS,3543,129.7,459527.1,229.76354999999998,48.144314998877235
2026-06-01,SELL,PHARMABEES.NS,19785,24.88,492250.8,246.1254,492052.81891499885
2026-06-01,SELL,GOLDBEES.NS,3543,127.49,451697.07,225.848535,943524.0403799989
2026-06-01,SELL,SILVERBEES.NS,1934,249.54,482610.36,241.30518,1425893.095199999
2026-06-01,BUY,JUNIORBEES.NS,629,755.2,475020.80000000005,237.51040000000003,950634.7847999989
2026-06-01,BUY,ITBEES.NS,14339,33.13,475051.07000000007,237.52553500000005,475346.1892649988
2026-06-01,BUY,MOM100.NS,7245,65.57,475054.64999999997,237.527325,54.01193999883253
2026-06-08,SELL,ITBEES.NS,14339,31.73,454976.47000000003,227.48823500000003,454802.99370499887
2026-06-08,SELL,MOM100.NS,7245,64.64,468316.8,234.1584,922885.6353049988
2026-06-08,SELL,JUNIORBEES.NS,629,744.88,468529.52,234.26476000000002,1391180.890544999
2026-06-08,BUY,PSUBNKBEES.NS,5061,91.58,463486.38,231.74319,927462.767354999
2026-06-08,BUY,GILT5YBEES.NS,7113,65.16,463483.07999999996,231.74154,463747.945814999
2026-06-08,BUY,BANKBEES.NS,829,558.71,463170.59,231.58529500000003,345.7705199989723
2026-06-15,SELL,MON100.NS,2136,330.19,705285.84,352.64292,705278.9675999989
2026-06-15,SELL,MAFANG.NS,2689,192.04,516395.56,258.19778,1221416.329819999
2026-06-15,BUY,LTGILTBEES.NS,20607,29.62,610379.34,305.18967,610731.800149999
2026-06-15,BUY,AUTOBEES.NS,2198,277.69,610362.62,305.18131,63.998839998967014
2026-06-22,SELL,LTGILTBEES.NS,20607,29.61,610173.27,305.086635,609932.182204999
2026-06-22,SELL,AUTOBEES.NS,2198,275.16,604801.68,302.40084,1214431.461364999
2026-06-22,SELL,GILT5YBEES.NS,7113,65.51,465972.63000000006,232.98631500000005,1680171.105049999
2026-06-22,BUY,CONSUMBEES.NS,4350,128.66,559671.0,279.8355,1120220.269549999
2026-06-22,BUY,JUNIORBEES.NS,711,786.83,559436.13,279.718065,560504.4214849989
2026-06-22,BUY,MID150BEES.NS,2349,238.23,559602.27,279.801135,622.3503499989165
2026-06-29,SELL,JUNIORBEES.NS,711,772.96,549574.56,274.78728,549922.1230699989
2026-06-29,SELL,MID150BEES.NS,2349,234.25,550253.25,275.126625,1099900.2464449988
2026-06-29,BUY,PHARMABEES.NS,21222,25.9,549649.7999999999,274.82489999999996,549975.6215449988
2026-06-29,BUY,AUTOBEES.NS,2015,272.69,549470.35,274.73517499999997,230.53636999882292
2026-07-06,SELL,PSUBNKBEES.NS,5061,93.3,472191.3,236.09565,472185.74071999884
2026-07-06,SELL,AUTOBEES.NS,2015,281.97,568169.55,284.08477500000004,1040071.2059449989
2026-07-06,BUY,NIFTYBEES.NS,1873,277.43,519626.39,259.813195,520185.0027499989
2026-07-06,BUY,NIF100BEES.NS,1928,269.5,519596.0,259.798,329.2047499988694
2026-07-13,SELL,BANKBEES.NS,829,600.74,498013.46,249.00673,498093.65801999887
2026-07-13,SELL,CONSUMBEES.NS,4350,129.65,563977.5,281.98875,1061789.1692699988
2026-07-13,SELL,NIFTYBEES.NS,1873,275.3,515636.9,257.81845000000004,1577168.2508199988
2026-07-13,SELL,NIF100BEES.NS,1928,268.89,518419.92,259.20996,2095328.9608599988
2026-07-13,BUY,MAFANG.NS,2663,196.58,523492.54000000004,261.74627000000004,1571574.6745899988
2026-07-13,BUY,MOM100.NS,7699,68.0,523532.0,261.766,1047780.9085899987
2026-07-13,BUY,MID150BEES.NS,2187,239.34,523436.58,261.71829,524082.6102999987
2026-07-13,BUY,ITBEES.NS,16280,32.16,523564.79999999993,261.7824,256.02789999876404
2026-07-20,SELL,PHARMABEES.NS,21222,26.77,568112.94,284.05647,568084.9114299987
2026-07-20,SELL,MOM100.NS,7699,67.85,522377.14999999997,261.188575,1090200.8728549988
2026-07-20,SELL,MID150BEES.NS,2187,238.93,522539.91000000003,261.26995500000004,1612479.5128999988
2026-07-20,BUY,AUTOBEES.NS,1925,279.0,537075.0,268.5375,1075135.975399999
2026-07-20,BUY,NV20BEES.NS,3796,141.51,537171.96,268.58598,537695.429419999
2026-07-20,BUY,BANKBEES.NS,895,600.21,537187.9500000001,268.59397500000006,238.88544499897398
2026-07-27,SELL,BANKBEES.NS,895,591.44,529338.8,264.66940000000005,529313.016044999
2026-07-27,SELL,NV20BEES.NS,3796,139.09,527985.64,263.99282,1057034.6632249989
2026-07-27,BUY,HNGSNGBEES.NS,1082,488.21,528243.22,264.12161,528527.3216149989
2026-07-27,BUY,DIVOPPBEES.NS,6817,77.48,528181.16,264.09058000000005,82.0710349988658
