date,action,ticker,units,price,gross,cost,cash_after,entry_price,pct_from_entry
2018-01-01,BUY,MON100.NS,4130,48.4,199892.0,99.946,800008.054,,
2018-01-01,BUY,MOM100.NS,9169,21.8,199884.2,99.94210000000001,600023.9119,,
2018-01-01,BUY,JUNIORBEES.NS,633,315.5,199711.5,99.85575,400212.55614999996,,
2018-01-01,BUY,INFRABEES.NS,537,371.7,199602.9,99.80145,200509.85469999997,,
2018-01-01,BUY,NIF100BEES.NS,1801,110.94,199802.94,99.90147,607.0132299999532,,
2018-01-15,SELL,INFRABEES.NS,537,372.42,199989.54,99.99477,200496.55845999997,371.7,0.194
2018-01-15,SELL,NIF100BEES.NS,1801,115.02,207151.02,103.57551,407544.00295,110.94,3.678
2018-01-15,BUY,CPSEETF.NS,6570,31.0,203670.0,101.83500000000001,203772.16795,,
2018-01-15,BUY,DIVOPPBEES.NS,6936,29.36,203640.96,101.82048,29.387470000016037,,
2018-01-22,SELL,JUNIORBEES.NS,633,320.11,202629.63,101.31481500000001,202557.70265500003,315.5,1.461
2018-01-22,SELL,CPSEETF.NS,6570,30.31,199136.69999999998,99.56835,401594.834305,31.0,-2.226
2018-01-22,SELL,DIVOPPBEES.NS,6936,29.59,205236.24,102.61811999999999,606728.456185,29.36,0.783
2018-01-22,BUY,BANKBEES.NS,737,274.16,202055.92,101.02796000000001,404571.508225,,
2018-01-22,BUY,NIFTYBEES.NS,1790,112.88,202055.19999999998,101.02759999999999,202415.280625,,
2018-01-22,BUY,NIF100BEES.NS,1735,116.5,202127.5,101.06375,186.7168750000128,,
2018-02-05,SELL,MOM100.NS,9169,22.11,202726.59,101.363295,202811.94358000002,21.8,1.422
2018-02-05,SELL,NIF100BEES.NS,1735,112.16,194597.6,97.2988,397312.24478000007,116.5,-3.725
2018-02-05,BUY,GOLDBEES.NS,7305,27.18,198549.9,99.27495,198663.06983000008,,
2018-02-05,BUY,DIVOPPBEES.NS,6799,29.2,198530.8,99.2654,33.00443000008818,,
2018-02-12,SELL,BANKBEES.NS,737,261.59,192791.83,96.395915,192728.43851500007,274.16,-4.585
2018-02-12,BUY,LIQUIDBEES.NS,192,1000.0,192000.0,96.0,632.4385150000744,,
2018-03-05,SELL,NIFTYBEES.NS,1790,107.17,191834.30000000002,95.91715,192370.8213650001,112.88,-5.058
2018-03-05,BUY,CPSEETF.NS,6519,29.49,192245.31,96.122655,29.388710000086576,,
2018-03-12,SELL,CPSEETF.NS,6519,28.98,188920.62,94.46030999999999,188855.5484000001,29.49,-1.729
2018-03-12,BUY,NIFTYBEES.NS,1747,107.99,188658.53,94.329265,102.68913500008057,,
2018-03-19,SELL,DIVOPPBEES.NS,6799,30.0,203970.0,101.985,203970.7041350001,29.2,2.74
2018-03-19,BUY,JUNIORBEES.NS,706,288.63,203772.78,101.88639,96.03774500009604,,
2018-04-09,SELL,MON100.NS,4130,50.31,207780.30000000002,103.89015,207772.44759500012,48.4,3.946
2018-04-09,BUY,INFRABEES.NS,601,345.0,207345.0,103.6725,323.7750950001355,,
2018-04-16,SELL,LIQUIDBEES.NS,192,999.99,191998.08000000002,95.99904000000001,192225.85605500016,1000.0,-0.001
2018-04-16,BUY,BANKBEES.NS,748,256.75,192049.0,96.0245,80.8315550001571,,
2018-04-23,SELL,BANKBEES.NS,748,252.85,189131.8,94.5659,189118.06565500016,256.75,-1.519
2018-04-23,BUY,MON100.NS,3593,52.6,188991.80000000002,94.4959,31.769755000132136,,
2018-04-30,SELL,MON100.NS,3593,50.11,180045.23,90.022615,179986.97714000015,52.6,-4.734
2018-04-30,BUY,BANKBEES.NS,692,259.83,179802.36,89.90118,94.71596000017598,,
2018-05-07,SELL,INFRABEES.NS,601,351.0,210951.0,105.4755,210940.24046000018,345.0,1.739
2018-05-07,BUY,MOM100.NS,10082,20.91,210814.62,105.40731,20.21315000017057,,
2018-05-14,SELL,JUNIORBEES.NS,706,298.62,210825.72,105.41286000000001,210740.52029000016,288.63,3.461
2018-05-14,BUY,CPSEETF.NS,7520,28.01,210635.2,105.31760000000001,0.002690000139409676,,
2018-05-21,SELL,CPSEETF.NS,7520,27.34,205596.8,102.7984,205494.00429000013,28.01,-2.392
2018-05-21,BUY,MON100.NS,3716,55.26,205346.16,102.67308,45.171210000116844,,
2018-05-28,SELL,MOM100.NS,10082,20.45,206176.9,103.08845,206118.9827600001,20.91,-2.2
2018-05-28,BUY,PSUBNKBEES.NS,6142,33.54,206002.68,103.00134,13.301420000119833,,
2018-06-04,SELL,GOLDBEES.NS,7305,27.53,201106.65,100.553325,201019.39809500013,27.18,1.288
2018-06-04,BUY,LIQUIDBEES.NS,200,1000.0,200000.0,100.0,919.3980950001278,,
2018-06-11,SELL,LIQUIDBEES.NS,200,1000.0,200000.0,100.0,200819.39809500013,1000.0,0.0
2018-06-11,BUY,CPSEETF.NS,7269,27.61,200697.09,100.348545,21.9595500001451,,
2018-06-18,SELL,CPSEETF.NS,7269,26.75,194445.75,97.222875,194370.48667500014,27.61,-3.115
2018-06-18,BUY,LIQUIDBEES.NS,194,1000.0,194000.0,97.0,273.48667500013835,,
2018-07-02,SELL,PSUBNKBEES.NS,6142,31.05,190709.1,95.35455,190887.23212500016,33.54,-7.424
2018-07-02,BUY,GOLDBEES.NS,7029,27.14,190767.06,95.38353000000001,24.788595000165515,,
2018-07-16,SELL,GOLDBEES.NS,7029,27.0,189783.0,94.89150000000001,189712.89709500017,27.14,-0.516
2018-07-16,BUY,DIVOPPBEES.NS,6449,29.4,189600.59999999998,94.8003,17.496795000188285,,
2018-07-30,SELL,LIQUIDBEES.NS,194,1000.0,194000.0,97.0,193920.4967950002,1000.0,0.0
2018-07-30,BUY,PSUBNKBEES.NS,2697,35.92,96876.24,48.438120000000005,96995.81867500018,,
2018-07-30,BUY,NIF100BEES.NS,818,118.39,96843.02,48.421510000000005,104.37716500017268,,
2018-08-06,SELL,MON100.NS,3716,58.37,216902.91999999998,108.45146,216898.84570500016,55.26,5.628
2018-08-06,SELL,BANKBEES.NS,692,284.67,196991.64,98.49582000000001,413791.98988500016,259.83,9.56
2018-08-06,SELL,NIF100BEES.NS,818,120.05,98200.9,49.100449999999995,511943.78943500016,118.39,1.402
2018-08-06,BUY,MOM100.NS,8141,20.95,170553.94999999998,85.276975,341304.56246000016,,
2018-08-06,BUY,JUNIORBEES.NS,554,307.43,170316.22,85.15811000000001,170903.18435000017,,
2018-08-06,BUY,CPSEETF.NS,6177,27.61,170546.97,85.27348500000001,270.9408650001569,,
2018-08-13,SELL,CPSEETF.NS,6177,27.06,167149.62,83.57481,167336.98605500016,27.61,-1.992
2018-08-13,BUY,BANKBEES.NS,590,283.13,167046.7,83.52335000000001,206.76270500014652,,
2018-08-20,SELL,BANKBEES.NS,590,288.34,170120.59999999998,85.06029999999998,170242.3024050001,283.13,1.84
2018-08-20,BUY,HNGSNGBEES.NS,479,355.0,170045.0,85.02250000000001,112.27990500011947,,
2018-08-27,SELL,HNGSNGBEES.NS,479,329.32,157744.28,78.87214,157777.68776500013,355.0,-7.234
2018-08-27,BUY,CPSEETF.NS,5672,27.8,157681.6,78.8408,17.24696500011487,,
2018-09-03,SELL,CPSEETF.NS,5672,27.64,156774.08000000002,78.38704000000001,156712.93992500013,27.8,-0.576
2018-09-03,SELL,NIFTYBEES.NS,1747,120.77,210985.19,105.49259500000001,367592.6373300002,107.99,11.834
2018-09-03,BUY,INFRABEES.NS,549,334.33,183547.16999999998,91.773585,183953.6937450002,,
2018-09-03,BUY,NIF100BEES.NS,1511,121.5,183586.5,91.79325,275.4004950002127,,
2018-09-10,SELL,MOM100.NS,8141,20.34,165587.94,82.79397,165780.54652500022,20.95,-2.912
2018-09-10,BUY,NIFTYBEES.NS,1384,119.65,165595.6,82.79780000000001,102.1487250002101,,
2018-09-17,SELL,PSUBNKBEES.NS,2697,34.0,91698.0,45.849000000000004,91754.29972500021,35.92,-5.345
2018-09-17,BUY,GOLDBEES.NS,3356,27.32,91685.92,45.84296,22.536765000215382,,
2018-09-24,SELL,JUNIORBEES.NS,554,285.93,158405.22,79.20261,158348.5541550002,307.43,-6.993
2018-09-24,SELL,NIFTYBEES.NS,1384,114.8,158883.19999999998,79.4416,317152.3125550002,119.65,-4.053
2018-09-24,BUY,CPSEETF.NS,5874,26.98,158480.52,79.24025999999999,158592.5522950002,,
2018-09-24,BUY,LIQUIDBEES.NS,158,1000.0,158000.0,79.0,513.552295000205,,
2018-10-01,SELL,INFRABEES.NS,549,301.45,165496.05,82.748025,165926.85427000019,334.33,-9.835
2018-10-01,SELL,NIF100BEES.NS,1511,115.39,174354.29,87.17714500000001,340193.9671250002,121.5,-5.029
2018-10-01,BUY,DIVOPPBEES.NS,5585,30.44,170007.4,85.0037,170101.5634250002,,
2018-10-01,BUY,NIFTYBEES.NS,1478,114.96,169910.88,84.95544000000001,105.72798500020872,,
2018-10-08,SELL,CPSEETF.NS,5874,24.04,141210.96,70.60548,141246.0825050002,26.98,-10.897
2018-10-08,SELL,NIFTYBEES.NS,1478,108.05,159697.9,79.84895,300864.1335550002,114.96,-6.011
2018-10-08,BUY,MOM100.NS,8131,18.49,150342.18999999997,75.171095,150446.7724600002,,
2018-10-08,BUY,NIF100BEES.NS,1405,107.0,150335.0,75.1675,36.60496000020066,,
2018-10-15,SELL,NIF100BEES.NS,1405,110.09,154676.45,77.33822500000001,154635.7167350002,107.0,2.888
2018-10-15,SELL,MOM100.NS,8131,18.8,152862.80000000002,76.43140000000001,307422.0853350002,18.49,1.677
2018-10-15,SELL,DIVOPPBEES.NS,5585,28.03,156547.55000000002,78.27377500000001,463891.3615600002,30.44,-7.917
2018-10-15,BUY,MON100.NS,2524,61.21,154494.04,77.24702,309320.0745400002,,
2018-10-15,BUY,BANKBEES.NS,597,258.71,154449.87,77.224935,154792.97960500018,,
2018-10-15,BUY,CPSEETF.NS,6106,25.31,154542.86,77.27143,172.84817500019562,,
2018-10-22,SELL,BANKBEES.NS,597,255.15,152324.55000000002,76.16227500000001,152421.2359000002,258.71,-1.376
2018-10-22,BUY,MOM100.NS,7976,19.1,152341.6,76.1708,3.465100000204984,,
2018-11-05,SELL,MOM100.NS,7976,19.44,155053.44,77.52672,154979.3783800002,19.1,1.78
2018-11-05,SELL,MON100.NS,2524,59.99,151414.76,75.70738,306318.4310000002,61.21,-1.993
2018-11-05,SELL,CPSEETF.NS,6106,24.92,152161.52000000002,76.08076000000001,458403.8702400002,25.31,-1.541
2018-11-05,BUY,INFRABEES.NS,489,311.7,152421.3,76.21065,305906.35959000024,,
2018-11-05,BUY,PSUBNKBEES.NS,4595,33.23,152691.84999999998,76.345925,153138.16366500026,,
2018-11-05,BUY,BANKBEES.NS,581,262.42,152466.02000000002,76.23301000000001,595.9106550002471,,
2018-11-12,SELL,LIQUIDBEES.NS,158,1000.0,158000.0,79.0,158516.91065500025,1000.0,0.0
2018-11-12,BUY,MOM100.NS,8042,19.7,158427.4,79.2137,10.296955000259914,,
2018-11-19,SELL,GOLDBEES.NS,3356,27.53,92390.68000000001,46.19534,92354.78161500026,27.32,0.769
2018-11-19,SELL,MOM100.NS,8042,19.21,154486.82,77.24341000000001,246764.3582050003,19.7,-2.487
2018-11-19,BUY,JUNIORBEES.NS,435,283.14,123165.9,61.58295,123536.8752550003,,
2018-11-19,BUY,NIFTYBEES.NS,1098,112.24,123239.51999999999,61.61976,235.7354950003064,,
2018-11-26,SELL,NIFTYBEES.NS,1098,111.32,122229.35999999999,61.11467999999999,122403.9808150003,112.24,-0.82
2018-11-26,BUY,LIQUIDBEES.NS,122,999.99,121998.78,60.99939,344.2014250002976,,
2018-12-03,SELL,LIQUIDBEES.NS,122,999.99,121998.78,60.99939,122281.9820350003,999.99,0.0
2018-12-03,BUY,NIFTYBEES.NS,1073,113.8,122107.4,61.0537,113.52833500030101,,
2018-12-10,SELL,PSUBNKBEES.NS,4595,31.19,143318.05000000002,71.65902500000001,143359.91931000032,33.23,-6.139
2018-12-10,BUY,LIQUIDBEES.NS,143,1000.0,143000.0,71.5,288.41931000031764,,
2018-12-17,SELL,LIQUIDBEES.NS,143,1000.0,143000.0,71.5,143216.91931000032,1000.0,0.0
2018-12-17,BUY,PSUBNKBEES.NS,4357,32.85,143127.45,71.563725,17.905585000291467,,
2019-01-07,SELL,NIFTYBEES.NS,1073,112.56,120776.88,60.38844,120734.3971450003,113.8,-1.09
2019-01-07,BUY,GOLDBEES.NS,4276,28.22,120668.72,60.334360000000004,5.342785000306321,,
2019-01-21,SELL,JUNIORBEES.NS,435,282.05,122691.75,61.345875,122635.7469100003,283.14,-0.385
2019-01-21,SELL,INFRABEES.NS,489,312.97,153042.33000000002,76.52116500000001,275601.5557450003,311.7,0.407
2019-01-21,BUY,MON100.NS,2899,47.5,137702.5,68.85125000000001,137830.2044950003,,
2019-01-21,BUY,NIF100BEES.NS,1202,114.57,137713.13999999998,68.85656999999999,48.2079250003153,,
2019-01-28,SELL,PSUBNKBEES.NS,4357,32.05,139641.84999999998,69.82092499999999,139620.23700000028,32.85,-2.435
2019-01-28,SELL,NIF100BEES.NS,1202,110.95,133361.9,66.68095,272915.45605000027,114.57,-3.16
2019-01-28,BUY,NIFTYBEES.NS,1220,111.78,136371.6,68.1858,136475.67025000026,,
2019-01-28,BUY,LIQUIDBEES.NS,136,999.99,135998.64,67.99932000000001,409.0309300002409,,
2019-02-04,SELL,LIQUIDBEES.NS,136,999.99,135998.64,67.99932000000001,136339.67161000025,999.99,0.0
2019-02-04,SELL,BANKBEES.NS,581,276.12,160425.72,80.21286,296685.17875000025,262.42,5.221
2019-02-04,BUY,NIF100BEES.NS,1302,113.85,148232.69999999998,74.11635,148378.36240000027,,
2019-02-04,BUY,DIVOPPBEES.NS,5126,28.92,148243.92,74.12196,60.320440000272356,,
2019-02-18,SELL,NIF100BEES.NS,1302,111.13,144691.25999999998,72.34562999999999,144679.23481000026,113.85,-2.389
2019-02-18,SELL,DIVOPPBEES.NS,5126,28.22,144655.72,72.32786,289262.6269500003,28.92,-2.42
2019-02-18,BUY,LIQUIDBEES.NS,144,999.99,143998.56,71.99928,145192.0676700003,,
2019-02-18,BUY,BANKBEES.NS,531,271.81,144331.11000000002,72.16555500000001,788.7921150002803,,
2019-02-25,SELL,BANKBEES.NS,531,275.94,146524.13999999998,73.26207,147239.67004500027,271.81,1.519
2019-02-25,SELL,NIFTYBEES.NS,1220,113.65,138653.0,69.3265,285823.3435450003,111.78,1.673
2019-02-25,BUY,CPSEETF.NS,6014,23.75,142832.5,71.41625,142919.4272950003,,
2019-02-25,BUY,DIVOPPBEES.NS,4947,28.87,142819.89,71.40994500000001,28.127350000286242,,
2019-03-05,SELL,LIQUIDBEES.NS,144,999.99,143998.56,71.99928,143954.6880700003,999.99,0.0
2019-03-05,BUY,NIFTYBEES.NS,1252,114.89,143842.28,71.92114,40.48693000030471,,
2019-03-11,SELL,GOLDBEES.NS,4276,28.5,121866.0,60.933,121845.5539300003,28.22,0.992
2019-03-11,SELL,MON100.NS,2899,48.74,141297.26,70.64863000000001,263072.1653000003,47.5,2.611
2019-03-11,BUY,JUNIORBEES.NS,453,289.72,131243.16,65.62158000000001,131763.38372000027,,
2019-03-11,BUY,NIF100BEES.NS,1126,116.74,131449.24,65.72462,248.4191000002902,,
2019-03-18,SELL,JUNIORBEES.NS,453,288.6,130735.80000000002,65.3679,130918.85120000031,289.72,-0.387
2019-03-18,SELL,NIF100BEES.NS,1126,118.5,133431.0,66.7155,264283.13570000033,116.74,1.508
2019-03-18,SELL,DIVOPPBEES.NS,4947,30.05,148657.35,74.328675,412866.1570250003,28.87,4.087
2019-03-18,BUY,BANKBEES.NS,458,299.88,137345.04,68.67252,275452.4445050003,,
2019-03-18,BUY,INFRABEES.NS,422,325.88,137521.36,68.76068,137862.32382500032,,
2019-03-18,BUY,PSUBNKBEES.NS,4005,34.34,137531.7,68.76585,261.85797500031185,,
2019-04-08,SELL,NIFTYBEES.NS,1252,121.95,152681.4,76.3407,152866.9172750003,114.89,6.145
2019-04-08,BUY,MOM100.NS,8258,18.5,152773.0,76.3865,17.530775000312133,,
2019-04-15,SELL,INFRABEES.NS,422,328.43,138597.46,69.29872999999999,138545.6920450003,325.88,0.782
2019-04-15,SELL,MOM100.NS,8258,19.24,158883.91999999998,79.44196,297350.1700850003,18.5,4.0
2019-04-15,BUY,NIFTYBEES.NS,1209,122.88,148561.91999999998,74.28096,148713.9691250003,,
2019-04-15,BUY,NIF100BEES.NS,1221,121.68,148571.28,74.28564,68.40348500030814,,
2019-04-30,SELL,PSUBNKBEES.NS,4005,33.62,134648.09999999998,67.32404999999999,134649.1794350003,34.34,-2.097
2019-04-30,BUY,MON100.NS,2478,54.29,134530.62,67.26531,51.29412500030594,,
2019-05-06,SELL,NIF100BEES.NS,1221,120.4,147008.4,73.5042,146986.1899250003,121.68,-1.052
2019-05-06,BUY,DIVOPPBEES.NS,4827,30.43,146885.61,73.44280499999999,27.137120000319555,,
2019-05-13,SELL,CPSEETF.NS,6014,25.91,155822.74,77.91136999999999,155771.96575000032,23.75,9.095
2019-05-13,SELL,NIFTYBEES.NS,1209,117.22,141718.98,70.85949000000001,297420.08626000036,122.88,-4.606
2019-05-13,BUY,LIQUIDBEES.NS,148,1000.0,148000.0,74.0,149346.08626000036,,
2019-05-13,BUY,GOLDBEES.NS,5259,28.26,148619.34,74.30967,652.4365900003759,,
2019-05-20,SELL,DIVOPPBEES.NS,4827,30.51,147271.77000000002,73.63588500000002,147850.5707050004,30.43,0.263
2019-05-20,BUY,NIFTYBEES.NS,1192,123.93,147724.56,73.86228,52.148425000399584,,
2019-05-27,SELL,LIQUIDBEES.NS,148,1000.0,148000.0,74.0,147978.1484250004,1000.0,0.0
2019-05-27,SELL,GOLDBEES.NS,5259,28.1,147777.9,73.88895,295682.1594750004,28.26,-0.566
2019-05-27,SELL,MON100.NS,2478,50.47,125064.66,62.53233,420684.2871450004,54.29,-7.036
2019-05-27,BUY,PSUBNKBEES.NS,3745,37.42,140137.9,70.06895,280476.3181950004,,
2019-05-27,BUY,INFRABEES.NS,404,346.48,139977.92,69.98896,140428.4092350004,,
2019-05-27,BUY,CPSEETF.NS,5007,27.99,140145.93,70.072965,212.40627000041422,,
2019-06-03,SELL,PSUBNKBEES.NS,3745,35.92,134520.4,67.2602,134665.54607000042,37.42,-4.009
2019-06-03,BUY,NIF100BEES.NS,1076,125.0,134500.0,67.25,98.2960700004187,,
2019-06-10,SELL,NIF100BEES.NS,1076,123.39,132767.64,66.38382000000001,132799.55225000044,125.0,-1.288
2019-06-10,BUY,GOLDBEES.NS,4608,28.8,132710.4,66.3552,22.79705000045942,,
2019-06-17,SELL,BANKBEES.NS,458,307.71,140931.18,70.46558999999999,140883.51146000045,299.88,2.611
2019-06-17,BUY,NIF100BEES.NS,1164,120.89,140715.96,70.35798,97.19348000045284,,
2019-06-24,SELL,NIF100BEES.NS,1164,121.03,140878.92,70.43946000000001,140905.67402000047,120.89,0.116
2019-06-24,SELL,NIFTYBEES.NS,1192,123.41,147104.72,73.55236000000001,287936.8416600005,123.93,-0.42
2019-06-24,BUY,MON100.NS,2694,53.4,143859.6,71.9298,144005.31186000048,,
2019-06-24,BUY,BANKBEES.NS,460,312.81,143892.6,71.94630000000001,40.765560000465484,,
2019-07-01,SELL,MON100.NS,2694,53.29,143563.26,71.78163,143532.24393000046,53.4,-0.206
2019-07-01,BUY,PSUBNKBEES.NS,4058,35.35,143450.30000000002,71.72515000000001,10.218780000432162,,
2019-07-08,SELL,CPSEETF.NS,5007,26.35,131934.45,65.96722500000001,131878.70155500044,27.99,-5.859
2019-07-08,BUY,HNGSNGBEES.NS,439,299.8,131612.2,65.8061,200.69545500044478,,
2019-07-15,SELL,INFRABEES.NS,404,331.03,133736.12,66.86806,133869.94739500043,346.48,-4.459
2019-07-15,SELL,HNGSNGBEES.NS,439,301.53,132371.66999999998,66.185835,266175.4315600004,299.8,0.577
2019-07-15,BUY,MON100.NS,2456,54.16,133016.96,66.50847999999999,133091.96308000042,,
2019-07-15,BUY,LIQUIDBEES.NS,133,1000.0,133000.0,66.5,25.46308000042336,,
2019-07-22,SELL,PSUBNKBEES.NS,4058,33.08,134238.63999999998,67.11931999999999,134196.9837600004,35.35,-6.421
2019-07-22,SELL,BANKBEES.NS,460,298.25,137195.0,68.5975,271323.3862600004,312.81,-4.655
2019-07-22,BUY,JUNIORBEES.NS,492,275.23,135413.16,67.70658,135842.5196800004,,
2019-07-22,BUY,NIF100BEES.NS,1148,118.04,135509.92,67.75496000000001,264.84472000040114,,
2019-08-19,SELL,NIF100BEES.NS,1148,115.18,132226.64,66.11332,132425.3714000004,118.04,-2.423
2019-08-19,BUY,NIFTYBEES.NS,1130,117.13,132356.9,66.17845,2.292950000410201,,
2019-08-26,SELL,NIFTYBEES.NS,1130,117.09,132311.7,66.15585,132247.8371000004,117.13,-0.034
2019-08-26,BUY,DIVOPPBEES.NS,4629,28.55,132157.95,66.07897500000001,23.808125000388827,,
2019-09-16,SELL,DIVOPPBEES.NS,4629,28.8,133315.2,66.6576,133272.3505250004,28.55,0.876
2019-09-16,BUY,INFRABEES.NS,421,316.07,133065.47,66.532735,140.34779000040726,,
2019-09-23,SELL,GOLDBEES.NS,4608,33.08,152432.63999999998,76.21632,152496.77147000039,28.8,14.861
2019-09-23,SELL,MON100.NS,2456,54.58,134048.47999999998,67.02423999999999,286478.22723000037,54.16,0.775
2019-09-23,SELL,LIQUIDBEES.NS,133,999.99,132998.67,66.499335,419410.3978950004,1000.0,-0.001
2019-09-23,SELL,INFRABEES.NS,421,333.0,140193.0,70.0965,559533.3013950004,316.07,5.356
2019-09-23,BUY,BANKBEES.NS,445,313.68,139587.6,69.7938,419875.9075950004,,
2019-09-23,BUY,NIFTYBEES.NS,1136,123.0,139728.0,69.864,280078.0435950004,,
2019-09-23,BUY,DIVOPPBEES.NS,4984,28.05,139801.2,69.90060000000001,140206.9429950004,,
2019-09-23,BUY,NIF100BEES.NS,1149,121.67,139798.83000000002,69.899415,338.2135800003889,,
2019-09-30,SELL,DIVOPPBEES.NS,4984,29.5,147028.0,73.514,147292.6995800004,28.05,5.169
2019-09-30,BUY,INFRABEES.NS,437,336.88,147216.56,73.60828,2.5313000004098285,,
2019-10-07,SELL,BANKBEES.NS,445,283.33,126081.84999999999,63.040924999999994,126021.3403750004,313.68,-9.675
2019-10-07,SELL,NIFTYBEES.NS,1136,117.57,133559.52,66.77976,259514.0806150004,123.0,-4.415
2019-10-07,BUY,GOLDBEES.NS,3859,33.6,129662.40000000001,64.83120000000001,129786.84941500038,,
2019-10-07,BUY,DIVOPPBEES.NS,4487,28.9,129674.29999999999,64.83715,47.71226500038756,,
2019-10-14,SELL,JUNIORBEES.NS,492,278.05,136800.6,68.4003,136779.91196500038,275.23,1.025
2019-10-14,BUY,NIFTYBEES.NS,1140,119.89,136674.6,68.3373,36.97466500036535,,
2019-10-22,SELL,GOLDBEES.NS,3859,33.67,129932.53000000001,64.966265,129904.53840000038,33.6,0.208
2019-10-22,SELL,DIVOPPBEES.NS,4487,29.45,132142.15,66.071075,261980.61732500035,28.9,1.903
2019-10-22,BUY,CPSEETF.NS,5279,24.8,130919.2,65.4596,130995.95772500035,,
2019-10-22,BUY,JUNIORBEES.NS,450,290.8,130860.0,65.43,70.52772500035644,,
2019-10-29,SELL,INFRABEES.NS,437,340.15,148645.55,74.322775,148641.75495000032,336.88,0.971
2019-10-29,BUY,BANKBEES.NS,487,304.45,148267.15,74.133575,300.47137500031386,,
2019-11-04,SELL,NIF100BEES.NS,1149,124.9,143510.1,71.75505000000001,143738.8163250003,121.67,2.655
2019-11-04,SELL,NIFTYBEES.NS,1140,126.34,144027.6,72.0138,287694.40252500033,119.89,5.38
2019-11-04,BUY,PSUBNKBEES.NS,5114,28.11,143754.54,71.87727000000001,143867.98525500033,,
2019-11-04,BUY,MOM100.NS,8127,17.69,143766.63,71.88331500000001,29.471940000308678,,
2019-11-11,SELL,CPSEETF.NS,5279,24.27,128121.33,64.060665,128086.74127500031,24.8,-2.137
2019-11-11,BUY,NIFTYBEES.NS,1012,126.49,128007.87999999999,64.00394,14.857335000328021,,
2019-11-18,SELL,JUNIORBEES.NS,450,292.41,131584.5,65.79225,131533.56508500033,290.8,0.554
2019-11-18,BUY,MON100.NS,2237,58.75,131423.75,65.711875,44.10321000032127,,
2019-12-02,SELL,NIFTYBEES.NS,1012,127.63,129161.56,64.58078,129141.08243000032,126.49,0.901
2019-12-02,BUY,INFRABEES.NS,374,344.81,128958.94,64.47947,117.66296000030707,,
2019-12-09,SELL,INFRABEES.NS,374,334.01,124919.73999999999,62.459869999999995,124974.94309000029,344.81,-3.132
2019-12-09,BUY,NIFTYBEES.NS,988,126.33,124814.04,62.407019999999996,98.49607000029937,,
2019-12-30,SELL,MOM100.NS,8127,17.94,145798.38,72.89919,145823.97688000032,17.69,1.413
2019-12-30,BUY,HNGSNGBEES.NS,403,361.0,145483.0,72.7415,268.2353800003184,,
2020-01-06,SELL,PSUBNKBEES.NS,5114,26.67,136390.38,68.19519,136590.42019000032,28.11,-5.123
2020-01-06,SELL,BANKBEES.NS,487,319.18,155440.66,77.72033,291953.3598600003,304.45,4.838
2020-01-06,SELL,NIFTYBEES.NS,988,127.37,125841.56,62.92078,417731.9990800003,126.33,0.823
2020-01-06,BUY,GOLDBEES.NS,3849,36.15,139141.35,69.57067500000001,278521.0784050003,,
2020-01-06,BUY,MID150BEES.NS,2220,62.67,139127.4,69.5637,139324.11470500033,,
2020-01-06,BUY,MOM100.NS,7766,17.92,139166.72,69.58336,87.81134500034386,,
2020-01-20,SELL,GOLDBEES.NS,3849,35.23,135600.27,67.800135,135620.28121000034,36.15,-2.545
2020-01-20,BUY,CONSUMBEES.NS,2472,54.82,135515.04,67.75752,37.4836900003138,,
2020-01-27,SELL,CONSUMBEES.NS,2472,55.07,136133.04,68.06652000000001,136102.45717000033,54.82,0.456
2020-01-27,BUY,GOLDBEES.NS,3794,35.85,136014.9,68.00744999999999,19.549720000330126,,
2020-02-03,SELL,HNGSNGBEES.NS,403,362.2,145966.6,72.9833,145913.16642000034,361.0,0.332
2020-02-03,BUY,INFRABEES.NS,445,327.41,145697.45,72.848725,142.8676950003428,,
2020-02-10,SELL,INFRABEES.NS,445,337.13,150022.85,75.011425,150090.70627000034,327.41,2.969
2020-02-10,BUY,HNGSNGBEES.NS,429,349.17,149793.93,74.896965,221.87930500035873,,
2020-02-17,SELL,HNGSNGBEES.NS,429,354.0,151866.0,75.933,152011.94630500037,349.17,1.383
2020-02-17,BUY,CONSUMBEES.NS,2757,55.09,151883.13,75.941565,52.87474000037764,,
2020-03-02,SELL,MOM100.NS,7766,17.66,137147.56,68.57378,137131.86096000037,17.92,-1.451
2020-03-02,SELL,MON100.NS,2237,61.73,138090.00999999998,69.04500499999999,275152.82595500036,58.75,5.072
2020-03-02,BUY,HNGSNGBEES.NS,369,372.0,137268.0,68.634,137816.19195500037,,
2020-03-02,BUY,LIQUIDBEES.NS,137,1000.0,137000.0,68.5,747.6919550003659,,
2020-03-09,SELL,CONSUMBEES.NS,2757,50.15,138263.55,69.13177499999999,138942.11018000037,55.09,-8.967
2020-03-09,SELL,MID150BEES.NS,2220,64.53,143256.6,71.62830000000001,282127.08188000036,62.67,2.968
2020-03-09,BUY,DIVOPPBEES.NS,5276,26.72,140974.72,70.48736,141081.87452000036,,
2020-03-09,BUY,MON100.NS,2321,60.74,140977.54,70.48877,33.84575000035693,,
2020-03-16,SELL,MON100.NS,2321,55.26,128258.45999999999,64.12922999999999,128228.17652000034,60.74,-9.022
2020-03-16,BUY,CONSUMBEES.NS,2811,45.59,128153.49,64.076745,10.609775000339141,,
2020-03-30,SELL,DIVOPPBEES.NS,5276,26.4,139286.4,69.6432,139227.36657500034,26.72,-1.198
2020-03-30,BUY,MON100.NS,2469,56.36,139152.84,69.57642,4.950155000347877,,
2020-04-07,SELL,HNGSNGBEES.NS,369,339.98,125452.62000000001,62.726310000000005,125394.84384500036,372.0,-8.608
2020-04-07,BUY,DIVOPPBEES.NS,4770,26.27,125307.9,62.65395,24.28989500035823,,
2020-04-20,SELL,DIVOPPBEES.NS,4770,25.53,121778.1,60.889050000000005,121741.50084500037,26.27,-2.817
2020-04-20,BUY,CPSEETF.NS,7074,17.2,121672.79999999999,60.8364,7.8644450003776,,
2020-04-27,SELL,CPSEETF.NS,7074,16.31,115376.93999999999,57.688469999999995,115327.11597500037,17.2,-5.174
2020-04-27,BUY,DIVOPPBEES.NS,4557,25.29,115246.53,57.623265,22.962710000370862,,
2020-05-04,SELL,LIQUIDBEES.NS,137,1000.0,137000.0,68.5,136954.46271000037,1000.0,0.0
2020-05-04,SELL,DIVOPPBEES.NS,4557,24.52,111737.64,55.86882,248636.23389000038,25.29,-3.045
2020-05-04,BUY,INFRABEES.NS,451,274.99,124020.49,62.010245000000005,124553.73364500038,,
2020-05-04,BUY,JUNIORBEES.NS,517,240.3,124235.1,62.11755,256.5160950003774,,
2020-05-18,SELL,CONSUMBEES.NS,2811,47.36,133128.96,66.56448,133318.91161500037,45.59,3.882
2020-05-18,BUY,CPSEETF.NS,8455,15.76,133250.8,66.6254,1.4862150003900751,,
2020-05-26,SELL,CPSEETF.NS,8455,16.3,137816.5,68.90825,137749.07796500038,15.76,3.426
2020-05-26,BUY,NV20BEES.NS,2753,50.0,137650.0,68.825,30.25296500037075,,
2020-06-01,SELL,GOLDBEES.NS,3794,41.21,156350.74,78.17537,156302.81759500035,35.85,14.951
2020-06-01,SELL,NV20BEES.NS,2753,51.94,142990.82,71.49541,299222.14218500035,50.0,3.88
2020-06-01,BUY,CPSEETF.NS,8544,17.5,149520.0,74.76,149627.38218500034,,
2020-06-01,BUY,NIFTYBEES.NS,1432,104.42,149529.44,74.76472,23.17746500033536,,
2020-06-08,SELL,MON100.NS,2469,73.03,180311.07,90.155535,180244.09193000034,56.36,29.578
2020-06-08,SELL,CPSEETF.NS,8544,18.37,156953.28,78.47664,337118.89529000036,17.5,4.971
2020-06-08,BUY,PSUBNKBEES.NS,11149,15.11,168461.38999999998,84.230695,168573.27459500037,,
2020-06-08,BUY,MID150BEES.NS,3118,54.03,168465.54,84.23277,23.50182500036317,,
2020-06-15,SELL,JUNIORBEES.NS,517,259.14,133975.38,66.98769,133931.89413500036,240.3,7.84
2020-06-15,SELL,PSUBNKBEES.NS,11149,15.12,168572.88,84.28644,302420.48769500037,15.11,0.066
2020-06-15,SELL,NIFTYBEES.NS,1432,104.51,149658.32,74.82916,452003.97853500035,104.42,0.086
2020-06-15,BUY,NIF100BEES.NS,1325,113.61,150533.25,75.266625,301395.46191000036,,
2020-06-15,BUY,MOM100.NS,9953,15.13,150588.89,75.29444500000001,150731.27746500034,,
2020-06-15,BUY,MON100.NS,2114,71.21,150537.93999999997,75.26896999999998,118.06849500036333,,
2020-06-22,SELL,MID150BEES.NS,3118,58.02,180906.36000000002,90.45318,180933.97531500037,54.03,7.385
2020-06-22,BUY,PSUBNKBEES.NS,11197,16.15,180831.55,90.415775,12.009540000377456,,
2020-06-29,SELL,INFRABEES.NS,451,312.98,141153.98,70.57699000000001,141095.4125500004,274.99,13.815
2020-06-29,SELL,MON100.NS,2114,73.11,154554.54,77.27727,295572.67528000043,71.21,2.668
2020-06-29,SELL,NIF100BEES.NS,1325,112.83,149499.75,74.749875,444997.67540500045,113.61,-0.687
2020-06-29,BUY,MID150BEES.NS,2618,56.63,148257.34,74.12867,296666.2067350005,,
2020-06-29,BUY,BANKBEES.NS,688,215.31,148133.28,74.06664,148458.86009500048,,
2020-06-29,BUY,NIFTYBEES.NS,1350,109.74,148149.0,74.0745,235.78559500048868,,
2020-07-06,SELL,MOM100.NS,9953,15.97,158949.41,79.474705,159105.7208900005,15.13,5.552
2020-07-06,BUY,INFRABEES.NS,494,321.32,158732.08,79.36604,294.2748500005109,,
2020-07-13,SELL,INFRABEES.NS,494,316.41,156306.54,78.15327,156522.6615800005,321.32,-1.528
2020-07-13,BUY,MON100.NS,1945,80.4,156378.0,78.18900000000001,66.47258000049624,,
2020-07-20,SELL,BANKBEES.NS,688,224.39,154380.31999999998,77.19015999999999,154369.60242000048,215.31,4.217
2020-07-20,SELL,MID150BEES.NS,2618,58.51,153179.18,76.58959,307472.1928300005,56.63,3.32
2020-07-20,BUY,NV20BEES.NS,2678,57.37,153636.86,76.81842999999999,153758.51440000048,,
2020-07-20,BUY,DIVOPPBEES.NS,5435,28.27,153647.45,76.82372500000001,34.24067500047386,,
2020-07-27,SELL,PSUBNKBEES.NS,11197,15.4,172433.80000000002,86.21690000000001,172381.8237750005,16.15,-4.644
2020-07-27,SELL,MON100.NS,1945,77.59,150912.55000000002,75.456275,323218.9175000005,80.4,-3.495
2020-07-27,SELL,DIVOPPBEES.NS,5435,27.53,149625.55000000002,74.81277500000002,472769.6547250005,28.27,-2.618
2020-07-27,BUY,BANKBEES.NS,715,220.12,157385.80000000002,78.69290000000001,315305.1618250005,,
2020-07-27,BUY,GOLDBEES.NS,3390,46.45,157465.5,78.73275,157760.9290750005,,
2020-07-27,BUY,MID150BEES.NS,2697,58.4,157504.8,78.7524,177.37667500050156,,
2020-08-03,SELL,BANKBEES.NS,715,212.62,152023.30000000002,76.01165000000002,152124.66502500052,220.12,-3.407
2020-08-03,SELL,MID150BEES.NS,2697,59.14,159500.58,79.75028999999999,311545.49473500054,58.4,1.267
2020-08-03,BUY,MOM100.NS,9557,16.29,155683.53,77.841765,155784.12297000055,,
2020-08-03,BUY,MON100.NS,1933,80.54,155683.82,77.84191,22.461060000554426,,
2020-08-10,SELL,NIFTYBEES.NS,1350,119.97,161959.5,80.97975,161900.98131000056,109.74,9.322
2020-08-10,BUY,MID150BEES.NS,2580,62.72,161817.6,80.9088,2.4725100005452987,,
2020-08-24,SELL,GOLDBEES.NS,3390,45.5,154245.0,77.1225,154170.35001000055,46.45,-2.045
2020-08-24,BUY,CPSEETF.NS,8021,19.21,154083.41,77.04170500000001,9.898305000533583,,
2020-08-31,SELL,NV20BEES.NS,2678,59.6,159608.80000000002,79.80440000000002,159538.89390500056,57.37,3.887
2020-08-31,SELL,CPSEETF.NS,8021,18.57,148949.97,74.474985,308414.3889200005,19.21,-3.332
2020-08-31,BUY,BANKBEES.NS,643,239.57,154043.51,77.02175500000001,154293.85716500052,,
2020-08-31,BUY,PSUBNKBEES.NS,9174,16.8,154123.2,77.06160000000001,93.59556500051985,,
2020-09-07,SELL,PSUBNKBEES.NS,9174,16.09,147609.66,73.80483000000001,147629.45073500052,16.8,-4.226
2020-09-07,BUY,ITBEES.NS,8152,18.1,147551.2,73.77560000000001,4.475135000509908,,
2020-09-14,SELL,MON100.NS,1933,80.98,156534.34,78.26717,156460.5479650005,80.54,0.546
2020-09-14,SELL,BANKBEES.NS,643,222.75,143228.25,71.614125,299617.18384000054,239.57,-7.021
2020-09-14,BUY,NIFTYBEES.NS,1226,122.13,149731.38,74.86569,149810.93815000053,,
2020-09-14,BUY,INFRABEES.NS,449,333.25,149629.25,74.814625,106.87352500052657,,
2020-09-21,SELL,INFRABEES.NS,449,326.28,146499.72,73.24986,146533.34366500052,333.25,-2.092
2020-09-21,SELL,NIFTYBEES.NS,1226,119.92,147021.92,73.51096000000001,293481.7527050005,122.13,-1.81
2020-09-21,BUY,NV20BEES.NS,2446,59.95,146637.7,73.31885000000001,146770.7338550005,,
2020-09-21,BUY,CONSUMBEES.NS,2734,53.63,146624.42,73.31221000000001,73.00164500047686,,
2020-09-28,SELL,CONSUMBEES.NS,2734,52.65,143945.1,71.97255,143946.12909500048,53.63,-1.827
2020-09-28,BUY,NIF100BEES.NS,1240,116.0,143840.0,71.92,34.209095000464,,
2020-10-05,SELL,NV20BEES.NS,2446,61.4,150184.4,75.0922,150143.51689500044,59.95,2.419
2020-10-05,BUY,NIFTYBEES.NS,1226,122.38,150037.88,75.01894,30.61795500043081,,
2020-10-12,SELL,MOM100.NS,9557,17.55,167725.35,83.86267500000001,167672.10528000043,16.29,7.735
2020-10-12,SELL,MID150BEES.NS,2580,65.09,167932.2,83.96610000000001,335520.3391800005,62.72,3.779
2020-10-12,BUY,BANKBEES.NS,703,238.27,167503.81,83.751905,167932.77727500047,,
2020-10-12,BUY,NV20BEES.NS,2680,62.56,167660.80000000002,83.83040000000001,188.14687500044238,,
2020-10-19,SELL,NIF100BEES.NS,1240,117.5,145700.0,72.85000000000001,145815.29687500044,116.0,1.293
2020-10-19,BUY,MON100.NS,1689,86.26,145693.14,72.84657000000001,49.31030500042834,,
2020-10-26,SELL,MON100.NS,1689,83.88,141673.31999999998,70.83666,141651.7936450004,86.26,-2.759
2020-10-26,BUY,MID150BEES.NS,2167,65.33,141570.11,70.785055,10.898590000433614,,
2020-11-02,SELL,MID150BEES.NS,2167,65.34,141591.78,70.79589,141531.88270000042,65.33,0.015
2020-11-02,BUY,JUNIORBEES.NS,495,285.67,141406.65,70.70332499999999,54.52937500042026,,
2020-11-09,SELL,JUNIORBEES.NS,495,298.94,147975.3,73.98765,147955.8417250004,285.67,4.645
2020-11-09,SELL,NV20BEES.NS,2680,64.45,172726.0,86.363,320595.4787250004,62.56,3.021
2020-11-09,BUY,MOM100.NS,8544,18.75,160200.0,80.10000000000001,160315.3787250004,,
2020-11-09,BUY,MON100.NS,1782,89.86,160130.52,80.06526,104.79346500040265,,
2020-11-17,SELL,MOM100.NS,8544,19.23,164301.12,82.15056,164323.7629050004,18.75,2.56
2020-11-17,SELL,MON100.NS,1782,88.02,156851.63999999998,78.42581999999999,321096.97708500037,89.86,-2.048
2020-11-17,SELL,ITBEES.NS,8152,21.72,177061.44,88.53072,498069.8863650004,18.1,20.0
2020-11-17,BUY,NIF100BEES.NS,1265,131.08,165816.2,82.9081,332170.7782650004,,
2020-11-17,BUY,CONSUMBEES.NS,2892,57.36,165885.12,82.94256,166202.7157050004,,
2020-11-17,BUY,INFRABEES.NS,473,350.1,165597.30000000002,82.79865000000001,522.617055000359,,
2020-11-23,SELL,NIF100BEES.NS,1265,128.05,161983.25,80.991625,162424.87543000036,131.08,-2.312
2020-11-23,SELL,CONSUMBEES.NS,2892,56.66,163860.72,81.93036000000001,326203.66507000034,57.36,-1.22
2020-11-23,SELL,NIFTYBEES.NS,1226,137.76,168893.75999999998,84.44688,495012.9781900003,122.38,12.567
2020-11-23,BUY,MID150BEES.NS,2242,73.55,164899.1,82.44955,330031.4286400003,,
2020-11-23,BUY,PSUBNKBEES.NS,10218,16.14,164918.52000000002,82.45926000000001,165030.44938000027,,
2020-11-23,BUY,MOM100.NS,8258,19.97,164912.25999999998,82.45612999999999,35.73325000028126,,
2020-12-01,SELL,INFRABEES.NS,473,360.17,170360.41,85.180205,170310.96304500027,350.1,2.876
2020-12-01,BUY,CPSEETF.NS,8945,19.03,170223.35,85.111675,2.501370000274619,,
2020-12-14,SELL,MID150BEES.NS,2242,77.89,174629.38,87.31469,174544.56668000028,73.55,5.901
2020-12-14,BUY,DIVOPPBEES.NS,5215,33.45,174441.75000000003,87.22087500000002,15.595805000251858,,
2020-12-21,SELL,BANKBEES.NS,703,296.22,208242.66000000003,104.12133000000001,208154.1344750003,238.27,24.321
2020-12-21,SELL,DIVOPPBEES.NS,5215,32.75,170791.25,85.395625,378859.9888500003,33.45,-2.093
2020-12-21,BUY,MID150BEES.NS,2506,75.54,189303.24000000002,94.65162000000001,189462.0972300003,,
2020-12-21,BUY,CONSUMBEES.NS,3013,62.82,189276.66,94.63833000000001,90.79890000031446,,
2020-12-28,SELL,CONSUMBEES.NS,3013,63.34,190843.42,95.42171,190838.79719000033,62.82,0.828
2020-12-28,SELL,MID150BEES.NS,2506,78.9,197723.40000000002,98.86170000000001,388463.3354900003,75.54,4.448
2020-12-28,BUY,DIVOPPBEES.NS,5557,34.93,194106.01,97.05300500000001,194260.2724850003,,
2020-12-28,BUY,ITBEES.NS,7982,24.32,194122.24,97.06112,40.97136500032502,,
2021-01-04,SELL,CPSEETF.NS,8945,20.82,186234.9,93.11745,186182.75391500033,19.03,9.406
2021-01-04,SELL,DIVOPPBEES.NS,5557,34.25,190327.25,95.163625,376414.8402900003,34.93,-1.947
2021-01-04,BUY,MID150BEES.NS,2310,81.43,188103.30000000002,94.05165000000001,188217.4886400003,,
2021-01-04,BUY,NV20BEES.NS,2504,75.1,188050.4,94.0252,73.06344000028912,,
2021-01-11,SELL,NV20BEES.NS,2504,78.06,195462.24000000002,97.73112000000002,195437.5723200003,75.1,3.941
2021-01-11,BUY,CPSEETF.NS,9030,21.63,195318.9,97.65944999999999,21.01287000029697,,
2021-01-18,SELL,MOM100.NS,8258,22.42,185144.36000000002,92.57218,185072.80069000032,19.97,12.268
2021-01-18,SELL,MID150BEES.NS,2310,81.76,188865.6,94.4328,373843.9678900003,81.43,0.405
2021-01-18,BUY,INFRABEES.NS,463,403.37,186760.31,93.380155,186990.27773500033,,
2021-01-18,BUY,NV20BEES.NS,2428,76.93,186786.04,93.39302,110.84471500033396,,
2021-01-25,SELL,CPSEETF.NS,9030,20.13,181773.9,90.88695,181793.85776500034,21.63,-6.935
2021-01-25,BUY,CONSUMBEES.NS,2693,67.45,181642.85,90.821425,60.186340000334894,,
2021-02-01,SELL,INFRABEES.NS,463,399.36,184903.68,92.45184,184871.41450000033,403.37,-0.994
2021-02-01,SELL,NV20BEES.NS,2428,76.5,185742.0,92.871,370520.5435000003,76.93,-0.559
2021-02-01,SELL,CONSUMBEES.NS,2693,64.79,174479.47000000003,87.23973500000001,544912.7737650003,67.45,-3.944
2021-02-01,BUY,MOM100.NS,7994,22.71,181543.74000000002,90.77187,363278.26189500024,,
2021-02-01,BUY,DIVOPPBEES.NS,5254,34.55,181525.69999999998,90.76285,181661.79904500025,,
2021-02-01,BUY,MON100.NS,1929,94.09,181499.61000000002,90.74980500000001,71.4392400002398,,
2021-02-08,SELL,MOM100.NS,7994,23.66,189138.04,94.56902000000001,189114.91022000025,22.71,4.183
2021-02-08,SELL,MON100.NS,1929,98.44,189890.76,94.94538,378910.7248400003,94.09,4.623
2021-02-08,SELL,ITBEES.NS,7982,26.22,209288.03999999998,104.64402,588094.1208200003,24.32,7.812
2021-02-08,SELL,DIVOPPBEES.NS,5254,35.76,187883.03999999998,93.94152,775883.2193000002,34.55,3.502
2021-02-08,BUY,BANKBEES.NS,536,361.28,193646.08,96.82303999999999,582140.3162600002,,
2021-02-08,BUY,INFRABEES.NS,455,425.36,193538.80000000002,96.7694,388504.7468600002,,
2021-02-08,BUY,NIFTYBEES.NS,1203,161.03,193719.09,96.859545,194688.79731500018,,
2021-02-08,BUY,MID150BEES.NS,2238,86.6,193810.8,96.9054,781.091915000201,,
2021-02-22,SELL,INFRABEES.NS,455,423.91,192879.05000000002,96.43952500000002,193563.70239000022,425.36,-0.341
2021-02-22,SELL,NIFTYBEES.NS,1203,157.18,189087.54,94.54377000000001,382556.6986200003,161.03,-2.391
2021-02-22,SELL,MID150BEES.NS,2238,87.46,195735.47999999998,97.86774,578194.3108800002,86.6,0.993
2021-02-22,BUY,DIVOPPBEES.NS,5377,35.82,192604.14,96.30207000000001,385493.86881000025,,
2021-02-22,BUY,CPSEETF.NS,8595,22.41,192613.95,96.30697500000001,192783.61183500022,,
2021-02-22,BUY,MOM100.NS,7920,24.32,192614.4,96.3072,72.90463500021724,,
2021-03-01,SELL,BANKBEES.NS,536,354.96,190258.56,95.12928,190236.33535500022,361.28,-1.749
2021-03-01,SELL,DIVOPPBEES.NS,5377,36.59,196744.43000000002,98.37221500000001,386882.39314000023,35.82,2.15
2021-03-01,BUY,MID150BEES.NS,2139,90.39,193344.21,96.672105,193441.51103500024,,
2021-03-01,BUY,INFRABEES.NS,445,434.47,193339.15000000002,96.66957500000001,5.691460000205552,,
2021-03-15,SELL,INFRABEES.NS,445,432.87,192627.15,96.313575,192536.5278850002,434.47,-0.368
2021-03-15,BUY,DIVOPPBEES.NS,5105,37.69,192407.44999999998,96.20372499999999,32.874160000210395,,
2021-03-22,SELL,PSUBNKBEES.NS,10218,23.64,241553.52000000002,120.77676000000001,241465.61740000022,16.14,46.468
2021-03-22,BUY,NV20BEES.NS,2993,80.63,241325.59,120.662795,19.364605000213487,,
2021-03-30,SELL,CPSEETF.NS,8595,22.83,196223.84999999998,98.11192499999999,196145.1026800002,22.41,1.874
2021-03-30,BUY,ITBEES.NS,7304,26.84,196039.36,98.01968,7.723000000201864,,
2021-04-12,SELL,DIVOPPBEES.NS,5105,36.9,188374.5,94.18725,188288.0357500002,37.69,-2.096
2021-04-12,SELL,MID150BEES.NS,2139,93.25,199461.75,99.730875,387650.0548750002,90.39,3.164
2021-04-12,BUY,MON100.NS,1897,102.1,193683.69999999998,96.84185,193869.51302500023,,
2021-04-12,BUY,HNGSNGBEES.NS,533,363.46,193724.18,96.86209,48.47093500022311,,
2021-04-19,SELL,MOM100.NS,7920,24.51,194119.2,97.0596,194070.61133500023,24.32,0.781
2021-04-19,BUY,GOLDBEES.NS,4670,41.53,193945.1,96.97255,28.538785000215285,,
2021-04-26,SELL,NV20BEES.NS,2993,79.43,237733.99000000002,118.86699500000002,237643.66179000025,80.63,-1.488
2021-04-26,SELL,ITBEES.NS,7304,25.93,189392.72,94.69636,426941.68543000025,26.84,-3.39
2021-04-26,BUY,LIQUIDBEES.NS,213,999.99,212997.87,106.498935,213837.31649500024,,
2021-04-26,BUY,MID150BEES.NS,2368,90.09,213333.12,106.66656,397.5299350002315,,
2021-05-03,SELL,LIQUIDBEES.NS,213,1000.0,213000.0,106.5,213291.02993500023,999.99,0.001
2021-05-03,BUY,MOM100.NS,8347,25.54,213182.38,106.59119000000001,2.0587450002203695,,
2021-05-10,SELL,HNGSNGBEES.NS,533,359.23,191469.59,95.734795,191375.91395000022,363.46,-1.164
2021-05-10,SELL,MON100.NS,1897,99.33,188429.01,94.214505,379710.7094450002,102.1,-2.713
2021-05-10,BUY,CPSEETF.NS,7676,24.72,189750.72,94.87536,189865.1140850002,,
2021-05-10,BUY,JUNIORBEES.NS,501,378.15,189453.15,94.726575,317.23751000021,,
2021-05-17,SELL,MOM100.NS,8347,25.93,216437.71,108.218855,216646.7286550002,25.54,1.527
2021-05-17,BUY,PSUBNKBEES.NS,8678,24.95,216516.1,108.25805000000001,22.37060500017833,,
2021-05-24,SELL,GOLDBEES.NS,4670,42.2,197074.0,98.537,196997.83360500017,41.53,1.613
2021-05-24,BUY,MOM100.NS,7352,26.78,196886.56,98.44328,12.830325000162702,,
2021-05-31,SELL,MID150BEES.NS,2368,97.96,231969.28,115.98464,231866.12568500015,90.09,8.736
2021-05-31,BUY,BANKBEES.NS,650,356.12,231478.0,115.739,272.38668500015046,,
2021-06-07,SELL,BANKBEES.NS,650,356.02,231413.0,115.7065,231569.68018500015,356.12,-0.028
2021-06-07,BUY,MID150BEES.NS,2278,101.57,231376.46,115.68823,77.53195500015863,,
2021-06-21,SELL,JUNIORBEES.NS,501,403.34,202073.34,101.03667,202049.83528500015,378.15,6.661
2021-06-21,SELL,MOM100.NS,7352,27.76,204091.52000000002,102.04576000000002,406039.30952500016,26.78,3.659
2021-06-21,SELL,CPSEETF.NS,7676,25.98,199422.48,99.71124,605362.0782850002,24.72,5.097
2021-06-21,BUY,ITBEES.NS,7010,28.77,201677.69999999998,100.83885,403583.53943500016,,
2021-06-21,BUY,CONSUMBEES.NS,2936,68.68,201644.48,100.82224000000001,201838.23719500014,,
2021-06-21,BUY,DIVOPPBEES.NS,5024,40.14,201663.36000000002,100.83168,74.04551500012167,,
2021-06-28,SELL,DIVOPPBEES.NS,5024,40.02,201060.48,100.53024,201033.99527500014,40.14,-0.299
2021-06-28,BUY,MON100.NS,1906,105.41,200911.46,100.45573,22.07954500016058,,
2021-07-05,SELL,CONSUMBEES.NS,2936,69.55,204198.8,102.0994,204118.78014500014,68.68,1.267
2021-07-05,BUY,DIVOPPBEES.NS,5004,40.77,204013.08000000002,102.00654000000002,3.69360500012408,,
2021-07-12,SELL,PSUBNKBEES.NS,8678,27.05,234739.9,117.36995,234626.22365500013,24.95,8.417
2021-07-12,SELL,DIVOPPBEES.NS,5004,40.36,201961.44,100.98072,436486.68293500016,40.77,-1.006
2021-07-12,BUY,MOM100.NS,7537,28.94,218120.78,109.06039,218256.84254500017,,
2021-07-12,BUY,CONSUMBEES.NS,3143,69.4,218124.2,109.06210000000002,23.58044500014512,,
2021-07-19,SELL,CONSUMBEES.NS,3143,68.98,216804.14,108.40207000000001,216719.31837500015,69.4,-0.605
2021-07-19,BUY,MAFANG.NS,4038,53.63,216557.94,108.27897,53.09940500013181,,
2021-07-26,SELL,MOM100.NS,7537,28.97,218346.88999999998,109.173445,218290.81596000012,28.94,0.104
2021-07-26,BUY,DIVOPPBEES.NS,5315,41.05,218180.74999999997,109.090375,0.9755850001529325,,
2021-08-02,SELL,MAFANG.NS,4038,53.74,217002.12,108.50106,216894.59452500014,53.63,0.205
2021-08-02,BUY,MOM100.NS,7299,29.7,216780.3,108.39014999999999,5.904375000158325,,
2021-08-09,SELL,MOM100.NS,7299,29.03,211889.97,105.944985,211789.92939000015,29.7,-2.256
2021-08-09,SELL,MID150BEES.NS,2278,106.04,241559.12000000002,120.77956000000002,453228.2698300002,101.57,4.401
2021-08-09,BUY,NV20BEES.NS,2477,91.44,226496.88,113.24844,226618.14139000018,,
2021-08-09,BUY,NIF100BEES.NS,1336,169.46,226398.56,113.19928,106.38211000018055,,
2021-08-16,SELL,MON100.NS,1906,111.44,212404.63999999998,106.20232,212404.81979000015,105.41,5.721
2021-08-16,BUY,NIFTYBEES.NS,1188,178.6,212176.8,106.0884,121.93139000015799,,
2021-08-23,SELL,NIF100BEES.NS,1336,172.37,230286.32,115.14316000000001,230293.10823000016,169.46,1.717
2021-08-23,BUY,CONSUMBEES.NS,3165,72.71,230127.15,115.063575,50.89465500015649,,
2021-08-30,SELL,CONSUMBEES.NS,3165,72.95,230886.75,115.443375,230822.20128000015,72.71,0.33
2021-08-30,BUY,NIF100BEES.NS,1308,176.38,230705.04,115.35252000000001,1.808760000159964,,
2021-09-06,SELL,NV20BEES.NS,2477,97.59,241730.43000000002,120.86521500000002,241611.37354500018,91.44,6.726
2021-09-06,SELL,DIVOPPBEES.NS,5315,44.64,237261.6,118.63080000000001,478754.34274500015,41.05,8.745
2021-09-06,SELL,NIFTYBEES.NS,1188,187.55,222809.40000000002,111.40470000000002,701452.3380450001,178.6,5.011
2021-09-06,BUY,CONSUMBEES.NS,3056,76.46,233661.75999999998,116.83088,467673.7471650001,,
2021-09-06,BUY,JUNIORBEES.NS,524,445.33,233352.91999999998,116.67645999999999,234204.15070500015,,
2021-09-06,BUY,INFRABEES.NS,464,502.64,233224.96,116.61248,862.5782250001503,,
2021-09-20,SELL,NIF100BEES.NS,1308,182.82,239128.56,119.56428,239871.57394500016,176.38,3.651
2021-09-20,BUY,NV20BEES.NS,2431,98.6,239696.59999999998,119.8483,55.125645000167424,,
2021-09-27,SELL,JUNIORBEES.NS,524,449.26,235412.24,117.70612,235349.65952500017,445.33,0.882
2021-09-27,BUY,CPSEETF.NS,8268,28.45,235224.6,117.6123,7.4472250001563225,,
2021-10-04,SELL,CONSUMBEES.NS,3056,78.38,239529.28,119.76464,239416.96258500015,76.46,2.511
2021-10-04,SELL,NV20BEES.NS,2431,99.93,242929.83000000002,121.464915,482225.32767000014,98.6,1.349
2021-10-04,SELL,ITBEES.NS,7010,35.78,250817.80000000002,125.40890000000002,732917.7187700002,28.77,24.366
2021-10-04,BUY,MOM100.NS,7534,32.41,244176.93999999997,122.08846999999999,488618.6903000002,,
2021-10-04,BUY,MID150BEES.NS,2089,116.84,244078.76,122.03938000000001,244417.89092000018,,
2021-10-04,BUY,PSUBNKBEES.NS,8748,27.91,244156.68,122.07834,139.1325800001796,,
2021-10-25,SELL,INFRABEES.NS,464,528.8,245363.19999999998,122.68159999999999,245379.65098000015,502.64,5.205
2021-10-25,SELL,MID150BEES.NS,2089,115.6,241488.4,120.7442,486747.30678000016,116.84,-1.061
2021-10-25,BUY,BANKBEES.NS,586,414.63,242973.18,121.48658999999999,243652.64019000018,,
2021-10-25,BUY,MAFANG.NS,4303,56.52,243205.56000000003,121.60278000000001,325.47741000016686,,
2021-11-01,SELL,MOM100.NS,7534,33.0,248622.0,124.311,248823.16641000018,32.41,1.82
2021-11-01,BUY,MON100.NS,2120,117.29,248654.80000000002,124.32740000000001,44.03901000015321,,
2021-11-08,SELL,CPSEETF.NS,8268,30.55,252587.4,126.2937,252505.14531000014,28.45,7.381
2021-11-08,SELL,BANKBEES.NS,586,397.48,232923.28,116.46164,485311.96367000014,414.63,-4.136
2021-11-08,BUY,INFRABEES.NS,444,545.76,242317.44,121.15872,242873.36495000013,,
2021-11-08,BUY,MOM100.NS,7265,33.38,242505.7,121.25285000000001,246.41210000013234,,
2021-11-15,SELL,MOM100.NS,7265,33.53,243595.45,121.79772500000001,243720.06437500013,33.38,0.449
2021-11-15,BUY,GOLDBEES.NS,5711,42.65,243574.15,121.787075,24.127300000138348,,
2021-11-22,SELL,INFRABEES.NS,444,526.7,233854.80000000002,116.9274,233761.99990000017,545.76,-3.492
2021-11-22,BUY,MOM100.NS,7007,33.34,233613.38000000003,116.80669000000002,31.813210000138497,,
2021-11-29,SELL,MOM100.NS,7007,31.42,220159.94,110.07997,220081.67324000015,33.34,-5.759
2021-11-29,SELL,PSUBNKBEES.NS,8748,28.14,246168.72,123.08436,466127.30888000014,27.91,0.824
2021-11-29,BUY,GILT5YBEES.NS,4719,49.36,232929.84,116.46492,233081.00396000015,,
2021-11-29,BUY,LIQUIDBEES.NS,232,999.99,231997.68,115.99884,967.3251200001687,,
2021-12-06,SELL,GOLDBEES.NS,5711,41.3,235864.3,117.93215,236713.69297000015,42.65,-3.165
2021-12-06,BUY,ITBEES.NS,6621,35.73,236568.33,118.284165,27.078805000171997,,
2021-12-13,SELL,GILT5YBEES.NS,4719,49.39,233071.41,116.53570500000001,232981.9531000002,49.36,0.061
2021-12-13,SELL,LIQUIDBEES.NS,232,999.99,231997.68,115.99884,464863.6342600002,999.99,0.0
2021-12-13,BUY,PSUBNKBEES.NS,7710,30.13,232302.3,116.15115,232445.18311000022,,
2021-12-13,BUY,MID150BEES.NS,1947,119.29,232257.63,116.128815,71.42429500020808,,
2021-12-20,SELL,MAFANG.NS,4303,54.13,232921.39,116.46069500000002,232876.35360000024,56.52,-4.229
2021-12-20,SELL,PSUBNKBEES.NS,7710,26.93,207630.3,103.81515,440402.8384500002,30.13,-10.621
2021-12-20,SELL,MID150BEES.NS,1947,111.2,216506.4,108.25319999999999,656800.9852500001,119.29,-6.782
2021-12-20,BUY,GOLDBEES.NS,5227,41.86,218802.22,109.40111,437889.36414000014,,
2021-12-20,BUY,GILT5YBEES.NS,4442,49.26,218812.91999999998,109.40646,218967.03768000015,,
2021-12-20,BUY,LIQUIDBEES.NS,218,1000.0,218000.0,109.0,858.0376800001541,,
2021-12-27,SELL,GILT5YBEES.NS,4442,49.33,219123.86,109.56192999999999,219872.33575000014,49.26,0.142
2021-12-27,BUY,NV20BEES.NS,2220,98.95,219669.0,109.8345,93.50125000014668,,
2022-01-03,SELL,GOLDBEES.NS,5227,41.73,218122.71,109.06135499999999,218107.14989500013,41.86,-0.311
2022-01-03,SELL,LIQUIDBEES.NS,218,999.99,217997.82,108.99891000000001,435995.97098500014,1000.0,-0.001
2022-01-03,BUY,PHARMABEES.NS,15376,14.17,217877.92,108.93896000000001,218009.11202500013,,
2022-01-03,BUY,DIVOPPBEES.NS,4768,45.69,217849.91999999998,108.92496,50.267065000138246,,
2022-01-10,SELL,PHARMABEES.NS,15376,13.93,214187.68,107.09384,214130.85322500014,14.17,-1.694
2022-01-10,SELL,MON100.NS,2120,115.06,243927.2,121.96360000000001,457936.08962500014,117.29,-1.901
2022-01-10,BUY,CPSEETF.NS,7306,31.32,228823.92,114.41196000000001,228997.75766500013,,
2022-01-10,BUY,BANKBEES.NS,593,385.71,228726.03,114.363015,157.36465000011958,,
2022-01-17,SELL,BANKBEES.NS,593,385.3,228482.9,114.24145,228526.0232000001,385.71,-0.106
2022-01-17,SELL,DIVOPPBEES.NS,4768,47.34,225717.12000000002,112.85856000000001,454130.28464000014,45.69,3.611
2022-01-17,BUY,NIFTYBEES.NS,1146,198.03,226942.38,113.47119,227074.43345000013,,
2022-01-17,BUY,INFRABEES.NS,411,551.86,226814.46,113.40723,146.5662200001243,,
2022-01-24,SELL,ITBEES.NS,6621,35.73,236568.33,118.284165,236596.61205500012,35.73,0.0
2022-01-24,SELL,NIFTYBEES.NS,1146,185.79,212915.34,106.45767000000001,449405.4943850001,198.03,-6.181
2022-01-24,BUY,BANKBEES.NS,603,372.15,224406.44999999998,112.20322499999999,224886.8411600001,,
2022-01-24,BUY,PSUBNKBEES.NS,7760,28.94,224574.40000000002,112.28720000000001,200.15396000008332,,
2022-01-31,SELL,INFRABEES.NS,411,526.58,216424.38,108.21219,216516.3217700001,551.86,-4.581
2022-01-31,SELL,NV20BEES.NS,2220,98.34,218314.80000000002,109.15740000000001,434721.9643700001,98.95,-0.616
2022-01-31,BUY,LIQUIDBEES.NS,217,1000.0,217000.0,108.5,217613.46437000012,,
2022-01-31,BUY,GILT5YBEES.NS,4399,49.38,217222.62000000002,108.61131000000002,282.23306000008597,,
2022-02-07,SELL,GILT5YBEES.NS,4399,49.12,216078.87999999998,108.03943999999998,216253.07362000007,49.38,-0.527
2022-02-07,SELL,LIQUIDBEES.NS,217,1000.0,217000.0,108.5,433144.57362000004,1000.0,0.0
2022-02-07,BUY,HNGSNGBEES.NS,699,309.6,216410.40000000002,108.20520000000002,216625.96842000002,,
2022-02-07,BUY,DIVOPPBEES.NS,4755,45.52,216447.6,108.22380000000001,70.1446200000064,,
2022-02-14,SELL,DIVOPPBEES.NS,4755,44.58,211977.9,105.98895,211942.05567,45.52,-2.065
2022-02-14,BUY,GOLDBEES.NS,4931,42.96,211835.76,105.91788000000001,0.37778999999864027,,
2022-02-21,SELL,BANKBEES.NS,603,379.51,228844.53,114.422265,228730.485525,372.15,1.978
2022-02-21,BUY,GILT5YBEES.NS,4584,49.87,228604.08,114.30203999999999,12.103484999999637,,
2022-02-28,SELL,PSUBNKBEES.NS,7760,29.1,225816.0,112.908,225715.195485,28.94,0.553
2022-02-28,BUY,LIQUIDBEES.NS,225,1000.0,225000.0,112.5,602.6954850000038,,
2022-03-07,SELL,HNGSNGBEES.NS,699,289.84,202598.15999999997,101.29907999999999,203099.55640499998,309.6,-6.382
2022-03-07,BUY,DIVOPPBEES.NS,4697,43.21,202957.37,101.478685,40.70771999997669,,
2022-03-14,SELL,DIVOPPBEES.NS,4697,44.79,210378.63,105.18931500000001,210314.14840499999,43.21,3.657
2022-03-14,BUY,PHARMABEES.NS,15628,13.45,210196.59999999998,105.0983,12.450104999996256,,
2022-03-21,SELL,GILT5YBEES.NS,4584,49.54,227091.36,113.54567999999999,226990.26442499997,49.87,-0.662
2022-03-21,SELL,LIQUIDBEES.NS,225,999.99,224997.75,112.498875,451875.51555,1000.0,-0.001
2022-03-21,BUY,ITBEES.NS,6222,36.29,225796.38,112.89819,225966.23736,,
2022-03-21,BUY,NV20BEES.NS,2270,99.45,225751.5,112.87575,101.86160999999265,,
2022-03-28,SELL,PHARMABEES.NS,15628,13.63,213009.64,106.50482000000001,213004.99679,13.45,1.338
2022-03-28,SELL,NV20BEES.NS,2270,100.72,228634.4,114.3172,441525.07959,99.45,1.277
2022-03-28,BUY,MON100.NS,1952,112.99,220556.47999999998,110.27824,220858.32134999998,,
2022-03-28,BUY,MAFANG.NS,4349,50.73,220624.77,110.31238499999999,123.23896499999682,,
2022-04-04,SELL,GOLDBEES.NS,4931,44.22,218048.82,109.02441,218063.034555,42.96,2.933
2022-04-04,BUY,DIVOPPBEES.NS,4664,46.73,217948.71999999997,108.97435999999999,5.340195000026142,,
2022-04-11,SELL,MAFANG.NS,4349,47.38,206055.62000000002,103.02781000000002,205957.93238500005,50.73,-6.604
2022-04-11,SELL,ITBEES.NS,6222,35.8,222747.59999999998,111.37379999999999,428594.158585,36.29,-1.35
2022-04-11,SELL,DIVOPPBEES.NS,4664,47.01,219254.63999999998,109.62732,647739.171265,46.73,0.599
2022-04-11,SELL,MON100.NS,1952,112.16,218936.32,109.46816000000001,866566.023105,112.99,-0.735
2022-04-11,BUY,JUNIORBEES.NS,467,463.53,216468.50999999998,108.23425499999999,649989.2788500001,,
2022-04-11,BUY,MOM100.NS,6551,33.05,216510.55,108.255275,433370.4735750001,,
2022-04-11,BUY,INFRABEES.NS,398,542.86,216058.28,108.02914,217204.16443500013,,
2022-04-11,BUY,MID150BEES.NS,1817,119.17,216531.89,108.26594500000002,564.0084900001239,,
2022-04-18,SELL,INFRABEES.NS,398,533.82,212460.36000000002,106.23018,212918.13831000013,542.86,-1.665
2022-04-18,BUY,PSUBNKBEES.NS,6893,30.87,212786.91,106.393455,24.83485500011011,,
2022-04-25,SELL,MOM100.NS,6551,31.32,205177.32,102.58866,205099.5661950001,33.05,-5.234
2022-04-25,SELL,PSUBNKBEES.NS,6893,29.9,206100.69999999998,103.05035,411097.2158450001,30.87,-3.142
2022-04-25,BUY,INFRABEES.NS,386,531.59,205193.74000000002,102.59687000000001,205800.8789750001,,
2022-04-25,BUY,CONSUMBEES.NS,2706,75.9,205385.40000000002,102.69270000000002,312.7862750000495,,
2022-05-02,SELL,MID150BEES.NS,1817,113.4,206047.80000000002,103.02390000000001,206257.56237500007,119.17,-4.842
2022-05-02,BUY,AUTOBEES.NS,1873,110.02,206067.46,103.03372999999999,87.06864500007941,,
2022-05-09,SELL,JUNIORBEES.NS,467,418.7,195532.9,97.76645,195522.20219500008,463.53,-9.671
2022-05-09,SELL,AUTOBEES.NS,1873,105.18,197002.14,98.50107000000001,392425.8411250001,110.02,-4.399
2022-05-09,SELL,CONSUMBEES.NS,2706,72.22,195427.32,97.71366,587755.4474650001,75.9,-4.848
2022-05-09,SELL,INFRABEES.NS,386,507.87,196037.82,98.01891,783695.248555,531.59,-4.462
2022-05-09,BUY,HNGSNGBEES.NS,642,304.74,195643.08000000002,97.82154000000001,587954.3470150001,,
2022-05-09,BUY,DIVOPPBEES.NS,4460,43.9,195794.0,97.897,392062.45001500007,,
2022-05-09,BUY,LIQUIDBEES.NS,195,1000.0,195000.0,97.5,196964.95001500007,,
2022-05-09,BUY,GOLDBEES.NS,4408,44.42,195803.36000000002,97.90168000000001,1063.6883350000426,,
2022-05-16,SELL,CPSEETF.NS,7306,33.99,248330.94,124.16547,249270.46286500004,31.32,8.525
2022-05-16,SELL,DIVOPPBEES.NS,4460,42.39,189059.4,94.5297,438235.333165,43.9,-3.44
2022-05-16,BUY,GILT5YBEES.NS,4438,49.34,218970.92,109.48546,219154.927705,,
2022-05-16,BUY,AUTOBEES.NS,2043,107.15,218907.45,109.453725,138.02397999999812,,
2022-05-23,SELL,GOLDBEES.NS,4408,44.25,195054.0,97.527,195094.49698,44.42,-0.383
2022-05-23,SELL,HNGSNGBEES.NS,642,295.04,189415.68000000002,94.70784000000002,384415.46914000006,304.74,-3.183
2022-05-23,BUY,CPSEETF.NS,5617,34.2,192101.40000000002,96.05070000000002,192218.01844000004,,
2022-05-23,BUY,CONSUMBEES.NS,2589,74.2,192103.80000000002,96.05190000000002,18.16654000003473,,
2022-05-30,SELL,CONSUMBEES.NS,2589,74.76,193553.64,96.77682000000001,193475.02972000005,74.2,0.755
2022-05-30,SELL,CPSEETF.NS,5617,33.95,190697.15000000002,95.34857500000001,384076.83114500006,34.2,-0.731
2022-05-30,BUY,BANKBEES.NS,531,361.43,191919.33000000002,95.95966500000002,192061.54148000004,,
2022-05-30,BUY,GOLDBEES.NS,4364,43.98,191928.71999999997,95.96435999999999,36.857120000058785,,
2022-06-06,SELL,GILT5YBEES.NS,4438,48.56,215509.28,107.75464,215438.38248000006,49.34,-1.581
2022-06-06,BUY,CONSUMBEES.NS,2926,73.58,215295.08,107.64753999999999,35.654940000065835,,
2022-06-13,SELL,GOLDBEES.NS,4364,44.19,192845.16,96.42258000000001,192784.39236000006,43.98,0.477
2022-06-13,SELL,CONSUMBEES.NS,2926,71.67,209706.42,104.85321,402385.95915000007,73.58,-2.596
2022-06-13,SELL,BANKBEES.NS,531,338.36,179669.16,89.83458,581965.2845700001,361.43,-6.383
2022-06-13,BUY,CPSEETF.NS,5638,34.39,193890.82,96.94541000000001,387977.51916000014,,
2022-06-13,BUY,HNGSNGBEES.NS,638,303.58,193684.03999999998,96.84201999999999,194196.63714000015,,
2022-06-13,BUY,GILT5YBEES.NS,3986,48.64,193879.04,96.93952,220.6576200001291,,
2022-06-20,SELL,CPSEETF.NS,5638,31.44,177258.72,88.62936,177390.74826000014,34.39,-8.578
2022-06-20,BUY,GOLDBEES.NS,4046,43.82,177295.72,88.64786000000001,6.380400000140071,,
2022-06-27,SELL,GILT5YBEES.NS,3986,48.79,194476.94,97.23847,194386.08193000013,48.64,0.308
2022-06-27,SELL,GOLDBEES.NS,4046,43.87,177498.02,88.74901,371795.3529200001,43.82,0.114
2022-06-27,BUY,CONSUMBEES.NS,2530,73.44,185803.19999999998,92.90159999999999,185899.2513200001,,
2022-06-27,BUY,MAFANG.NS,4521,41.09,185767.89,92.88394500000001,38.47737500007497,,
2022-07-04,SELL,HNGSNGBEES.NS,638,297.94,190085.72,95.04286,190029.1545150001,303.58,-1.858
2022-07-04,SELL,MAFANG.NS,4521,39.58,178941.18,89.47059,368880.86392500007,41.09,-3.675
2022-07-04,BUY,GOLDBEES.NS,4125,44.68,184305.0,92.1525,184483.71142500007,,
2022-07-04,BUY,GILT5YBEES.NS,3776,48.81,184306.56,92.15328,84.99814500007778,,
2022-07-11,SELL,GILT5YBEES.NS,3776,48.74,184042.24000000002,92.02112000000001,184035.2170250001,48.81,-0.143
2022-07-11,SELL,LIQUIDBEES.NS,195,999.99,194998.05,97.499025,378935.7680000001,1000.0,-0.001
2022-07-11,SELL,GOLDBEES.NS,4125,43.56,179685.0,89.8425,558530.9255000001,44.68,-2.507
2022-07-11,BUY,PSUBNKBEES.NS,6312,29.48,186077.76,93.03888,372360.1266200001,,
2022-07-11,BUY,MAFANG.NS,4452,41.79,186049.08,93.02454,186218.0220800001,,
2022-07-11,BUY,BANKBEES.NS,518,358.74,185827.32,92.91366000000001,297.78842000011355,,
2022-07-18,SELL,MAFANG.NS,4452,41.02,182621.04,91.31052000000001,182827.51790000012,41.79,-1.843
2022-07-18,SELL,BANKBEES.NS,518,357.55,185210.9,92.60545,367945.8124500001,358.74,-0.332
2022-07-18,BUY,JUNIORBEES.NS,442,416.01,183876.41999999998,91.93821,183977.4542400001,,
2022-07-18,BUY,MID150BEES.NS,1678,109.57,183858.46,91.92923,27.065010000107577,,
2022-07-25,SELL,JUNIORBEES.NS,442,423.76,187301.91999999998,93.65096,187235.3340500001,416.01,1.863
2022-07-25,BUY,BANKBEES.NS,505,370.3,187001.5,93.50075,140.33330000008573,,
2022-08-01,SELL,AUTOBEES.NS,2043,130.73,267081.38999999996,133.54069499999997,267088.1826050001,107.15,22.007
2022-08-01,BUY,MOM100.NS,8337,32.02,266950.74000000005,133.47537000000003,3.967235000047367,,
2022-08-08,SELL,BANKBEES.NS,505,386.46,195162.3,97.58115,195068.68608500002,370.3,4.364
2022-08-08,BUY,JUNIORBEES.NS,440,442.15,194546.0,97.273,425.4130850000365,,
2022-08-16,SELL,JUNIORBEES.NS,440,452.75,199210.0,99.605,199535.80808500003,442.15,2.397
2022-08-16,SELL,CONSUMBEES.NS,2530,84.87,214721.1,107.36055,414149.547535,73.44,15.564
2022-08-16,BUY,BANKBEES.NS,521,397.06,206868.26,103.43413000000001,207177.853405,,
2022-08-16,BUY,MAFANG.NS,4562,45.36,206932.32,103.46616,142.0672449999838,,
2022-08-22,SELL,MAFANG.NS,4562,43.66,199176.91999999998,99.58846,199219.39878499997,45.36,-3.748
2022-08-22,SELL,PSUBNKBEES.NS,6312,30.93,195230.16,97.61508,394351.943705,29.48,4.919
2022-08-22,BUY,JUNIORBEES.NS,440,447.21,196772.4,98.3862,197481.15750499998,,
2022-08-22,BUY,NIF100BEES.NS,1064,185.13,196978.32,98.48916000000001,404.3483449999767,,
2022-08-29,SELL,BANKBEES.NS,521,387.78,202033.37999999998,101.01668999999998,202336.71165499996,397.06,-2.337
2022-08-29,SELL,NIF100BEES.NS,1064,183.62,195371.68,97.68584,397610.705815,185.13,-0.816
2022-08-29,BUY,PSUBNKBEES.NS,6110,32.52,198697.2,99.3486,198814.15721499998,,
2022-08-29,BUY,CPSEETF.NS,5441,36.52,198705.32,99.35266,9.484554999973625,,
2022-09-12,SELL,JUNIORBEES.NS,440,472.03,207693.19999999998,103.8466,207598.83795499997,447.21,5.55
2022-09-12,BUY,BANKBEES.NS,505,410.22,207161.1,103.58055,334.1574049999472,,
2022-09-19,SELL,MOM100.NS,8337,33.64,280456.68,140.22834,280650.60906499997,32.02,5.059
2022-09-19,BUY,JUNIORBEES.NS,599,468.16,280427.84,140.21392,82.55514499993296,,
2022-09-26,SELL,CPSEETF.NS,5441,34.55,187986.55,93.993275,187975.11186999994,36.52,-5.394
2022-09-26,BUY,CONSUMBEES.NS,2193,85.65,187830.45,93.915225,50.746644999919226,,
2022-10-03,SELL,JUNIORBEES.NS,599,438.54,262685.46,131.34273000000002,262604.863915,468.16,-6.327
2022-10-03,SELL,BANKBEES.NS,505,385.88,194869.4,97.43469999999999,457376.829215,410.22,-5.933
2022-10-03,SELL,MID150BEES.NS,1678,117.25,196745.5,98.37275,654023.9564649999,109.57,7.009
2022-10-03,BUY,PHARMABEES.NS,16408,13.28,217898.24,108.94912,436016.76734499994,,
2022-10-03,BUY,SILVERBEES.NS,3830,56.88,217850.40000000002,108.92520000000002,218057.44214499992,,
2022-10-03,BUY,LTGILTBEES.NS,9658,22.56,217884.47999999998,108.94224,64.01990499993553,,
2022-10-10,SELL,LTGILTBEES.NS,9658,22.53,217594.74000000002,108.79737000000002,217549.96253499997,22.56,-0.133
2022-10-10,SELL,CONSUMBEES.NS,2193,84.73,185812.89,92.906445,403269.94609,85.65,-1.074
2022-10-10,BUY,GOLDBEES.NS,4608,43.73,201507.84,100.75392,201661.35217,,
2022-10-10,BUY,MID150BEES.NS,1674,120.34,201449.16,100.72458,111.46758999998565,,
2022-10-17,SELL,GOLDBEES.NS,4608,43.24,199249.92,99.62496,199261.76263,43.73,-1.121
2022-10-17,SELL,PSUBNKBEES.NS,6110,33.77,206334.7,103.16735000000001,405493.29528,32.52,3.844
2022-10-17,SELL,MID150BEES.NS,1674,118.69,198687.06,99.34353,604081.0117500001,120.34,-1.371
2022-10-17,BUY,LIQUIDBEES.NS,201,999.99,200997.99,100.498995,402982.52275500004,,
2022-10-17,BUY,BANKBEES.NS,498,403.65,201017.69999999998,100.50885,201864.31390500005,,
2022-10-17,BUY,LTGILTBEES.NS,8944,22.5,201240.0,100.62,523.693905000051,,
2022-10-24,SELL,LIQUIDBEES.NS,201,999.99,200997.99,100.498995,201421.18491000004,999.99,0.0
2022-10-24,SELL,LTGILTBEES.NS,8944,22.45,200792.8,100.3964,402113.58851000003,22.5,-0.222
2022-10-24,SELL,SILVERBEES.NS,3830,56.93,218041.9,109.02095,620046.46756,56.88,0.088
2022-10-24,BUY,PSUBNKBEES.NS,5556,37.18,206572.08,103.28604,413371.10152,,
2022-10-24,BUY,ITBEES.NS,6971,29.63,206550.72999999998,103.275365,206717.09615500004,,
2022-10-24,BUY,CPSEETF.NS,5583,37.0,206571.0,103.2855,42.810655000037514,,
2022-10-31,SELL,PHARMABEES.NS,16408,13.31,218390.48,109.19524000000001,218324.09541500005,13.28,0.226
2022-10-31,SELL,ITBEES.NS,6971,29.81,207805.50999999998,103.902755,426025.70266000007,29.63,0.607
2022-10-31,BUY,SILVERBEES.NS,3728,57.11,212906.08,106.45304,213013.1696200001,,
2022-10-31,BUY,DIVOPPBEES.NS,4536,46.93,212874.48,106.43724,32.25238000007812,,
2022-11-07,SELL,BANKBEES.NS,498,421.16,209737.68000000002,104.86884000000002,209665.0635400001,403.65,4.338
2022-11-07,SELL,DIVOPPBEES.NS,4536,47.52,215550.72,107.77536,425108.0081800001,46.93,1.257
2022-11-07,BUY,PHARMABEES.NS,15878,13.38,212447.64,106.22382,212554.1443600001,,
2022-11-07,BUY,NV20BEES.NS,2089,101.65,212346.85,106.17342500000001,101.12093500010087,,
2022-11-14,SELL,PHARMABEES.NS,15878,13.16,208954.48,104.47724000000001,208951.1236950001,13.38,-1.644
2022-11-14,SELL,CPSEETF.NS,5583,38.03,212321.49000000002,106.160745,421166.4529500001,37.0,2.784
2022-11-14,BUY,ITBEES.NS,6780,31.04,210451.19999999998,105.2256,210610.02735000013,,
2022-11-14,BUY,BANKBEES.NS,494,425.65,210271.09999999998,105.13555,233.79180000015185,,
2022-11-21,SELL,NV20BEES.NS,2089,101.81,212681.09,106.340545,212808.54125500013,101.65,0.157
2022-11-21,BUY,GOLDBEES.NS,4747,44.8,212665.59999999998,106.33279999999999,36.60845500015421,,
2022-11-28,SELL,GOLDBEES.NS,4747,45.12,214184.63999999998,107.09232,214114.15613500014,44.8,0.714
2022-11-28,BUY,NV20BEES.NS,2056,104.07,213967.91999999998,106.98396,39.25217500014696,,
2022-12-05,SELL,NV20BEES.NS,2056,105.71,217339.75999999998,108.66987999999999,217270.34229500013,104.07,1.576
2022-12-05,SELL,BANKBEES.NS,494,437.9,216322.59999999998,108.1613,433484.7809950001,425.65,2.878
2022-12-05,BUY,HNGSNGBEES.NS,787,274.93,216369.91,108.184955,217006.6860400001,,
2022-12-05,BUY,INFRABEES.NS,381,567.12,216072.72,108.03636,825.9296800000884,,
2022-12-12,SELL,INFRABEES.NS,381,566.78,215943.18,107.97158999999999,216661.13809000008,567.12,-0.06
2022-12-12,SELL,ITBEES.NS,6780,30.27,205230.6,102.6153,421789.12279000005,31.04,-2.481
2022-12-12,BUY,BANKBEES.NS,477,441.77,210724.28999999998,105.362145,210959.47064500008,,
2022-12-12,BUY,MAFANG.NS,5305,39.73,210767.65,105.383825,86.43682000008994,,
2022-12-19,SELL,MAFANG.NS,5305,38.35,203446.75,101.723375,203431.4634450001,39.73,-3.473
2022-12-19,BUY,GOLDBEES.NS,4380,46.42,203319.6,101.6598,10.203645000088727,,
2022-12-26,SELL,PSUBNKBEES.NS,5556,46.44,258020.63999999998,129.01032,257901.83332500007,37.18,24.906
2022-12-26,SELL,BANKBEES.NS,477,430.88,205529.76,102.76488,463328.8284450001,441.77,-2.465
2022-12-26,BUY,LTGILTBEES.NS,10036,23.07,231530.52,115.76526,231682.54318500013,,
2022-12-26,BUY,GILT5YBEES.NS,4607,50.25,231501.75,115.75087500000001,65.04231000013533,,
2023-01-02,SELL,GILT5YBEES.NS,4607,50.24,231455.68000000002,115.72784000000001,231404.99447000015,50.25,-0.02
2023-01-02,SELL,LTGILTBEES.NS,10036,23.05,231329.80000000002,115.66490000000002,462619.12957000016,23.07,-0.087
2023-01-02,BUY,PSUBNKBEES.NS,4792,48.24,231166.08000000002,115.58304000000001,231337.46653000015,,
2023-01-02,BUY,BANKBEES.NS,528,437.18,230831.04,115.41552,391.01101000013296,,
2023-01-09,SELL,BANKBEES.NS,528,430.82,227472.96,113.73648,227750.23453000013,437.18,-1.455
2023-01-09,BUY,LTGILTBEES.NS,9880,23.04,227635.19999999998,113.8176,1.2169300001405645,,
2023-01-16,SELL,LTGILTBEES.NS,9880,23.1,228228.0,114.114,228115.10293000014,23.04,0.26
2023-01-16,BUY,GILT5YBEES.NS,4509,50.56,227975.04,113.98752,26.07541000013589,,
2023-01-23,SELL,GILT5YBEES.NS,4509,50.7,228606.30000000002,114.30315000000002,228518.07226000016,50.56,0.277
2023-01-23,SELL,PSUBNKBEES.NS,4792,47.11,225751.12,112.87556,454156.3167000002,48.24,-2.342
2023-01-23,BUY,CPSEETF.NS,5800,39.13,226954.00000000003,113.47700000000002,227088.83970000016,,
2023-01-23,BUY,DIVOPPBEES.NS,4590,49.44,226929.59999999998,113.4648,45.774900000193156,,
2023-01-30,SELL,CPSEETF.NS,5800,37.66,218427.99999999997,109.21399999999998,218364.56090000016,39.13,-3.757
2023-01-30,SELL,DIVOPPBEES.NS,4590,48.47,222477.3,111.23864999999999,440730.62225000013,49.44,-1.962
2023-01-30,BUY,MAFANG.NS,5141,42.84,220240.44000000003,110.12022000000002,220380.0620300001,,
2023-01-30,BUY,MON100.NS,2312,95.25,220218.0,110.10900000000001,51.95303000009153,,
2023-02-06,SELL,GOLDBEES.NS,4380,49.04,214795.19999999998,107.3976,214739.75543000008,46.42,5.644
2023-02-06,SELL,SILVERBEES.NS,3728,66.92,249477.76,124.73888000000001,464092.77655000007,57.11,17.177
2023-02-06,BUY,ITBEES.NS,7332,31.63,231911.16,115.95558,232065.66097000006,,
2023-02-06,BUY,AUTOBEES.NS,1720,134.78,231821.6,115.91080000000001,128.15017000003718,,
2023-02-20,SELL,AUTOBEES.NS,1720,132.96,228691.2,114.3456,228705.00457000005,134.78,-1.35
2023-02-20,SELL,HNGSNGBEES.NS,787,297.52,234148.24,117.07412,462736.17045000003,274.93,8.217
2023-02-20,BUY,NV20BEES.NS,2158,107.16,231251.28,115.62564,231369.26481000002,,
2023-02-20,BUY,DIVOPPBEES.NS,4635,49.89,231240.15,115.620075,13.49473500001477,,
2023-02-27,SELL,DIVOPPBEES.NS,4635,48.55,225029.25,112.51462500000001,224930.23011,49.89,-2.686
2023-02-27,BUY,CPSEETF.NS,5701,39.43,224790.43,112.395215,27.40489500001422,,
2023-03-06,SELL,NV20BEES.NS,2158,105.5,227669.0,113.8345,227582.57039500002,107.16,-1.549
2023-03-06,BUY,DIVOPPBEES.NS,4608,49.36,227450.88,113.72544,17.9649550000031,,
2023-03-13,SELL,ITBEES.NS,7332,30.53,223845.96000000002,111.92298000000001,223752.00197500002,31.63,-3.478
2023-03-13,BUY,GILT5YBEES.NS,4382,51.03,223613.46,111.80673,26.73524500001804,,
2023-03-20,SELL,GILT5YBEES.NS,4382,51.16,224183.12,112.09156,224097.763685,51.03,0.255
2023-03-20,SELL,DIVOPPBEES.NS,4608,48.46,223303.68,111.65183999999999,447289.791845,49.36,-1.823
2023-03-20,BUY,GOLDBEES.NS,4390,50.91,223494.9,111.74745,223683.144395,,
2023-03-20,BUY,LTGILTBEES.NS,9540,23.43,223522.2,111.76110000000001,49.18329499999527,,
2023-03-27,SELL,CPSEETF.NS,5701,38.58,219944.58,109.97229,219883.79100499998,39.43,-2.156
2023-03-27,BUY,SILVERBEES.NS,3212,68.42,219765.04,109.88252,8.868484999955399,,
2023-04-03,SELL,LTGILTBEES.NS,9540,23.46,223808.4,111.9042,223705.36428499996,23.43,0.128
2023-04-03,BUY,CPSEETF.NS,5585,40.03,223567.55000000002,111.783775,26.03050999995321,,
2023-04-10,SELL,CPSEETF.NS,5585,40.58,226639.3,113.31965,226552.01085999995,40.03,1.374
2023-04-10,BUY,PHARMABEES.NS,18187,12.45,226428.15,113.214075,10.6467849999608,,
2023-04-17,SELL,MON100.NS,2312,103.8,239985.6,119.9928,239876.25398499996,95.25,8.976
2023-04-17,BUY,CPSEETF.NS,5808,41.28,239754.24000000002,119.87712000000002,2.1368649999494664,,
2023-04-24,SELL,CPSEETF.NS,5808,41.07,238534.56,119.26728,238417.42958499995,41.28,-0.509
2023-04-24,BUY,BANKBEES.NS,552,431.09,237961.68,118.98084,336.7687449999503,,
2023-05-02,SELL,GOLDBEES.NS,4390,51.31,225250.90000000002,112.62545000000001,225475.04329499998,50.91,0.786
2023-05-02,BUY,PSUBNKBEES.NS,4864,46.33,225349.12,112.67456,13.24873499997193,,
2023-05-08,SELL,PHARMABEES.NS,18187,12.8,232793.6,116.3968,232690.451935,12.45,2.811
2023-05-08,SELL,MAFANG.NS,5141,49.75,255764.75,127.882375,488327.31956,42.84,16.13
2023-05-08,SELL,BANKBEES.NS,552,437.54,241522.08000000002,120.76104000000001,729728.63852,431.09,1.496
2023-05-08,BUY,MOM100.NS,7046,34.5,243087.0,121.54350000000001,486520.09502,,
2023-05-08,BUY,AUTOBEES.NS,1773,137.05,242989.65000000002,121.49482500000002,243408.95019499998,,
2023-05-08,BUY,INFRABEES.NS,430,565.1,242993.0,121.4965,294.4536949999747,,
2023-05-15,SELL,INFRABEES.NS,430,563.01,242094.3,121.04715,242267.70654499996,565.1,-0.37
2023-05-15,SELL,PSUBNKBEES.NS,4864,44.41,216010.24,108.00511999999999,458169.94142499997,46.33,-4.144
2023-05-15,SELL,SILVERBEES.NS,3212,71.83,230717.96,115.35898,688772.542445,68.42,4.984
2023-05-15,SELL,MOM100.NS,7046,34.56,243509.76,121.75488000000001,932160.547565,34.5,0.174
2023-05-15,BUY,MAFANG.NS,4481,51.98,232922.37999999998,116.46118999999999,699121.7063750001,,
2023-05-15,BUY,CONSUMBEES.NS,2732,85.24,232875.68,116.43784,466129.5885350001,,
2023-05-15,BUY,BANKBEES.NS,523,445.19,232834.37,116.417185,233178.8013500001,,
2023-05-15,BUY,JUNIORBEES.NS,537,433.05,232547.85,116.273925,514.6774250001181,,
2023-05-22,SELL,JUNIORBEES.NS,537,433.16,232606.92,116.30346000000002,233005.29396500014,433.05,0.025
2023-05-22,SELL,CONSUMBEES.NS,2732,84.45,230717.4,115.3587,463607.3352650001,85.24,-0.927
2023-05-22,BUY,MON100.NS,2091,110.77,231620.06999999998,115.81003499999998,231871.45523000014,,
2023-05-22,BUY,CPSEETF.NS,5457,42.45,231649.65000000002,115.82482500000002,105.98040500012576,,
2023-05-29,SELL,CPSEETF.NS,5457,42.41,231431.37,115.715685,231421.63472000012,42.45,-0.094
2023-05-29,SELL,BANKBEES.NS,523,449.93,235313.39,117.65669500000001,466617.3680250001,445.19,1.065
2023-05-29,BUY,MOM100.NS,6539,35.66,233180.74,116.59037,233320.0376550001,,
2023-05-29,BUY,JUNIORBEES.NS,526,443.11,233075.86000000002,116.53793,127.63972500010277,,
2023-06-05,SELL,JUNIORBEES.NS,526,449.08,236216.08,118.10804,236225.6116850001,443.11,1.347
2023-06-05,BUY,CONSUMBEES.NS,2673,88.31,236052.63,118.02631500000001,54.9553700000979,,
2023-06-12,SELL,CONSUMBEES.NS,2673,88.33,236106.09,118.053045,236042.9923250001,88.31,0.023
2023-06-12,BUY,JUNIORBEES.NS,520,453.62,235882.4,117.9412,42.65112500009127,,
2023-06-19,SELL,AUTOBEES.NS,1773,148.15,262669.95,131.33497500000001,262581.2661500001,137.05,8.099
2023-06-19,BUY,MID150BEES.NS,1945,134.91,262399.95,131.199975,50.11617500009015,,
2023-06-26,SELL,JUNIORBEES.NS,520,455.07,236636.4,118.3182,236568.19797500008,453.62,0.32
2023-06-26,BUY,AUTOBEES.NS,1592,148.48,236380.15999999997,118.19008,69.84789500010083,,
2023-07-03,SELL,MID150BEES.NS,1945,137.13,266717.85,133.358925,266654.33897000004,134.91,1.646
2023-07-03,BUY,PHARMABEES.NS,19369,13.76,266517.44,133.25872,3.640250000054948,,
2023-07-10,SELL,MON100.NS,2091,120.62,252216.42,126.10821000000001,252093.95204000006,110.77,8.892
2023-07-10,BUY,PSUBNKBEES.NS,5117,49.24,251961.08000000002,125.98054,6.891500000056112,,
2023-07-17,SELL,PHARMABEES.NS,19369,14.22,275427.18,137.71359,275296.35791,13.76,3.343
2023-07-17,SELL,MOM100.NS,6539,38.85,254040.15000000002,127.02007500000002,529209.487835,35.66,8.946
2023-07-17,BUY,MON100.NS,2131,124.08,264414.48,132.20723999999998,264662.80059500004,,
2023-07-17,BUY,ITBEES.NS,8117,32.58,264451.86,132.22593,78.7146650000359,,
2023-07-24,SELL,MAFANG.NS,4481,63.94,286515.14,143.25757000000002,286450.59709500003,51.98,23.009
2023-07-24,SELL,MON100.NS,2131,122.74,261558.94,130.77947,547878.7576250001,124.08,-1.08
2023-07-24,SELL,ITBEES.NS,8117,31.41,254954.97,127.477485,802706.2501400001,32.58,-3.591
2023-07-24,BUY,PHARMABEES.NS,18405,14.53,267424.64999999997,133.712325,535147.8878150003,,
2023-07-24,BUY,MOM100.NS,6831,39.15,267433.64999999997,133.71682499999997,267580.5209900003,,
2023-07-24,BUY,MID150BEES.NS,1899,140.76,267303.24,133.65162,143.6293700002716,,
2023-07-31,SELL,AUTOBEES.NS,1592,158.81,252825.52,126.41275999999999,252842.73661000025,148.48,6.957
2023-07-31,SELL,MID150BEES.NS,1899,144.75,274880.25,137.440125,527585.5464850003,140.76,2.835
2023-07-31,BUY,CPSEETF.NS,5526,47.71,263645.46,131.82273,263808.26375500025,,
2023-07-31,BUY,INFRABEES.NS,417,631.03,263139.51,131.56975500000001,537.1840000002412,,
2023-08-07,SELL,PSUBNKBEES.NS,5117,49.0,250733.0,125.3665,251144.81750000024,49.24,-0.487
2023-08-07,BUY,MID150BEES.NS,1733,144.82,250973.06,125.48653,46.27097000024514,,
2023-08-14,SELL,INFRABEES.NS,417,622.44,259557.48,129.77874,259473.97223000025,631.03,-1.361
2023-08-14,BUY,PSUBNKBEES.NS,5154,50.31,259297.74000000002,129.64887000000002,46.583360000222456,,
2023-08-28,SELL,PSUBNKBEES.NS,5154,50.78,261720.12,130.86006,261635.8433000002,50.31,0.934
2023-08-28,BUY,ITBEES.NS,8096,32.3,261500.8,130.75039999999998,4.292900000233203,,
2023-09-04,SELL,PHARMABEES.NS,18405,15.28,281228.39999999997,140.61419999999998,281092.0787000002,14.53,5.162
2023-09-04,BUY,AUTOBEES.NS,1731,162.23,280820.13,140.410065,131.53863500017906,,
2023-09-11,SELL,AUTOBEES.NS,1731,166.48,288176.88,144.08844,288164.33019500016,162.23,2.62
2023-09-11,BUY,INFRABEES.NS,441,652.19,287615.79000000004,143.80789500000003,404.7323000001488,,
2023-09-18,SELL,INFRABEES.NS,441,652.27,287651.07,143.825535,287911.97676500014,652.19,0.012
2023-09-18,BUY,PSUBNKBEES.NS,4954,58.08,287728.32,143.86416,39.79260500014061,,
2023-10-03,SELL,ITBEES.NS,8096,33.35,270001.60000000003,135.00080000000003,269906.3918050002,32.3,3.251
2023-10-03,BUY,DIVOPPBEES.NS,4659,57.9,269756.1,134.87805,15.41375500021968,,
2023-10-16,SELL,MOM100.NS,6831,43.22,295235.82,147.61791,295103.61584500025,39.15,10.396
2023-10-16,SELL,DIVOPPBEES.NS,4659,58.62,273110.58,136.55529,568077.6405550003,57.9,1.244
2023-10-16,BUY,AUTOBEES.NS,1691,167.83,283800.53,141.90026500000002,284135.21029000025,,
2023-10-16,BUY,INFRABEES.NS,433,654.68,283476.44,141.73822,517.0320700002485,,
2023-10-23,SELL,INFRABEES.NS,433,635.03,274967.99,137.483995,275347.5380750002,654.68,-3.001
2023-10-23,SELL,PSUBNKBEES.NS,4954,52.76,261373.03999999998,130.68652,536589.8915550002,58.08,-9.16
2023-10-23,SELL,MID150BEES.NS,1733,149.24,258632.92,129.31646,795093.4950950003,144.82,3.052
2023-10-23,BUY,GOLDBEES.NS,5139,51.54,264864.06,132.43203,530097.0030650003,,
2023-10-23,BUY,DIVOPPBEES.NS,4641,57.07,264861.87,132.430935,265102.7021300003,,
2023-10-23,BUY,CONSUMBEES.NS,2867,92.39,264882.13,132.441065,88.13106500025606,,
2023-10-30,SELL,CONSUMBEES.NS,2867,91.52,262387.83999999997,131.19392,262344.77714500023,92.39,-0.942
2023-10-30,SELL,DIVOPPBEES.NS,4641,56.99,264490.59,132.24529500000003,526703.1218500002,57.07,-0.14
2023-10-30,BUY,GILT5YBEES.NS,4955,53.12,263209.6,131.60479999999998,263361.9170500003,,
2023-10-30,BUY,LIQUIDBEES.NS,263,999.99,262997.37,131.498685,233.04836500028614,,
2023-11-06,SELL,AUTOBEES.NS,1691,164.52,278203.32,139.10166,278297.2667050003,167.83,-1.972
2023-11-06,SELL,LIQUIDBEES.NS,263,999.99,262997.37,131.498685,541163.1380200003,999.99,0.0
2023-11-06,BUY,PSUBNKBEES.NS,4865,55.59,270445.35000000003,135.222675,270582.56534500024,,
2023-11-06,BUY,LTGILTBEES.NS,11102,24.36,270444.72,135.22235999999998,2.622985000256449,,
2023-11-13,SELL,GILT5YBEES.NS,4955,53.41,264646.55,132.323275,264516.8497100003,53.12,0.546
2023-11-13,SELL,GOLDBEES.NS,5139,50.93,261729.27,130.864635,526115.2550750002,51.54,-1.184
2023-11-13,SELL,LTGILTBEES.NS,11102,24.43,271221.86,135.61093,797201.5041450001,24.36,0.287
2023-11-13,SELL,PSUBNKBEES.NS,4865,57.39,279202.35,139.60117499999998,1076264.25297,55.59,3.238
2023-11-13,BUY,MAFANG.NS,4134,65.05,268916.7,134.45835,807213.0946200001,,
2023-11-13,BUY,PHARMABEES.NS,17096,15.73,268920.08,134.46004000000002,538158.5545800001,,
2023-11-13,BUY,MON100.NS,2151,124.98,268831.98,134.41599,269192.1585900001,,
2023-11-13,BUY,MID150BEES.NS,1718,156.52,268901.36000000004,134.45068000000003,156.34791000006953,,
2023-11-20,SELL,PHARMABEES.NS,17096,16.04,274219.83999999997,137.10992,274239.07799,15.73,1.971
2023-11-20,SELL,MID150BEES.NS,1718,159.73,274416.13999999996,137.20807,548518.00992,156.52,2.051
2023-11-20,BUY,DIVOPPBEES.NS,4530,60.51,274110.3,137.05515,274270.65477,,
2023-11-20,BUY,MOM100.NS,6151,44.56,274088.56,137.04428000000001,45.05049000005238,,
2023-11-28,SELL,MOM100.NS,6151,44.96,276548.96,138.27448,276455.73601000005,44.56,0.898
2023-11-28,SELL,DIVOPPBEES.NS,4530,61.13,276918.9,138.45945,553236.17656,60.51,1.025
2023-11-28,BUY,PHARMABEES.NS,17130,16.14,276478.2,138.2391,276619.73746000003,,
2023-11-28,BUY,AUTOBEES.NS,1584,174.49,276392.16000000003,138.19608000000002,89.38137999997707,,
2023-12-04,SELL,AUTOBEES.NS,1584,179.71,284660.64,142.33032,284607.69106,174.49,2.992
2023-12-04,SELL,MON100.NS,2151,129.73,279049.23,139.52461499999998,563517.396445,124.98,3.801
2023-12-04,SELL,PHARMABEES.NS,17130,16.49,282473.69999999995,141.23684999999998,845849.8595949999,16.14,2.169
2023-12-04,BUY,MOM100.NS,5976,47.15,281768.39999999997,140.8842,563940.5753949999,,
2023-12-04,BUY,DIVOPPBEES.NS,4423,63.71,281789.33,140.894665,282010.3507299999,,
2023-12-04,BUY,JUNIORBEES.NS,536,525.72,281785.92000000004,140.89296000000002,83.53776999982074,,
2023-12-11,SELL,MAFANG.NS,4134,69.01,285287.34,142.64367000000001,285228.2340999998,65.05,6.088
2023-12-11,BUY,INFRABEES.NS,393,724.68,284799.24,142.39962,286.59447999985423,,
2023-12-18,SELL,INFRABEES.NS,393,747.2,293649.60000000003,146.8248,293789.3696799999,724.68,3.108
2023-12-18,SELL,MOM100.NS,5976,48.73,291210.48,145.60523999999998,584854.2444399998,47.15,3.351
2023-12-18,BUY,ITBEES.NS,7720,37.86,292279.2,146.1396,292428.9048399998,,
2023-12-18,BUY,PSUBNKBEES.NS,4582,63.78,292239.96,146.11998000000003,42.82485999976052,,
2023-12-26,SELL,PSUBNKBEES.NS,4582,61.99,284038.18,142.01909,283938.98576999974,63.78,-2.807
2023-12-26,BUY,MAFANG.NS,3906,72.64,283731.84,141.86592000000002,65.27984999970067,,
2024-01-01,SELL,MAFANG.NS,3906,73.02,285216.12,142.60806,285138.7917899997,72.64,0.523
2024-01-01,SELL,ITBEES.NS,7720,37.68,290889.6,145.4448,575882.9469899996,37.86,-0.475
2024-01-01,BUY,INFRABEES.NS,379,757.41,287058.39,143.52919500000002,288681.0277949996,,
2024-01-01,BUY,MOM100.NS,5814,49.5,287793.0,143.8965,744.1312949996209,,
2024-01-08,SELL,DIVOPPBEES.NS,4423,68.03,300896.69,150.44834500000002,301490.37294999964,63.71,6.781
2024-01-08,BUY,PSUBNKBEES.NS,4762,63.27,301291.74,150.64587,47.98707999964245,,
2024-01-15,SELL,MOM100.NS,5814,51.0,296514.0,148.257,296413.73007999966,49.5,3.03
2024-01-15,SELL,PSUBNKBEES.NS,4762,65.68,312768.16000000003,156.38408,609025.5059999997,63.27,3.809
2024-01-15,BUY,ITBEES.NS,7758,39.23,304346.33999999997,152.17317,304526.9928299997,,
2024-01-15,BUY,DIVOPPBEES.NS,4329,70.3,304328.7,152.16435,46.12847999972291,,
2024-01-23,SELL,JUNIORBEES.NS,536,566.94,303879.84,151.93992000000003,303774.0285599998,525.72,7.841
2024-01-23,BUY,PSUBNKBEES.NS,4708,64.48,303571.84,151.78592,50.402639999752864,,
2024-01-29,SELL,ITBEES.NS,7758,38.69,300157.01999999996,150.07851,300057.3441299997,39.23,-1.376
2024-01-29,SELL,DIVOPPBEES.NS,4329,71.23,308354.67000000004,154.17733500000003,608257.8367949997,70.3,1.323
2024-01-29,BUY,MAFANG.NS,4004,75.91,303943.64,151.97182,304162.22497499967,,
2024-01-29,BUY,MON100.NS,2145,141.65,303839.25,151.919625,171.0553499996895,,
2024-02-05,SELL,MON100.NS,2145,141.81,304182.45,152.091225,304201.4141249997,141.65,0.113
2024-02-05,BUY,DIVOPPBEES.NS,4144,73.36,304003.84,152.00192,45.57220499968389,,
2024-02-12,SELL,INFRABEES.NS,379,818.41,310177.39,155.088695,310067.8735099997,757.41,8.054
2024-02-12,BUY,PHARMABEES.NS,16319,18.99,309897.81,154.948905,15.114604999718722,,
2024-02-19,SELL,DIVOPPBEES.NS,4144,74.48,308645.12,154.32256,308505.9120449997,73.36,1.527
2024-02-19,BUY,AUTOBEES.NS,1480,208.25,308210.0,154.105,141.80704499973217,,
2024-03-04,SELL,PHARMABEES.NS,16319,19.3,314956.7,157.47835,314941.02869499975,18.99,1.632
2024-03-04,BUY,JUNIORBEES.NS,494,637.01,314682.94,157.34147000000002,100.74722499976633,,
2024-03-18,SELL,JUNIORBEES.NS,494,621.81,307174.13999999996,153.58706999999998,307121.3001549997,637.01,-2.386
2024-03-18,SELL,PSUBNKBEES.NS,4708,75.3,354512.39999999997,177.25619999999998,661456.4439549997,64.48,16.78
2024-03-18,SELL,CPSEETF.NS,5526,76.54,422960.04000000004,211.48002000000002,1084205.0039349997,47.71,60.428
2024-03-18,BUY,HNGSNGBEES.NS,1421,254.17,361175.57,180.587785,722848.8461499996,,
2024-03-18,BUY,GOLDBEES.NS,6508,55.5,361194.0,180.597,361474.24914999964,,
2024-03-18,BUY,SILVERBEES.NS,4971,72.66,361192.86,180.59643,100.7927199996775,,
2024-03-26,SELL,HNGSNGBEES.NS,1421,242.41,344464.61,172.232305,344393.17041499965,254.17,-4.627
2024-03-26,BUY,MON100.NS,2299,149.71,344183.29000000004,172.09164500000003,37.788769999635406,,
2024-04-01,SELL,SILVERBEES.NS,4971,74.03,368003.13,184.001565,367856.91720499966,72.66,1.885
2024-04-01,BUY,JUNIORBEES.NS,560,655.78,367236.8,183.6184,436.49880499969004,,
2024-04-08,SELL,MON100.NS,2299,148.31,340964.69,170.482345,341230.70645999967,149.71,-0.935
2024-04-08,BUY,SILVERBEES.NS,4235,80.53,341044.55,170.522275,15.634184999682475,,
2024-04-29,SELL,AUTOBEES.NS,1480,224.43,332156.4,166.0782,332005.9559849997,208.25,7.77
2024-04-29,BUY,CPSEETF.NS,3837,86.47,331785.39,165.892695,54.67328999971505,,
2024-05-06,SELL,GOLDBEES.NS,6508,60.72,395165.76,197.58288000000002,395022.8504099997,55.5,9.405
2024-05-06,SELL,SILVERBEES.NS,4235,79.78,337868.3,168.93415,732722.2162599997,80.53,-0.931
2024-05-06,BUY,HNGSNGBEES.NS,1305,280.47,366013.35000000003,183.00667500000003,366525.8595849996,,
2024-05-06,BUY,PSUBNKBEES.NS,4552,80.44,366162.88,183.08144000000001,179.8981449996354,,
2024-05-13,SELL,JUNIORBEES.NS,560,685.45,383852.0,191.92600000000002,383839.97214499966,655.78,4.524
2024-05-13,SELL,PSUBNKBEES.NS,4552,77.54,352962.08,176.48104,736625.5711049996,80.44,-3.605
2024-05-13,SELL,CPSEETF.NS,3837,84.52,324303.24,162.15162,1060766.6594849997,86.47,-2.255
2024-05-13,BUY,SILVERBEES.NS,4311,81.97,353372.67,176.68633499999999,707217.3031499998,,
2024-05-13,BUY,AUTOBEES.NS,1548,228.29,353392.92,176.69646,353647.6866899998,,
2024-05-13,BUY,GOLDBEES.NS,5779,61.15,353385.85,176.692925,85.14376499986975,,
2024-05-21,SELL,GOLDBEES.NS,5779,62.63,361938.77,180.96938500000002,361842.9443799999,61.15,2.42
2024-05-21,SELL,MAFANG.NS,4004,95.58,382702.32,191.35116000000002,744353.9132199999,75.91,25.912
2024-05-21,BUY,JUNIORBEES.NS,512,726.45,371942.4,185.9712,372225.5420199998,,
2024-05-21,BUY,CPSEETF.NS,4014,92.67,371977.38,185.98869000000002,62.1733299997868,,
2024-06-10,SELL,CPSEETF.NS,4014,90.42,362945.88,181.47294,362826.5803899998,92.67,-2.428
2024-06-10,BUY,CONSUMBEES.NS,2969,122.13,362603.97,181.301985,41.308404999785125,,
2024-06-18,SELL,HNGSNGBEES.NS,1305,305.24,398338.2,199.16910000000001,398180.3393049998,280.47,8.832
2024-06-18,SELL,CONSUMBEES.NS,2969,124.01,368185.69,184.092845,766181.9364599998,122.13,1.539
2024-06-18,SELL,SILVERBEES.NS,4311,86.26,371866.86000000004,185.93343000000002,1137862.86303,81.97,5.234
2024-06-18,BUY,MID150BEES.NS,1776,213.45,379087.19999999995,189.54359999999997,758586.11943,,
2024-06-18,BUY,MOM100.NS,6389,59.33,379059.37,189.529685,379337.21974499995,,
2024-06-18,BUY,MON100.NS,2339,162.02,378964.78,189.48239,182.95735499990406,,
2024-07-01,SELL,JUNIORBEES.NS,512,767.87,393149.44,196.57472,393135.82263499993,726.45,5.702
2024-07-01,SELL,AUTOBEES.NS,1548,257.57,398718.36,199.35918,791654.8234549998,228.29,12.826
2024-07-01,BUY,ITBEES.NS,10064,39.31,395615.84,197.80792000000002,395841.1755349998,,
2024-07-01,BUY,BANKBEES.NS,733,539.28,395292.24,197.64612,351.28941499983193,,
2024-07-08,SELL,BANKBEES.NS,733,537.7,394134.10000000003,197.06705000000002,394288.32236499985,539.28,-0.293
2024-07-08,BUY,CPSEETF.NS,3957,99.58,394038.06,197.01903000000001,53.24333499983186,,
2024-07-15,SELL,MON100.NS,2339,168.93,395127.27,197.563635,394982.9496999998,162.02,4.265
2024-07-15,SELL,MID150BEES.NS,1776,219.68,390151.68,195.07584,784939.5538599999,213.45,2.919
2024-07-15,BUY,NV20BEES.NS,2492,157.36,392141.12000000005,196.07056000000003,392602.3632999998,,
2024-07-15,BUY,DIVOPPBEES.NS,4643,84.47,392194.21,196.09710500000003,212.0561949997791,,
2024-07-22,SELL,MOM100.NS,6389,60.59,387109.51,193.554755,387128.0114399998,59.33,2.124
2024-07-22,BUY,NIFTYBEES.NS,1420,272.45,386879.0,193.4395,55.57193999981973,,
2024-07-29,SELL,NIFTYBEES.NS,1420,276.68,392885.60000000003,196.44280000000003,392744.72913999984,272.45,1.553
2024-07-29,BUY,PHARMABEES.NS,17770,22.09,392539.3,196.26964999999998,9.159489999874495,,
2024-08-12,SELL,NV20BEES.NS,2492,157.09,391468.28,195.73414000000002,391281.7053499999,157.36,-0.172
2024-08-12,BUY,CONSUMBEES.NS,3032,128.98,391067.36,195.53368,18.81166999990819,,
2024-08-19,SELL,CPSEETF.NS,3957,102.83,406898.31,203.449155,406713.6725149999,99.58,3.264
2024-08-19,BUY,NV20BEES.NS,2543,159.85,406498.55,203.249275,11.873239999928046,,
2024-09-09,SELL,NV20BEES.NS,2543,161.11,409702.73000000004,204.85136500000002,409509.75187499996,159.85,0.788
2024-09-09,BUY,MOM100.NS,6549,62.49,409247.01,204.62350500000002,58.11836999992374,,
2024-09-16,SELL,DIVOPPBEES.NS,4643,87.78,407562.54,203.78127,407416.8770999999,84.47,3.919
2024-09-16,BUY,MID150BEES.NS,1777,229.08,407075.16000000003,203.53758000000002,138.17951999988873,,
2024-09-23,SELL,PHARMABEES.NS,17770,23.55,418483.5,209.24175,418412.4377699999,22.09,6.609
2024-09-23,SELL,ITBEES.NS,10064,44.94,452276.16,226.13808,870462.4596899999,39.31,14.322
2024-09-23,SELL,MID150BEES.NS,1777,230.23,409118.70999999996,204.55935499999998,1279376.6103349999,229.08,0.502
2024-09-23,SELL,MOM100.NS,6549,65.01,425750.49000000005,212.87524500000004,1704914.2250899998,62.49,4.033
2024-09-23,BUY,SILVERBEES.NS,4991,85.35,425981.85,212.990925,1278719.384165,,
2024-09-23,BUY,BANKBEES.NS,765,556.57,425776.05000000005,212.88802500000003,852730.4461399999,,
2024-09-23,BUY,GOLDBEES.NS,6782,62.81,425977.42000000004,212.98871000000003,426540.03742999985,,
2024-09-23,BUY,NIFTYBEES.NS,1472,289.34,425908.48,212.95424,418.60318999987794,,
2024-09-30,SELL,BANKBEES.NS,765,544.78,416756.69999999995,208.37834999999998,416966.9248399998,556.57,-2.118
2024-09-30,SELL,NIFTYBEES.NS,1472,288.38,424495.36,212.24768,841250.0371599998,289.34,-0.332
2024-09-30,BUY,HNGSNGBEES.NS,1145,367.12,420352.4,210.17620000000002,420687.4609599998,,
2024-09-30,BUY,AUTOBEES.NS,1520,276.44,420188.8,210.0944,288.56655999983195,,
2024-10-07,SELL,AUTOBEES.NS,1520,264.31,401751.2,200.87560000000002,401838.8909599998,276.44,-4.388
2024-10-07,SELL,CONSUMBEES.NS,3032,135.3,410229.60000000003,205.11480000000003,811863.3761599999,128.98,4.9
2024-10-07,BUY,NV20BEES.NS,2471,164.14,405589.93999999994,202.79496999999998,406070.64118999994,,
2024-10-07,BUY,MON100.NS,2499,162.32,405637.68,202.81884,230.14234999992186,,
2024-10-14,SELL,NV20BEES.NS,2471,162.89,402501.18999999994,201.25059499999998,402530.0817549999,164.14,-0.762
2024-10-14,BUY,MAFANG.NS,4139,97.2,402310.8,201.1554,18.126354999898467,,
2024-11-11,SELL,SILVERBEES.NS,4991,88.48,441603.68,220.80184,441401.0045149999,85.35,3.667
2024-11-11,BUY,PSUBNKBEES.NS,5773,76.42,441172.66000000003,220.58633000000003,7.758184999867808,,
2024-11-18,SELL,GOLDBEES.NS,6782,62.9,426587.8,213.2939,426382.26428499987,62.81,0.143
2024-11-18,SELL,PSUBNKBEES.NS,5773,72.69,419639.37,209.819685,845811.8145999999,76.42,-4.881
2024-11-18,BUY,ITBEES.NS,9507,44.46,422681.22000000003,211.34061000000003,422919.2539899999,,
2024-11-18,BUY,GILT5YBEES.NS,7247,58.32,422645.04,211.32252,62.89146999991499,,
2024-11-25,SELL,HNGSNGBEES.NS,1145,319.86,366239.7,183.11985,366119.4716199999,367.12,-12.873
2024-11-25,BUY,GOLDBEES.NS,5684,64.38,365935.92,182.96796,0.5836599999456666,,
2024-12-02,SELL,GOLDBEES.NS,5684,63.76,362411.83999999997,181.20592,362231.21773999993,64.38,-0.963
2024-12-02,BUY,PSUBNKBEES.NS,4775,75.81,361992.75,180.996375,57.47136499994667,,
2024-12-09,SELL,GILT5YBEES.NS,7247,58.71,425471.37,212.735685,425316.1056799999,58.32,0.669
2024-12-09,BUY,BANKBEES.NS,776,547.79,425085.04,212.54252,18.523159999924246,,
2024-12-16,SELL,BANKBEES.NS,776,548.81,425876.55999999994,212.93827999999996,425682.14487999986,547.79,0.186
2024-12-16,BUY,HNGSNGBEES.NS,1221,348.22,425176.62000000005,212.58831000000004,292.936569999787,,
2024-12-23,SELL,PSUBNKBEES.NS,4775,73.84,352586.0,176.293,352702.6435699998,75.81,-2.599
2024-12-23,BUY,LTGILTBEES.NS,12989,27.14,352521.46,176.26073000000002,4.92283999978099,,
2024-12-30,SELL,LTGILTBEES.NS,12989,27.16,352781.24,176.39062,352609.77221999975,27.14,0.074
2024-12-30,BUY,PHARMABEES.NS,14864,23.71,352425.44,176.21272000000002,8.119499999738764,,
2025-01-06,SELL,HNGSNGBEES.NS,1221,333.5,407203.5,203.60175,407008.01774999977,348.22,-4.227
2025-01-06,SELL,ITBEES.NS,9507,46.84,445307.88,222.65394,852093.2438099998,44.46,5.353
2025-01-06,BUY,AUTOBEES.NS,1779,239.33,425768.07,212.884035,426112.2897749998,,
2025-01-06,BUY,CONSUMBEES.NS,3371,126.29,425723.59,212.86179500000003,175.83797999977833,,
2025-01-13,SELL,AUTOBEES.NS,1779,229.07,407515.52999999997,203.75776499999998,407487.61021499976,239.33,-4.287
2025-01-13,SELL,CONSUMBEES.NS,3371,121.02,407958.42,203.97921,815242.0510049998,126.29,-4.173
2025-01-13,SELL,PHARMABEES.NS,14864,22.3,331467.2,165.7336,1146543.5174049998,23.71,-5.947
2025-01-13,BUY,GOLDBEES.NS,5765,66.25,381931.25,190.96562500000002,764421.3017799999,,
2025-01-13,BUY,ITBEES.NS,8060,47.39,381963.4,190.98170000000002,382266.92007999984,,
2025-01-13,BUY,SILVERBEES.NS,4376,87.29,381981.04000000004,190.99052000000003,94.8895599998068,,
2025-01-20,SELL,ITBEES.NS,8060,45.64,367858.4,183.9292,367769.3603599998,47.39,-3.693
2025-01-20,BUY,GILT5YBEES.NS,6213,59.16,367561.07999999996,183.78053999999997,24.499819999851752,,
2025-01-27,SELL,GILT5YBEES.NS,6213,59.29,368368.77,184.18438500000002,368209.0854349999,59.16,0.22
2025-01-27,BUY,HNGSNGBEES.NS,1039,353.92,367722.88,183.86144000000002,302.3439949998865,,
2025-02-03,SELL,MAFANG.NS,4139,134.32,555950.48,277.97524,555974.8487549998,97.2,38.189
2025-02-03,BUY,CONSUMBEES.NS,4390,126.56,555598.4,277.79920000000004,98.64955499977805,,
2025-02-10,SELL,CONSUMBEES.NS,4390,122.12,536106.8,268.0534,535937.3961549998,126.56,-3.508
2025-02-10,BUY,MAFANG.NS,3745,143.02,535609.9,267.80495,59.69120499980636,,
2025-02-17,SELL,MON100.NS,2499,205.35,513169.64999999997,256.58482499999997,512972.75637999974,162.32,26.509
2025-02-17,BUY,LTGILTBEES.NS,18603,27.56,512698.68,256.34934,17.727039999736007,,
2025-03-03,SELL,MAFANG.NS,3745,130.61,489134.45000000007,244.56722500000004,488907.6098149998,143.02,-8.677
2025-03-03,BUY,GILT5YBEES.NS,8194,59.63,488608.22000000003,244.30411,55.08570499974303,,
2025-03-24,SELL,GILT5YBEES.NS,8194,60.04,491967.76,245.98388,491776.86182499974,59.63,0.688
2025-03-24,SELL,LTGILTBEES.NS,18603,27.84,517907.52,258.95376,1009425.4280649998,27.56,1.016
2025-03-24,SELL,SILVERBEES.NS,4376,94.18,412131.68000000005,206.06584000000004,1421351.0422249998,87.29,7.893
2025-03-24,BUY,CPSEETF.NS,5364,88.27,473480.27999999997,236.74014,947634.0220849998,,
2025-03-24,BUY,INFRABEES.NS,539,877.42,472929.38,236.46469000000002,474468.17739499983,,
2025-03-24,BUY,BANKBEES.NS,893,529.72,473039.96,236.51998,1191.6974149998277,,
2025-04-01,SELL,GOLDBEES.NS,5765,76.72,442290.8,221.1454,443261.35201499984,66.25,15.804
2025-04-01,SELL,HNGSNGBEES.NS,1039,393.57,408919.23,204.45961499999999,851976.1223999998,353.92,11.203
2025-04-01,BUY,SILVERBEES.NS,4402,96.72,425761.44,212.88072,426001.80167999974,,
2025-04-01,BUY,PSUBNKBEES.NS,6135,69.39,425707.65,212.85382500000003,81.29785499972058,,
2025-04-07,SELL,INFRABEES.NS,539,821.05,442545.94999999995,221.27297499999997,442405.97487999965,877.42,-6.425
2025-04-07,SELL,SILVERBEES.NS,4402,87.03,383106.06,191.55303,825320.4818499996,96.72,-10.019
2025-04-07,BUY,GOLDBEES.NS,5586,73.83,412414.38,206.20719,412699.89465999964,,
2025-04-07,BUY,GILT5YBEES.NS,6760,61.01,412427.6,206.2138,66.08085999963805,,
2025-04-15,SELL,GILT5YBEES.NS,6760,61.11,413103.6,206.5518,412963.1290599996,61.01,0.164
2025-04-15,BUY,LTGILTBEES.NS,14533,28.4,412737.19999999995,206.3686,19.560459999658633,,
2025-04-21,SELL,LTGILTBEES.NS,14533,28.58,415353.13999999996,207.67656999999997,415165.0238899996,28.4,0.634
2025-04-21,BUY,INFRABEES.NS,460,901.61,414740.60000000003,207.37030000000001,217.05358999955934,,
2025-04-28,SELL,INFRABEES.NS,460,901.96,414901.60000000003,207.45080000000002,414911.2027899996,901.61,0.039
2025-04-28,BUY,MOM100.NS,7113,58.3,414687.89999999997,207.34394999999998,15.958839999628253,,
2025-05-05,SELL,GOLDBEES.NS,5586,79.58,444533.88,222.26694,444327.57189999963,73.83,7.788
2025-05-05,SELL,CPSEETF.NS,5364,88.25,473373.0,236.6865,917463.8853999996,88.27,-0.023
2025-05-05,BUY,INFRABEES.NS,500,916.29,458145.0,229.0725,459089.81289999955,,
2025-05-05,BUY,NIFTYBEES.NS,1670,274.39,458231.3,229.11565,629.3972499995725,,
2025-05-12,SELL,MOM100.NS,7113,59.3,421800.89999999997,210.90044999999998,422219.3967999995,58.3,1.715
2025-05-12,SELL,PSUBNKBEES.NS,6135,71.97,441535.95,220.767975,863534.5788249995,69.39,3.718
2025-05-12,SELL,NIFTYBEES.NS,1670,278.94,465829.8,232.9149,1329131.4639249996,274.39,1.658
2025-05-12,BUY,GOLDBEES.NS,5678,77.98,442770.44,221.38522,886139.6387049996,,
2025-05-12,BUY,AUTOBEES.NS,1857,238.35,442615.95,221.307975,443302.38072999957,,
2025-05-12,BUY,MAFANG.NS,3463,127.85,442744.55,221.372275,336.45845499960706,,
2025-05-19,SELL,INFRABEES.NS,500,930.05,465025.0,232.51250000000002,465128.9459549996,916.29,1.502
2025-05-19,SELL,GOLDBEES.NS,5678,78.32,444700.95999999996,222.35047999999998,909607.5554749996,77.98,0.436
2025-05-19,SELL,BANKBEES.NS,893,568.28,507474.04,253.73702,1416827.8584549995,529.72,7.279
2025-05-19,BUY,MOM100.NS,7721,61.13,471984.73000000004,235.99236500000004,944607.1360899995,,
2025-05-19,BUY,MID150BEES.NS,2190,215.51,471966.89999999997,235.98344999999998,472404.2526399995,,
2025-05-19,BUY,CPSEETF.NS,5089,92.74,471953.86,235.97693,214.41570999950636,,
2025-06-02,SELL,CPSEETF.NS,5089,91.8,467170.2,233.5851,467151.0306099995,92.74,-1.014
2025-06-02,BUY,PSUBNKBEES.NS,5870,79.54,466899.80000000005,233.44990000000004,17.78070999943884,,
2025-06-09,SELL,AUTOBEES.NS,1857,243.1,451436.7,225.71835000000002,451228.76235999947,238.35,1.993
2025-06-09,BUY,SILVERBEES.NS,4379,102.99,450993.20999999996,225.496605,10.055754999513738,,
2025-06-16,SELL,PSUBNKBEES.NS,5870,77.66,455864.19999999995,227.9321,455646.3236549995,79.54,-2.364
2025-06-16,BUY,ITBEES.NS,10705,42.54,455390.7,227.69535000000002,27.92830499948468,,
2025-06-30,SELL,ITBEES.NS,10705,42.41,453999.05,226.999525,453799.9787799995,42.54,-0.306
2025-06-30,SELL,SILVERBEES.NS,4379,102.47,448716.13,224.358065,902291.7507149995,102.99,-0.505
2025-06-30,BUY,MON100.NS,2336,192.97,450777.92,225.38896,451288.4417549995,,
2025-06-30,BUY,INFRABEES.NS,465,969.11,450636.15,225.31807500000002,426.97367999947164,,
2025-07-07,SELL,MOM100.NS,7721,63.92,493526.32,246.76316,493706.5305199995,61.13,4.564
2025-07-07,SELL,MID150BEES.NS,2190,225.72,494326.8,247.1634,987786.1671199994,215.51,4.738
2025-07-07,BUY,SILVERBEES.NS,4756,103.79,493625.24000000005,246.81262000000004,493914.1144999994,,
2025-07-07,BUY,PSUBNKBEES.NS,6209,79.5,493615.5,246.80775,51.80674999940675,,
2025-07-14,SELL,PSUBNKBEES.NS,6209,78.88,489765.92,244.88296,489572.8437899994,79.5,-0.78
2025-07-14,BUY,PHARMABEES.NS,21377,22.89,489319.53,244.65976500000002,8.654024999355897,,
2025-07-21,SELL,INFRABEES.NS,465,951.33,442368.45,221.184225,442155.9197999994,969.11,-1.835
2025-07-21,BUY,HNGSNGBEES.NS,1071,412.53,441819.62999999995,220.90981499999998,115.37998499942478,,
2025-08-04,SELL,PHARMABEES.NS,21377,22.74,486112.98,243.05649,485985.3034949994,22.89,-0.655
2025-08-04,BUY,GOLDBEES.NS,5836,83.23,485730.28,242.86514000000003,12.158354999381118,,
2025-08-18,SELL,GOLDBEES.NS,5836,82.75,482929.0,241.46450000000002,482699.6938549994,83.23,-0.577
2025-08-18,BUY,AUTOBEES.NS,1873,257.56,482409.88,241.20494,48.60891499934951,,
2025-08-25,SELL,MON100.NS,2336,203.4,475142.4,237.5712,474953.43771499937,192.97,5.405
2025-08-25,BUY,CONSUMBEES.NS,3493,135.9,474698.7,237.34935000000002,17.38836499938043,,
2025-09-01,SELL,CONSUMBEES.NS,3493,135.84,474489.12,237.24456,474269.26380499935,135.9,-0.044
2025-09-01,BUY,GOLDBEES.NS,5473,86.61,474016.52999999997,237.008265,15.725539999373723,,
2025-09-08,SELL,MAFANG.NS,3463,162.46,562598.98,281.29949,562333.4060499994,127.85,27.071
2025-09-08,BUY,CONSUMBEES.NS,4063,138.33,562034.79,281.017395,17.598654999397695,,
2025-09-15,SELL,CONSUMBEES.NS,4063,137.35,558053.0499999999,279.026525,557791.6221299993,138.33,-0.708
2025-09-15,BUY,MAFANG.NS,3351,166.34,557405.34,278.70267,107.57945999933872,,
2025-09-22,SELL,MAFANG.NS,3351,169.89,569301.3899999999,284.6506949999999,569124.3187649993,166.34,2.134
2025-09-22,BUY,PSUBNKBEES.NS,6918,82.22,568797.96,284.39898,41.959784999256954,,
2025-09-29,SELL,AUTOBEES.NS,1873,271.24,508032.52,254.01626000000002,507820.4635249993,257.56,5.311
2025-09-29,SELL,PSUBNKBEES.NS,6918,82.53,570942.54,285.47127,1078477.5322549993,82.22,0.377
2025-09-29,BUY,MAFANG.NS,3203,168.27,538968.81,269.48440500000004,539239.2378499992,,
2025-09-29,BUY,MON100.NS,2451,219.83,538803.3300000001,269.40166500000004,166.50618499913253,,
2025-10-06,SELL,MAFANG.NS,3203,169.23,542043.69,271.021845,541939.1743399991,168.27,0.571
2025-10-06,BUY,PSUBNKBEES.NS,6373,84.99,541641.27,270.82063500000004,27.083704999065958,,
2025-10-20,SELL,HNGSNGBEES.NS,1071,512.68,549080.2799999999,274.54013999999995,548832.8235649989,412.53,24.277
2025-10-20,BUY,BANKBEES.NS,916,598.57,548290.12,274.14506,268.55850499891676,,
2025-11-03,SELL,BANKBEES.NS,916,600.1,549691.6,274.8458,549685.3127049989,598.57,0.256
2025-11-03,BUY,MAFANG.NS,3117,176.23,549308.9099999999,274.654455,101.74824999901466,,
2025-11-10,SELL,GOLDBEES.NS,5473,101.7,556604.1,278.30205,556427.5461999989,86.61,17.423
2025-11-10,BUY,BANKBEES.NS,929,598.17,555699.9299999999,277.849965,449.7662349990569,,
2025-11-17,SELL,MAFANG.NS,3117,171.13,533412.21,266.706105,533595.270129999,176.23,-2.894
2025-11-17,SELL,MON100.NS,2451,235.78,577896.78,288.94839,1111203.101739999,219.83,7.256
2025-11-17,SELL,BANKBEES.NS,929,607.83,564674.0700000001,282.337035,1675594.8347049989,598.17,1.615
2025-11-17,BUY,GOLDBEES.NS,5476,101.94,558223.44,279.11172,1117092.282984999,,
2025-11-17,BUY,INFRABEES.NS,561,994.94,558161.3400000001,279.08067000000005,558651.8623149989,,
2025-11-17,BUY,MOM100.NS,8481,65.82,558219.4199999999,279.10970999999995,153.3326049989555,,
2025-11-24,SELL,GOLDBEES.NS,5476,102.23,559811.48,279.90574,559684.906864999,101.94,0.284
2025-11-24,SELL,SILVERBEES.NS,4756,147.08,699512.4800000001,349.75624000000005,1258847.630624999,103.79,41.709
2025-11-24,SELL,MOM100.NS,8481,64.69,548635.89,274.317945,1807209.2026799992,65.82,-1.717
2025-11-24,BUY,ITBEES.NS,14804,40.67,602078.68,301.03934000000004,1204829.483339999,,
2025-11-24,BUY,BANKBEES.NS,992,606.61,601757.12,300.87856,602771.4847799991,,
2025-11-24,BUY,DIVOPPBEES.NS,7433,81.0,602073.0,301.0365,397.4482799990801,,
2025-12-01,SELL,INFRABEES.NS,561,995.78,558632.58,279.31629,558750.711989999,994.94,0.084
2025-12-01,SELL,DIVOPPBEES.NS,7433,81.88,608614.0399999999,304.30701999999997,1167060.4449699991,81.0,1.086
2025-12-01,BUY,SILVERBEES.NS,3509,166.21,583230.89,291.615445,583537.9395249991,,
2025-12-01,BUY,GOLDBEES.NS,5465,106.72,583224.8,291.61240000000004,21.52712499909103,,
2025-12-08,SELL,BANKBEES.NS,992,611.47,606578.24,303.28912,606296.4780049991,606.61,0.801
2025-12-08,BUY,AUTOBEES.NS,2138,283.42,605951.9600000001,302.97598000000005,41.54202499904204,,
2025-12-15,SELL,PSUBNKBEES.NS,6373,92.22,587718.0599999999,293.85902999999996,587465.7429949989,84.99,8.507
2025-12-15,BUY,MAFANG.NS,3331,176.26,587122.0599999999,293.56102999999996,50.121964999008924,,
2025-12-22,SELL,AUTOBEES.NS,2138,285.55,610505.9,305.25295,610250.769014999,283.42,0.752
2025-12-22,SELL,MAFANG.NS,3331,166.86,555810.66,277.90533000000005,1165783.523684999,176.26,-5.333
2025-12-22,BUY,DIVOPPBEES.NS,6999,83.24,582596.76,291.29838,582895.4653049989,,
2025-12-22,BUY,NV20BEES.NS,3735,155.96,582510.6,291.2553,93.61000499897636,,
2026-01-05,SELL,NV20BEES.NS,3735,155.71,581576.85,290.788425,581379.6715799989,155.96,-0.16
2026-01-05,SELL,ITBEES.NS,14804,41.51,614514.0399999999,307.25701999999995,1195586.4545599988,40.67,2.065
2026-01-05,SELL,DIVOPPBEES.NS,6999,83.54,584696.4600000001,292.34823000000006,1779990.566329999,83.24,0.36
2026-01-05,BUY,AUTOBEES.NS,1997,296.93,592969.21,296.484605,1186724.871724999,,
2026-01-05,BUY,PSUBNKBEES.NS,6096,97.28,593018.88,296.50944,593409.482284999,,
2026-01-05,BUY,CPSEETF.NS,6249,94.9,593030.1000000001,296.51505000000003,82.86723499884829,,
2026-01-19,SELL,AUTOBEES.NS,1997,283.55,566249.35,283.12467499999997,566049.0925599989,296.93,-4.506
2026-01-19,SELL,CPSEETF.NS,6249,93.24,582656.76,291.32838000000004,1148414.5241799988,94.9,-1.749
2026-01-19,BUY,HNGSNGBEES.NS,1049,546.61,573393.89,286.696945,574733.9372349988,,
2026-01-19,BUY,ITBEES.NS,13390,42.86,573895.4,286.9477,551.589534998755,,
2026-01-27,SELL,ITBEES.NS,13390,42.51,569208.9,284.60445000000004,569475.8850849988,42.86,-0.817
2026-01-27,BUY,MON100.NS,2406,236.53,569091.18,284.54559,100.15949499874841,,
2026-02-02,SELL,PSUBNKBEES.NS,6096,95.56,582533.76,291.26688,582342.6526149987,97.28,-1.768
2026-02-02,SELL,MON100.NS,2406,225.44,542408.64,271.20432,1124480.0882949987,236.53,-4.689
2026-02-02,BUY,CPSEETF.NS,5860,95.89,561915.4,280.95770000000005,562283.7305949987,,
2026-02-02,BUY,ITBEES.NS,13399,41.94,561954.0599999999,280.97702999999996,48.693564998800866,,
2026-02-09,SELL,ITBEES.NS,13399,39.29,526446.71,263.22335499999997,526232.1802099987,41.94,-6.319
2026-02-09,SELL,SILVERBEES.NS,3509,243.7,855143.2999999999,427.57165,1380947.9085599985,166.21,46.622
2026-02-09,BUY,PSUBNKBEES.NS,6763,102.03,690028.89,345.014445,690574.0041149985,,
2026-02-09,BUY,INFRABEES.NS,697,990.06,690071.82,345.03591,157.14820499857888,,
2026-02-16,SELL,INFRABEES.NS,697,997.02,694922.94,347.46146999999996,694732.6267349985,990.06,0.703
2026-02-16,BUY,AUTOBEES.NS,2408,288.31,694250.48,347.12524,135.0214949985966,,
2026-02-23,SELL,AUTOBEES.NS,2408,288.59,694924.72,347.46236,694712.2791349986,288.31,0.097
2026-02-23,SELL,HNGSNGBEES.NS,1049,542.38,568956.62,284.47831,1263384.4208249985,546.61,-0.774
2026-02-23,BUY,BANKBEES.NS,999,631.6,630968.4,315.48420000000004,632100.5366249986,,
2026-02-23,BUY,INFRABEES.NS,631,1000.49,631309.1900000001,315.65459500000003,475.6920299985213,,
2026-03-02,SELL,INFRABEES.NS,631,963.24,607804.4400000001,303.90222000000006,607976.2298099985,1000.49,-3.723
2026-03-02,SELL,BANKBEES.NS,999,617.72,617102.28,308.55114000000003,1224769.9586699987,631.6,-2.198
2026-03-02,BUY,PHARMABEES.NS,25935,23.6,612066.0,306.033,612397.9256699986,,
2026-03-02,BUY,AUTOBEES.NS,2161,283.19,611973.59,305.986795,118.34887499862816,,
2026-03-09,SELL,AUTOBEES.NS,2161,267.46,577981.0599999999,288.99053,577810.4183449986,283.19,-5.555
2026-03-09,BUY,GILT5YBEES.NS,8998,64.18,577491.64,288.74582000000004,30.032524998649023,,
2026-03-16,SELL,PSUBNKBEES.NS,6763,95.24,644108.12,322.05406,643816.0984649986,102.03,-6.655
2026-03-16,BUY,MAFANG.NS,3999,160.89,643399.11,321.699555,95.28890999860596,,
2026-03-23,SELL,GOLDBEES.NS,5465,110.72,605084.8,302.54240000000004,604877.5465099986,106.72,3.748
2026-03-23,SELL,MAFANG.NS,3999,158.06,632081.9400000001,316.04097,1236643.4455399988,160.89,-1.759
2026-03-23,BUY,LTGILTBEES.NS,21201,29.15,618009.15,309.00457500000005,618325.2909649988,,
2026-03-23,BUY,LIQUIDBEES.NS,618,1000.0,618000.0,309.0,16.290964998770505,,
2026-03-30,SELL,LTGILTBEES.NS,21201,28.96,613980.96,306.99048,613690.2604849987,29.15,-0.652
2026-03-30,BUY,MON100.NS,2649,231.54,613349.46,306.67473,34.12575499876402,,
2026-04-06,SELL,PHARMABEES.NS,25935,22.44,581981.4,290.9907,581724.5350549988,23.6,-4.915
2026-04-06,BUY,LTGILTBEES.NS,20174,28.82,581414.68,290.70734000000004,19.147714998805895,,
2026-04-13,SELL,GILT5YBEES.NS,8998,64.47,580101.0599999999,290.05053,579830.1571849987,64.18,0.452
2026-04-13,SELL,LIQUIDBEES.NS,618,1000.0,618000.0,309.0,1197521.1571849987,1000.0,0.0
2026-04-13,SELL,LTGILTBEES.NS,20174,29.13,587668.62,293.83431,1784895.9428749988,28.82,1.076
2026-04-13,BUY,HNGSNGBEES.NS,1142,520.3,594182.6,297.0913,1190416.2515749987,,
2026-04-13,BUY,MAFANG.NS,3664,162.27,594557.28,297.27864,595561.6929349987,,
2026-04-13,BUY,MOMENTUM30.NS,19762,30.09,594638.58,297.31928999999997,625.7936449986883,,
2026-04-20,SELL,HNGSNGBEES.NS,1142,533.91,609725.22,304.86261,610046.1510349987,520.3,2.616
2026-04-20,SELL,MOMENTUM30.NS,19762,30.95,611633.9,305.81695,1221374.2340849987,30.09,2.858
2026-04-20,BUY,JUNIORBEES.NS,806,756.55,609779.2999999999,304.88964999999996,611290.0444349988,,
2026-04-20,BUY,MOM100.NS,9489,64.32,610332.48,305.16624,652.3981949987356,,
2026-05-11,SELL,CPSEETF.NS,5860,105.51,618288.6,309.1443,618631.8538949987,95.89,10.032
2026-05-11,BUY,MID150BEES.NS,2654,232.92,618169.6799999999,309.08484,153.0890549987089,,
2026-05-18,SELL,JUNIORBEES.NS,806,740.6,596923.6,298.4618,596778.2272549986,756.55,-2.108
2026-05-18,SELL,MID150BEES.NS,2654,229.57,609278.78,304.63939000000005,1205752.3678649985,232.92,-1.438
2026-05-18,BUY,PHARMABEES.NS,23686,25.44,602571.8400000001,301.28592000000003,602879.2419449984,,
2026-05-18,BUY,SILVERBEES.NS,2380,253.16,602520.8,301.2604,57.18154499831144,,
2026-06-15,SELL,MOM100.NS,9489,66.46,630638.94,315.31946999999997,630380.8020749983,64.32,3.327
2026-06-15,SELL,MAFANG.NS,3664,192.04,703634.5599999999,351.81728,1333663.5447949981,162.27,18.346
2026-06-15,SELL,SILVERBEES.NS,2380,238.62,567915.6,283.9578,1901295.1869949983,253.16,-5.743
2026-06-15,BUY,BANKBEES.NS,1074,589.68,633316.32,316.65815999999995,1267662.2088349983,,
2026-06-15,BUY,PSUBNKBEES.NS,6601,95.96,633431.96,316.71598,633913.5328549984,,
2026-06-15,BUY,GILT5YBEES.NS,9678,65.45,633425.1,316.71255,171.72030499833636,,
2026-06-22,SELL,GILT5YBEES.NS,9678,65.51,634005.78,317.00289000000004,633860.4974149984,65.45,0.092
2026-06-22,SELL,PHARMABEES.NS,23686,25.39,601387.54,300.69377000000003,1234947.3436449985,25.44,-0.197
2026-06-22,BUY,MOM100.NS,9105,67.78,617136.9,308.56845000000004,617501.8751949985,,
2026-06-22,BUY,JUNIORBEES.NS,784,786.83,616874.7200000001,308.43736000000007,318.71783499838784,,
2026-06-29,SELL,MOM100.NS,9105,66.41,604663.0499999999,302.331525,604679.4363099983,67.78,-2.021
2026-06-29,SELL,MON100.NS,2649,324.22,858858.78,429.42939,1463108.7869199985,231.54,40.028
2026-06-29,BUY,PHARMABEES.NS,28231,25.9,731182.8999999999,365.59144999999995,731560.2954699986,,
2026-06-29,BUY,AUTOBEES.NS,2681,272.69,731081.89,365.540945,112.8645249985857,,
2026-07-06,SELL,PSUBNKBEES.NS,6601,93.3,615873.2999999999,307.93665,615678.2278749985,95.96,-2.772
2026-07-06,BUY,CONSUMBEES.NS,4664,131.94,615368.16,307.68408,2.3837949984008446,,
2026-07-13,SELL,JUNIORBEES.NS,784,779.19,610884.9600000001,305.44248000000005,610581.9013149985,786.83,-0.971
2026-07-13,SELL,AUTOBEES.NS,2681,278.85,747596.8500000001,373.79842500000007,1357804.9528899984,272.69,2.259
2026-07-13,BUY,MID150BEES.NS,2835,239.34,678528.9,339.26445,678936.7884399984,,
2026-07-13,BUY,MOM100.NS,9978,68.0,678504.0,339.252,93.53643999842461,,
2026-07-20,SELL,MOM100.NS,9978,67.85,677007.2999999999,338.50365,676762.3327899984,68.0,-0.221
2026-07-20,SELL,CONSUMBEES.NS,4664,130.7,609584.7999999999,304.7924,1286042.3403899982,131.94,-0.94
2026-07-20,SELL,MID150BEES.NS,2835,238.93,677366.55,338.68327500000004,1963070.2071149983,239.34,-0.171
2026-07-20,BUY,ITBEES.NS,20198,32.38,654011.2400000001,327.0056200000001,1308731.961494998,,
2026-07-20,BUY,MAFANG.NS,3292,198.67,654021.64,327.01082,654383.3106749981,,
2026-07-20,BUY,AUTOBEES.NS,2344,279.0,653976.0,326.988,80.32267499808222,,
2026-07-27,SELL,MAFANG.NS,3292,192.54,633841.6799999999,316.92084,633605.081834998,198.67,-3.086
2026-07-27,SELL,BANKBEES.NS,1074,591.44,635206.56,317.60328000000004,1268494.038554998,589.68,0.298
2026-07-27,BUY,CONSUMBEES.NS,4793,132.26,633922.1799999999,316.96108999999996,634254.8974649982,,
2026-07-27,BUY,JUNIORBEES.NS,809,783.45,633811.05,316.905525,126.94193999818526,,
