date,action,ticker,units,price,gross,cost,cash_after
2018-01-01,BUY,MON100.NS,4130,48.4,199892.0,99.946,800008.054
2018-01-01,BUY,INFRABEES.NS,537,371.7,199602.9,99.80145,600305.35255
2018-01-01,BUY,JUNIORBEES.NS,633,315.5,199711.5,99.85575,400493.99679999996
2018-01-01,BUY,GOLDBEES.NS,7560,26.44,199886.40000000002,99.94320000000002,200507.65359999993
2018-01-01,BUY,NIF100BEES.NS,1801,110.94,199802.94,99.90147,604.8121299999184
2018-01-08,SELL,GOLDBEES.NS,7560,26.47,200113.19999999998,100.05659999999999,200617.9555299999
2018-01-08,SELL,NIF100BEES.NS,1801,113.9,205133.90000000002,102.56695000000002,405649.28857999993
2018-01-08,BUY,HNGSNGBEES.NS,675,299.97,202479.75000000003,101.23987500000001,203068.2987049999
2018-01-08,BUY,MOM100.NS,8903,22.77,202721.31,101.360655,245.62804999991204
2018-01-15,SELL,INFRABEES.NS,537,372.42,199989.54,99.99477,200135.17327999993
2018-01-15,SELL,MON100.NS,4130,48.09,198611.7,99.30585,398647.56742999994
2018-01-15,SELL,JUNIORBEES.NS,633,322.77,204313.40999999997,102.15670499999999,602858.8207249999
2018-01-15,BUY,CPSEETF.NS,6479,31.0,200849.0,100.42450000000001,401909.3962249999
2018-01-15,BUY,DIVOPPBEES.NS,6841,29.36,200851.76,100.42588,200957.2103449999
2018-01-15,BUY,GOLDBEES.NS,7452,26.95,200831.4,100.4157,25.394644999905722
2018-01-22,SELL,CPSEETF.NS,6479,30.31,196378.49,98.189245,196305.6953999999
2018-01-22,SELL,DIVOPPBEES.NS,6841,29.59,202425.19,101.21259500000001,398629.6728049999
2018-01-22,SELL,GOLDBEES.NS,7452,26.9,200458.8,100.2294,598988.2434049998
2018-01-22,SELL,HNGSNGBEES.NS,675,304.0,205200.0,102.60000000000001,804085.6434049999
2018-01-22,BUY,BANKBEES.NS,732,274.16,200685.12000000002,100.34256000000002,603300.1808449998
2018-01-22,BUY,MON100.NS,4051,49.59,200889.09000000003,100.44454500000002,402310.6462999998
2018-01-22,BUY,NIFTYBEES.NS,1779,112.88,200813.52,100.40675999999999,201396.7195399998
2018-01-22,BUY,NIF100BEES.NS,1724,116.5,200846.0,100.423,450.29653999977745
2018-02-05,SELL,MOM100.NS,8903,22.11,196845.33,98.422665,197197.20387499977
2018-02-05,SELL,NIF100BEES.NS,1724,112.16,193363.84,96.68192,390464.36195499974
2018-02-05,BUY,GOLDBEES.NS,7179,27.18,195125.22,97.56261,195241.57934499974
2018-02-05,BUY,LIQUIDBEES.NS,195,1000.0,195000.0,97.5,144.07934499974363
2018-02-12,SELL,BANKBEES.NS,732,261.59,191483.87999999998,95.74193999999999,191532.2174049997
2018-02-12,SELL,NIFTYBEES.NS,1779,109.14,194160.06,97.08003000000001,385595.1973749997
2018-02-12,BUY,HNGSNGBEES.NS,592,325.0,192400.0,96.2,193098.9973749997
2018-02-12,BUY,CPSEETF.NS,6429,29.97,192677.13,96.338565,325.52880999966874
2018-02-19,SELL,MON100.NS,4051,50.4,204170.4,102.0852,204393.84360999966
2018-02-19,BUY,JUNIORBEES.NS,684,298.26,204009.84,102.00492,281.9986899996584
2018-02-26,SELL,CPSEETF.NS,6429,30.13,193705.77,96.852885,193890.91580499965
2018-02-26,SELL,JUNIORBEES.NS,684,301.76,206403.84,103.20192,400191.55388499965
2018-02-26,SELL,HNGSNGBEES.NS,592,306.3,181329.6,90.6648,581430.4890849997
2018-02-26,BUY,MON100.NS,3763,51.47,193681.61,96.84080499999999,387652.03827999963
2018-02-26,BUY,DIVOPPBEES.NS,6615,29.28,193687.2,96.84360000000001,193867.99467999963
2018-02-26,BUY,NIF100BEES.NS,1737,111.52,193710.24,96.85512,60.8995599996415
2018-03-05,SELL,GOLDBEES.NS,7179,27.4,196704.59999999998,98.35229999999999,196667.14725999962
2018-03-05,SELL,NIF100BEES.NS,1737,109.93,190948.41,95.474205,387520.0830549996
2018-03-05,BUY,INFRABEES.NS,555,348.41,193367.55000000002,96.68377500000001,194055.84927999956
2018-03-05,BUY,CPSEETF.NS,6567,29.49,193660.83,96.830415,298.18886499956716
2018-03-12,SELL,CPSEETF.NS,6567,28.98,190311.66,95.15583000000001,190514.69303499957
2018-03-12,SELL,INFRABEES.NS,555,348.58,193461.9,96.73094999999999,383879.86208499956
2018-03-12,BUY,GOLDBEES.NS,7053,27.2,191841.6,95.9208,191942.34128499957
2018-03-12,BUY,NIFTYBEES.NS,1776,107.99,191790.24,95.89511999999999,56.20616499957396
2018-03-19,SELL,DIVOPPBEES.NS,6615,30.0,198450.0,99.22500000000001,198406.98116499957
2018-03-19,SELL,NIFTYBEES.NS,1776,104.77,186071.52,93.03576,384385.46540499956
2018-03-19,BUY,JUNIORBEES.NS,665,288.63,191938.94999999998,95.96947499999999,192350.5459299996
2018-03-19,BUY,BANKBEES.NS,780,245.99,191872.2,95.93610000000001,382.40982999958214
2018-03-26,SELL,BANKBEES.NS,780,246.01,191887.8,95.9439,192174.26592999956
2018-03-26,BUY,MOM100.NS,9499,20.22,192069.78,96.03489,8.451039999548811
2018-04-02,SELL,MON100.NS,3763,51.55,193982.65,96.991325,193894.10971499953
2018-04-02,SELL,LIQUIDBEES.NS,195,1000.0,195000.0,97.5,388796.60971499956
2018-04-02,BUY,PSUBNKBEES.NS,5914,32.85,194274.9,97.13745,194424.57226499956
2018-04-02,BUY,HNGSNGBEES.NS,555,350.0,194250.0,97.125,77.44726499955868
2018-04-09,SELL,GOLDBEES.NS,7053,27.38,193111.13999999998,96.55556999999999,193092.03169499955
2018-04-09,SELL,MOM100.NS,9499,20.45,194254.55,97.127275,387249.4544199995
2018-04-09,BUY,BANKBEES.NS,762,253.69,193311.78,96.65589,193841.0185299995
2018-04-09,BUY,NIF100BEES.NS,1749,110.61,193456.88999999998,96.728445,287.40008499953547
2018-04-16,SELL,PSUBNKBEES.NS,5914,32.52,192323.28000000003,96.16164000000002,192514.51844499956
2018-04-16,SELL,HNGSNGBEES.NS,555,345.6,191808.0,95.904,384226.61444499955
2018-04-16,BUY,NIFTYBEES.NS,1762,108.94,191952.28,95.97614,192178.35830499954
2018-04-16,BUY,INFRABEES.NS,547,350.45,191696.15,95.848075,386.3602299995546
2018-04-23,SELL,BANKBEES.NS,762,252.85,192671.69999999998,96.33585,192961.72437999953
2018-04-23,SELL,JUNIORBEES.NS,665,309.07,205531.55,102.76577499999999,398390.5086049995
2018-04-23,BUY,MON100.NS,3785,52.6,199091.0,99.5455,199199.9631049995
2018-04-23,BUY,GOLDBEES.NS,7108,28.01,199095.08000000002,99.54754000000001,5.335564999491908
2018-04-30,SELL,INFRABEES.NS,547,357.49,195547.03,97.773515,195454.59204999948
2018-04-30,SELL,NIF100BEES.NS,1749,114.0,199386.0,99.693,394740.8990499995
2018-04-30,SELL,MON100.NS,3785,50.11,189666.35,94.83317500000001,584312.4158749995
2018-04-30,BUY,BANKBEES.NS,749,259.83,194612.66999999998,97.30633499999999,389602.43953999947
2018-04-30,BUY,JUNIORBEES.NS,620,313.8,194556.0,97.278,194949.16153999948
2018-04-30,BUY,MOM100.NS,9399,20.71,194653.29,97.326645,198.54489499947522
2018-05-07,SELL,JUNIORBEES.NS,620,305.34,189310.8,94.6554,189414.68949499947
2018-05-07,BUY,LIQUIDBEES.NS,189,999.99,188998.11000000002,94.49905500000001,322.08043999946676
2018-05-14,SELL,LIQUIDBEES.NS,189,1000.0,189000.0,94.5,189227.58043999947
2018-05-14,BUY,CPSEETF.NS,6752,28.01,189123.52000000002,94.56176,9.498679999436717
2018-05-21,SELL,CPSEETF.NS,6752,27.34,184599.68,92.29984,184516.87883999944
2018-05-21,SELL,NIFTYBEES.NS,1762,109.05,192146.1,96.07305000000001,376566.9057899994
2018-05-21,SELL,MOM100.NS,9399,20.35,191269.65000000002,95.63482500000002,567740.9209649995
2018-05-21,BUY,MON100.NS,3422,55.26,189099.72,94.54986000000001,378546.6511049995
2018-05-21,BUY,LIQUIDBEES.NS,189,1000.0,189000.0,94.5,189452.15110499947
2018-05-21,BUY,NIF100BEES.NS,1693,111.69,189091.16999999998,94.54558499999999,266.4355199994752
2018-05-28,SELL,GOLDBEES.NS,7108,27.62,196322.96000000002,98.16148000000001,196491.2340399995
2018-05-28,SELL,NIF100BEES.NS,1693,112.39,190276.27,95.13813499999999,386672.3659049995
2018-05-28,BUY,PSUBNKBEES.NS,5761,33.54,193223.94,96.61197,193351.8139349995
2018-05-28,BUY,DIVOPPBEES.NS,6583,29.35,193211.05000000002,96.60552500000001,44.15840999947977
2018-06-04,SELL,DIVOPPBEES.NS,6583,29.31,192947.72999999998,96.47386499999999,192895.41454499945
2018-06-04,SELL,LIQUIDBEES.NS,189,1000.0,189000.0,94.5,381800.9145449995
2018-06-04,BUY,HNGSNGBEES.NS,517,368.82,190679.94,95.33997000000001,191025.63457499948
2018-06-04,BUY,NIFTYBEES.NS,1732,110.12,190727.84,95.36392,202.43065499947988
2018-06-11,SELL,BANKBEES.NS,749,269.42,201795.58000000002,100.89779000000001,201897.1128649995
2018-06-11,BUY,CPSEETF.NS,7308,27.61,201773.88,100.88694000000001,22.34592499950668
2018-06-18,SELL,CPSEETF.NS,7308,26.75,195489.0,97.7445,195413.6014249995
2018-06-18,SELL,HNGSNGBEES.NS,517,346.29,179031.93000000002,89.51596500000001,374356.01545999956
2018-06-18,BUY,NIF100BEES.NS,1650,113.38,187077.0,93.5385,187185.47695999956
2018-06-18,BUY,DIVOPPBEES.NS,6322,29.59,187067.98,93.53399,23.962969999556663
2018-06-25,SELL,DIVOPPBEES.NS,6322,29.16,184349.52,92.17475999999999,184281.30820999955
2018-06-25,SELL,PSUBNKBEES.NS,5761,32.16,185273.75999999998,92.63687999999999,369462.4313299995
2018-06-25,SELL,NIF100BEES.NS,1650,113.07,186565.5,93.28275000000001,555934.6485799996
2018-06-25,BUY,BANKBEES.NS,683,271.13,185181.79,92.590895,370660.26768499956
2018-06-25,BUY,LIQUIDBEES.NS,185,1000.0,185000.0,92.5,185567.76768499956
2018-06-25,BUY,MOM100.NS,9557,19.38,185214.66,92.60733,260.50035499955993
2018-07-02,SELL,MON100.NS,3422,56.14,192111.08000000002,96.05554000000001,192275.52481499958
2018-07-02,SELL,MOM100.NS,9557,18.72,178907.03999999998,89.45352,371093.11129499954
2018-07-02,BUY,NIF100BEES.NS,1651,112.28,185374.28,92.68714,185626.14415499955
2018-07-02,BUY,GOLDBEES.NS,6833,27.14,185447.62,92.72381,85.80034499955946
2018-07-16,SELL,GOLDBEES.NS,6833,27.0,184491.0,92.2455,184484.55484499957
2018-07-16,SELL,LIQUIDBEES.NS,185,1000.0,185000.0,92.5,369392.05484499957
2018-07-16,BUY,MON100.NS,3156,58.48,184562.88,92.28144,184736.89340499957
2018-07-16,BUY,HNGSNGBEES.NS,554,333.16,184570.64,92.28532000000001,73.96808499956387
2018-07-23,SELL,HNGSNGBEES.NS,554,338.44,187495.76,93.74788000000001,187475.98020499956
2018-07-23,BUY,PSUBNKBEES.NS,5877,31.88,187358.75999999998,93.67938,23.540824999596225
2018-07-30,SELL,BANKBEES.NS,683,284.0,193972.0,96.986,193898.5548249996
2018-07-30,SELL,NIFTYBEES.NS,1732,117.74,203925.68,101.96284,397722.2719849996
2018-07-30,SELL,MON100.NS,3156,60.58,191190.47999999998,95.59523999999999,588817.1567449996
2018-07-30,BUY,JUNIORBEES.NS,648,302.7,196149.6,98.07480000000001,392569.48194499954
2018-07-30,BUY,HNGSNGBEES.NS,568,345.01,195965.68,97.98284,196505.81910499954
2018-07-30,BUY,CPSEETF.NS,7287,26.92,196166.04,98.08302,241.69608499953756
2018-08-06,SELL,HNGSNGBEES.NS,568,349.0,198232.0,99.116,198374.58008499953
2018-08-06,BUY,MOM100.NS,9464,20.95,198270.8,99.13539999999999,4.644684999540914
2018-08-13,SELL,NIF100BEES.NS,1651,119.18,196766.18000000002,98.38309000000001,196672.44159499957
2018-08-13,BUY,BANKBEES.NS,694,283.13,196492.22,98.24611,81.9754849995661
2018-08-20,SELL,CPSEETF.NS,7287,27.21,198279.27000000002,99.13963500000001,198262.10584999959
2018-08-20,SELL,PSUBNKBEES.NS,5877,36.44,214157.87999999998,107.07893999999999,412312.90690999955
2018-08-20,SELL,JUNIORBEES.NS,648,311.28,201709.43999999997,100.85471999999999,613921.4921899996
2018-08-20,BUY,HNGSNGBEES.NS,576,355.0,204480.0,102.24000000000001,409339.25218999956
2018-08-20,BUY,DIVOPPBEES.NS,6766,30.23,204536.18,102.26809,204700.80409999957
2018-08-20,BUY,NIFTYBEES.NS,1700,120.27,204459.0,102.2295,139.5745999995852
2018-08-27,SELL,BANKBEES.NS,694,288.35,200114.90000000002,100.05745000000002,200154.41714999962
2018-08-27,SELL,MOM100.NS,9464,20.99,198649.36,99.32468,398704.4524699996
2018-08-27,SELL,HNGSNGBEES.NS,576,329.32,189688.32,94.84416,588297.9283099996
2018-08-27,BUY,INFRABEES.NS,590,331.8,195762.0,97.881,392438.04730999965
2018-08-27,BUY,JUNIORBEES.NS,618,316.69,195714.42,97.85721000000001,196625.77009999965
2018-08-27,BUY,NIF100BEES.NS,1598,122.65,195994.7,97.99735000000001,533.0727499996428
2018-09-03,SELL,NIFTYBEES.NS,1700,120.77,205309.0,102.6545,205739.41824999964
2018-09-03,SELL,NIF100BEES.NS,1598,121.5,194157.0,97.0785,399799.33974999964
2018-09-03,BUY,MON100.NS,3151,63.4,199773.4,99.8867,199926.05304999964
2018-09-03,BUY,GOLDBEES.NS,7433,26.88,199799.03999999998,99.89952,27.11352999965311
2018-09-10,SELL,JUNIORBEES.NS,618,308.19,190461.42,95.23071,190393.30281999966
2018-09-10,BUY,NIF100BEES.NS,1575,120.81,190275.75,95.13787500000001,22.414944999676663
2018-09-17,SELL,DIVOPPBEES.NS,6766,30.93,209272.38,104.63619,209190.1587549997
2018-09-17,SELL,NIF100BEES.NS,1575,121.68,191646.0,95.82300000000001,400740.33575499966
2018-09-17,BUY,LIQUIDBEES.NS,200,1000.0,200000.0,100.0,200640.33575499966
2018-09-17,BUY,HNGSNGBEES.NS,578,346.47,200259.66,100.12983,280.54592499966384
2018-09-24,SELL,INFRABEES.NS,590,315.0,185850.0,92.925,186037.62092499968
2018-09-24,SELL,HNGSNGBEES.NS,578,338.0,195364.0,97.682,381303.9389249997
2018-09-24,BUY,NIF100BEES.NS,1636,116.44,190495.84,95.24792,190712.85100499968
2018-09-24,BUY,CPSEETF.NS,7062,26.98,190532.76,95.26638000000001,84.82462499968824
2018-10-01,SELL,NIF100BEES.NS,1636,115.39,188778.04,94.38902,188768.4756049997
2018-10-01,BUY,HNGSNGBEES.NS,546,345.5,188643.0,94.3215,31.154104999703122
2018-10-08,SELL,CPSEETF.NS,7062,24.04,169770.47999999998,84.88524,169716.74886499968
2018-10-08,BUY,MOM100.NS,9174,18.49,169627.25999999998,84.81362999999999,4.6752349997113924
2018-10-15,SELL,HNGSNGBEES.NS,546,315.5,172263.0,86.1315,172181.54373499972
2018-10-15,BUY,BANKBEES.NS,665,258.71,172042.15,86.021075,53.372659999731695
2018-10-22,SELL,MON100.NS,3151,62.2,195992.2,97.99610000000001,195947.57655999975
2018-10-22,BUY,INFRABEES.NS,666,294.0,195804.0,97.902,45.67455999975209
2018-10-29,SELL,BANKBEES.NS,665,254.27,169089.55000000002,84.54477500000002,169050.67978499978
2018-10-29,BUY,CPSEETF.NS,6686,25.27,168955.22,84.47761,10.98217499977909
2018-11-05,SELL,CPSEETF.NS,6686,24.92,166615.12000000002,83.30756000000001,166542.79461499982
2018-11-05,SELL,GOLDBEES.NS,7433,28.44,211394.52000000002,105.69726000000001,377831.6173549999
2018-11-05,SELL,MOM100.NS,9174,19.44,178342.56,89.17128,556085.0060749999
2018-11-05,SELL,LIQUIDBEES.NS,200,999.99,199998.0,99.999,755983.0070749999
2018-11-05,BUY,PSUBNKBEES.NS,5684,33.23,188879.31999999998,94.43965999999999,567009.2474149999
2018-11-05,BUY,JUNIORBEES.NS,673,280.33,188662.09,94.331045,378252.8263699999
2018-11-05,BUY,DIVOPPBEES.NS,6598,28.63,188900.74,94.45036999999999,189257.6359999999
2018-11-05,BUY,NIF100BEES.NS,1706,110.67,188803.02,94.40151,360.2144899999257
2018-11-12,SELL,DIVOPPBEES.NS,6598,28.61,188768.78,94.38439,189034.61009999993
2018-11-12,SELL,NIF100BEES.NS,1706,110.38,188308.28,94.15414,377248.73595999996
2018-11-12,BUY,MOM100.NS,9570,19.7,188529.0,94.2645,188625.47145999997
2018-11-12,BUY,NIFTYBEES.NS,1717,109.76,188457.92,94.22896000000001,73.3224999999511
2018-11-19,SELL,MOM100.NS,9570,19.21,183839.7,91.91985000000001,183821.10264999996
2018-11-19,BUY,BANKBEES.NS,683,268.78,183576.74,91.78837,152.57427999997162
2018-11-26,SELL,PSUBNKBEES.NS,5684,32.72,185980.47999999998,92.99023999999999,186040.06403999994
2018-11-26,BUY,LIQUIDBEES.NS,185,999.99,184998.15,92.499075,949.4149649999454
2018-12-03,SELL,INFRABEES.NS,666,320.68,213572.88,106.78644,214415.50852499995
2018-12-03,SELL,LIQUIDBEES.NS,185,999.99,184998.15,92.499075,399321.1594499999
2018-12-03,BUY,NIF100BEES.NS,1747,114.23,199559.81,99.779905,199661.56954499992
2018-12-03,BUY,DIVOPPBEES.NS,6936,28.77,199548.72,99.77436,13.075184999906924
2018-12-10,SELL,JUNIORBEES.NS,673,272.71,183533.83,91.766915,183455.1382699999
2018-12-10,SELL,DIVOPPBEES.NS,6936,28.03,194416.08000000002,97.20804000000001,377774.0102299999
2018-12-10,SELL,NIF100BEES.NS,1747,109.93,192047.71000000002,96.02385500000001,569725.6963749999
2018-12-10,BUY,GOLDBEES.NS,6754,28.1,189787.40000000002,94.89370000000001,379843.4026749999
2018-12-10,BUY,HNGSNGBEES.NS,608,312.0,189696.0,94.848,190052.5546749999
2018-12-10,BUY,LIQUIDBEES.NS,189,1000.0,189000.0,94.5,958.0546749999048
2018-12-17,SELL,BANKBEES.NS,683,274.48,187469.84000000003,93.73492000000002,188334.15975499994
2018-12-17,SELL,NIFTYBEES.NS,1717,113.64,195119.88,97.55994,383356.47981499997
2018-12-17,SELL,LIQUIDBEES.NS,189,1000.0,189000.0,94.5,572261.979815
2018-12-17,SELL,HNGSNGBEES.NS,608,314.31,191100.48,95.55024,763266.9095749999
2018-12-17,BUY,PSUBNKBEES.NS,5805,32.85,190694.25,95.347125,572477.31245
2018-12-17,BUY,DIVOPPBEES.NS,6495,29.36,190693.19999999998,95.3466,381688.76584999997
2018-12-17,BUY,JUNIORBEES.NS,661,288.14,190460.53999999998,95.23026999999999,191132.99558
2018-12-17,BUY,CPSEETF.NS,8016,23.79,190700.63999999998,95.35032,337.00526000000536
2018-12-24,SELL,DIVOPPBEES.NS,6495,28.97,188160.15,94.080075,188403.075185
2018-12-24,SELL,GOLDBEES.NS,6754,27.88,188301.52,94.15075999999999,376610.444425
2018-12-24,BUY,INFRABEES.NS,588,319.7,187983.6,93.9918,188532.852625
2018-12-24,BUY,MOM100.NS,10212,18.43,188207.16,94.10358000000001,231.58904500000062
2018-12-31,SELL,JUNIORBEES.NS,661,290.77,192198.97,96.099485,192334.45956
2018-12-31,SELL,MOM100.NS,10212,18.49,188819.87999999998,94.40993999999999,381059.92961999995
2018-12-31,BUY,NIF100BEES.NS,1664,114.44,190428.16,95.21408000000001,190536.55553999994
2018-12-31,BUY,DIVOPPBEES.NS,6506,29.27,190430.62,95.21531,10.72022999994806
2019-01-07,SELL,CPSEETF.NS,8016,24.11,193265.76,96.63288,193179.84734999997
2019-01-07,SELL,DIVOPPBEES.NS,6506,28.8,187372.80000000002,93.6864,380458.96095
2019-01-07,SELL,NIF100BEES.NS,1664,112.8,187699.19999999998,93.8496,568064.31135
2019-01-07,BUY,GOLDBEES.NS,6706,28.22,189243.31999999998,94.62165999999999,378726.36968999996
2019-01-07,BUY,BANKBEES.NS,678,278.74,188985.72,94.49286000000001,189646.15682999996
2019-01-07,BUY,LIQUIDBEES.NS,189,999.99,188998.11000000002,94.49905500000001,553.5477749999554
2019-01-14,SELL,INFRABEES.NS,588,316.25,185955.0,92.9775,186415.57027499995
2019-01-14,SELL,LIQUIDBEES.NS,189,999.99,188998.11000000002,94.49905500000001,375319.18121999997
2019-01-14,BUY,MON100.NS,4120,45.52,187542.40000000002,93.77120000000001,187683.01001999996
2019-01-14,BUY,HNGSNGBEES.NS,593,315.96,187364.28,93.68214,225.04787999996915
2019-01-21,SELL,PSUBNKBEES.NS,5805,33.78,196092.9,98.04645,196219.90142999997
2019-01-21,SELL,HNGSNGBEES.NS,593,315.8,187269.4,93.6347,383395.66672999994
2019-01-21,BUY,NIF100BEES.NS,1672,114.57,191561.03999999998,95.78052,191738.84620999996
2019-01-21,BUY,NIFTYBEES.NS,1673,114.48,191525.04,95.76252000000001,118.04368999996223
2019-01-28,SELL,BANKBEES.NS,678,271.08,183792.24,91.89612,183818.38756999996
2019-01-28,SELL,NIF100BEES.NS,1672,110.95,185508.4,92.7542,369234.03336999996
2019-01-28,BUY,HNGSNGBEES.NS,592,311.5,184408.0,92.20400000000001,184733.82936999996
2019-01-28,BUY,LIQUIDBEES.NS,184,999.99,183998.16,91.99908,643.6702899999509
2019-02-04,SELL,LIQUIDBEES.NS,184,999.99,183998.16,91.99908,184549.83120999995
2019-02-04,SELL,HNGSNGBEES.NS,592,316.0,187072.0,93.536,371528.29520999995
2019-02-04,BUY,NIF100BEES.NS,1630,113.85,185575.5,92.78775,185860.00745999996
2019-02-04,BUY,DIVOPPBEES.NS,6420,28.92,185666.40000000002,92.83320000000002,100.77425999994739
2019-02-18,SELL,DIVOPPBEES.NS,6420,28.22,181172.4,90.5862,181182.58805999995
2019-02-18,SELL,NIF100BEES.NS,1630,111.13,181141.9,90.57095,362233.9171099999
2019-02-18,BUY,LIQUIDBEES.NS,181,999.99,180998.19,90.499095,181145.2280149999
2019-02-18,BUY,BANKBEES.NS,666,271.81,181025.46,90.51273,29.255284999933792
2019-02-25,SELL,BANKBEES.NS,666,275.94,183776.04,91.88802000000001,183713.40726499993
2019-02-25,SELL,GOLDBEES.NS,6706,29.57,198296.42,99.14821,381910.67905499996
2019-02-25,SELL,LIQUIDBEES.NS,181,999.99,180998.19,90.499095,562818.3699599999
2019-02-25,SELL,NIFTYBEES.NS,1673,113.65,190136.45,95.06822500000001,752859.7517349999
2019-02-25,BUY,CPSEETF.NS,7920,23.75,188100.0,94.05,564665.7017349999
2019-02-25,BUY,INFRABEES.NS,634,296.58,188031.72,94.01586,376539.9658749999
2019-02-25,BUY,MOM100.NS,10830,17.37,188117.1,94.05855000000001,188328.80732499989
2019-02-25,BUY,HNGSNGBEES.NS,587,320.0,187840.0,93.92,394.88732499987236
2019-03-05,SELL,MON100.NS,4120,50.08,206329.6,103.1648,206621.32252499988
2019-03-05,SELL,MOM100.NS,10830,18.2,197106.0,98.553,403628.7695249999
2019-03-05,BUY,JUNIORBEES.NS,713,282.6,201493.80000000002,100.74690000000001,202034.22262499988
2019-03-05,BUY,PSUBNKBEES.NS,6283,32.1,201684.30000000002,100.84215,249.08047499984968
2019-03-11,SELL,HNGSNGBEES.NS,587,339.0,198993.0,99.4965,199142.58397499984
2019-03-11,BUY,MOM100.NS,10847,18.35,199042.45,99.521225,0.6127499998256098
2019-03-18,SELL,JUNIORBEES.NS,713,288.6,205771.80000000002,102.8859,205669.52684999985
2019-03-18,SELL,MOM100.NS,10847,18.51,200777.97000000003,100.38898500000002,406347.1078649999
2019-03-18,BUY,BANKBEES.NS,677,299.88,203018.76,101.50938000000001,203226.8384849999
2019-03-18,BUY,NIFTYBEES.NS,1692,119.99,203023.08,101.51154,102.24694499990437
2019-04-08,SELL,CPSEETF.NS,7920,26.74,211780.8,105.8904,211777.1565449999
2019-04-08,SELL,INFRABEES.NS,634,330.86,209765.24000000002,104.88262000000002,421437.5139249999
2019-04-08,SELL,BANKBEES.NS,677,303.96,205780.91999999998,102.89045999999999,627115.5434649999
2019-04-08,BUY,MON100.NS,4021,51.95,208890.95,104.445475,418120.14798999985
2019-04-08,BUY,MOM100.NS,11293,18.5,208920.5,104.46025,209095.18773999985
2019-04-08,BUY,NIF100BEES.NS,1731,120.66,208862.46,104.43123,128.29650999986916
2019-04-15,SELL,PSUBNKBEES.NS,6283,36.46,229078.18,114.53909,229091.93741999986
2019-04-15,SELL,MOM100.NS,11293,19.24,217277.31999999998,108.63865999999999,446260.61875999987
2019-04-15,BUY,DIVOPPBEES.NS,7205,30.95,222994.75,111.497375,223154.37138499986
2019-04-15,BUY,JUNIORBEES.NS,762,292.32,222747.84,111.37392,295.1574649998511
2019-04-22,SELL,JUNIORBEES.NS,762,287.72,219242.64,109.62132000000001,219428.17614499986
2019-04-22,BUY,CPSEETF.NS,8150,26.91,219316.5,109.65825,2.0178949998517055
2019-04-30,SELL,CPSEETF.NS,8150,27.5,224125.0,112.0625,224014.95539499985
2019-04-30,BUY,HNGSNGBEES.NS,691,323.69,223669.79,111.834895,233.33049999983632
2019-05-06,SELL,NIF100BEES.NS,1731,120.4,208412.40000000002,104.20620000000001,208541.52429999987
2019-05-06,SELL,HNGSNGBEES.NS,691,321.0,221811.0,110.9055,430241.6187999999
2019-05-06,BUY,CPSEETF.NS,7844,27.41,215004.04,107.50202,215130.07677999986
2019-05-06,BUY,BANKBEES.NS,712,301.84,214910.08,107.45504,112.5417399998696
2019-05-13,SELL,CPSEETF.NS,7844,25.91,203238.04,101.61902,203248.96271999986
2019-05-13,SELL,DIVOPPBEES.NS,7205,29.39,211754.95,105.877475,414898.0352449999
2019-05-13,SELL,NIFTYBEES.NS,1692,117.22,198336.24,99.16812,613135.1071249999
2019-05-13,BUY,GOLDBEES.NS,7228,28.26,204263.28,102.13164,408769.69548499986
2019-05-13,BUY,LIQUIDBEES.NS,204,1000.0,204000.0,102.0,204667.69548499986
2019-05-13,BUY,PSUBNKBEES.NS,6425,31.79,204250.75,102.125375,314.82010999985505
2019-05-20,SELL,PSUBNKBEES.NS,6425,35.13,225710.25000000003,112.85512500000002,225912.21498499988
2019-05-20,BUY,NIFTYBEES.NS,1821,123.93,225676.53,112.838265,122.84671999988495
2019-05-27,SELL,GOLDBEES.NS,7228,28.1,203106.80000000002,101.55340000000001,203128.0933199999
2019-05-27,SELL,MON100.NS,4021,50.47,202939.87,101.469935,405966.4933849999
2019-05-27,SELL,LIQUIDBEES.NS,204,1000.0,204000.0,102.0,609864.4933849999
2019-05-27,BUY,PSUBNKBEES.NS,5429,37.42,203153.18000000002,101.57659000000001,406609.7367949999
2019-05-27,BUY,INFRABEES.NS,586,346.48,203037.28,101.51864,203470.93815499992
2019-05-27,BUY,JUNIORBEES.NS,712,285.3,203133.6,101.5668,235.7713549999171
2019-06-03,SELL,NIFTYBEES.NS,1821,126.8,230902.8,115.45139999999999,231023.11995499991
2019-06-03,SELL,JUNIORBEES.NS,712,288.94,205725.28,102.86264,436645.5373149999
2019-06-03,BUY,CPSEETF.NS,7632,28.59,218198.88,109.09944,218337.5578749999
2019-06-03,BUY,MOM100.NS,11619,18.78,218204.82,109.10241,23.635464999912074
2019-06-10,SELL,BANKBEES.NS,712,315.5,224636.0,112.318,224547.3174649999
2019-06-10,SELL,PSUBNKBEES.NS,5429,33.83,183663.06999999998,91.83153499999999,408118.5559299999
2019-06-10,SELL,MOM100.NS,11619,18.55,215532.45,107.766225,623543.239705
2019-06-10,BUY,GOLDBEES.NS,7213,28.8,207734.4,103.8672,415704.97250499995
2019-06-10,BUY,DIVOPPBEES.NS,6690,31.05,207724.5,103.86225,207876.61025499995
2019-06-10,BUY,NIFTYBEES.NS,1653,125.67,207732.51,103.86625500000001,40.23399999993853
2019-06-17,SELL,CPSEETF.NS,7632,27.74,211711.68,105.85584,211646.05815999993
2019-06-17,SELL,NIFTYBEES.NS,1653,123.08,203451.24,101.72561999999999,414995.5725399999
2019-06-17,BUY,MON100.NS,3998,51.87,207376.25999999998,103.68812999999999,207515.62440999993
2019-06-17,BUY,LIQUIDBEES.NS,207,999.99,206997.93,103.498965,414.1954449999321
2019-06-24,SELL,INFRABEES.NS,586,342.2,200529.19999999998,100.26459999999999,200843.13084499992
2019-06-24,BUY,HNGSNGBEES.NS,678,296.0,200688.0,100.34400000000001,54.78684499990777
2019-07-01,SELL,DIVOPPBEES.NS,6690,30.56,204446.4,102.2232,204398.9636449999
2019-07-01,SELL,MON100.NS,3998,53.29,213053.41999999998,106.52671,417345.8569349999
2019-07-01,SELL,LIQUIDBEES.NS,207,1000.0,207000.0,103.5,624242.3569349998
2019-07-01,BUY,PSUBNKBEES.NS,5883,35.35,207964.05000000002,103.98202500000001,416174.3249099998
2019-07-01,BUY,BANKBEES.NS,649,320.17,207790.33000000002,103.895165,208280.09974499978
2019-07-01,BUY,CPSEETF.NS,7446,27.93,207966.78,103.98339,209.3363549997739
2019-07-08,SELL,CPSEETF.NS,7446,26.35,196202.1,98.10105,196313.33530499978
2019-07-08,BUY,MOM100.NS,11054,17.75,196208.5,98.10425000000001,6.73105499977828
2019-07-15,SELL,BANKBEES.NS,649,311.03,201858.46999999997,100.92923499999999,201764.27181999976
2019-07-15,SELL,MOM100.NS,11054,17.74,196097.96,98.04898,397764.1828399998
2019-07-15,SELL,HNGSNGBEES.NS,678,301.53,204437.33999999997,102.21866999999999,602099.3041699998
2019-07-15,BUY,MON100.NS,3703,54.16,200554.47999999998,100.27723999999999,401444.54692999984
2019-07-15,BUY,LIQUIDBEES.NS,200,1000.0,200000.0,100.0,201344.54692999984
2019-07-15,BUY,JUNIORBEES.NS,719,278.9,200529.09999999998,100.26454999999999,715.1823799998674
2019-07-22,SELL,PSUBNKBEES.NS,5883,33.08,194609.63999999998,97.30481999999999,195227.51755999986
2019-07-22,BUY,NIF100BEES.NS,1653,118.04,195120.12000000002,97.56006000000002,9.83749999984866
2019-07-29,SELL,NIF100BEES.NS,1653,116.76,193004.28,96.50214,192917.61535999985
2019-07-29,BUY,DIVOPPBEES.NS,6718,28.7,192806.6,96.4033,14.612059999839403
2019-08-05,SELL,JUNIORBEES.NS,719,265.43,190844.17,95.42208500000001,190763.35997499985
2019-08-05,BUY,NIF100BEES.NS,1684,113.22,190662.48,95.33124000000001,5.548734999843873
2019-08-13,SELL,DIVOPPBEES.NS,6718,28.22,189581.96,94.79098,189492.71775499985
2019-08-13,SELL,LIQUIDBEES.NS,200,1000.0,200000.0,100.0,389392.7177549999
2019-08-13,BUY,JUNIORBEES.NS,731,265.88,194358.28,97.17914,194937.25861499988
2019-08-13,BUY,MOM100.NS,11887,16.37,194590.19,97.295095,249.7735199998715
2019-08-19,SELL,MON100.NS,3703,54.0,199962.0,99.98100000000001,200111.79251999987
2019-08-19,SELL,NIF100BEES.NS,1684,115.18,193963.12000000002,96.98156000000002,393977.9309599999
2019-08-19,BUY,NIFTYBEES.NS,1680,117.13,196778.4,98.3892,197101.1417599999
2019-08-19,BUY,LIQUIDBEES.NS,196,1000.0,196000.0,98.0,1003.1417599999113
2019-08-26,SELL,JUNIORBEES.NS,731,267.85,195798.35,97.899175,196703.59258499992
2019-08-26,SELL,MOM100.NS,11887,16.29,193639.22999999998,96.819615,390246.0029699999
2019-08-26,BUY,MON100.NS,3633,53.67,194983.11000000002,97.491555,195165.4014149999
2019-08-26,BUY,DIVOPPBEES.NS,6831,28.55,195025.05000000002,97.51252500000001,42.83888999989722
2019-09-03,SELL,NIFTYBEES.NS,1680,114.52,192393.6,96.19680000000001,192340.2420899999
2019-09-03,SELL,LIQUIDBEES.NS,196,1000.0,196000.0,98.0,388242.2420899999
2019-09-03,BUY,JUNIORBEES.NS,722,268.39,193777.58,96.88879,194367.7732999999
2019-09-03,BUY,NIF100BEES.NS,1714,113.14,193921.96,96.96097999999999,348.8523199999181
2019-09-09,SELL,NIF100BEES.NS,1714,115.02,197144.28,98.57214,197394.5601799999
2019-09-09,SELL,GOLDBEES.NS,7213,33.69,243005.96999999997,121.502985,440279.02719499986
2019-09-09,SELL,JUNIORBEES.NS,722,270.96,195633.12,97.81656,635814.3306349998
2019-09-09,BUY,CPSEETF.NS,8987,23.57,211823.59,105.911795,423884.8288399998
2019-09-09,BUY,HNGSNGBEES.NS,683,310.0,211730.0,105.86500000000001,212048.9638399998
2019-09-09,BUY,INFRABEES.NS,669,316.56,211778.64,105.88932000000001,164.43451999980607
2019-09-16,SELL,DIVOPPBEES.NS,6831,28.8,196732.80000000002,98.36640000000001,196798.86811999982
2019-09-16,SELL,MON100.NS,3633,55.36,201122.88,100.56144,397821.1866799998
2019-09-16,BUY,PSUBNKBEES.NS,7269,27.35,198807.15000000002,99.40357500000002,198914.63310499978
2019-09-16,BUY,BANKBEES.NS,697,285.15,198749.55,99.374775,65.7083299997903
2019-09-23,SELL,CPSEETF.NS,8987,24.02,215867.74,107.93387,215825.51445999977
2019-09-23,SELL,INFRABEES.NS,669,333.0,222777.0,111.38850000000001,438491.12595999974
2019-09-23,SELL,HNGSNGBEES.NS,683,319.5,218218.5,109.10925,656600.5167099998
2019-09-23,BUY,JUNIORBEES.NS,758,288.56,218728.48,109.36424000000001,437762.67246999976
2019-09-23,BUY,NIFTYBEES.NS,1778,123.0,218694.0,109.34700000000001,218959.32546999975
2019-09-23,BUY,NIF100BEES.NS,1797,121.67,218640.99,109.320495,209.0149749997654
2019-09-30,SELL,PSUBNKBEES.NS,7269,25.37,184414.53,92.207265,184531.33770999976
2019-09-30,BUY,INFRABEES.NS,547,336.88,184273.36,92.13668,165.84102999977767
2019-10-07,SELL,BANKBEES.NS,697,283.33,197481.00999999998,98.740505,197548.11052499976
2019-10-07,SELL,NIFTYBEES.NS,1778,117.57,209039.46,104.51973,406483.05079499976
2019-10-07,SELL,JUNIORBEES.NS,758,273.03,206956.74,103.47837,613336.3124249998
2019-10-07,BUY,GOLDBEES.NS,6081,33.6,204321.6,102.16080000000001,408912.55162499973
2019-10-07,BUY,DIVOPPBEES.NS,7070,28.9,204323.0,102.1615,204487.39012499974
2019-10-07,BUY,LIQUIDBEES.NS,204,1000.0,204000.0,102.0,385.3901249997434
2019-10-14,SELL,NIF100BEES.NS,1797,118.48,212908.56,106.45428,213187.49584499974
2019-10-14,BUY,MON100.NS,3889,54.78,213039.42,106.51971,41.55613499972969
2019-10-22,SELL,DIVOPPBEES.NS,7070,29.45,208211.5,104.10575,208148.95038499974
2019-10-22,SELL,GOLDBEES.NS,6081,33.67,204747.27000000002,102.37363500000001,412793.8467499998
2019-10-22,SELL,LIQUIDBEES.NS,204,999.99,203997.96,101.99898,616689.8077699998
2019-10-22,BUY,CPSEETF.NS,8284,24.8,205443.2,102.72160000000001,411143.88616999984
2019-10-22,BUY,JUNIORBEES.NS,706,290.8,205304.80000000002,102.65240000000001,205736.43376999983
2019-10-22,BUY,NIFTYBEES.NS,1670,122.96,205343.19999999998,102.6716,290.5621699998446
2019-10-29,SELL,CPSEETF.NS,8284,24.75,205029.0,102.5145,205217.04766999985
2019-10-29,SELL,NIFTYBEES.NS,1670,124.68,208215.6,104.10780000000001,413328.53986999986
2019-10-29,SELL,MON100.NS,3889,56.6,220117.4,110.0587,633335.8811699998
2019-10-29,SELL,INFRABEES.NS,547,340.15,186062.05,93.031025,819304.9001449998
2019-10-29,BUY,PSUBNKBEES.NS,10658,25.61,272951.38,136.47569000000001,546217.0444549999
2019-10-29,BUY,BANKBEES.NS,896,304.45,272787.2,136.39360000000002,273293.4508549998
2019-10-29,BUY,MOM100.NS,15860,17.21,272950.60000000003,136.47530000000003,206.37555499980226
2019-11-04,BUY,DIVOPPBEES.NS,6,30.38,182.28,0.09114,24.004414999802265
2019-11-11,SELL,DIVOPPBEES.NS,6,30.08,180.48,0.09024,204.39417499980226
2019-11-11,SELL,JUNIORBEES.NS,706,295.62,208707.72,104.35386,208807.7603149998
2019-11-11,BUY,HNGSNGBEES.NS,312,333.76,104133.12,52.066559999999996,104622.57375499979
2019-11-11,BUY,NIFTYBEES.NS,824,126.49,104227.76,52.11388,342.6998749997874
2019-11-18,SELL,NIFTYBEES.NS,824,125.73,103601.52,51.800760000000004,103892.4191149998
2019-11-18,BUY,MON100.NS,1767,58.75,103811.25,51.905625,29.26348999979382
2019-11-25,SELL,HNGSNGBEES.NS,312,338.5,105612.0,52.806000000000004,105588.4574899998
2019-11-25,BUY,INFRABEES.NS,307,343.01,105304.06999999999,52.652035,231.7354549997981
2019-12-09,SELL,INFRABEES.NS,307,334.01,102541.06999999999,51.270534999999995,102721.53491999979
2019-12-09,SELL,PSUBNKBEES.NS,10658,27.07,288512.06,144.25603,391089.3388899998
2019-12-09,SELL,BANKBEES.NS,896,319.85,286585.60000000003,143.29280000000003,677531.6460899998
2019-12-09,BUY,GOLDBEES.NS,6790,33.24,225699.6,112.8498,451719.1962899998
2019-12-09,BUY,LIQUIDBEES.NS,225,999.99,224997.75,112.498875,226608.94741499983
2019-12-09,BUY,NIF100BEES.NS,1828,123.43,225630.04,112.81502,866.0923949998105
2019-12-16,SELL,GOLDBEES.NS,6790,33.44,227057.59999999998,113.52879999999999,227810.1635949998
2019-12-16,SELL,MOM100.NS,15860,17.74,281356.39999999997,140.67819999999998,509025.88539499976
2019-12-16,SELL,LIQUIDBEES.NS,225,1000.0,225000.0,112.5,733913.3853949998
2019-12-16,BUY,BANKBEES.NS,749,326.04,244203.96000000002,122.10198000000001,489587.32341499976
2019-12-16,BUY,NIFTYBEES.NS,1917,127.53,244475.01,122.23750500000001,244990.07590999975
2019-12-16,BUY,PSUBNKBEES.NS,8732,28.0,244496.0,122.248,371.82790999975987
2019-12-23,SELL,NIF100BEES.NS,1828,126.83,231845.24,115.92262,232101.14528999975
2019-12-23,BUY,HNGSNGBEES.NS,660,351.39,231917.4,115.9587,67.78658999977051
2019-12-30,SELL,BANKBEES.NS,749,330.09,247237.40999999997,123.61870499999999,247181.57788499974
2019-12-30,SELL,NIFTYBEES.NS,1917,130.26,249708.41999999998,124.85421,496765.1436749997
2019-12-30,BUY,GOLDBEES.NS,7237,34.3,248229.09999999998,124.11455,248411.92912499973
2019-12-30,BUY,CPSEETF.NS,10714,23.17,248243.38,124.12169,44.427434999728575
2020-01-06,SELL,PSUBNKBEES.NS,8732,26.67,232882.44,116.44122,232810.42621499972
2020-01-06,SELL,MON100.NS,1767,61.65,108935.55,54.467775,341691.5084399997
2020-01-06,BUY,MOM100.NS,9529,17.92,170759.68000000002,85.37984000000002,170846.44859999968
2020-01-06,BUY,INFRABEES.NS,509,334.99,170509.91,85.25495500000001,251.28364499966847
2020-01-13,SELL,CPSEETF.NS,10714,23.62,253064.68000000002,126.53234000000002,253189.43130499969
2020-01-13,SELL,GOLDBEES.NS,7237,34.75,251485.75,125.742875,504549.4384299997
2020-01-13,SELL,HNGSNGBEES.NS,660,359.27,237118.19999999998,118.5591,741549.0793299996
2020-01-13,BUY,MON100.NS,3940,62.69,246998.59999999998,123.49929999999999,494426.9800299996
2020-01-13,BUY,NIF100BEES.NS,1926,128.21,246932.46000000002,123.46623000000001,247371.05379999962
2020-01-13,BUY,JUNIORBEES.NS,827,298.42,246793.34000000003,123.39667000000001,454.3171299996029
2020-01-20,SELL,NIF100BEES.NS,1926,127.38,245333.88,122.66694000000001,245665.5301899996
2020-01-20,BUY,HNGSNGBEES.NS,654,374.91,245191.14,122.59557000000001,351.7946199995931
2020-02-03,SELL,JUNIORBEES.NS,827,286.7,237100.9,118.55045,237334.14416999958
2020-02-03,SELL,HNGSNGBEES.NS,654,362.2,236878.8,118.43939999999999,474094.50476999953
2020-02-03,BUY,GOLDBEES.NS,6597,35.91,236898.27,118.449135,237077.78563499954
2020-02-03,BUY,LIQUIDBEES.NS,236,1000.0,236000.0,118.0,959.7856349995418
2020-02-10,SELL,INFRABEES.NS,509,337.13,171599.16999999998,85.799585,172473.15604999952
2020-02-10,SELL,GOLDBEES.NS,6597,35.95,237162.15000000002,118.58107500000001,409516.72497499955
2020-02-10,SELL,LIQUIDBEES.NS,236,999.99,235997.64,117.99882000000001,645396.3661549996
2020-02-10,BUY,JUNIORBEES.NS,715,300.46,214828.9,107.41445,430460.0517049996
2020-02-10,BUY,BANKBEES.NS,676,317.68,214751.68,107.37584,215600.9958649996
2020-02-10,BUY,HNGSNGBEES.NS,615,349.17,214739.55000000002,107.369775,754.0760899995803
2020-02-17,SELL,BANKBEES.NS,676,313.06,211628.56,105.81428,212276.8218099996
2020-02-17,SELL,MOM100.NS,9529,18.75,178668.75,89.33437500000001,390856.23743499955
2020-02-17,SELL,JUNIORBEES.NS,715,293.4,209780.99999999997,104.89049999999999,600532.3469349996
2020-02-17,SELL,HNGSNGBEES.NS,615,354.0,217710.0,108.855,818133.4919349996
2020-02-17,BUY,NIF100BEES.NS,1633,125.15,204369.95,102.18497500000001,613661.3569599995
2020-02-17,BUY,NIFTYBEES.NS,1599,127.84,204416.16,102.20808000000001,409142.9888799995
2020-02-17,BUY,DIVOPPBEES.NS,7061,28.95,204415.94999999998,102.20797499999999,204624.83090499952
2020-02-17,BUY,GOLDBEES.NS,5689,35.93,204405.77,102.202885,116.85801999951946
2020-02-24,SELL,DIVOPPBEES.NS,7061,28.57,201732.77,100.866385,201748.7616349995
2020-02-24,BUY,JUNIORBEES.NS,688,292.68,201363.84,100.68192,284.2397149995086
2020-03-02,SELL,NIF100BEES.NS,1633,115.87,189215.71000000002,94.60785500000001,189405.34185999952
2020-03-02,SELL,NIFTYBEES.NS,1599,118.39,189305.61000000002,94.65280500000001,378616.29905499954
2020-03-02,SELL,MON100.NS,3940,61.73,243216.19999999998,121.6081,621710.8909549995
2020-03-02,SELL,JUNIORBEES.NS,688,275.84,189777.91999999998,94.88896,811393.9219949995
2020-03-02,BUY,HNGSNGBEES.NS,545,372.0,202740.0,101.37,608552.5519949995
2020-03-02,BUY,LIQUIDBEES.NS,202,1000.0,202000.0,101.0,406451.5519949995
2020-03-02,BUY,INFRABEES.NS,663,305.41,202486.83000000002,101.24341500000001,203863.4785799995
2020-03-02,BUY,BANKBEES.NS,688,294.45,202581.6,101.2908,1180.587779999507
2020-03-09,SELL,INFRABEES.NS,663,289.11,191679.93000000002,95.839965,192764.67781499954
2020-03-09,SELL,BANKBEES.NS,688,271.61,186867.68000000002,93.43384000000002,379538.9239749996
2020-03-09,BUY,DIVOPPBEES.NS,7098,26.72,189658.56,94.82928,189785.53469499957
2020-03-09,BUY,CPSEETF.NS,10655,17.8,189659.0,94.8295,31.70519499958027
2020-03-16,SELL,CPSEETF.NS,10655,15.54,165578.69999999998,82.78935,165527.61584499956
2020-03-16,BUY,MOM100.NS,10906,15.17,165444.02,82.72201,0.8738349995692261
2020-03-23,SELL,MOM100.NS,10906,12.37,134907.22,67.45361,134840.64022499957
2020-03-23,SELL,HNGSNGBEES.NS,545,319.4,174073.0,87.0365,308826.6037249996
2020-03-23,BUY,MON100.NS,3062,50.39,154294.18,77.14708999999999,154455.27663499958
2020-03-23,BUY,CPSEETF.NS,11016,14.01,154334.16,77.16708,43.94955499956268
2020-03-30,SELL,DIVOPPBEES.NS,7098,26.4,187387.19999999998,93.69359999999999,187337.45595499955
2020-03-30,BUY,HNGSNGBEES.NS,544,344.0,187136.0,93.568,107.88795499954722
2020-04-07,SELL,LIQUIDBEES.NS,202,999.99,201997.98,100.99899,202004.86896499956
2020-04-07,SELL,HNGSNGBEES.NS,544,339.98,184949.12,92.47456,386861.51440499956
2020-04-07,BUY,DIVOPPBEES.NS,7359,26.27,193320.93,96.660465,193443.92393999957
2020-04-07,BUY,INFRABEES.NS,791,244.23,193185.93,96.59296499999999,161.40097499958938
2020-04-13,SELL,INFRABEES.NS,791,256.74,203081.34,101.54067,203141.2003049996
2020-04-13,BUY,JUNIORBEES.NS,857,236.77,202911.89,101.45594500000001,127.85435999959009
2020-04-20,SELL,DIVOPPBEES.NS,7359,25.53,187875.27000000002,93.93763500000001,187909.1867249996
2020-04-20,SELL,GOLDBEES.NS,5689,41.55,236377.94999999998,118.188975,424168.9477499996
2020-04-20,BUY,BANKBEES.NS,1024,206.9,211865.6,105.9328,212197.41494999957
2020-04-20,BUY,INFRABEES.NS,779,271.95,211849.05,105.924525,242.4404249995714
2020-04-27,SELL,CPSEETF.NS,11016,16.31,179670.96,89.83548,179823.56494499955
2020-04-27,SELL,JUNIORBEES.NS,857,243.57,208739.49,104.369745,388458.68519999954
2020-04-27,SELL,BANKBEES.NS,1024,201.6,206438.4,103.2192,594793.8659999996
2020-04-27,BUY,GOLDBEES.NS,4656,42.56,198159.36000000002,99.07968000000001,396535.42631999956
2020-04-27,BUY,CONSUMBEES.NS,3720,53.26,198127.19999999998,99.0636,198309.1627199996
2020-04-27,BUY,NIFTYBEES.NS,2013,98.43,198139.59000000003,99.06979500000001,70.5029249995714
2020-05-04,SELL,CONSUMBEES.NS,3720,51.8,192696.0,96.348,192670.15492499957
2020-05-04,SELL,GOLDBEES.NS,4656,42.73,198950.87999999998,99.47543999999999,391521.5594849995
2020-05-04,SELL,MON100.NS,3062,64.1,196274.19999999998,98.13709999999999,587697.6223849995
2020-05-04,BUY,BANKBEES.NS,982,199.2,195614.4,97.8072,391985.4151849995
2020-05-04,BUY,HNGSNGBEES.NS,563,347.48,195631.24000000002,97.81562000000001,196256.3595649995
2020-05-04,BUY,MID150BEES.NS,3905,50.14,195796.7,97.89835000000001,361.76121499948204
2020-05-11,SELL,BANKBEES.NS,982,191.42,187974.43999999997,93.98722,188242.21399499945
2020-05-11,SELL,NIFTYBEES.NS,2013,98.21,197696.72999999998,98.84836499999999,385840.0956299994
2020-05-11,SELL,MID150BEES.NS,3905,49.54,193453.69999999998,96.72685,579197.0687799994
2020-05-11,BUY,MON100.NS,2821,68.4,192956.40000000002,96.47820000000002,386144.19057999935
2020-05-11,BUY,NIF100BEES.NS,1918,100.58,192912.44,96.45622,193135.29435999936
2020-05-11,BUY,CONSUMBEES.NS,3660,52.72,192955.19999999998,96.4776,83.61675999936415
2020-05-18,SELL,CONSUMBEES.NS,3660,47.36,173337.6,86.6688,173334.54795999936
2020-05-18,BUY,JUNIORBEES.NS,733,236.16,173105.28,86.55264,142.71531999934814
2020-05-26,SELL,INFRABEES.NS,779,280.34,218384.86,109.19243,218418.38288999934
2020-05-26,SELL,NIF100BEES.NS,1918,102.21,196038.78,98.01939,414359.1434999993
2020-05-26,SELL,HNGSNGBEES.NS,563,350.0,197050.0,98.525,611310.6184999993
2020-05-26,BUY,NV20BEES.NS,4073,50.0,203650.0,101.825,407558.7934999993
2020-05-26,BUY,MOM100.NS,14801,13.76,203661.76,101.83088000000001,203795.20261999927
2020-05-26,BUY,GOLDBEES.NS,4943,41.2,203651.6,101.8258,41.77681999927154
2020-06-01,SELL,GOLDBEES.NS,4943,41.21,203701.03,101.850515,203640.95630499927
2020-06-01,SELL,MON100.NS,2821,70.14,197864.94,98.93247000000001,401406.96383499925
2020-06-01,SELL,MOM100.NS,14801,14.46,214022.46000000002,107.01123000000001,615322.4126049993
2020-06-01,BUY,CPSEETF.NS,11714,17.5,204995.0,102.4975,410224.91510499927
2020-06-01,BUY,BANKBEES.NS,1022,200.53,204941.66,102.47083,205180.78427499926
2020-06-01,BUY,NIFTYBEES.NS,1963,104.42,204976.46,102.48823,101.83604499927606
2020-06-08,SELL,NV20BEES.NS,4073,53.6,218312.80000000002,109.1564,218305.4796449993
2020-06-08,SELL,JUNIORBEES.NS,733,264.21,193665.93,96.832965,411874.57667999924
2020-06-08,BUY,PSUBNKBEES.NS,13622,15.11,205828.41999999998,102.91421,205943.24246999927
2020-06-08,BUY,DIVOPPBEES.NS,8052,25.56,205809.12,102.90456,31.217909999279073
2020-06-15,SELL,CPSEETF.NS,11714,17.27,202300.78,101.15039,202230.84751999928
2020-06-15,SELL,NIFTYBEES.NS,1963,104.51,205153.13,102.576565,407281.40095499926
2020-06-15,SELL,BANKBEES.NS,1022,200.74,205156.28,102.57814,612335.1028149993
2020-06-15,BUY,MID150BEES.NS,3777,54.0,203958.0,101.979,408275.1238149993
2020-06-15,BUY,NIF100BEES.NS,1795,113.61,203929.95,101.96497500000001,204243.20883999928
2020-06-15,BUY,MOM100.NS,13483,15.13,203997.79,101.998895,143.41994499927387
2020-06-22,SELL,DIVOPPBEES.NS,8052,26.3,211767.6,105.88380000000001,211805.13614499927
2020-06-22,SELL,MOM100.NS,13483,15.59,210199.97,105.099985,421900.0061599993
2020-06-22,BUY,MON100.NS,2794,75.46,210835.24,105.41762,210959.3485399993
2020-06-22,BUY,BANKBEES.NS,964,218.5,210634.0,105.31700000000001,220.03153999929782
2020-06-29,SELL,NIF100BEES.NS,1795,112.83,202529.85,101.264925,202648.6166149993
2020-06-29,SELL,MON100.NS,2794,73.11,204269.34,102.13467,406815.8219449993
2020-06-29,BUY,NV20BEES.NS,3815,53.29,203301.35,101.650675,203412.82126999926
2020-06-29,BUY,NIFTYBEES.NS,1852,109.74,203238.47999999998,101.61923999999999,72.72202999927686
2020-07-06,SELL,PSUBNKBEES.NS,13622,16.22,220948.84,110.47442,220911.08760999926
2020-07-06,BUY,INFRABEES.NS,687,321.32,220746.84,110.37342,53.87418999927468
2020-07-13,SELL,INFRABEES.NS,687,316.41,217373.67,108.686835,217318.8573549993
2020-07-13,SELL,NV20BEES.NS,3815,55.6,212114.0,106.057,429326.80035499926
2020-07-13,SELL,MID150BEES.NS,3777,58.19,219783.63,109.89181500000001,649000.5385399993
2020-07-13,BUY,MON100.NS,2689,80.4,216195.6,108.0978,432696.8407399993
2020-07-13,BUY,CONSUMBEES.NS,4080,52.99,216199.2,108.09960000000001,216389.54113999932
2020-07-13,BUY,DIVOPPBEES.NS,7955,27.18,216216.9,108.10845,64.53268999932334
2020-07-20,SELL,BANKBEES.NS,964,224.39,216311.96,108.15598,216268.3367099993
2020-07-20,SELL,CONSUMBEES.NS,4080,52.06,212404.80000000002,106.20240000000001,428566.93430999934
2020-07-20,BUY,NV20BEES.NS,3733,57.37,214162.21,107.081105,214297.64320499936
2020-07-20,BUY,JUNIORBEES.NS,775,276.22,214070.50000000003,107.03525000000002,120.10795499934466
2020-07-27,SELL,DIVOPPBEES.NS,7955,27.53,219001.15000000002,109.50057500000001,219011.75737999936
2020-07-27,SELL,MON100.NS,2689,77.59,208639.51,104.319755,427546.94762499933
2020-07-27,SELL,JUNIORBEES.NS,775,272.05,210838.75,105.419375,638280.2782499993
2020-07-27,BUY,GOLDBEES.NS,4578,46.45,212648.1,106.32405,425525.85419999924
2020-07-27,BUY,NIF100BEES.NS,1891,112.43,212605.13,106.302565,212814.42163499925
2020-07-27,BUY,CONSUMBEES.NS,4016,52.94,212607.03999999998,106.30351999999999,101.07811499928357
2020-08-03,SELL,CONSUMBEES.NS,4016,51.84,208189.44,104.09472000000001,208186.4233949993
2020-08-03,SELL,NIFTYBEES.NS,1852,116.17,215146.84,107.57342,423225.6899749993
2020-08-03,SELL,NIF100BEES.NS,1891,114.95,217370.45,108.685225,640487.4547499993
2020-08-03,BUY,MOM100.NS,13099,16.29,213382.71,106.691355,426998.05339499936
2020-08-03,BUY,JUNIORBEES.NS,762,279.7,213131.4,106.56569999999999,213760.08769499935
2020-08-03,BUY,INFRABEES.NS,665,320.86,213371.90000000002,106.68595000000002,281.50174499931745
2020-08-10,SELL,INFRABEES.NS,665,330.3,219649.5,109.82475000000001,219821.17699499932
2020-08-10,SELL,NV20BEES.NS,3733,58.93,219985.69,109.992845,439696.87414999935
2020-08-10,BUY,MON100.NS,2676,82.1,219699.59999999998,109.84979999999999,219887.42434999938
2020-08-10,BUY,MID150BEES.NS,3503,62.72,219708.16,109.85408000000001,69.41026999938185
2020-08-17,SELL,GOLDBEES.NS,4578,46.15,211274.69999999998,105.63735,211238.47291999936
2020-08-17,SELL,JUNIORBEES.NS,762,285.93,217878.66,108.93933,429008.19358999934
2020-08-17,BUY,CONSUMBEES.NS,4004,53.54,214374.16,107.18708000000001,214526.84650999933
2020-08-17,BUY,CPSEETF.NS,11677,18.36,214389.72,107.19486,29.93164999934379
2020-08-24,SELL,CONSUMBEES.NS,4004,54.66,218858.63999999998,109.42931999999999,218779.14232999933
2020-08-24,BUY,PSUBNKBEES.NS,13374,16.35,218664.90000000002,109.33245000000001,4.909879999322584
2020-08-31,SELL,MOM100.NS,13099,17.56,230018.43999999997,115.00921999999998,229908.3406599993
2020-08-31,BUY,BANKBEES.NS,959,239.57,229747.63,114.87381500000001,45.83684499928495
2020-09-07,SELL,CPSEETF.NS,11677,17.99,210069.22999999998,105.03461499999999,210010.03222999925
2020-09-07,SELL,PSUBNKBEES.NS,13374,16.09,215187.66,107.59383,425090.09839999926
2020-09-07,SELL,MON100.NS,2676,83.35,223044.59999999998,111.52229999999999,648023.1760999992
2020-09-07,BUY,INFRABEES.NS,657,328.44,215785.08,107.89254,432130.20355999924
2020-09-07,BUY,LIQUIDBEES.NS,215,1000.0,215000.0,107.5,217022.70355999924
2020-09-07,BUY,DIVOPPBEES.NS,7444,29.0,215876.0,107.938,1038.7655599992431
2020-09-14,SELL,BANKBEES.NS,959,222.75,213617.25,106.808625,214549.20693499924
2020-09-14,SELL,DIVOPPBEES.NS,7444,28.87,214908.28,107.45414,429350.03279499925
2020-09-14,SELL,MID150BEES.NS,3503,66.68,233580.04000000004,116.79002000000003,662813.2827749993
2020-09-14,BUY,GOLDBEES.NS,4904,45.03,220827.12,110.41356,441875.74921499926
2020-09-14,BUY,NIFTYBEES.NS,1808,122.13,220811.03999999998,110.40552,220954.30369499928
2020-09-14,BUY,CONSUMBEES.NS,4013,55.02,220795.26,110.39763,48.6460649992805
2020-09-21,SELL,GOLDBEES.NS,4904,45.0,220680.0,110.34,220618.30606499928
2020-09-21,SELL,INFRABEES.NS,657,326.28,214365.96,107.18298,434877.08308499923
2020-09-21,SELL,CONSUMBEES.NS,4013,53.63,215217.19,107.60859500000001,649986.6644899992
2020-09-21,SELL,NIFTYBEES.NS,1808,119.92,216815.36000000002,108.40768000000001,866693.6168099992
2020-09-21,SELL,LIQUIDBEES.NS,215,1000.0,215000.0,107.5,1081586.116809999
2020-09-21,BUY,MOM100.NS,11951,18.09,216193.59,108.096795,865284.4300149991
2020-09-21,BUY,MID150BEES.NS,3350,64.53,216175.5,108.08775,649000.8422649992
2020-09-21,BUY,JUNIORBEES.NS,769,280.98,216073.62000000002,108.03681000000002,432819.18545499915
2020-09-21,BUY,NV20BEES.NS,3606,59.95,216179.7,108.08985000000001,216531.39560499915
2020-09-21,BUY,DIVOPPBEES.NS,7658,28.23,216185.34,108.09267,237.96293499914464
2020-09-28,SELL,DIVOPPBEES.NS,7658,26.93,206229.94,103.11497,206364.78796499915
2020-09-28,SELL,MOM100.NS,11951,17.97,214759.46999999997,107.37973499999998,421016.8782299991
2020-09-28,SELL,JUNIORBEES.NS,769,281.34,216350.46,108.17523,637259.1629999991
2020-09-28,SELL,MID150BEES.NS,3350,64.99,217716.49999999997,108.85824999999998,854866.8047499991
2020-09-28,BUY,NIF100BEES.NS,1841,116.0,213556.0,106.778,641204.026749999
2020-09-28,BUY,LIQUIDBEES.NS,213,999.99,212997.87,106.498935,428099.657814999
2020-09-28,BUY,CONSUMBEES.NS,4057,52.65,213601.05,106.800525,214391.807289999
2020-09-28,BUY,MON100.NS,2612,81.75,213531.0,106.7655,754.0417899989989
2020-10-05,SELL,NV20BEES.NS,3606,61.4,221408.4,110.7042,222051.737589999
2020-10-05,SELL,CONSUMBEES.NS,4057,53.99,219037.43000000002,109.51871500000001,440979.648874999
2020-10-05,SELL,LIQUIDBEES.NS,213,1000.0,213000.0,106.5,653873.148874999
2020-10-05,BUY,BANKBEES.NS,969,224.68,217714.92,108.85746,436049.371414999
2020-10-05,BUY,NIFTYBEES.NS,1780,122.38,217836.4,108.9182,218104.05321499903
2020-10-05,BUY,MID150BEES.NS,3314,65.72,217796.08,108.89804,199.07517499904498
2020-10-12,SELL,NIF100BEES.NS,1841,117.57,216446.37,108.223185,216537.22198999903
2020-10-12,SELL,MID150BEES.NS,3314,65.09,215708.26,107.85413000000001,432137.6278599991
2020-10-12,BUY,NV20BEES.NS,3452,62.56,215957.12,107.97856,216072.5292999991
2020-10-12,BUY,PSUBNKBEES.NS,14842,14.55,215951.1,107.97555,13.453749999083811
2020-10-19,SELL,PSUBNKBEES.NS,14842,14.46,214615.32,107.30766000000001,214521.4660899991
2020-10-19,BUY,DIVOPPBEES.NS,7652,28.02,214409.04,107.20452,5.221569999092026
2020-10-26,SELL,DIVOPPBEES.NS,7652,28.73,219841.96,109.92098,219737.2605899991
2020-10-26,SELL,NIFTYBEES.NS,1780,125.81,223941.80000000002,111.97090000000001,443567.0896899991
2020-10-26,SELL,MON100.NS,2612,83.88,219094.56,109.54728,662552.1024099991
2020-10-26,SELL,NV20BEES.NS,3452,62.91,217165.31999999998,108.58265999999999,879608.8397499991
2020-10-26,BUY,CPSEETF.NS,13328,16.49,219778.71999999997,109.88935999999998,659720.2303899991
2020-10-26,BUY,MID150BEES.NS,3364,65.33,219770.12,109.88506,439840.2253299991
2020-10-26,BUY,MOM100.NS,12334,17.82,219791.88,109.89594000000001,219938.44938999912
2020-10-26,BUY,PSUBNKBEES.NS,15434,14.24,219780.16,109.89008,48.39930999910575
2020-11-02,SELL,BANKBEES.NS,969,250.13,242375.97,121.187985,242303.1813249991
2020-11-02,SELL,PSUBNKBEES.NS,15434,14.26,220088.84,110.04442,462281.9769049991
2020-11-02,SELL,MID150BEES.NS,3364,65.34,219803.76,109.90188,681975.8350249991
2020-11-02,BUY,HNGSNGBEES.NS,703,323.0,227069.0,113.53450000000001,454793.3005249991
2020-11-02,BUY,INFRABEES.NS,710,319.63,226937.3,113.46865,227742.5318749991
2020-11-02,BUY,LIQUIDBEES.NS,227,1000.0,227000.0,113.5,629.0318749991129
2020-11-09,SELL,CPSEETF.NS,13328,17.2,229241.59999999998,114.62079999999999,229756.01107499909
2020-11-09,SELL,LIQUIDBEES.NS,227,1000.0,227000.0,113.5,456642.5110749991
2020-11-09,SELL,INFRABEES.NS,710,333.95,237104.5,118.55225,693628.4588249992
2020-11-09,BUY,BANKBEES.NS,833,277.4,231074.19999999998,115.5371,462438.7217249992
2020-11-09,BUY,PSUBNKBEES.NS,15233,15.17,231084.61,115.542305,231238.5694199992
2020-11-09,BUY,MID150BEES.NS,3374,68.49,231085.25999999998,115.54262999999999,37.76678999920841
2020-11-17,SELL,PSUBNKBEES.NS,15233,15.83,241138.39,120.56919500000001,241055.58759499923
2020-11-17,SELL,MOM100.NS,12334,19.23,237182.82,118.59141000000001,478119.81618499925
2020-11-17,SELL,HNGSNGBEES.NS,703,342.08,240482.24,120.24112,718481.8150649993
2020-11-17,BUY,NIF100BEES.NS,1826,131.08,239352.08000000002,119.67604000000001,479010.05902499927
2020-11-17,BUY,CONSUMBEES.NS,4173,57.36,239363.28,119.68164,239527.09738499927
2020-11-17,BUY,INFRABEES.NS,683,350.1,239118.30000000002,119.55915000000002,289.2382349992695
2020-11-23,SELL,CONSUMBEES.NS,4173,56.66,236442.18,118.22109,236613.19714499926
2020-11-23,SELL,NIF100BEES.NS,1826,128.05,233819.30000000002,116.90965000000001,470315.5874949993
2020-11-23,BUY,MOM100.NS,11769,19.97,235026.93,117.513465,235171.1440299993
2020-11-23,BUY,PSUBNKBEES.NS,14562,16.14,235030.68000000002,117.51534000000001,22.94868999926257
2020-12-01,SELL,INFRABEES.NS,683,360.17,245996.11000000002,122.99805500000001,245896.06063499927
2020-12-01,SELL,BANKBEES.NS,833,299.43,249425.19,124.71259500000001,495196.5380399993
2020-12-01,BUY,DIVOPPBEES.NS,7983,31.0,247473.0,123.7365,247599.80153999932
2020-12-01,BUY,CPSEETF.NS,13004,19.03,247466.12000000002,123.73306000000001,9.94847999929334
2020-12-14,SELL,MID150BEES.NS,3374,77.89,262800.86,131.40043,262679.40804999927
2020-12-14,BUY,CONSUMBEES.NS,4106,63.93,262496.58,131.24829,51.57975999923656
2020-12-21,SELL,DIVOPPBEES.NS,7983,32.75,261443.25,130.721625,261364.10813499923
2020-12-21,SELL,PSUBNKBEES.NS,14562,18.02,262407.24,131.20362,523640.14451499924
2020-12-21,SELL,MOM100.NS,11769,20.47,240911.43,120.455715,764431.1187999992
2020-12-21,BUY,NV20BEES.NS,3596,70.82,254668.71999999997,127.33435999999999,509635.0644399993
2020-12-21,BUY,ITBEES.NS,11068,23.01,254674.68000000002,127.33734000000001,254833.04709999927
2020-12-21,BUY,NIFTYBEES.NS,1787,142.5,254647.5,127.32375,58.22334999925806
2020-12-28,SELL,CPSEETF.NS,13004,20.5,266582.0,133.291,266506.9323499992
2020-12-28,SELL,CONSUMBEES.NS,4106,63.34,260074.04,130.03702,526450.9353299992
2020-12-28,BUY,DIVOPPBEES.NS,7532,34.93,263092.76,131.54638,263226.62894999917
2020-12-28,BUY,GOLDBEES.NS,5999,43.85,263056.15,131.528075,38.950874999165535
2021-01-04,SELL,DIVOPPBEES.NS,7532,34.25,257971.0,128.9855,257880.96537499916
2021-01-04,SELL,GOLDBEES.NS,5999,44.52,267075.48000000004,133.53774,524822.9076349991
2021-01-04,SELL,NV20BEES.NS,3596,75.1,270059.6,135.0298,794747.4778349991
2021-01-04,BUY,PSUBNKBEES.NS,13173,20.1,264777.30000000005,132.38865,529837.7891849991
2021-01-04,BUY,HNGSNGBEES.NS,747,354.46,264781.62,132.39081,264923.77837499906
2021-01-04,BUY,MID150BEES.NS,3251,81.43,264728.93000000005,132.36446500000002,62.4839099990204
2021-01-11,SELL,PSUBNKBEES.NS,13173,19.82,261088.86000000002,130.54443,261020.79947999903
2021-01-11,SELL,HNGSNGBEES.NS,747,350.71,261980.37,130.990185,522870.179294999
2021-01-11,SELL,NIFTYBEES.NS,1787,154.38,275877.06,137.93853000000001,798609.300764999
2021-01-11,BUY,MOM100.NS,11468,23.2,266057.6,133.0288,532418.671964999
2021-01-11,BUY,JUNIORBEES.NS,741,358.63,265744.83,132.87241500000002,266540.96954999905
2021-01-11,BUY,INFRABEES.NS,669,397.22,265740.18,132.87009,667.9194599990733
2021-01-18,SELL,MOM100.NS,11468,22.42,257112.56000000003,128.55628000000002,257651.9231799991
2021-01-18,SELL,JUNIORBEES.NS,741,345.44,255971.04,127.98552000000001,513494.97765999916
2021-01-18,SELL,MID150BEES.NS,3251,81.76,265801.76,132.90088,779163.8367799992
2021-01-18,BUY,PSUBNKBEES.NS,12462,20.83,259583.46,129.79173,519450.5850499992
2021-01-18,BUY,CONSUMBEES.NS,3994,64.98,259530.12000000002,129.76506,259790.69998999915
2021-01-18,BUY,NV20BEES.NS,3374,76.93,259561.82000000004,129.78091000000003,99.09907999911229
2021-01-25,SELL,NV20BEES.NS,3374,77.59,261788.66,130.89433,261756.8647499991
2021-01-25,SELL,PSUBNKBEES.NS,12462,20.21,251857.02000000002,125.92851000000002,513487.95623999916
2021-01-25,BUY,MON100.NS,2644,97.04,256573.76,128.28688,256785.90935999915
2021-01-25,BUY,HNGSNGBEES.NS,717,357.66,256442.22000000003,128.22111,215.46824999910314
2021-02-01,SELL,ITBEES.NS,11068,25.03,277032.04000000004,138.51602000000003,277108.99222999916
2021-02-01,SELL,CONSUMBEES.NS,3994,64.79,258771.26000000004,129.38563000000002,535750.8665999991
2021-02-01,SELL,INFRABEES.NS,669,399.36,267171.84,133.58592000000002,802789.1206799992
2021-02-01,BUY,LIQUIDBEES.NS,267,999.99,266997.33,133.49866500000002,535658.2920149992
2021-02-01,BUY,GOLDBEES.NS,6317,42.34,267461.78,133.73089000000002,268062.78112499916
2021-02-01,BUY,DIVOPPBEES.NS,7741,34.55,267451.55,133.725775,477.50534999917727
2021-02-08,SELL,GOLDBEES.NS,6317,41.28,260765.76,130.38288,261112.8824699992
2021-02-08,SELL,LIQUIDBEES.NS,267,999.99,266997.33,133.49866500000002,527976.7138049991
2021-02-08,SELL,MON100.NS,2644,98.44,260275.36,130.13768,788121.9361249991
2021-02-08,SELL,DIVOPPBEES.NS,7741,35.76,276818.16,138.40908,1064801.687044999
2021-02-08,SELL,HNGSNGBEES.NS,717,361.52,259209.84,129.60492,1323881.922124999
2021-02-08,BUY,PSUBNKBEES.NS,10718,24.69,264627.42000000004,132.31371000000001,1059122.188414999
2021-02-08,BUY,BANKBEES.NS,732,361.28,264456.95999999996,132.22848,794532.999934999
2021-02-08,BUY,CPSEETF.NS,12173,21.74,264641.01999999996,132.32050999999998,529759.659424999
2021-02-08,BUY,NIFTYBEES.NS,1643,161.03,264572.29,132.286145,265055.08327999903
2021-02-08,BUY,INFRABEES.NS,622,425.36,264573.92,132.28696,348.8763199990499
2021-02-15,SELL,CPSEETF.NS,12173,21.25,258676.25,129.338125,258895.78819499904
2021-02-15,BUY,DIVOPPBEES.NS,7148,36.2,258757.6,129.3788,8.809394999028882
2021-02-22,SELL,BANKBEES.NS,732,354.58,259552.56,129.77628,259431.59311499904
2021-02-22,SELL,NIFTYBEES.NS,1643,157.18,258246.74000000002,129.12337000000002,517549.20974499907
2021-02-22,BUY,CPSEETF.NS,11541,22.41,258633.81,129.316905,258786.08283999906
2021-02-22,BUY,MOM100.NS,10635,24.32,258643.2,129.32160000000002,13.561239999049576
2021-03-01,SELL,INFRABEES.NS,622,434.47,270240.34,135.12017,270118.7810699991
2021-03-01,SELL,DIVOPPBEES.NS,7148,36.59,261545.32000000004,130.77266000000003,531533.3284099991
2021-03-01,BUY,MID150BEES.NS,2938,90.39,265565.82,132.78291000000002,265834.7254999991
2021-03-01,BUY,LIQUIDBEES.NS,265,999.99,264997.35,132.498675,704.8768249991699
2021-03-08,SELL,PSUBNKBEES.NS,10718,26.03,278989.54000000004,139.49477000000002,279554.9220549992
2021-03-08,SELL,LIQUIDBEES.NS,265,1000.0,265000.0,132.5,544422.4220549993
2021-03-08,BUY,INFRABEES.NS,612,444.48,272021.76,136.01088000000001,272264.65117499925
2021-03-08,BUY,JUNIORBEES.NS,738,368.33,271827.54,135.91377,301.19740499928594
2021-03-15,SELL,CPSEETF.NS,11541,23.94,276291.54000000004,138.14577000000003,276454.5916349993
2021-03-15,SELL,JUNIORBEES.NS,738,362.5,267525.0,133.7625,543845.8291349993
2021-03-15,SELL,INFRABEES.NS,612,432.87,264916.44,132.45822,808629.8109149993
2021-03-15,BUY,ITBEES.NS,10251,26.28,269396.28,134.69814000000002,539098.8327749993
2021-03-15,BUY,DIVOPPBEES.NS,7148,37.69,269408.12,134.70406,269556.0087149993
2021-03-15,BUY,NV20BEES.NS,3347,80.49,269400.02999999997,134.70001499999998,21.27869999932591
2021-03-22,SELL,ITBEES.NS,10251,26.36,270216.36,135.10818,270102.53051999933
2021-03-22,SELL,MOM100.NS,10635,24.52,260770.19999999998,130.3851,530742.3454199993
2021-03-22,SELL,MID150BEES.NS,2938,89.94,264243.72,132.12186,794853.9435599993
2021-03-22,BUY,GOLDBEES.NS,6816,38.85,264801.60000000003,132.40080000000003,529919.9427599993
2021-03-22,BUY,LIQUIDBEES.NS,264,1000.0,264000.0,132.0,265787.9427599993
2021-03-22,BUY,HNGSNGBEES.NS,750,353.0,264750.0,132.375,905.5677599993069
2021-03-30,SELL,NV20BEES.NS,3347,80.37,268998.39,134.49919500000001,269769.45856499934
2021-03-30,BUY,MON100.NS,2887,93.39,269616.93,134.808465,17.720099999336526
2021-04-05,SELL,GOLDBEES.NS,6816,39.33,268073.27999999997,134.03663999999998,267956.9634599993
2021-04-05,SELL,LIQUIDBEES.NS,264,1000.0,264000.0,132.0,531824.9634599993
2021-04-05,BUY,MID150BEES.NS,2924,90.87,265703.88,132.85194,265988.2315199993
2021-04-05,BUY,MOM100.NS,10484,25.35,265769.4,132.8847,85.94681999925524
2021-04-12,SELL,DIVOPPBEES.NS,7148,36.9,263761.2,131.88060000000002,263715.2662199993
2021-04-12,SELL,MOM100.NS,10484,24.9,261051.59999999998,130.5258,524636.3404199993
2021-04-12,SELL,MID150BEES.NS,2924,93.25,272663.0,136.3315,797163.0089199994
2021-04-12,BUY,ITBEES.NS,9884,26.87,265583.08,132.79154,531447.1373799993
2021-04-12,BUY,PSUBNKBEES.NS,12160,21.84,265574.4,132.7872,265739.9501799992
2021-04-12,BUY,GOLDBEES.NS,6559,40.49,265573.91000000003,132.786955,33.2532249991782
2021-04-19,SELL,ITBEES.NS,9884,26.48,261728.32,130.86416,261630.7090649992
2021-04-19,SELL,PSUBNKBEES.NS,12160,21.33,259372.8,129.6864,520873.82266499917
2021-04-19,BUY,CONSUMBEES.NS,4058,64.14,260280.12,130.14006,260463.56260499917
2021-04-19,BUY,JUNIORBEES.NS,729,356.69,260027.01,130.013505,306.5390999991505
2021-04-26,SELL,CONSUMBEES.NS,4058,63.21,256506.18,128.25309,256684.46600999913
2021-04-26,BUY,LIQUIDBEES.NS,256,999.99,255997.44,127.99872,559.0272899991251
2021-05-03,SELL,GOLDBEES.NS,6559,40.69,266885.70999999996,133.44285499999998,267311.2944349991
2021-05-03,SELL,MON100.NS,2887,101.96,294358.51999999996,147.17925999999997,561522.635174999
2021-05-03,SELL,LIQUIDBEES.NS,256,1000.0,256000.0,128.0,817394.635174999
2021-05-03,SELL,HNGSNGBEES.NS,750,373.41,280057.5,140.02875,1097312.106424999
2021-05-03,BUY,CPSEETF.NS,11854,23.13,274183.01999999996,137.09150999999997,822991.994914999
2021-05-03,BUY,MOM100.NS,10735,25.54,274171.89999999997,137.08595,548683.0089649991
2021-05-03,BUY,BANKBEES.NS,840,326.32,274108.8,137.0544,274437.1545649991
2021-05-03,BUY,MID150BEES.NS,2967,92.4,274150.8,137.0754,149.27916499914136
2021-05-10,SELL,BANKBEES.NS,840,332.38,279199.2,139.5996,279208.87956499914
2021-05-10,SELL,MID150BEES.NS,2967,93.97,278808.99,139.404495,557878.4650699991
2021-05-10,BUY,PSUBNKBEES.NS,11878,23.47,278776.66,139.38833,278962.41673999914
2021-05-10,BUY,DIVOPPBEES.NS,7456,37.39,278779.84,139.38992000000002,43.18681999912951
2021-05-17,SELL,DIVOPPBEES.NS,7456,37.48,279450.88,139.72544,279354.3413799991
2021-05-17,SELL,MOM100.NS,10735,25.93,278358.55,139.179275,557573.7121049991
2021-05-17,BUY,INFRABEES.NS,647,430.27,278384.69,139.19234500000002,279049.8297599991
2021-05-17,BUY,GOLDBEES.NS,6661,41.83,278629.63,139.314815,280.88494499912485
2021-05-24,SELL,CPSEETF.NS,11854,25.24,299194.95999999996,149.59748,299326.2474649991
2021-05-24,SELL,GOLDBEES.NS,6661,42.2,281094.2,140.5471,580279.9003649991
2021-05-24,SELL,INFRABEES.NS,647,436.0,282092.0,141.046,862230.8543649991
2021-05-24,BUY,BANKBEES.NS,818,350.8,286954.4,143.4772,575132.9771649991
2021-05-24,BUY,MOM100.NS,10726,26.78,287242.28,143.62114000000003,287747.0760249991
2021-05-24,BUY,MID150BEES.NS,2953,97.27,287238.31,143.619155,365.14686999906553
2021-05-31,SELL,JUNIORBEES.NS,729,393.59,286927.11,143.46355499999999,287148.793314999
2021-05-31,SELL,MID150BEES.NS,2953,97.96,289275.88,144.63794000000001,576280.035374999
2021-05-31,BUY,ITBEES.NS,10514,27.39,287978.46,143.98923000000002,288157.586144999
2021-05-31,BUY,NIFTYBEES.NS,1726,166.79,287879.54,143.93976999999998,134.1063749990426
2021-06-07,SELL,ITBEES.NS,10514,27.56,289765.83999999997,144.88291999999998,289755.063454999
2021-06-07,SELL,NIFTYBEES.NS,1726,168.63,291055.38,145.52769,580664.915764999
2021-06-07,SELL,MOM100.NS,10726,28.36,304189.36,152.09467999999998,884702.181084999
2021-06-07,SELL,BANKBEES.NS,818,356.02,291224.36,145.61218,1175780.928904999
2021-06-07,BUY,JUNIORBEES.NS,720,407.82,293630.4,146.8152,882003.7137049991
2021-06-07,BUY,INFRABEES.NS,630,466.24,293731.2,146.8656,588125.648104999
2021-06-07,BUY,MID150BEES.NS,2892,101.57,293740.44,146.87022000000002,294238.337884999
2021-06-07,BUY,CPSEETF.NS,11179,26.28,293784.12,146.89206,307.32582499901764
2021-06-14,SELL,INFRABEES.NS,630,464.13,292401.9,146.20095,292563.024874999
2021-06-14,SELL,PSUBNKBEES.NS,11878,27.21,323200.38,161.60019,615601.8046849989
2021-06-14,SELL,JUNIORBEES.NS,720,409.77,295034.39999999997,147.51719999999997,910488.687484999
2021-06-14,BUY,ITBEES.NS,10569,28.7,303330.3,151.66515,607006.7223349989
2021-06-14,BUY,DIVOPPBEES.NS,7328,41.39,303305.92,151.65296,303549.14937499893
2021-06-14,BUY,MOM100.NS,10666,28.44,303341.04000000004,151.67052,56.43885499890894
2021-06-21,SELL,CPSEETF.NS,11179,25.98,290430.42,145.21520999999998,290341.6436449989
2021-06-21,SELL,MOM100.NS,10666,27.76,296088.16000000003,148.04408,586281.7595649989
2021-06-21,SELL,MID150BEES.NS,2892,101.79,294376.68,147.18834,880511.2512249989
2021-06-21,BUY,MON100.NS,2836,103.41,293270.76,146.63538,587093.8558449988
2021-06-21,BUY,CONSUMBEES.NS,4271,68.68,293332.28,146.66614,293614.90970499883
2021-06-21,BUY,NV20BEES.NS,3374,86.93,293301.82,146.65091,166.4387949988013
2021-06-28,SELL,DIVOPPBEES.NS,7328,40.02,293266.56,146.63328,293286.3655149988
2021-06-28,BUY,PSUBNKBEES.NS,10424,28.12,293122.88,146.56144,16.924074998765718
2021-07-05,SELL,NV20BEES.NS,3374,88.42,298329.08,149.16454000000002,298196.83953499875
2021-07-05,SELL,CONSUMBEES.NS,4271,69.55,297048.05,148.524025,595096.3655099988
2021-07-05,BUY,MID150BEES.NS,2877,103.35,297337.95,148.66897500000002,297609.74653499876
2021-07-05,BUY,MOM100.NS,10453,28.45,297387.85,148.69392499999998,73.20260999875609
2021-07-12,SELL,ITBEES.NS,10569,28.94,305866.86,152.93343,305787.12917999877
2021-07-12,SELL,PSUBNKBEES.NS,10424,27.05,281969.2,140.9846,587615.3445799988
2021-07-12,BUY,GOLDBEES.NS,7076,41.5,293654.0,146.827,293814.51757999876
2021-07-12,BUY,JUNIORBEES.NS,718,408.46,293274.27999999997,146.63714,393.6004399987869
2021-07-19,SELL,GOLDBEES.NS,7076,41.62,294503.12,147.25156,294749.4688799988
2021-07-19,SELL,MON100.NS,2836,107.95,306146.2,153.0731,600742.5957799988
2021-07-19,SELL,JUNIORBEES.NS,718,408.03,292965.54,146.48277,893561.6530099988
2021-07-19,BUY,BANKBEES.NS,841,353.8,297545.8,148.7729,595867.0801099988
2021-07-19,BUY,ITBEES.NS,10020,29.71,297694.2,148.8471,298024.0330099988
2021-07-19,BUY,INFRABEES.NS,650,457.72,297518.0,148.75900000000001,357.27400999877136
2021-07-26,SELL,BANKBEES.NS,841,351.52,295628.32,147.81416000000002,295837.77984999877
2021-07-26,SELL,MOM100.NS,10453,28.97,302823.41,151.41170499999998,598509.7781449987
2021-07-26,SELL,MID150BEES.NS,2877,105.62,303868.74,151.93437,902226.5837749988
2021-07-26,BUY,DIVOPPBEES.NS,7322,41.05,300568.1,150.28404999999998,601508.1997249988
2021-07-26,BUY,MON100.NS,2711,110.85,300514.35,150.257175,300843.59254999884
2021-07-26,BUY,NV20BEES.NS,3395,88.53,300559.35,150.279675,133.9628749988624
2021-08-02,SELL,INFRABEES.NS,650,464.41,301866.5,150.93325000000002,301849.52962499886
2021-08-02,SELL,MON100.NS,2711,110.58,299782.38,149.89119,601482.0184349988
2021-08-02,BUY,MID150BEES.NS,2796,107.5,300570.0,150.285,300761.73343499884
2021-08-02,BUY,JUNIORBEES.NS,721,416.48,300282.08,150.14104,329.51239499880467
2021-08-09,SELL,DIVOPPBEES.NS,7322,41.81,306132.82,153.06641000000002,306309.2659849988
2021-08-09,SELL,JUNIORBEES.NS,721,415.48,299561.08,149.78054,605720.5654449988
2021-08-09,SELL,MID150BEES.NS,2796,106.04,296487.84,148.24392,902060.1615249988
2021-08-09,BUY,NIF100BEES.NS,1773,169.46,300452.58,150.22629,601457.3552349987
2021-08-09,BUY,BANKBEES.NS,830,362.01,300468.3,150.23415,300838.8210849988
2021-08-09,BUY,NIFTYBEES.NS,1713,175.41,300477.33,150.238665,211.25241999875288
2021-08-23,SELL,BANKBEES.NS,830,354.05,293861.5,146.93075,293925.82166999875
2021-08-23,SELL,NIF100BEES.NS,1773,172.37,305612.01,152.806005,599385.0256649987
2021-08-23,BUY,CONSUMBEES.NS,4119,72.71,299492.49,149.746245,299742.7894199987
2021-08-23,BUY,DIVOPPBEES.NS,6998,42.8,299514.39999999997,149.75719999999998,78.63221999874804
2021-08-30,SELL,NIFTYBEES.NS,1713,182.57,312742.41,156.371205,312664.67101499875
2021-08-30,BUY,JUNIORBEES.NS,729,428.2,312157.8,156.0789,350.7921149987378
2021-09-06,SELL,ITBEES.NS,10020,36.04,361120.8,180.5604,361291.0317149987
2021-09-06,SELL,DIVOPPBEES.NS,6998,44.64,312390.72000000003,156.19536000000002,673525.5563549987
2021-09-06,SELL,NV20BEES.NS,3395,97.59,331318.05,165.65902499999999,1004677.9473299987
2021-09-06,BUY,INFRABEES.NS,665,502.64,334255.6,167.12779999999998,670255.2195299987
2021-09-06,BUY,MID150BEES.NS,3008,111.26,334670.08,167.33504000000002,335417.8044899987
2021-09-06,BUY,MOM100.NS,10871,30.79,334718.08999999997,167.35904499999998,532.3554449987714
2021-09-13,SELL,CONSUMBEES.NS,4119,77.0,317163.0,158.5815,317536.7739449988
2021-09-13,BUY,CPSEETF.NS,11869,26.74,317377.06,158.68853000000001,1.0254149988177232
2021-09-20,SELL,JUNIORBEES.NS,729,444.26,323865.54,161.93277,323704.6326449988
2021-09-20,SELL,MOM100.NS,10871,30.95,336457.45,168.228725,659993.8539199987
2021-09-20,SELL,MID150BEES.NS,3008,111.86,336474.88,168.23744,996300.4964799988
2021-09-20,BUY,PSUBNKBEES.NS,12850,25.83,331915.5,165.95775,664219.0387299987
2021-09-20,BUY,CONSUMBEES.NS,4238,78.32,331920.16,165.96007999999998,332132.9186499988
2021-09-20,BUY,NV20BEES.NS,3366,98.6,331887.6,165.94379999999998,79.37484999879962
2021-09-27,SELL,CONSUMBEES.NS,4238,79.24,335819.12,167.90956,335730.5852899988
2021-09-27,SELL,PSUBNKBEES.NS,12850,25.79,331401.5,165.70075,666966.3845399988
2021-09-27,BUY,ITBEES.NS,9062,36.78,333300.36,166.65018,333499.37435999885
2021-09-27,BUY,NIFTYBEES.NS,1728,192.79,333141.12,166.57056,191.68379999883473
2021-10-04,SELL,ITBEES.NS,9062,35.78,324238.36,162.11918,324267.92461999884
2021-10-04,SELL,NV20BEES.NS,3366,99.93,336364.38,168.18219000000002,660464.1224299988
2021-10-04,SELL,NIFTYBEES.NS,1728,191.03,330099.84,165.04992000000001,990398.9125099988
2021-10-04,BUY,PSUBNKBEES.NS,11822,27.91,329952.02,164.97601,660281.9164999988
2021-10-04,BUY,MOM100.NS,10181,32.41,329966.20999999996,164.983105,330150.7233949988
2021-10-04,BUY,MID150BEES.NS,2824,116.84,329956.16000000003,164.97808,29.585314998810645
2021-10-18,SELL,INFRABEES.NS,665,547.71,364227.15,182.11357500000003,364074.6217399988
2021-10-18,BUY,BANKBEES.NS,908,400.39,363554.12,181.77706,338.72467999882065
2021-10-25,SELL,CPSEETF.NS,11869,30.85,366158.65,183.079325,366314.29535499885
2021-10-25,SELL,MOM100.NS,10181,32.15,327319.14999999997,163.659575,693469.7857799989
2021-10-25,SELL,MID150BEES.NS,2824,115.6,326454.39999999997,163.22719999999998,1019760.9585799988
2021-10-25,BUY,MAFANG.NS,6011,56.52,339741.72000000003,169.87086000000002,679849.3677199988
2021-10-25,BUY,MON100.NS,2991,113.58,339717.77999999997,169.85889,339961.7288299989
2021-10-25,BUY,HNGSNGBEES.NS,1048,324.04,339593.92000000004,169.79696,198.01186999882339
2021-11-01,SELL,BANKBEES.NS,908,400.98,364089.84,182.04492000000002,364105.80694999883
2021-11-01,BUY,GOLDBEES.NS,8815,41.28,363883.2,181.94160000000002,40.66534999880241
2021-11-08,SELL,GOLDBEES.NS,8815,41.5,365822.5,182.91125,365680.2540999988
2021-11-08,SELL,HNGSNGBEES.NS,1048,317.96,333222.07999999996,166.61103999999997,698735.7230599988
2021-11-08,BUY,INFRABEES.NS,639,545.76,348740.64,174.37032000000002,349820.7127399988
2021-11-08,BUY,NIF100BEES.NS,1853,188.43,349160.79000000004,174.580395,485.3423449987895
2021-11-15,SELL,PSUBNKBEES.NS,11822,31.38,370974.36,185.48718,371274.2151649988
2021-11-15,SELL,MON100.NS,2991,118.88,355570.07999999996,177.78503999999998,726666.5101249987
2021-11-15,SELL,NIF100BEES.NS,1853,190.09,352236.77,176.11838500000002,1078727.1617399987
2021-11-15,SELL,MAFANG.NS,6011,59.45,357353.95,178.676975,1435902.4347649987
2021-11-15,BUY,JUNIORBEES.NS,770,465.75,358627.5,179.31375,1077095.6210149988
2021-11-15,BUY,ITBEES.NS,9634,37.24,358770.16000000003,179.38508000000002,718146.0759349987
2021-11-15,BUY,MID150BEES.NS,2961,121.15,358725.15,179.36257500000002,359241.5633599987
2021-11-15,BUY,CONSUMBEES.NS,4504,79.65,358743.60000000003,179.3718,318.5915599986329
2021-11-22,SELL,INFRABEES.NS,639,526.7,336561.30000000005,168.28065000000004,336711.6109099987
2021-11-22,SELL,MID150BEES.NS,2961,115.81,342913.41000000003,171.45670500000003,679453.5642049988
2021-11-22,BUY,GOLDBEES.NS,8040,42.23,339529.19999999995,169.76459999999997,339754.59960499883
2021-11-22,BUY,MON100.NS,2799,121.29,339490.71,169.74535500000002,94.14424999878975
2021-11-29,SELL,ITBEES.NS,9634,35.61,343066.74,171.53337,342989.35087999876
2021-11-29,SELL,CONSUMBEES.NS,4504,76.09,342709.36000000004,171.35468000000003,685527.3561999989
2021-11-29,SELL,JUNIORBEES.NS,770,439.54,338445.8,169.2229,1023803.9332999989
2021-11-29,BUY,GILT5YBEES.NS,6910,49.36,341077.6,170.53879999999998,682555.7944999989
2021-11-29,BUY,LIQUIDBEES.NS,341,999.99,340996.59,170.498295,341388.7062049989
2021-11-29,BUY,HNGSNGBEES.NS,1088,313.46,341044.48,170.52223999999998,173.7039649988874
2021-12-06,SELL,GOLDBEES.NS,8040,41.3,332052.0,166.026,332059.6779649989
2021-12-06,SELL,MON100.NS,2799,116.57,326279.43,163.139715,658175.9682499989
2021-12-06,SELL,HNGSNGBEES.NS,1088,306.21,333156.48,166.57824,991165.8700099988
2021-12-06,BUY,ITBEES.NS,9242,35.73,330216.66,165.10833,660784.1016799988
2021-12-06,BUY,CPSEETF.NS,11186,29.52,330210.72,165.10536,330408.27631999884
2021-12-06,BUY,DIVOPPBEES.NS,7499,44.03,330180.97000000003,165.09048500000003,62.21583499881672
2021-12-13,SELL,CPSEETF.NS,11186,29.87,334125.82,167.06291000000002,334020.97292499884
2021-12-13,SELL,ITBEES.NS,9242,36.83,340382.86,170.19143,674233.6414949988
2021-12-13,SELL,GILT5YBEES.NS,6910,49.39,341284.9,170.64245000000003,1015347.8990449989
2021-12-13,SELL,LIQUIDBEES.NS,341,999.99,340996.59,170.498295,1356173.990749999
2021-12-13,SELL,DIVOPPBEES.NS,7499,45.3,339704.69999999995,169.85234999999997,1695708.8383999988
2021-12-13,BUY,PSUBNKBEES.NS,11250,30.13,338962.5,169.48125000000002,1356576.857149999
2021-12-13,BUY,MID150BEES.NS,2841,119.29,338902.89,169.451445,1017504.5157049989
2021-12-13,BUY,NV20BEES.NS,3467,97.75,338899.25,169.449625,678435.8160799989
2021-12-13,BUY,MOM100.NS,10265,33.02,338950.30000000005,169.47515,339316.0409299988
2021-12-13,BUY,BANKBEES.NS,909,372.86,338929.74,169.46487,216.8360599987791
2021-12-20,SELL,BANKBEES.NS,909,348.15,316468.35,158.234175,316526.95188499877
2021-12-20,SELL,PSUBNKBEES.NS,11250,26.93,302962.5,151.48125000000002,619337.9706349988
2021-12-20,SELL,MOM100.NS,10265,31.48,323142.2,161.5711,942318.5995349988
2021-12-20,SELL,MID150BEES.NS,2841,111.2,315919.2,157.95960000000002,1258079.8399349987
2021-12-20,BUY,ITBEES.NS,8554,36.75,314359.5,157.17975,943563.1601849986
2021-12-20,BUY,GOLDBEES.NS,7509,41.86,314326.74,157.16337,629079.2568149986
2021-12-20,BUY,NIF100BEES.NS,1808,173.8,314230.4,157.11520000000002,314691.74161499855
2021-12-20,BUY,GILT5YBEES.NS,6381,49.26,314328.06,157.16403,206.51758499856805
2021-12-27,SELL,GOLDBEES.NS,7509,41.59,312299.31,156.149655,312349.67792999855
2021-12-27,SELL,NIF100BEES.NS,1808,179.38,324319.04,162.15952,636506.5584099985
2021-12-27,SELL,GILT5YBEES.NS,6381,49.33,314774.73,157.387365,951123.9010449986
2021-12-27,BUY,MON100.NS,2624,120.75,316848.0,158.424,634117.4770449986
2021-12-27,BUY,PHARMABEES.NS,23113,13.71,316879.23000000004,158.43961500000003,317079.80742999853
2021-12-27,BUY,DIVOPPBEES.NS,7070,44.82,316877.4,158.4387,43.968729998508934
2022-01-03,SELL,DIVOPPBEES.NS,7070,45.69,323028.3,161.51415,322910.7545799985
2022-01-03,SELL,MON100.NS,2624,120.27,315588.48,157.79424,638341.4403399985
2022-01-03,BUY,CONSUMBEES.NS,4158,76.72,319001.76,159.50088,319180.17945999844
2022-01-03,BUY,NIFTYBEES.NS,1672,190.72,318883.84,159.44192,136.89753999840468
2022-01-10,SELL,ITBEES.NS,8554,39.08,334290.32,167.14516,334260.0723799984
2022-01-10,SELL,NV20BEES.NS,3467,102.35,354847.44999999995,177.423725,688930.0986549983
2022-01-10,SELL,PHARMABEES.NS,23113,13.93,321964.08999999997,160.982045,1010733.2066099984
2022-01-10,BUY,BANKBEES.NS,873,385.71,336724.82999999996,168.36241499999997,673840.0141949984
2022-01-10,BUY,PSUBNKBEES.NS,11221,30.01,336742.21,168.371105,336929.4330899984
2022-01-10,BUY,CPSEETF.NS,10751,31.32,336721.32,168.36066,39.75242999836337
2022-01-17,SELL,CONSUMBEES.NS,4158,79.17,329188.86,164.59443,329064.01799999835
2022-01-17,SELL,NIFTYBEES.NS,1672,198.03,331106.16,165.55308,660004.6249199983
2022-01-17,BUY,INFRABEES.NS,597,551.86,329460.42,164.73021,330379.47470999835
2022-01-17,BUY,MOM100.NS,9787,33.7,329821.9,164.91095,392.6637599983369
2022-01-24,SELL,INFRABEES.NS,597,516.07,308093.79000000004,154.04689500000003,308332.4068649984
2022-01-24,SELL,PSUBNKBEES.NS,11221,28.94,324735.74,162.36787,632905.7789949984
2022-01-24,SELL,MOM100.NS,9787,31.11,304473.57,152.236785,937227.1122099984
2022-01-24,SELL,BANKBEES.NS,873,372.15,324886.94999999995,162.44347499999998,1261951.6187349984
2022-01-24,BUY,HNGSNGBEES.NS,1034,304.82,315183.88,157.59194,946610.1467949983
2022-01-24,BUY,GOLDBEES.NS,7500,42.04,315300.0,157.65,631152.4967949983
2022-01-24,BUY,GILT5YBEES.NS,6393,49.32,315302.76,157.65138000000002,315692.0854149983
2022-01-24,BUY,LIQUIDBEES.NS,315,1000.0,315000.0,157.5,534.5854149982915
2022-01-31,SELL,GOLDBEES.NS,7500,41.25,309375.0,154.6875,309754.8979149983
2022-01-31,BUY,PSUBNKBEES.NS,9517,32.53,309588.01,154.794005,12.093909998307936
2022-02-07,SELL,GILT5YBEES.NS,6393,49.12,314024.16,157.01208,313879.24182999827
2022-02-07,SELL,LIQUIDBEES.NS,315,1000.0,315000.0,157.5,628721.7418299983
2022-02-07,BUY,BANKBEES.NS,820,383.06,314109.2,157.05460000000002,314455.48722999834
2022-02-07,BUY,PHARMABEES.NS,23378,13.44,314200.32,157.10016000000002,98.06706999836024
2022-02-14,SELL,CPSEETF.NS,10751,31.77,341559.27,170.779635,341486.5574349984
2022-02-14,SELL,BANKBEES.NS,820,372.2,305204.0,152.602,646537.9554349984
2022-02-14,BUY,GOLDBEES.NS,7521,42.96,323102.16000000003,161.55108,323274.24435499834
2022-02-14,BUY,GILT5YBEES.NS,6480,49.86,323092.8,161.5464,19.897954998363275
2022-02-21,SELL,PHARMABEES.NS,23378,13.12,306719.36,153.35968,306585.89827499836
2022-02-21,SELL,PSUBNKBEES.NS,9517,30.41,289411.97000000003,144.70598500000003,595853.1622899984
2022-02-21,BUY,LIQUIDBEES.NS,297,1000.0,297000.0,148.5,298704.6622899984
2022-02-21,BUY,CONSUMBEES.NS,3991,74.6,297728.6,148.8643,827.1979899983853
2022-02-28,SELL,CONSUMBEES.NS,3991,73.13,291861.82999999996,145.93091499999997,292543.09707499837
2022-02-28,SELL,HNGSNGBEES.NS,1034,298.91,309072.94,154.53647,601461.5006049983
2022-02-28,BUY,DIVOPPBEES.NS,6974,43.1,300579.4,150.2897,300731.8109049983
2022-02-28,BUY,CPSEETF.NS,9288,32.36,300559.68,150.27984,21.851064998307265
2022-03-07,SELL,GILT5YBEES.NS,6480,49.17,318621.60000000003,159.31080000000003,318484.14026499836
2022-03-07,BUY,ITBEES.NS,9110,34.94,318303.39999999997,159.15169999999998,21.58856499841204
2022-03-14,SELL,DIVOPPBEES.NS,6974,44.79,312365.46,156.18273000000002,312230.86583499843
2022-03-14,SELL,LIQUIDBEES.NS,297,1000.0,297000.0,148.5,609082.3658349984
2022-03-14,BUY,PHARMABEES.NS,22631,13.45,304386.95,152.193475,304543.22235999844
2022-03-14,BUY,NV20BEES.NS,3074,98.99,304295.26,152.14763000000002,95.81472999841208
2022-03-21,SELL,CPSEETF.NS,9288,33.23,308640.24,154.32012,308581.7346099984
2022-03-21,SELL,NV20BEES.NS,3074,99.45,305709.3,152.85465,614138.1799599985
2022-03-21,SELL,GOLDBEES.NS,7521,44.14,331976.94,165.98847,945949.1314899984
2022-03-21,SELL,ITBEES.NS,9110,36.29,330601.89999999997,165.30094999999997,1276385.7305399985
2022-03-21,BUY,PSUBNKBEES.NS,10793,29.55,318933.15,159.466575,957293.1139649984
2022-03-21,BUY,NIFTYBEES.NS,1720,185.38,318853.6,159.4268,638280.0871649984
2022-03-21,BUY,NIF100BEES.NS,1778,179.34,318866.52,159.43326000000002,319254.13390499837
2022-03-21,BUY,BANKBEES.NS,878,362.88,318608.64,159.30432000000002,486.1895849983557
2022-03-28,SELL,PSUBNKBEES.NS,10793,29.74,320983.82,160.49191000000002,321309.5176749984
2022-03-28,SELL,PHARMABEES.NS,22631,13.63,308460.53,154.23026500000003,629615.8174099984
2022-03-28,SELL,NIFTYBEES.NS,1720,186.32,320470.39999999997,160.2352,949925.9822099984
2022-03-28,SELL,BANKBEES.NS,878,359.75,315860.5,157.93025,1265628.5519599984
2022-03-28,SELL,NIF100BEES.NS,1778,180.14,320288.92,160.14446,1585757.3274999985
2022-03-28,BUY,MAFANG.NS,6248,50.73,316961.04,158.48051999999998,1268637.8069799985
2022-03-28,BUY,MON100.NS,2805,112.99,316936.95,158.468475,951542.3885049985
2022-03-28,BUY,HNGSNGBEES.NS,1012,313.18,316938.16000000003,158.46908000000002,634445.7594249984
2022-03-28,BUY,MID150BEES.NS,2847,111.34,316984.98,158.49249,317302.28693499847
2022-03-28,BUY,MOM100.NS,10261,30.89,316962.29,158.481145,181.51578999846242
2022-04-04,SELL,HNGSNGBEES.NS,1012,314.67,318446.04000000004,159.22302000000002,318468.3327699985
2022-04-04,SELL,MID150BEES.NS,2847,115.76,329568.72000000003,164.78436000000002,647872.2684099986
2022-04-04,BUY,DIVOPPBEES.NS,6928,46.73,323745.44,161.87272000000002,323964.95568999863
2022-04-04,BUY,PSUBNKBEES.NS,10410,31.1,323751.0,161.87550000000002,52.08018999861088
2022-04-11,SELL,DIVOPPBEES.NS,6928,47.01,325685.27999999997,162.84264,325574.5175499986
2022-04-11,SELL,MON100.NS,2805,112.16,314608.8,157.3044,640026.0131499986
2022-04-11,SELL,MAFANG.NS,6248,47.38,296030.24,148.01512,935908.2380299986
2022-04-11,BUY,CPSEETF.NS,8559,36.43,311804.37,155.902185,623947.9658449986
2022-04-11,BUY,JUNIORBEES.NS,672,463.53,311492.16,155.74607999999998,312300.0597649986
2022-04-11,BUY,INFRABEES.NS,574,542.86,311601.64,155.80082000000002,542.6189449985977
2022-04-18,SELL,INFRABEES.NS,574,533.82,306412.68000000005,153.20634000000004,306802.0926049987
2022-04-18,BUY,GOLDBEES.NS,6638,46.19,306609.22,153.30461,39.567994998709764
2022-04-25,SELL,PSUBNKBEES.NS,10410,29.9,311259.0,155.6295,311142.9384949987
2022-04-25,SELL,MOM100.NS,10261,31.32,321374.52,160.68726,632356.7712349987
2022-04-25,BUY,CONSUMBEES.NS,4163,75.9,315971.7,157.98585,316227.0853849987
2022-04-25,BUY,INFRABEES.NS,594,531.59,315764.46,157.88223000000002,304.7431549986941
2022-05-02,SELL,CPSEETF.NS,8559,35.6,304700.4,152.3502,304852.79295499873
2022-05-02,SELL,GOLDBEES.NS,6638,44.16,293134.07999999996,146.56704,597840.3059149988
2022-05-02,SELL,JUNIORBEES.NS,672,446.39,299974.08,149.98704,897664.3988749988
2022-05-02,BUY,DIVOPPBEES.NS,6714,44.54,299041.56,149.52078,598473.3180949988
2022-05-02,BUY,LIQUIDBEES.NS,299,999.99,298997.01,149.498505,299326.8095899988
2022-05-02,BUY,NIF100BEES.NS,1659,180.25,299034.75,149.51737500000002,142.54221499880077
2022-05-09,SELL,INFRABEES.NS,594,507.87,301674.78,150.83739000000003,301666.4848249988
2022-05-09,SELL,CONSUMBEES.NS,4163,72.22,300651.86,150.32593,602168.0188949988
2022-05-09,SELL,NIF100BEES.NS,1659,171.17,283971.02999999997,141.985515,885997.0633799988
2022-05-09,BUY,CPSEETF.NS,8227,35.88,295184.76,147.59238000000002,590664.7109999987
2022-05-09,BUY,GOLDBEES.NS,6645,44.42,295170.9,147.58545,295346.2255499987
2022-05-09,BUY,HNGSNGBEES.NS,968,304.74,294988.32,147.49416,210.41138999868417
2022-05-16,SELL,CPSEETF.NS,8227,33.99,279635.73000000004,139.817865,279706.32352499873
2022-05-16,SELL,DIVOPPBEES.NS,6714,42.39,284606.46,142.30323,564170.4802949987
2022-05-16,BUY,GILT5YBEES.NS,5714,49.34,281928.76,140.96438,282100.7559149987
2022-05-16,BUY,MON100.NS,2711,103.97,281862.67,140.931335,97.1545799987507
2022-05-23,SELL,GOLDBEES.NS,6645,44.25,294041.25,147.020625,293991.38395499875
2022-05-23,SELL,MON100.NS,2711,100.88,273485.68,136.74284,567340.3211149988
2022-05-23,SELL,HNGSNGBEES.NS,968,295.04,285598.72000000003,142.79936,852796.2417549988
2022-05-23,BUY,PHARMABEES.NS,21872,12.99,284117.28,142.05864000000003,568536.9031149987
2022-05-23,BUY,CONSUMBEES.NS,3829,74.2,284111.8,142.0559,284283.04721499875
2022-05-23,BUY,CPSEETF.NS,8307,34.2,284099.4,142.0497,41.59751499874983
2022-05-30,SELL,CPSEETF.NS,8307,33.95,282022.65,141.01132500000003,281923.23618999874
2022-05-30,SELL,LIQUIDBEES.NS,299,999.99,298997.01,149.498505,580770.7476849987
2022-05-30,SELL,PHARMABEES.NS,21872,12.76,279086.72,139.54335999999998,859717.9243249986
2022-05-30,SELL,GILT5YBEES.NS,5714,48.79,278786.06,139.39303,1138364.5912949988
2022-05-30,BUY,BANKBEES.NS,787,361.43,284445.41000000003,142.22270500000002,853776.9585899988
2022-05-30,BUY,PSUBNKBEES.NS,10019,28.39,284439.41000000003,142.21970500000003,569195.3288849988
2022-05-30,BUY,NIFTYBEES.NS,1576,180.43,284357.68,142.17884,284695.4700449988
2022-05-30,BUY,MAFANG.NS,6939,40.99,284429.61,142.21480499999998,123.6452399988193
2022-06-06,SELL,CONSUMBEES.NS,3829,73.58,281737.82,140.86891,281720.5963299988
2022-06-06,BUY,ITBEES.NS,9154,30.76,281577.04000000004,140.78852000000003,2.767809998767916
2022-06-13,SELL,BANKBEES.NS,787,338.36,266289.32,133.14466000000002,266158.9431499988
2022-06-13,SELL,NIFTYBEES.NS,1576,171.87,270867.12,135.43356,536890.6295899989
2022-06-13,BUY,CPSEETF.NS,7802,34.39,268310.78,134.15539,268445.6941999988
2022-06-13,BUY,HNGSNGBEES.NS,883,303.58,268061.14,134.03057,250.52362999878824
2022-06-20,SELL,CPSEETF.NS,7802,31.44,245294.88,122.64744,245422.7561899988
2022-06-20,SELL,PSUBNKBEES.NS,10019,25.57,256185.83000000002,128.092915,501480.49327499885
2022-06-20,SELL,MAFANG.NS,6939,38.21,265139.19,132.569595,766487.1136799988
2022-06-20,SELL,ITBEES.NS,9154,27.81,254572.74,127.28636999999999,1020932.5673099988
2022-06-20,BUY,GOLDBEES.NS,5821,43.82,255076.22,127.53811,765728.8091999989
2022-06-20,BUY,LIQUIDBEES.NS,255,999.99,254997.45,127.49872500000001,510603.86047499883
2022-06-20,BUY,GILT5YBEES.NS,5241,48.67,255079.47,127.53973500000001,255396.85073999883
2022-06-20,BUY,MON100.NS,2767,92.17,255034.39,127.51719500000002,234.9435449988232
2022-06-27,SELL,GOLDBEES.NS,5821,43.87,255367.27,127.683635,255474.52990999882
2022-06-27,SELL,MON100.NS,2767,94.45,261343.15,130.671575,516687.00833499886
2022-06-27,SELL,GILT5YBEES.NS,5241,48.79,255708.38999999998,127.85419499999999,772267.5441399988
2022-06-27,SELL,HNGSNGBEES.NS,883,308.21,272149.43,136.074715,1044280.8994249988
2022-06-27,BUY,CONSUMBEES.NS,3553,73.44,260932.31999999998,130.46616,783218.1132649988
2022-06-27,BUY,MAFANG.NS,6350,41.09,260921.50000000003,130.46075000000002,522166.15251499874
2022-06-27,BUY,PSUBNKBEES.NS,9506,27.45,260939.69999999998,130.46985,261095.98266499877
2022-06-27,BUY,PHARMABEES.NS,21180,12.32,260937.6,130.46880000000002,27.913864998758072
2022-07-04,SELL,PHARMABEES.NS,21180,12.31,260725.80000000002,130.36290000000002,260623.35096499877
2022-07-04,SELL,LIQUIDBEES.NS,255,999.99,254997.45,127.49872500000001,515493.30223999877
2022-07-04,SELL,PSUBNKBEES.NS,9506,27.52,261605.12,130.80256,776967.6196799987
2022-07-04,SELL,MAFANG.NS,6350,39.58,251333.0,125.6665,1028174.9531799988
2022-07-04,BUY,NV20BEES.NS,2812,91.36,256904.32,128.45216,771142.1810199989
2022-07-04,BUY,MOM100.NS,9087,28.27,256889.49,128.444745,514124.2462749989
2022-07-04,BUY,JUNIORBEES.NS,654,392.64,256786.56,128.39328,257209.2929949989
2022-07-04,BUY,MID150BEES.NS,2495,102.95,256860.25,128.430125,220.6128699988767
2022-07-11,SELL,NV20BEES.NS,2812,92.02,258760.24,129.38012,258851.47274999888
2022-07-11,SELL,MOM100.NS,9087,29.54,268429.98,134.21499,527147.2377599989
2022-07-11,SELL,JUNIORBEES.NS,654,410.46,268440.83999999997,134.22042,795453.8573399988
2022-07-11,SELL,MID150BEES.NS,2495,107.73,268786.35000000003,134.393175,1064105.814164999
2022-07-11,BUY,PSUBNKBEES.NS,9019,29.48,265880.12,132.94006,798092.7541049989
2022-07-11,BUY,AUTOBEES.NS,2154,123.43,265868.22000000003,132.93411,532091.5999949989
2022-07-11,BUY,MAFANG.NS,6362,41.79,265867.98,132.93399,266090.6860049989
2022-07-11,BUY,BANKBEES.NS,741,358.74,265826.34,132.91317,131.43283499887912
2022-07-18,SELL,BANKBEES.NS,741,357.55,264944.55,132.472275,264943.51055999886
2022-07-18,SELL,PSUBNKBEES.NS,9019,29.53,266331.07,133.165535,531141.4150249988
2022-07-18,SELL,MAFANG.NS,6362,41.02,260969.24000000002,130.48462,791980.1704049988
2022-07-18,BUY,JUNIORBEES.NS,634,416.01,263750.33999999997,131.87517,528097.9552349988
2022-07-18,BUY,MOM100.NS,8742,30.18,263833.56,131.91678,264132.4784549988
2022-07-18,BUY,PHARMABEES.NS,20646,12.78,263855.88,131.92794,144.6705149987829
2022-07-25,SELL,PHARMABEES.NS,20646,12.58,259726.68,129.86334,259741.48717499877
2022-07-25,SELL,CONSUMBEES.NS,3553,80.86,287295.58,143.64779000000001,546893.4193849987
2022-07-25,SELL,AUTOBEES.NS,2154,125.43,270176.22000000003,135.08811000000003,816934.5512749988
2022-07-25,SELL,JUNIORBEES.NS,634,423.76,268663.83999999997,134.33192,1085464.0593549986
2022-07-25,BUY,PSUBNKBEES.NS,8814,30.77,271206.77999999997,135.60339,814121.6759649987
2022-07-25,BUY,MON100.NS,2796,96.98,271156.08,135.57804000000002,542830.0179249987
2022-07-25,BUY,BANKBEES.NS,732,370.3,271059.60000000003,135.52980000000002,271634.8881249986
2022-07-25,BUY,MAFANG.NS,6387,42.46,271192.02,135.59601,307.2721149986028
2022-08-01,SELL,BANKBEES.NS,732,382.53,280011.95999999996,140.00598,280179.22613499855
2022-08-01,SELL,PSUBNKBEES.NS,8814,31.48,277464.72000000003,138.73236000000003,557505.2137749986
2022-08-01,SELL,MOM100.NS,8742,32.02,279918.84,139.95942000000002,837284.0943549986
2022-08-01,BUY,ITBEES.NS,9218,30.26,278936.68,139.46834,558207.9460149985
2022-08-01,BUY,NV20BEES.NS,2853,97.77,278937.81,139.468905,279130.66710999847
2022-08-01,BUY,NIFTYBEES.NS,1478,188.63,278795.14,139.39757,196.12953999848105
2022-08-08,SELL,NV20BEES.NS,2853,99.44,283702.32,141.85116,283756.59837999847
2022-08-08,SELL,NIFTYBEES.NS,1478,190.79,281987.62,140.99381,565603.2245699984
2022-08-08,BUY,MOM100.NS,8568,32.99,282658.32,141.32916,282803.5754099984
2022-08-08,BUY,NIF100BEES.NS,1528,184.92,282557.76,141.27888000000002,104.53652999841142
2022-08-16,SELL,ITBEES.NS,9218,31.01,285850.18,142.92509,285811.79143999843
2022-08-16,SELL,NIF100BEES.NS,1528,188.09,287401.52,143.70076,573069.6106799985
2022-08-16,BUY,CPSEETF.NS,7984,35.87,286386.07999999996,143.19303999999997,286540.3376399986
2022-08-16,BUY,BANKBEES.NS,721,397.06,286280.26,143.14013,116.93750999856275
2022-08-22,SELL,CPSEETF.NS,7984,35.24,281356.16000000003,140.67808000000002,281332.4194299986
2022-08-22,SELL,MON100.NS,2796,102.15,285611.4,142.8057,566801.0137299986
2022-08-22,SELL,MOM100.NS,8568,32.29,276660.72,138.33035999999998,843323.4033699986
2022-08-22,SELL,BANKBEES.NS,721,387.38,279300.98,139.65049,1122484.7328799986
2022-08-22,BUY,JUNIORBEES.NS,627,447.21,280400.67,140.200335,841943.8625449986
2022-08-22,BUY,INFRABEES.NS,536,523.11,280386.96,140.19348000000002,561416.7090649987
2022-08-22,BUY,MID150BEES.NS,2392,117.22,280390.24,140.19512,280886.2739449987
2022-08-22,BUY,NIF100BEES.NS,1515,185.13,280471.95,140.235975,274.08796999865444
2022-08-29,SELL,NIF100BEES.NS,1515,183.62,278184.3,139.09215,278319.29581999866
2022-08-29,SELL,MAFANG.NS,6387,43.12,275407.44,137.70372,553589.0320999987
2022-08-29,BUY,PSUBNKBEES.NS,8507,32.52,276647.64,138.32382,276803.06827999867
2022-08-29,BUY,CPSEETF.NS,7575,36.52,276639.0,138.3195,25.748779998684768
2022-09-05,SELL,INFRABEES.NS,536,535.04,286781.44,143.39072000000002,286663.79805999866
2022-09-05,SELL,MID150BEES.NS,2392,121.79,291321.68,145.66084,577839.8172199987
2022-09-05,BUY,CONSUMBEES.NS,3330,86.7,288711.0,144.3555,288984.4617199987
2022-09-05,BUY,AUTOBEES.NS,2159,133.74,288744.66000000003,144.37233,95.42938999866601
2022-09-12,SELL,CPSEETF.NS,7575,37.2,281790.0,140.895,281744.53438999865
2022-09-12,SELL,CONSUMBEES.NS,3330,87.42,291108.6,145.55429999999998,572707.5800899987
2022-09-12,SELL,AUTOBEES.NS,2159,133.92,289133.27999999997,144.56663999999998,861696.2934499986
2022-09-12,SELL,JUNIORBEES.NS,627,472.03,295962.81,147.981405,1157511.1220449987
2022-09-12,BUY,BANKBEES.NS,705,410.22,289205.10000000003,144.60255,868161.4194949986
2022-09-12,BUY,MID150BEES.NS,2320,124.63,289141.6,144.5708,578875.2486949987
2022-09-12,BUY,MOM100.NS,8415,34.37,289223.55,144.611775,289507.0869199987
2022-09-12,BUY,INFRABEES.NS,526,549.37,288968.62,144.48431,393.9826099986676
2022-09-19,SELL,INFRABEES.NS,526,542.15,285170.89999999997,142.58544999999998,285422.2971599986
2022-09-19,SELL,MOM100.NS,8415,33.64,283080.6,141.5403,568361.3568599985
2022-09-19,SELL,MID150BEES.NS,2320,122.0,283040.0,141.52,851259.8368599985
2022-09-19,BUY,CPSEETF.NS,7581,37.41,283605.20999999996,141.80260499999997,567512.8242549986
2022-09-19,BUY,HNGSNGBEES.NS,1096,258.72,283557.12000000005,141.77856000000003,283813.9256949985
2022-09-19,BUY,SILVERBEES.NS,5072,55.91,283575.51999999996,141.78776,96.6179349985905
2022-09-26,SELL,CPSEETF.NS,7581,34.55,261923.55,130.961775,261889.20615999858
2022-09-26,SELL,PSUBNKBEES.NS,8507,32.7,278178.9,139.08945000000003,539929.0167099986
2022-09-26,SELL,HNGSNGBEES.NS,1096,256.9,281562.39999999997,140.78119999999998,821350.6355099985
2022-09-26,SELL,BANKBEES.NS,705,391.54,276035.7,138.01785,1097248.3176599985
2022-09-26,BUY,CONSUMBEES.NS,3201,85.65,274165.65,137.082825,822945.5848349985
2022-09-26,BUY,PHARMABEES.NS,21759,12.6,274163.39999999997,137.08169999999998,548645.1031349986
2022-09-26,BUY,LIQUIDBEES.NS,274,1000.0,274000.0,137.0,274508.1031349986
2022-09-26,BUY,GOLDBEES.NS,6429,42.64,274132.56,137.06628,238.47685499856016
2022-10-03,SELL,CONSUMBEES.NS,3201,84.33,269940.33,134.970165,270043.83668999857
2022-10-03,BUY,GILT5YBEES.NS,5470,49.34,269889.80000000005,134.94490000000002,19.091789998521563
2022-10-10,SELL,LIQUIDBEES.NS,274,999.99,273997.26,136.99863000000002,273879.35315999854
2022-10-10,SELL,GILT5YBEES.NS,5470,49.13,268741.10000000003,134.37055,542486.0826099985
2022-10-10,BUY,ITBEES.NS,9354,28.98,271078.92,135.53946,271271.62314999854
2022-10-10,BUY,DIVOPPBEES.NS,5955,45.52,271071.60000000003,135.53580000000002,64.48734999849694
2022-10-17,SELL,PHARMABEES.NS,21759,13.11,285260.49,142.630245,285182.3471049985
2022-10-17,SELL,GOLDBEES.NS,6429,43.24,277989.96,138.99498000000003,563033.3121249985
2022-10-17,SELL,SILVERBEES.NS,5072,55.52,281597.44,140.79872,844489.9534049985
2022-10-17,BUY,BANKBEES.NS,697,403.65,281344.05,140.672025,563005.2313799986
2022-10-17,BUY,CPSEETF.NS,7765,36.23,281325.94999999995,140.662975,281538.6184049987
2022-10-17,BUY,NV20BEES.NS,2843,98.95,281314.85000000003,140.65742500000002,83.11097999865888
2022-10-24,SELL,NV20BEES.NS,2843,99.59,283134.37,141.567185,283075.91379499866
2022-10-24,SELL,DIVOPPBEES.NS,5955,46.29,275656.95,137.828475,558595.0353199986
2022-10-24,BUY,PSUBNKBEES.NS,7508,37.18,279147.44,139.57372,279308.02159999864
2022-10-24,BUY,NIFTYBEES.NS,1445,193.17,279130.64999999997,139.56532499999997,37.806274998700246
2022-10-31,SELL,ITBEES.NS,9354,29.81,278842.74,139.42137,278741.1249049987
2022-10-31,SELL,NIFTYBEES.NS,1445,196.27,283610.15,141.80507500000002,562209.4698299987
2022-10-31,BUY,AUTOBEES.NS,2074,135.41,280840.33999999997,140.42016999999998,281228.7096599987
2022-10-31,BUY,INFRABEES.NS,515,545.11,280731.65,140.365825,356.6938349987031
2022-11-07,SELL,BANKBEES.NS,697,421.16,293548.52,146.77426,293758.43957499875
2022-11-07,SELL,AUTOBEES.NS,2074,135.53,281089.22000000003,140.54461,574707.1149649988
2022-11-07,BUY,MID150BEES.NS,2328,123.35,287158.8,143.5794,287404.7355649988
2022-11-07,BUY,SILVERBEES.NS,4789,59.97,287196.33,143.59816500000002,64.80739999882644
2022-11-14,SELL,CPSEETF.NS,7765,38.03,295302.95,147.651475,295220.1059249988
2022-11-14,SELL,INFRABEES.NS,515,549.79,283141.85,141.570925,578220.3849999988
2022-11-14,SELL,MID150BEES.NS,2328,121.54,282945.12,141.47256,861024.0324399988
2022-11-14,BUY,HNGSNGBEES.NS,1173,244.37,286646.01,143.323005,574234.6994349988
2022-11-14,BUY,ITBEES.NS,9241,31.04,286840.64,143.42032,287250.6391149988
2022-11-14,BUY,GOLDBEES.NS,6400,44.82,286848.0,143.424,259.2151149988058
2022-11-21,SELL,ITBEES.NS,9241,30.45,281388.45,140.69422500000002,281506.97088999883
2022-11-21,SELL,SILVERBEES.NS,4789,59.93,287004.77,143.502385,568368.2385049989
2022-11-21,BUY,MAFANG.NS,7520,37.77,284030.4,142.01520000000002,284195.8233049988
2022-11-21,BUY,MON100.NS,3053,93.03,284020.59,142.010295,33.223009998793714
2022-11-28,SELL,GOLDBEES.NS,6400,45.12,288768.0,144.38400000000001,288656.8390099988
2022-11-28,SELL,HNGSNGBEES.NS,1173,247.39,290188.47,145.094235,578700.2147749987
2022-11-28,BUY,ITBEES.NS,9154,31.59,289174.86,144.58742999999998,289380.7673449987
2022-11-28,BUY,BANKBEES.NS,664,435.31,289045.84,144.52292000000003,190.4044249986764
2022-12-05,SELL,BANKBEES.NS,664,437.9,290765.6,145.3828,290810.62162499863
2022-12-05,SELL,MON100.NS,3053,95.25,290798.25,145.399125,581463.4724999986
2022-12-05,BUY,SILVERBEES.NS,4463,65.11,290585.93,145.292965,290732.2495349987
2022-12-05,BUY,MOM100.NS,8391,34.63,290580.33,145.290165,6.629369998641778
2022-12-12,SELL,ITBEES.NS,9154,30.27,277091.58,138.54579,276959.66357999865
2022-12-12,SELL,MOM100.NS,8391,34.38,288482.58,144.24129000000002,565298.0022899987
2022-12-12,BUY,HNGSNGBEES.NS,1006,280.78,282464.68,141.23234,282692.0899499987
2022-12-12,BUY,GOLDBEES.NS,6116,46.19,282498.04,141.24902,52.80092999874614
2022-12-19,SELL,MAFANG.NS,7520,38.35,288392.0,144.196,288300.60492999875
2022-12-19,BUY,LTGILTBEES.NS,12550,22.96,288148.0,144.074,8.530929998727515
2022-12-26,SELL,PSUBNKBEES.NS,7508,46.44,348671.51999999996,174.33576,348505.7151699987
2022-12-26,SELL,HNGSNGBEES.NS,1006,277.37,279034.22000000003,139.51711000000003,627400.4180599987
2022-12-26,BUY,LIQUIDBEES.NS,313,1000.0,313000.0,156.5,314243.91805999866
2022-12-26,BUY,GILT5YBEES.NS,6239,50.25,313509.75,156.754875,577.4131849986734
2023-01-02,SELL,GILT5YBEES.NS,6239,50.24,313447.36,156.72368,313868.04950499866
2023-01-02,SELL,LTGILTBEES.NS,12550,23.05,289277.5,144.63875000000002,603000.9107549987
2023-01-02,SELL,LIQUIDBEES.NS,313,1000.0,313000.0,156.5,915844.4107549987
2023-01-02,BUY,HNGSNGBEES.NS,1052,289.96,305037.92,152.51896,610653.9717949987
2023-01-02,BUY,PSUBNKBEES.NS,6325,48.24,305118.0,152.559,305383.41279499873
2023-01-02,BUY,NV20BEES.NS,2976,102.52,305099.51999999996,152.54976,131.3430349987466
2023-01-09,SELL,NV20BEES.NS,2976,102.53,305129.28,152.56464000000003,305108.0583949988
2023-01-09,SELL,SILVERBEES.NS,4463,67.95,303260.85000000003,151.63042500000003,608217.2779699988
2023-01-09,BUY,MOM100.NS,9073,33.5,303945.5,151.97275,304119.80521999876
2023-01-09,BUY,AUTOBEES.NS,2358,128.85,303828.3,151.91415,139.59106999874348
2023-01-16,SELL,PSUBNKBEES.NS,6325,48.19,304801.75,152.400875,304788.94019499875
2023-01-16,SELL,MOM100.NS,9073,33.2,301223.60000000003,150.61180000000002,605861.9283949988
2023-01-16,BUY,MAFANG.NS,7878,38.43,302751.54,151.37577,302959.0126249988
2023-01-16,BUY,MON100.NS,3297,91.83,302763.51,151.381755,44.120869998820126
2023-01-23,SELL,GOLDBEES.NS,6116,48.77,298277.32,149.13866000000002,298172.30220999883
2023-01-23,SELL,AUTOBEES.NS,2358,129.26,304795.07999999996,152.39754,602814.9846699988
2023-01-23,SELL,MON100.NS,3297,92.1,303653.69999999995,151.82684999999998,906316.8578199986
2023-01-23,BUY,CPSEETF.NS,7716,39.13,301927.08,150.96354000000002,604238.8142799987
2023-01-23,BUY,ITBEES.NS,9659,31.26,301940.34,150.97017000000002,302147.50410999864
2023-01-23,BUY,DIVOPPBEES.NS,6107,49.44,301930.07999999996,150.96504,66.45906999870203
2023-01-30,SELL,CPSEETF.NS,7716,37.66,290584.56,145.29228,290505.7267899987
2023-01-30,SELL,DIVOPPBEES.NS,6107,48.47,296006.29,148.003145,586364.0136449987
2023-01-30,BUY,MON100.NS,3076,95.25,292989.0,146.49450000000002,293228.5191449987
2023-01-30,BUY,AUTOBEES.NS,2220,131.98,292995.6,146.49779999999998,86.42134499870008
2023-02-06,SELL,HNGSNGBEES.NS,1052,305.35,321228.2,160.6141,321154.0072449987
2023-02-06,BUY,NV20BEES.NS,2999,107.0,320893.0,160.44650000000001,100.56074499868555
2023-02-13,SELL,NV20BEES.NS,2999,106.0,317894.0,158.947,317835.6137449987
2023-02-13,BUY,MOM100.NS,9771,32.51,317655.20999999996,158.82760499999998,21.576139998738654
2023-02-20,SELL,AUTOBEES.NS,2220,132.96,295171.2,147.5856,295045.19053999876
2023-02-20,SELL,MON100.NS,3076,100.02,307661.51999999996,153.83075999999997,602552.8797799987
2023-02-20,SELL,MOM100.NS,9771,32.6,318534.60000000003,159.26730000000003,920928.2124799987
2023-02-20,SELL,MAFANG.NS,7878,45.46,358133.88,179.06694000000002,1278883.0255399987
2023-02-20,BUY,CPSEETF.NS,8242,38.77,319542.34,159.77117,959180.9143699986
2023-02-20,BUY,INFRABEES.NS,596,536.14,319539.44,159.76972,639481.7046499986
2023-02-20,BUY,DIVOPPBEES.NS,6405,49.89,319545.45,159.772725,319776.4819249986
2023-02-20,BUY,NV20BEES.NS,2982,107.16,319551.12,159.77556,65.58636499859858
2023-02-27,SELL,ITBEES.NS,9659,31.15,300877.85,150.43892499999998,300792.99743999855
2023-02-27,SELL,NV20BEES.NS,2982,104.14,310545.48,155.27274,611183.2046999985
2023-02-27,SELL,DIVOPPBEES.NS,6405,48.55,310962.75,155.481375,921990.4733249985
2023-02-27,BUY,LTGILTBEES.NS,13240,23.2,307168.0,153.584,614668.8893249985
2023-02-27,BUY,LIQUIDBEES.NS,307,1000.0,307000.0,153.5,307515.3893249985
2023-02-27,BUY,GILT5YBEES.NS,6059,50.69,307130.70999999996,153.56535499999998,231.1139699984924
2023-03-06,SELL,GILT5YBEES.NS,6059,50.8,307797.2,153.89860000000002,307874.4153699985
2023-03-06,SELL,LTGILTBEES.NS,13240,23.18,306903.2,153.4516,614624.1637699986
2023-03-06,SELL,LIQUIDBEES.NS,307,1000.0,307000.0,153.5,921470.6637699986
2023-03-06,BUY,PSUBNKBEES.NS,6998,43.87,307002.26,153.50113000000002,614314.9026399986
2023-03-06,BUY,BANKBEES.NS,734,417.84,306694.56,153.34728,307466.9953599986
2023-03-06,BUY,MID150BEES.NS,2570,119.43,306935.10000000003,153.46755000000002,378.4278099985677
2023-03-13,SELL,BANKBEES.NS,734,401.21,294488.14,147.24407000000002,294719.32373999857
2023-03-13,SELL,MID150BEES.NS,2570,116.23,298711.10000000003,149.35555000000002,593281.0681899986
2023-03-13,BUY,MOM100.NS,9268,31.99,296483.32,148.24166,296649.5065299986
2023-03-13,BUY,JUNIORBEES.NS,742,399.34,296310.27999999997,148.15514,191.07138999865856
2023-03-20,SELL,CPSEETF.NS,8242,39.7,327207.4,163.6037,327234.8676899987
2023-03-20,SELL,PSUBNKBEES.NS,6998,40.09,280549.82,140.27491,607644.4127799987
2023-03-20,SELL,INFRABEES.NS,596,525.62,313269.52,156.63476,920757.2980199987
2023-03-20,SELL,MOM100.NS,9268,31.51,292034.68,146.01734,1212645.9606799986
2023-03-20,SELL,JUNIORBEES.NS,742,398.09,295382.77999999997,147.69138999999998,1507881.0492899986
2023-03-20,BUY,MAFANG.NS,6457,46.68,301412.76,150.70638,1206317.5829099985
2023-03-20,BUY,SILVERBEES.NS,4459,67.59,301383.81,150.691905,904783.0810049984
2023-03-20,BUY,GOLDBEES.NS,5920,50.91,301387.19999999995,150.69359999999998,603245.1874049985
2023-03-20,BUY,MON100.NS,2998,100.52,301358.95999999996,150.67947999999998,301735.5479249985
2023-03-20,BUY,LTGILTBEES.NS,12864,23.43,301403.52,150.70176,181.32616499846336
2023-04-03,SELL,LTGILTBEES.NS,12864,23.46,301789.44,150.89472,301819.8714449985
2023-04-03,SELL,GOLDBEES.NS,5920,50.8,300736.0,150.368,602405.5034449985
2023-04-03,BUY,HNGSNGBEES.NS,1041,289.11,300963.51,150.48175500000002,301291.5116899985
2023-04-03,BUY,BANKBEES.NS,730,412.37,301030.1,150.51505,110.89663999853656
2023-04-10,SELL,MON100.NS,2998,103.65,310742.7,155.37135,310698.2252899986
2023-04-10,SELL,MAFANG.NS,6457,49.09,316974.13,158.487065,627513.8682249986
2023-04-10,BUY,PHARMABEES.NS,25188,12.45,313590.6,156.7953,313766.4729249986
2023-04-10,BUY,NIFTYBEES.NS,1627,192.64,313425.27999999997,156.71264,184.48028499865904
2023-04-17,SELL,NIFTYBEES.NS,1627,193.91,315491.57,157.745785,315518.3044999987
2023-04-17,SELL,HNGSNGBEES.NS,1041,292.15,304128.14999999997,152.06407499999997,619494.3904249987
2023-04-17,BUY,AUTOBEES.NS,2360,131.14,309490.39999999997,154.74519999999998,309849.24522499874
2023-04-17,BUY,CPSEETF.NS,7499,41.28,309558.72000000003,154.77936000000003,135.74586499872385
2023-04-24,SELL,CPSEETF.NS,7499,41.07,307983.93,153.991965,307965.6838999987
2023-04-24,BUY,PSUBNKBEES.NS,6994,44.01,307805.94,153.90297,5.840929998725187
2023-05-02,SELL,PHARMABEES.NS,25188,12.72,320391.36000000004,160.19568000000004,320237.00524999877
2023-05-02,SELL,SILVERBEES.NS,4459,72.99,325462.41,162.731205,645536.6840449987
2023-05-02,SELL,AUTOBEES.NS,2360,133.98,316192.8,158.0964,961571.3876449987
2023-05-02,BUY,INFRABEES.NS,574,557.91,320240.33999999997,160.12016999999997,641170.9274749988
2023-05-02,BUY,JUNIORBEES.NS,762,420.1,320116.2,160.0581,320894.6693749987
2023-05-02,BUY,CONSUMBEES.NS,3896,82.22,320329.12,160.16456,405.38481499871705
2023-05-08,SELL,BANKBEES.NS,730,437.54,319404.2,159.7021,319649.88271499873
2023-05-08,SELL,CONSUMBEES.NS,3896,83.58,325627.68,162.81384,645114.7488749987
2023-05-08,BUY,MOM100.NS,9344,34.5,322368.0,161.184,322585.56487499864
2023-05-08,BUY,SILVERBEES.NS,4284,75.25,322371.0,161.1855,53.37937499862164
2023-05-15,SELL,INFRABEES.NS,574,563.01,323167.74,161.58387,323059.53550499864
2023-05-15,SELL,PSUBNKBEES.NS,6994,44.41,310603.54,155.30177,633507.7737349987
2023-05-15,SELL,MOM100.NS,9344,34.56,322928.64,161.46432000000001,956274.9494149986
2023-05-15,SELL,SILVERBEES.NS,4284,71.83,307719.72,153.85986,1263840.8095549985
2023-05-15,BUY,MAFANG.NS,6075,51.98,315778.5,157.88925,947904.4203049985
2023-05-15,BUY,AUTOBEES.NS,2229,141.66,315760.14,157.88007000000002,631986.4002349984
2023-05-15,BUY,CONSUMBEES.NS,3704,85.24,315728.95999999996,157.86448,316099.5757549985
2023-05-15,BUY,MON100.NS,2965,106.49,315742.85,157.871425,198.85432999848854
2023-05-22,SELL,CONSUMBEES.NS,3704,84.45,312802.8,156.4014,312845.2529299985
2023-05-22,SELL,JUNIORBEES.NS,762,433.16,330067.92000000004,165.03396000000004,642748.1389699986
2023-05-22,BUY,BANKBEES.NS,721,445.27,321039.67,160.519835,321547.9491349986
2023-05-22,BUY,CPSEETF.NS,7566,42.45,321176.7,160.58835000000002,210.6607849986176
2023-05-29,SELL,CPSEETF.NS,7566,42.41,320874.06,160.43703,320924.28375499864
2023-05-29,SELL,AUTOBEES.NS,2229,143.36,319549.44,159.77472,640313.9490349987
2023-05-29,SELL,BANKBEES.NS,721,449.93,324399.53,162.199765,964551.2792699987
2023-05-29,BUY,ITBEES.NS,10522,30.54,321341.88,160.67094,643048.7283299987
2023-05-29,BUY,JUNIORBEES.NS,725,443.11,321254.75,160.627375,321633.3509549987
2023-05-29,BUY,MOM100.NS,9011,35.66,321332.25999999995,160.66612999999998,140.42482499871403
2023-06-05,SELL,ITBEES.NS,10522,30.63,322288.86,161.14443,322268.1403949987
2023-06-05,SELL,JUNIORBEES.NS,725,449.08,325583.0,162.7915,647688.3488949987
2023-06-05,BUY,PHARMABEES.NS,24765,13.07,323678.55,161.839275,323847.9596199987
2023-06-05,BUY,CONSUMBEES.NS,3665,88.31,323656.15,161.828075,29.981544998649042
2023-06-12,SELL,PHARMABEES.NS,24765,12.99,321697.35,160.848675,321566.4828699986
2023-06-12,SELL,CONSUMBEES.NS,3665,88.33,323729.45,161.86472500000002,645134.0681449986
2023-06-12,SELL,MON100.NS,2965,116.86,346489.9,173.24495000000002,991450.7231949987
2023-06-12,BUY,SILVERBEES.NS,4565,72.35,330277.75,165.138875,661007.8343199987
2023-06-12,BUY,AUTOBEES.NS,2226,148.36,330249.36000000004,165.12468,330593.3496399987
2023-06-12,BUY,MID150BEES.NS,2507,131.71,330196.97000000003,165.098485,231.28115499863634
2023-06-19,SELL,SILVERBEES.NS,4565,71.74,327493.1,163.74654999999998,327560.63460499863
2023-06-19,SELL,AUTOBEES.NS,2226,148.15,329781.9,164.89095,657177.6436549986
2023-06-19,BUY,MON100.NS,2732,120.18,328331.76,164.16588000000002,328681.71777499863
2023-06-19,BUY,HNGSNGBEES.NS,1169,280.93,328407.17,164.203585,110.34418999863556
2023-06-26,SELL,MAFANG.NS,6075,61.58,374098.5,187.04925,374021.79493999865
2023-06-26,SELL,HNGSNGBEES.NS,1169,273.79,320060.51,160.030255,693922.2746849987
2023-06-26,BUY,PHARMABEES.NS,25668,13.51,346774.68,173.38734,346974.20734499866
2023-06-26,BUY,CPSEETF.NS,8025,43.21,346760.25,173.380125,40.57721999863861
2023-07-03,SELL,CPSEETF.NS,8025,44.18,354544.5,177.27225,354407.80496999866
2023-07-03,SELL,MOM100.NS,9011,38.11,343409.21,171.70460500000002,697645.3103649986
2023-07-03,SELL,MON100.NS,2732,120.9,330298.8,165.14939999999999,1027778.9609649987
2023-07-03,SELL,MID150BEES.NS,2507,137.13,343784.91,171.89245499999998,1371391.9785099986
2023-07-03,BUY,AUTOBEES.NS,2242,152.78,342532.76,171.26638,1028687.9521299987
2023-07-03,BUY,ITBEES.NS,11122,30.81,342668.82,171.33441000000002,685847.7977199988
2023-07-03,BUY,NIFTYBEES.NS,1614,212.3,342652.2,171.3261,343024.27161999873
2023-07-03,BUY,NIF100BEES.NS,1713,200.04,342668.51999999996,171.33425999999997,184.41735999879893
2023-07-10,SELL,ITBEES.NS,11122,30.67,341111.74,170.55587,341125.6014899988
2023-07-10,SELL,NIFTYBEES.NS,1614,212.64,343200.95999999996,171.60047999999998,684154.9610099988
2023-07-10,SELL,NIF100BEES.NS,1713,200.4,343285.2,171.64260000000002,1027268.5184099989
2023-07-10,BUY,PSUBNKBEES.NS,6950,49.24,342218.0,171.109,684879.4094099989
2023-07-10,BUY,DIVOPPBEES.NS,6294,54.37,342204.77999999997,171.10238999999999,342503.52701999893
2023-07-10,BUY,CPSEETF.NS,7703,44.43,342244.29,171.122145,88.11487499898067
2023-07-17,SELL,CPSEETF.NS,7703,44.32,341396.96,170.69848000000002,341314.376394999
2023-07-17,SELL,DIVOPPBEES.NS,6294,55.48,349191.12,174.59556,690330.900834999
2023-07-17,SELL,PHARMABEES.NS,25668,14.22,364998.96,182.49948,1055147.361354999
2023-07-17,SELL,PSUBNKBEES.NS,6950,49.83,346318.5,173.15925000000001,1401292.702104999
2023-07-17,BUY,SILVERBEES.NS,4743,73.81,350080.83,175.04041500000002,1051036.831689999
2023-07-17,BUY,ITBEES.NS,10747,32.58,350137.26,175.06863,700724.503059999
2023-07-17,BUY,MAFANG.NS,5358,65.34,350091.72000000003,175.04586,350457.7371999989
2023-07-17,BUY,MON100.NS,2821,124.08,350029.68,175.01484,253.04235999891534
2023-07-24,SELL,ITBEES.NS,10747,31.41,337563.27,168.78163500000002,337647.5307249989
2023-07-24,SELL,AUTOBEES.NS,2242,158.27,354841.34,177.42067000000003,692311.450054999
2023-07-24,SELL,MON100.NS,2821,122.74,346249.54,173.12476999999998,1038387.8652849989
2023-07-24,SELL,MAFANG.NS,5358,63.94,342590.51999999996,171.29525999999998,1380807.0900249989
2023-07-24,BUY,PSUBNKBEES.NS,6781,50.88,345017.28,172.50864,1035617.3013849988
2023-07-24,BUY,PHARMABEES.NS,23745,14.53,345014.85,172.50742499999998,690429.9439599989
2023-07-24,BUY,BANKBEES.NS,737,467.53,344569.61,172.284805,345688.0491549989
2023-07-24,BUY,INFRABEES.NS,561,614.73,344863.53,172.431765,652.0873899988947
2023-07-31,SELL,BANKBEES.NS,737,464.52,342351.24,171.17562,342832.1517699989
2023-07-31,SELL,SILVERBEES.NS,4743,72.68,344721.24000000005,172.36062000000004,687381.031149999
2023-07-31,BUY,CPSEETF.NS,7200,47.71,343512.0,171.756,343697.275149999
2023-07-31,BUY,MID150BEES.NS,2373,144.75,343491.75,171.745875,33.77927499898942
2023-08-07,SELL,PSUBNKBEES.NS,6781,49.0,332269.0,166.1345,332136.644774999
2023-08-07,BUY,MOM100.NS,8243,40.27,331945.61000000004,165.97280500000002,25.06196999893291
2023-08-14,SELL,INFRABEES.NS,561,622.44,349188.84,174.59442,349039.307549999
2023-08-14,BUY,ITBEES.NS,10717,32.55,348838.35,174.419175,26.538374999014195
2023-08-21,SELL,CPSEETF.NS,7200,47.53,342216.0,171.108,342071.430374999
2023-08-21,SELL,PHARMABEES.NS,23745,15.56,369472.2,184.73610000000002,711358.894274999
2023-08-21,BUY,PSUBNKBEES.NS,6991,50.85,355492.35000000003,177.74617500000002,355688.798099999
2023-08-21,BUY,LTGILTBEES.NS,14665,24.24,355479.6,177.7398,31.458299999067094
2023-08-28,SELL,ITBEES.NS,10717,32.3,346159.1,173.07954999999998,346017.478749999
2023-08-28,SELL,LTGILTBEES.NS,14665,24.31,356506.14999999997,178.253075,702345.375674999
2023-08-28,SELL,PSUBNKBEES.NS,6991,50.78,355002.98,177.50149,1057170.854184999
2023-08-28,BUY,SILVERBEES.NS,4859,72.48,352180.32,176.09016,704814.4440249989
2023-08-28,BUY,CPSEETF.NS,7337,48.0,352176.0,176.088,352462.35602499894
2023-08-28,BUY,GILT5YBEES.NS,6664,52.85,352192.4,176.0962,93.85982499888632
2023-09-04,SELL,MOM100.NS,8243,42.5,350327.5,175.16375,350246.1960749989
2023-09-04,SELL,GILT5YBEES.NS,6664,52.89,352458.96,176.22948000000002,702528.9265949989
2023-09-04,SELL,MID150BEES.NS,2373,152.7,362357.1,181.17855,1064704.848044999
2023-09-04,BUY,MAFANG.NS,5508,64.4,354715.2,177.35760000000002,709812.290444999
2023-09-04,BUY,AUTOBEES.NS,2186,162.23,354634.77999999997,177.31739,355000.19305499905
2023-09-04,BUY,MON100.NS,2843,124.75,354664.25,177.332125,158.61092999903485
2023-09-11,SELL,SILVERBEES.NS,4859,70.61,343093.99,171.546995,343081.05393499904
2023-09-11,SELL,AUTOBEES.NS,2186,166.48,363925.27999999997,181.96264,706824.371294999
2023-09-11,SELL,MON100.NS,2843,123.83,352048.69,176.024345,1058697.0369499992
2023-09-11,SELL,MAFANG.NS,5508,64.25,353889.0,176.9445,1412409.0924499992
2023-09-11,BUY,MID150BEES.NS,2224,158.67,352882.07999999996,176.44104,1059350.5714099992
2023-09-11,BUY,MOM100.NS,8015,44.03,352900.45,176.45022500000002,706273.6711849992
2023-09-11,BUY,INFRABEES.NS,541,652.19,352834.79000000004,176.41739500000003,353262.46378999914
2023-09-11,BUY,DIVOPPBEES.NS,6021,58.61,352890.81,176.445405,195.20838499913225
2023-09-18,SELL,INFRABEES.NS,541,652.27,352878.07,176.43903500000002,352896.83934999915
2023-09-18,SELL,DIVOPPBEES.NS,6021,58.82,354155.22000000003,177.07761000000002,706874.9817399993
2023-09-18,SELL,MOM100.NS,8015,43.25,346648.75,173.324375,1053350.4073649992
2023-09-18,SELL,MID150BEES.NS,2224,155.12,344986.88,172.49344,1398164.7939249992
2023-09-18,BUY,PSUBNKBEES.NS,6015,58.08,349351.2,174.6756,1048638.918324999
2023-09-18,BUY,ITBEES.NS,10033,34.82,349349.06,174.67453,699115.183794999
2023-09-18,BUY,NV20BEES.NS,2917,119.74,349281.57999999996,174.64078999999998,349658.9630049991
2023-09-18,BUY,AUTOBEES.NS,2076,168.24,349266.24,174.63312,218.08988499909174
2023-09-25,SELL,NV20BEES.NS,2917,118.1,344497.7,172.24885,344543.5410349991
2023-09-25,SELL,AUTOBEES.NS,2076,164.96,342456.96,171.22848000000002,686829.2725549992
2023-09-25,BUY,SILVERBEES.NS,4786,71.71,343204.06,171.60203,343453.6105249992
2023-09-25,BUY,DIVOPPBEES.NS,5900,58.17,343203.0,171.60150000000002,79.00902499922086
2023-10-03,SELL,ITBEES.NS,10033,33.35,334600.55,167.300275,334512.2587499992
2023-10-03,SELL,SILVERBEES.NS,4786,67.73,324155.78,162.07789000000002,658505.9608599993
2023-10-03,BUY,PHARMABEES.NS,21190,15.53,329080.7,164.54035000000002,329260.72050999926
2023-10-03,BUY,MOM100.NS,7594,43.33,329048.01999999996,164.52400999999998,48.176499999302905
2023-10-09,SELL,CPSEETF.NS,7337,51.8,380056.6,190.0283,379914.7481999993
2023-10-09,SELL,PHARMABEES.NS,21190,15.33,324842.7,162.42135000000002,704595.0268499993
2023-10-09,SELL,MOM100.NS,7594,42.43,322213.42,161.10671,1026647.3401399993
2023-10-09,BUY,INFRABEES.NS,533,641.12,341716.96,170.85848000000001,684759.5216599993
2023-10-09,BUY,LIQUIDBEES.NS,342,999.99,341996.58,170.99829000000003,342591.94336999924
2023-10-09,BUY,NV20BEES.NS,2914,117.37,342016.18,171.00809,404.75527999922633
2023-10-16,SELL,NV20BEES.NS,2914,118.36,344901.04,172.45051999999998,345133.3447599992
2023-10-16,SELL,DIVOPPBEES.NS,5900,58.62,345858.0,172.929,690818.4157599992
2023-10-16,SELL,PSUBNKBEES.NS,6015,56.49,339787.35000000003,169.89367500000003,1030435.8720849992
2023-10-16,SELL,LIQUIDBEES.NS,342,1000.0,342000.0,171.0,1372264.8720849992
2023-10-16,BUY,AUTOBEES.NS,2043,167.83,342876.69,171.438345,1029216.7437399992
2023-10-16,BUY,CPSEETF.NS,6359,53.92,342877.28,171.43864000000002,686168.0250999993
2023-10-16,BUY,MAFANG.NS,5497,62.37,342847.89,171.423945,343148.71115499927
2023-10-16,BUY,MON100.NS,2818,121.68,342894.24,171.44712,83.02403499925276
2023-10-23,SELL,INFRABEES.NS,533,635.03,338470.99,169.235495,338384.7785399993
2023-10-23,SELL,MON100.NS,2818,117.3,330551.39999999997,165.27569999999997,668770.9028399992
2023-10-23,SELL,MAFANG.NS,5497,60.63,333283.11,166.64155499999998,1001887.3712849992
2023-10-23,BUY,GOLDBEES.NS,6476,51.54,333773.04,166.88652,667947.4447649992
2023-10-23,BUY,SILVERBEES.NS,4706,70.92,333749.52,166.87476,334031.0500049992
2023-10-23,BUY,CONSUMBEES.NS,3612,92.39,333712.68,166.85634,151.51366499922005
2023-10-30,SELL,CPSEETF.NS,6359,53.04,337281.36,168.64068,337264.2329849992
2023-10-30,SELL,CONSUMBEES.NS,3612,91.52,330570.24,165.28512,667669.1878649992
2023-10-30,SELL,AUTOBEES.NS,2043,163.03,333070.29,166.535145,1000572.9427199992
2023-10-30,BUY,GILT5YBEES.NS,6275,53.12,333328.0,166.66400000000002,667078.2787199992
2023-10-30,BUY,LTGILTBEES.NS,13752,24.24,333348.48,166.67424,333563.12447999924
2023-10-30,BUY,LIQUIDBEES.NS,333,999.99,332996.67,166.498335,399.95614499924704
2023-11-06,SELL,LIQUIDBEES.NS,333,999.99,332996.67,166.498335,333230.1278099992
2023-11-06,SELL,LTGILTBEES.NS,13752,24.36,334998.72,167.49936,668061.3484499992
2023-11-06,SELL,SILVERBEES.NS,4706,70.77,333043.62,166.52181,1000938.4466399993
2023-11-06,SELL,GILT5YBEES.NS,6275,53.35,334771.25,167.385625,1335542.3110149992
2023-11-06,BUY,PSUBNKBEES.NS,6003,55.59,333706.77,166.853385,1001668.6876299991
2023-11-06,BUY,MAFANG.NS,5282,63.18,333716.76,166.85838,667785.0692499991
2023-11-06,BUY,MON100.NS,2717,122.82,333701.94,166.85097000000002,333916.2782799991
2023-11-06,BUY,JUNIORBEES.NS,695,479.7,333391.5,166.69575,358.0825299990829
2023-11-13,SELL,GOLDBEES.NS,6476,50.93,329822.68,164.91134,330015.8511899991
2023-11-13,SELL,PSUBNKBEES.NS,6003,57.39,344512.17,172.25608499999998,674355.7651049991
2023-11-13,SELL,JUNIORBEES.NS,695,488.53,339528.35,169.764175,1013714.350929999
2023-11-13,BUY,CPSEETF.NS,5961,56.65,337690.64999999997,168.84532499999997,675854.855604999
2023-11-13,BUY,MID150BEES.NS,2157,156.52,337613.64,168.80682000000002,338072.408784999
2023-11-13,BUY,PHARMABEES.NS,21470,15.73,337723.10000000003,168.86155000000002,180.447234998981
2023-11-20,SELL,PHARMABEES.NS,21470,16.04,344378.8,172.1894,344387.057834999
2023-11-20,SELL,MID150BEES.NS,2157,159.73,344537.61,172.268805,688752.399029999
2023-11-20,BUY,MOM100.NS,7724,44.56,344181.44,172.09072,344398.86830999906
2023-11-20,BUY,DIVOPPBEES.NS,5688,60.51,344180.88,172.09044,45.89786999905482
2023-11-28,SELL,DIVOPPBEES.NS,5688,61.13,347707.44,173.85372,347579.48414999904
2023-11-28,SELL,MOM100.NS,7724,44.96,347271.04,173.63551999999999,694676.888629999
2023-11-28,BUY,AUTOBEES.NS,1989,174.49,347060.61000000004,173.53030500000003,347442.74832499895
2023-11-28,BUY,PHARMABEES.NS,21509,16.14,347155.26,173.57763,113.91069499892183
2023-12-04,SELL,CPSEETF.NS,5961,60.71,361892.31,180.946155,361825.2745399989
2023-12-04,SELL,PHARMABEES.NS,21509,16.49,354683.41,177.341705,716331.3428349989
2023-12-04,SELL,MON100.NS,2717,129.73,352476.41,176.238205,1068631.5146299987
2023-12-04,SELL,MAFANG.NS,5282,68.26,360549.32,180.27466,1429000.5599699987
2023-12-04,BUY,SILVERBEES.NS,4751,75.15,357037.65,178.51882500000002,1071784.3911449986
2023-12-04,BUY,DIVOPPBEES.NS,5604,63.71,357030.84,178.51542,714575.0357249986
2023-12-04,BUY,MOM100.NS,7573,47.15,357066.95,178.533475,357329.55224999855
2023-12-04,BUY,JUNIORBEES.NS,679,525.72,356963.88,178.48194,187.19030999852112
2023-12-11,SELL,DIVOPPBEES.NS,5604,64.86,363475.44,181.73772,363480.89258999855
2023-12-11,SELL,SILVERBEES.NS,4751,70.35,334232.85,167.116425,697546.6261649985
2023-12-11,SELL,AUTOBEES.NS,1989,181.05,360108.45,180.054225,1057475.0219399985
2023-12-11,SELL,MOM100.NS,7573,47.66,360929.18,180.46459,1418223.7373499984
2023-12-11,BUY,PSUBNKBEES.NS,5744,61.69,354347.36,177.17368,1063699.2036699983
2023-12-11,BUY,CPSEETF.NS,5654,62.67,354336.18,177.16809,709185.8555799983
2023-12-11,BUY,BANKBEES.NS,734,482.69,354294.46,177.14723,354714.2483499983
2023-12-11,BUY,INFRABEES.NS,489,724.68,354368.51999999996,177.18426,168.5440899983514
2023-12-18,SELL,INFRABEES.NS,489,747.2,365380.80000000005,182.69040000000004,365366.6536899984
2023-12-18,SELL,JUNIORBEES.NS,679,556.22,377673.38,188.83669,742851.1969999983
2023-12-18,SELL,BANKBEES.NS,734,488.15,358302.1,179.15105,1100974.1459499984
2023-12-18,BUY,ITBEES.NS,9688,37.86,366787.68,183.39384,734003.0721099984
2023-12-18,BUY,DIVOPPBEES.NS,5460,67.18,366802.80000000005,183.40140000000002,367016.8707099984
2023-12-18,BUY,NV20BEES.NS,2818,130.13,366706.33999999997,183.35316999999998,127.17753999843262
2023-12-26,SELL,DIVOPPBEES.NS,5460,67.36,367785.6,183.8928,367728.88473999844
2023-12-26,SELL,PSUBNKBEES.NS,5744,61.99,356070.56,178.03528,723621.4094599984
2023-12-26,BUY,MAFANG.NS,4978,72.64,361601.92,180.80096,361838.68849999836
2023-12-26,BUY,MON100.NS,2656,136.11,361508.16000000003,180.75408000000002,149.77441999834264
2024-01-01,SELL,ITBEES.NS,9688,37.68,365043.84,182.52192000000002,365011.09249999834
2024-01-01,SELL,NV20BEES.NS,2818,132.21,372567.78,186.28389,737392.5886099983
2024-01-01,SELL,MON100.NS,2656,137.04,363978.24,181.98911999999999,1101188.8394899983
2024-01-01,SELL,MAFANG.NS,4978,73.02,363493.56,181.74678,1464500.6527099982
2024-01-01,BUY,AUTOBEES.NS,1935,189.04,365792.39999999997,182.8962,1098525.3565099982
2024-01-01,BUY,PHARMABEES.NS,21350,17.14,365939.0,182.9695,732403.3870099982
2024-01-01,BUY,JUNIORBEES.NS,644,568.13,365875.72,182.93786,366344.7291499982
2024-01-01,BUY,CONSUMBEES.NS,3489,104.88,365926.32,182.96316000000002,235.4459899982321
2024-01-08,SELL,CONSUMBEES.NS,3489,104.32,363972.48,181.98623999999998,364025.9397499982
2024-01-08,SELL,AUTOBEES.NS,1935,186.11,360122.85000000003,180.061425,723968.7283249982
2024-01-08,BUY,MID150BEES.NS,2032,178.02,361736.64,180.86832,362051.22000499815
2024-01-08,BUY,MOM100.NS,7233,50.02,361794.66000000003,180.89733,75.66267499810783
2024-01-15,SELL,CPSEETF.NS,5654,69.83,394818.82,197.40941,394697.0732649981
2024-01-15,SELL,PHARMABEES.NS,21350,17.81,380243.5,190.12175,774750.4515149981
2024-01-15,SELL,MID150BEES.NS,2032,181.13,368056.16,184.02808,1142622.583434998
2024-01-15,BUY,ITBEES.NS,9703,39.23,380648.68999999994,190.32434499999997,761783.5690899981
2024-01-15,BUY,INFRABEES.NS,480,792.67,380481.6,190.24079999999998,381111.72828999814
2024-01-15,BUY,PSUBNKBEES.NS,5796,65.68,380681.28,190.34064,240.10764999809908
2024-01-23,SELL,JUNIORBEES.NS,644,566.94,365109.36000000004,182.55468000000002,365166.91296999814
2024-01-23,SELL,MOM100.NS,7233,49.96,361360.68,180.68034,726346.912629998
2024-01-23,BUY,CPSEETF.NS,5276,68.79,362936.04000000004,181.46802000000002,363229.40460999805
2024-01-23,BUY,MAFANG.NS,4911,73.9,362922.9,181.46145,125.04315999802202
2024-01-29,SELL,INFRABEES.NS,480,821.3,394224.0,197.112,394151.931159998
2024-01-29,BUY,MON100.NS,2781,141.65,393928.65,196.964325,26.316834997967817
2024-02-05,SELL,ITBEES.NS,9703,39.35,381813.05,190.906525,381648.46030999796
2024-02-05,SELL,MON100.NS,2781,141.81,394373.61,197.186805,775824.8835049979
2024-02-05,BUY,AUTOBEES.NS,1946,199.19,387623.74,193.81187,388007.331634998
2024-02-05,BUY,INFRABEES.NS,472,819.98,387030.56,193.51528,783.2563549979823
2024-02-12,SELL,INFRABEES.NS,472,818.41,386289.51999999996,193.14476,386879.63159499795
2024-02-12,SELL,AUTOBEES.NS,1946,197.61,384549.06,192.27453,771236.417064998
2024-02-12,BUY,PHARMABEES.NS,20296,18.99,385421.04,192.71052,385622.66654499795
2024-02-12,BUY,JUNIORBEES.NS,642,599.64,384968.88,192.48444,461.3021049979725
2024-02-19,SELL,PHARMABEES.NS,20296,19.39,393539.44,196.76972,393803.972384998
2024-02-19,BUY,AUTOBEES.NS,1890,208.25,393592.5,196.79625000000001,14.676134997978806
2024-02-26,SELL,CPSEETF.NS,5276,81.22,428516.72,214.25835999999998,428317.137774998
2024-02-26,BUY,HNGSNGBEES.NS,1703,251.25,427878.75,213.939375,224.44839999795659
2024-03-04,SELL,PSUBNKBEES.NS,5796,79.24,459275.04,229.63752,459269.85087999795
2024-03-04,SELL,HNGSNGBEES.NS,1703,249.5,424898.5,212.44925,883955.9016299979
2024-03-04,BUY,MON100.NS,2992,147.63,441708.95999999996,220.85448,442026.08714999794
2024-03-04,BUY,INFRABEES.NS,510,865.38,441343.8,220.6719,461.6152499979362
2024-03-11,SELL,INFRABEES.NS,510,857.75,437452.5,218.72625,437695.38899999793
2024-03-11,SELL,JUNIORBEES.NS,642,642.49,412478.58,206.23929,849967.729709998
2024-03-11,SELL,MON100.NS,2992,146.32,437789.44,218.89472,1287538.274989998
2024-03-11,SELL,MAFANG.NS,4911,85.57,420234.26999999996,210.117135,1707562.427854998
2024-03-11,BUY,GOLDBEES.NS,7617,56.01,426628.17,213.314085,1280720.943769998
2024-03-11,BUY,PSUBNKBEES.NS,5318,80.23,426663.14,213.33157,853844.4721999979
2024-03-11,BUY,CPSEETF.NS,5157,82.73,426638.61000000004,213.319305,426992.5428949978
2024-03-11,BUY,SILVERBEES.NS,5945,71.77,426672.64999999997,213.336325,106.55656999786152
2024-03-18,SELL,CPSEETF.NS,5157,76.54,394716.78,197.35839,394625.9781799979
2024-03-18,SELL,PSUBNKBEES.NS,5318,75.3,400445.39999999997,200.22269999999997,794871.1554799979
2024-03-18,SELL,AUTOBEES.NS,1890,207.61,392382.9,196.19145,1187057.864029998
2024-03-18,BUY,HNGSNGBEES.NS,1555,254.17,395234.35,197.617175,791625.896854998
2024-03-18,BUY,ITBEES.NS,10109,39.12,395464.07999999996,197.73203999999998,395964.08481499803
2024-03-18,BUY,LTGILTBEES.NS,15576,25.39,395474.64,197.73732,291.7074949980015
2024-03-26,SELL,ITBEES.NS,10109,37.11,375144.99,187.572495,375249.124999998
2024-03-26,SELL,LTGILTBEES.NS,15576,25.4,395630.39999999997,197.81519999999998,770681.709799998
2024-03-26,SELL,HNGSNGBEES.NS,1555,242.41,376947.55,188.473775,1147440.786024998
2024-03-26,BUY,MON100.NS,2553,149.71,382209.63,191.104815,765040.0512099979
2024-03-26,BUY,AUTOBEES.NS,1785,214.05,382079.25,191.039625,382769.7615849979
2024-03-26,BUY,CONSUMBEES.NS,3486,109.64,382205.04,191.10252,373.61906499788165
2024-04-01,SELL,GOLDBEES.NS,7617,58.32,444223.44,222.11172000000002,444374.9473449979
2024-04-01,SELL,MON100.NS,2553,150.1,383205.3,191.60265,827388.6446949979
2024-04-01,SELL,SILVERBEES.NS,5945,74.03,440108.35000000003,220.05417500000001,1267276.9405199979
2024-04-01,BUY,MAFANG.NS,4783,88.27,422195.41,211.097705,844870.4328149979
2024-04-01,BUY,JUNIORBEES.NS,643,655.78,421666.54,210.83327,422993.0595449979
2024-04-01,BUY,INFRABEES.NS,483,872.91,421615.52999999997,210.807765,1166.7217799979262
2024-04-08,SELL,INFRABEES.NS,483,874.63,422446.29,211.223145,423401.7886349979
2024-04-08,SELL,CONSUMBEES.NS,3486,112.54,392314.44,196.15722,815520.0714149979
2024-04-08,SELL,AUTOBEES.NS,1785,223.58,399090.30000000005,199.54515000000004,1214410.826264998
2024-04-08,SELL,JUNIORBEES.NS,643,670.34,431028.62,215.51431,1645223.931954998
2024-04-08,BUY,SILVERBEES.NS,5104,80.53,411025.12,205.51256,1233993.299394998
2024-04-08,BUY,PSUBNKBEES.NS,5115,80.37,411092.55000000005,205.54627500000004,822695.203119998
2024-04-08,BUY,CPSEETF.NS,4899,83.91,411075.08999999997,205.537545,411414.575574998
2024-04-08,BUY,MOM100.NS,7695,53.42,411066.9,205.53345000000002,142.14212499797577
2024-04-15,SELL,PSUBNKBEES.NS,5115,78.32,400606.8,200.3034,400548.638724998
2024-04-15,SELL,MOM100.NS,7695,52.61,404833.95,202.416975,805180.171749998
2024-04-15,BUY,GOLDBEES.NS,6571,61.23,402342.32999999996,201.17116499999997,402636.67058499804
2024-04-15,BUY,HNGSNGBEES.NS,1558,258.14,402182.12,201.09106,253.45952499803388
2024-04-22,SELL,HNGSNGBEES.NS,1558,255.25,397679.5,198.83975,397734.11977499805
2024-04-22,BUY,CONSUMBEES.NS,3533,112.5,397462.5,198.73125000000002,72.88852499803761
2024-04-29,SELL,CONSUMBEES.NS,3533,113.67,401596.11,200.798055,401468.200469998
2024-04-29,SELL,GOLDBEES.NS,6571,61.3,402802.3,201.40115,804069.099319998
2024-04-29,SELL,MAFANG.NS,4783,94.26,450845.58,225.42279000000002,1254689.256529998
2024-04-29,SELL,SILVERBEES.NS,5104,79.43,405410.72000000003,202.70536,1659897.271169998
2024-04-29,BUY,HNGSNGBEES.NS,1566,264.81,414692.46,207.34623000000002,1244997.464939998
2024-04-29,BUY,PSUBNKBEES.NS,4957,83.67,414752.19,207.376095,830037.898844998
2024-04-29,BUY,JUNIORBEES.NS,605,684.84,414328.2,207.16410000000002,415502.534744998
2024-04-29,BUY,MID150BEES.NS,2152,192.73,414754.95999999996,207.37748,540.1972649979871
2024-05-06,SELL,MID150BEES.NS,2152,193.18,415723.36,207.86168,416055.695584998
2024-05-06,BUY,AUTOBEES.NS,1820,228.45,415779.0,207.8895,68.80608499801019
2024-05-13,SELL,CPSEETF.NS,4899,84.52,414063.48,207.03173999999999,413925.254344998
2024-05-13,SELL,PSUBNKBEES.NS,4957,77.54,384365.78,192.18289000000001,798098.851454998
2024-05-13,SELL,JUNIORBEES.NS,605,685.45,414697.25,207.348625,1212588.752829998
2024-05-13,BUY,SILVERBEES.NS,4928,81.97,403948.16,201.97408,808438.618749998
2024-05-13,BUY,MON100.NS,2746,147.1,403936.6,201.9683,404300.05044999806
2024-05-13,BUY,GOLDBEES.NS,6606,61.15,403956.89999999997,201.97844999999998,141.17199999809964
2024-05-21,SELL,MON100.NS,2746,150.69,413794.74,206.89737,413729.01462999807
2024-05-21,SELL,HNGSNGBEES.NS,1566,310.82,486744.12,243.37206,900229.762569998
2024-05-21,BUY,JUNIORBEES.NS,619,726.45,449672.55000000005,224.83627500000003,450332.376294998
2024-05-21,BUY,CPSEETF.NS,4854,92.67,449820.18,224.91009,287.286204997974
2024-05-27,SELL,GOLDBEES.NS,6606,61.0,402966.0,201.483,403051.80320499797
2024-05-27,BUY,INFRABEES.NS,440,915.08,402635.2,201.3176,215.28560499794548
2024-06-03,SELL,INFRABEES.NS,440,949.11,417608.4,208.8042,417614.88140499796
2024-06-03,SELL,AUTOBEES.NS,1820,243.34,442878.8,221.4394,860272.242004998
2024-06-03,SELL,JUNIORBEES.NS,619,750.2,464373.80000000005,232.18690000000004,1324413.8551049982
2024-06-03,BUY,PSUBNKBEES.NS,4918,89.71,441193.77999999997,220.59689,882999.4782149983
2024-06-03,BUY,BANKBEES.NS,844,522.61,441082.84,220.54142000000002,441696.0967949982
2024-06-03,BUY,MOM100.NS,7750,56.93,441207.5,220.60375,267.99304499820573
2024-06-10,SELL,CPSEETF.NS,4854,90.42,438898.68,219.44934,438947.2237049982
2024-06-10,SELL,PSUBNKBEES.NS,4918,81.64,401505.52,200.75276000000002,840251.9909449982
2024-06-10,SELL,SILVERBEES.NS,4928,87.34,430411.52,215.20576000000003,1270448.3051849983
2024-06-10,SELL,BANKBEES.NS,844,508.81,429435.64,214.71782000000002,1699669.2273649983
2024-06-10,SELL,MOM100.NS,7750,56.85,440587.5,220.29375000000002,2140036.433614998
2024-06-10,BUY,ITBEES.NS,11580,36.94,427765.19999999995,213.88259999999997,1712057.3510149983
2024-06-10,BUY,AUTOBEES.NS,1683,254.15,427734.45,213.86722500000002,1284109.0337899984
2024-06-10,BUY,CONSUMBEES.NS,3502,122.13,427699.26,213.84963000000002,856195.9241599983
2024-06-10,BUY,PHARMABEES.NS,21304,20.08,427784.31999999995,213.89216,428197.71199999837
2024-06-10,BUY,MON100.NS,2771,154.37,427759.27,213.879635,224.56236499833176
2024-06-18,SELL,ITBEES.NS,11580,37.13,429965.4,214.98270000000002,429974.97966499836
2024-06-18,SELL,CONSUMBEES.NS,3502,124.01,434283.02,217.14151,864040.8581549984
2024-06-18,SELL,PHARMABEES.NS,21304,20.16,429488.64,214.74432000000002,1293314.7538349985
2024-06-18,BUY,MOM100.NS,7262,59.33,430854.45999999996,215.42722999999998,862244.8666049985
2024-06-18,BUY,MID150BEES.NS,2018,213.45,430742.1,215.37105,431287.3955549985
2024-06-18,BUY,JUNIORBEES.NS,560,768.89,430578.39999999997,215.2892,493.7063549985178
2024-06-24,SELL,AUTOBEES.NS,1683,257.7,433709.1,216.85455,433985.9518049985
2024-06-24,SELL,JUNIORBEES.NS,560,761.94,426686.4,213.34320000000002,860459.0086049985
2024-06-24,BUY,BANKBEES.NS,812,529.16,429677.92,214.83896,430566.24964499846
2024-06-24,BUY,ITBEES.NS,11473,37.48,430008.04,215.00402,343.20562499848893
2024-07-01,SELL,MON100.NS,2771,161.94,448735.74,224.36787,448854.57775499846
2024-07-01,SELL,MOM100.NS,7262,60.15,436809.3,218.40465,885445.4731049985
2024-07-01,SELL,MID150BEES.NS,2018,216.04,435968.72,217.98435999999998,1321196.2087449986
2024-07-01,BUY,INFRABEES.NS,466,944.31,440048.45999999996,220.02423,880927.7245149986
2024-07-01,BUY,NIFTYBEES.NS,1640,268.3,440012.0,220.006,440695.7185149986
2024-07-01,BUY,NV20BEES.NS,2934,150.0,440100.0,220.05,375.6685149986297
2024-07-08,SELL,INFRABEES.NS,466,958.71,446758.86000000004,223.37943,446911.1490849987
2024-07-08,SELL,NIFTYBEES.NS,1640,270.04,442865.60000000003,221.43280000000001,889555.3162849988
2024-07-08,SELL,BANKBEES.NS,812,537.7,436612.4,218.30620000000002,1325949.4100849987
2024-07-08,BUY,CPSEETF.NS,4436,99.58,441736.88,220.86844000000002,883991.6616449987
2024-07-08,BUY,MAFANG.NS,4438,99.53,441714.14,220.85707000000002,442056.66457499866
2024-07-08,BUY,PHARMABEES.NS,21361,20.68,441745.48,220.87274,90.31183499866165
2024-07-15,SELL,PHARMABEES.NS,21361,21.2,452853.2,226.4266,452717.08523499867
2024-07-15,BUY,DIVOPPBEES.NS,5356,84.47,452421.32,226.21066000000002,69.55457499867771
2024-07-22,SELL,CPSEETF.NS,4436,99.59,441781.24,220.89062,441629.90395499865
2024-07-22,SELL,MAFANG.NS,4438,98.13,435500.94,217.75047,876913.0934849987
2024-07-22,BUY,GOLDBEES.NS,7059,62.08,438222.72,219.11136,438471.2621249987
2024-07-22,BUY,CONSUMBEES.NS,3468,126.33,438112.44,219.05622,139.7659049986978
2024-07-29,SELL,CONSUMBEES.NS,3468,129.57,449348.75999999995,224.67437999999999,449263.85152499867
2024-07-29,SELL,GOLDBEES.NS,7059,58.78,414928.02,207.46401,863984.4075149987
2024-07-29,BUY,PHARMABEES.NS,19546,22.09,431771.14,215.88557,431997.3819449987
2024-07-29,BUY,AUTOBEES.NS,1607,268.65,431720.55,215.860275,60.971669998718426
2024-08-05,SELL,ITBEES.NS,11473,41.3,473834.89999999997,236.91744999999997,473658.9542199987
2024-08-05,SELL,DIVOPPBEES.NS,5356,83.41,446743.95999999996,223.37197999999998,920179.5422399987
2024-08-05,SELL,AUTOBEES.NS,1607,255.21,410122.47000000003,205.061235,1330096.9510049988
2024-08-05,SELL,NV20BEES.NS,2934,156.41,458906.94,229.45347,1788774.4375349986
2024-08-05,BUY,CPSEETF.NS,4463,100.15,446969.45,223.484725,1341581.5028099986
2024-08-05,BUY,MOM100.NS,7425,60.19,446910.75,223.455375,894447.2974349986
2024-08-05,BUY,INFRABEES.NS,471,947.31,446183.00999999995,223.09150499999998,448041.1959299986
2024-08-05,BUY,GILT5YBEES.NS,7784,57.42,446957.28,223.47864,860.4372899985756
2024-08-12,SELL,INFRABEES.NS,471,945.47,445316.37,222.658185,445954.14910499856
2024-08-12,SELL,MOM100.NS,7425,61.32,455301.0,227.6505,901027.4986049986
2024-08-12,BUY,CONSUMBEES.NS,3491,128.98,450269.18,225.13459,450533.1840149986
2024-08-12,BUY,LTGILTBEES.NS,17049,26.41,450264.09,225.132045,43.961969998606946
2024-08-19,SELL,CPSEETF.NS,4463,102.83,458930.29,229.465145,458744.78682499856
2024-08-19,SELL,LTGILTBEES.NS,17049,26.48,451457.52,225.72876000000002,909976.5780649986
2024-08-19,SELL,GILT5YBEES.NS,7784,57.5,447580.0,223.79,1357332.7880649986
2024-08-19,BUY,MON100.NS,2849,158.7,452136.3,226.06815,904970.4199149986
2024-08-19,BUY,ITBEES.NS,10261,44.07,452202.27,226.10113500000003,452542.04877999856
2024-08-19,BUY,GOLDBEES.NS,7494,60.34,452187.96,226.09398000000002,127.99479999853065
2024-08-26,SELL,PHARMABEES.NS,19546,23.02,449948.92,224.97446,449851.9403399985
2024-08-26,SELL,CONSUMBEES.NS,3491,133.03,464407.73,232.203865,914027.4664749985
2024-08-26,SELL,GOLDBEES.NS,7494,60.83,455860.01999999996,227.93000999999998,1369659.5564649985
2024-08-26,BUY,HNGSNGBEES.NS,1584,288.04,456255.36000000004,228.12768000000003,913176.0687849985
2024-08-26,BUY,SILVERBEES.NS,5424,84.13,456321.12,228.16056,456626.7882249985
2024-08-26,BUY,JUNIORBEES.NS,571,798.22,455783.62,227.89181,615.276414998516
2024-09-02,SELL,SILVERBEES.NS,5424,80.89,438747.36,219.37368,439143.2627349985
2024-09-02,SELL,MON100.NS,2849,159.96,455726.04000000004,227.86302000000003,894641.4397149985
2024-09-02,SELL,JUNIORBEES.NS,571,802.49,458221.79,229.110895,1352634.1188199986
2024-09-02,BUY,PHARMABEES.NS,19176,23.5,450636.0,225.318,901772.8008199986
2024-09-02,BUY,NV20BEES.NS,2723,165.45,450520.35,225.260175,451027.1906449986
2024-09-02,BUY,DIVOPPBEES.NS,5084,88.64,450645.76,225.32288,156.1077649986255
2024-09-09,SELL,DIVOPPBEES.NS,5084,86.46,439562.63999999996,219.78132,439498.9664449986
2024-09-09,SELL,NV20BEES.NS,2723,161.11,438702.53,219.351265,877982.1451799986
2024-09-09,BUY,CONSUMBEES.NS,3274,133.99,438683.26,219.34163,439079.5435499986
2024-09-09,BUY,GOLDBEES.NS,7293,60.16,438746.87999999995,219.37344,113.29010999866296
2024-09-16,SELL,HNGSNGBEES.NS,1584,282.88,448081.92,224.04095999999998,447971.16914999863
2024-09-16,BUY,SILVERBEES.NS,5191,86.24,447671.83999999997,223.83592,75.49322999868309
2024-09-23,SELL,ITBEES.NS,10261,44.94,461129.33999999997,230.56466999999998,460974.26855999866
2024-09-23,SELL,PHARMABEES.NS,19176,23.55,451594.8,225.7974,912343.2711599986
2024-09-23,BUY,BANKBEES.NS,819,556.57,455830.83,227.91541500000002,456284.5257449986
2024-09-23,BUY,AUTOBEES.NS,1669,273.05,455720.45,227.860225,336.21551999857184
2024-09-30,SELL,BANKBEES.NS,819,544.78,446174.81999999995,223.08740999999998,446287.94810999854
2024-09-30,SELL,GOLDBEES.NS,7293,63.55,463470.14999999997,231.735075,909526.3630349985
2024-09-30,BUY,HNGSNGBEES.NS,1238,367.12,454494.56,227.24728000000002,454804.5557549985
2024-09-30,BUY,MON100.NS,2787,163.08,454503.96,227.25198,73.34377499850234
2024-10-07,SELL,CONSUMBEES.NS,3274,135.3,442972.2,221.48610000000002,442824.05767499853
2024-10-07,SELL,AUTOBEES.NS,1669,264.31,441133.39,220.566695,883736.8809799985
2024-10-07,BUY,NV20BEES.NS,2690,164.14,441536.6,220.76829999999998,441979.51267999853
2024-10-07,BUY,GOLDBEES.NS,6921,63.81,441629.01,220.814505,129.6881749985041
2024-10-14,SELL,NV20BEES.NS,2690,162.89,438174.1,219.08705,438084.7011249985
2024-10-14,SELL,SILVERBEES.NS,5191,88.39,458832.49,229.416245,896687.7748799985
2024-10-14,BUY,MAFANG.NS,4610,97.2,448092.0,224.046,448371.72887999855
2024-10-14,BUY,PHARMABEES.NS,18532,24.18,448103.76,224.05188,43.91699999856064
2024-10-21,SELL,PHARMABEES.NS,18532,23.54,436243.27999999997,218.12163999999999,436069.0753599985
2024-10-21,SELL,HNGSNGBEES.NS,1238,326.5,404207.0,202.1035,840073.9718599985
2024-10-21,BUY,SILVERBEES.NS,4436,94.64,419823.04,209.91152,420041.02033999853
2024-10-21,BUY,BANKBEES.NS,788,532.55,419649.39999999997,209.82469999999998,181.79563999857055
2024-10-28,SELL,BANKBEES.NS,788,526.45,414842.60000000003,207.42130000000003,414816.9743399986
2024-10-28,BUY,GILT5YBEES.NS,7133,58.12,414569.95999999996,207.28498,39.729359998658765
2024-11-04,SELL,GILT5YBEES.NS,7133,58.19,415069.26999999996,207.53463499999998,414901.46472499863
2024-11-04,SELL,MON100.NS,2787,164.02,457123.74000000005,228.56187000000003,871796.6428549987
2024-11-04,SELL,MAFANG.NS,4610,97.05,447400.5,223.70025,1318973.4426049986
2024-11-04,BUY,PSUBNKBEES.NS,5842,75.21,439376.81999999995,219.68840999999998,879376.9341949986
2024-11-04,BUY,HNGSNGBEES.NS,1247,352.16,439143.52,219.57176,440013.84243499854
2024-11-04,BUY,BANKBEES.NS,835,526.07,439268.45000000007,219.63422500000004,525.7582099984866
2024-11-11,SELL,BANKBEES.NS,835,532.0,444220.0,222.11,444523.6482099985
2024-11-11,SELL,GOLDBEES.NS,6921,64.49,446335.29,223.167645,890635.7705649985
2024-11-11,SELL,SILVERBEES.NS,4436,88.48,392497.28,196.24864000000002,1282936.8019249984
2024-11-11,BUY,MAFANG.NS,3804,112.34,427341.36,213.67068,855381.7712449984
2024-11-11,BUY,MON100.NS,2436,175.43,427347.48000000004,213.67374000000004,427820.6175049984
2024-11-11,BUY,ITBEES.NS,9322,45.85,427413.7,213.70685,193.21065499837277
2024-11-18,SELL,PSUBNKBEES.NS,5842,72.69,424654.98,212.32748999999998,424635.86316499836
2024-11-18,SELL,HNGSNGBEES.NS,1247,329.95,411447.64999999997,205.72382499999998,835877.7893399983
2024-11-18,BUY,GILT5YBEES.NS,7162,58.32,417687.84,208.84392000000003,417981.10541999823
2024-11-18,BUY,LIQUIDBEES.NS,417,1000.0,417000.0,208.5,772.6054199982318
2024-11-25,SELL,LIQUIDBEES.NS,417,999.99,416995.83,208.497915,417559.93750499823
2024-11-25,SELL,GILT5YBEES.NS,7162,58.36,417974.32,208.98716000000002,835325.2703449982
2024-11-25,BUY,GOLDBEES.NS,6484,64.38,417439.92,208.71996,417676.6303849982
2024-11-25,BUY,NV20BEES.NS,2626,158.93,417350.18,208.67509,117.77529499825323
2024-12-02,SELL,ITBEES.NS,9322,46.74,435710.28,217.85514,435610.2001549983
2024-12-02,SELL,NV20BEES.NS,2626,158.59,416457.34,208.22867000000002,851859.3114849983
2024-12-02,SELL,GOLDBEES.NS,6484,63.76,413419.83999999997,206.70991999999998,1265072.4415649984
2024-12-02,SELL,MON100.NS,2436,178.38,434533.68,217.26684,1699388.8547249984
2024-12-02,BUY,JUNIORBEES.NS,558,759.95,424052.10000000003,212.02605000000003,1275124.7286749983
2024-12-02,BUY,MOM100.NS,6960,61.01,424629.6,212.3148,850282.8138749984
2024-12-02,BUY,INFRABEES.NS,467,908.65,424339.55,212.169775,425731.09409999836
2024-12-02,BUY,MID150BEES.NS,1956,217.02,424491.12,212.24556,1027.728539998352
2024-12-09,SELL,INFRABEES.NS,467,925.99,432437.33,216.21866500000002,433248.8398749984
2024-12-09,BUY,PSUBNKBEES.NS,5464,79.24,432967.36,216.48368,64.99619499838445
2024-12-16,SELL,PSUBNKBEES.NS,5464,78.37,428213.68000000005,214.10684000000003,428064.5693549984
2024-12-16,SELL,JUNIORBEES.NS,558,781.28,435954.24,217.97712,863800.8322349985
2024-12-16,SELL,MID150BEES.NS,1956,224.42,438965.51999999996,219.48275999999998,1302546.8694749984
2024-12-16,BUY,MON100.NS,2091,207.47,433819.77,216.909885,868510.1895899985
2024-12-16,BUY,HNGSNGBEES.NS,1246,348.22,433882.12000000005,216.94106000000002,434411.1285299984
2024-12-16,BUY,ITBEES.NS,8834,49.12,433926.07999999996,216.96303999999998,268.08548999845516
2024-12-23,SELL,ITBEES.NS,8834,47.01,415286.33999999997,207.64317,415346.7823199984
2024-12-23,SELL,MOM100.NS,6960,61.18,425812.8,212.9064,840946.6759199984
2024-12-23,BUY,PHARMABEES.NS,18296,22.97,420259.12,210.12956,420477.42635999847
2024-12-23,BUY,LIQUIDBEES.NS,420,1000.0,420000.0,210.0,267.4263599984697
2024-12-30,SELL,LIQUIDBEES.NS,420,999.99,419995.8,209.9979,420053.22845999844
2024-12-30,BUY,GILT5YBEES.NS,7143,58.77,419794.11000000004,209.89705500000002,49.22140499838861
2025-01-06,SELL,MON100.NS,2091,205.02,428696.82,214.34841,428531.6929949984
2025-01-06,SELL,GILT5YBEES.NS,7143,58.85,420365.55,210.182775,848687.0602199985
2025-01-06,SELL,HNGSNGBEES.NS,1246,333.5,415541.0,207.7705,1264020.2897199984
2025-01-06,BUY,AUTOBEES.NS,1759,239.33,420981.47000000003,210.49073500000003,842828.3289849984
2025-01-06,BUY,CONSUMBEES.NS,3334,126.29,421050.86000000004,210.52543000000003,421566.9435549984
2025-01-06,BUY,GOLDBEES.NS,6518,64.61,421127.98,210.56399,228.399564998399
2025-01-13,SELL,PHARMABEES.NS,18296,22.3,408000.8,204.00039999999998,408025.19916499837
2025-01-13,SELL,CONSUMBEES.NS,3334,121.02,403480.68,201.74034,811304.1388249984
2025-01-13,SELL,AUTOBEES.NS,1759,229.07,402934.13,201.46706500000002,1214036.8017599983
2025-01-13,SELL,MAFANG.NS,3804,131.06,498552.24,249.27612,1712339.7656399983
2025-01-13,BUY,SILVERBEES.NS,4901,87.29,427808.29000000004,213.90414500000003,1284317.5714949982
2025-01-13,BUY,ITBEES.NS,9028,47.39,427836.92,213.91846,856266.7330349982
2025-01-13,BUY,GILT5YBEES.NS,7286,58.72,427833.92,213.91696,428218.8960749982
2025-01-13,BUY,LTGILTBEES.NS,15794,27.09,427859.46,213.92973,145.50634499819716
2025-01-20,SELL,ITBEES.NS,9028,45.64,412037.92,206.01896,411977.40738499817
2025-01-20,SELL,LTGILTBEES.NS,15794,27.32,431492.08,215.74604000000002,843253.7413449981
2025-01-20,BUY,CPSEETF.NS,4847,86.93,421349.71,210.674855,421693.3564899981
2025-01-20,BUY,MON100.NS,1991,211.66,421415.06,210.70753,67.58895999810193
2025-01-27,SELL,CPSEETF.NS,4847,81.74,396193.77999999997,198.09689,396063.2720699981
2025-01-27,SELL,GILT5YBEES.NS,7286,59.29,431986.94,215.99347,827834.2185999982
2025-01-27,BUY,MAFANG.NS,3037,136.21,413669.77,206.834885,413957.6137149981
2025-01-27,BUY,HNGSNGBEES.NS,1168,353.92,413378.56,206.68928,372.3644349981332
2025-02-03,SELL,MON100.NS,1991,203.39,404949.49,202.474745,405119.3796899981
2025-02-03,SELL,MAFANG.NS,3037,134.32,407929.83999999997,203.96491999999998,812845.2547699981
2025-02-03,BUY,CONSUMBEES.NS,3209,126.56,406131.04,203.06552,406511.14924999815
2025-02-03,BUY,AUTOBEES.NS,1705,238.17,406079.85,203.03992499999998,228.25932499818737
2025-02-10,SELL,CONSUMBEES.NS,3209,122.12,391883.08,195.94154,391915.3977849982
2025-02-10,BUY,MAFANG.NS,2738,143.02,391588.76,195.79438000000002,130.8434049981879
2025-02-17,SELL,AUTOBEES.NS,1705,223.78,381544.9,190.77245000000002,381484.9709549982
2025-02-17,BUY,LTGILTBEES.NS,13835,27.56,381292.6,190.6463,1.7246549982228316
2025-03-03,SELL,SILVERBEES.NS,4901,91.41,448000.41,224.000205,447778.1344499982
2025-03-03,SELL,MAFANG.NS,2738,130.61,357610.18000000005,178.80509000000004,805209.5093599983
2025-03-03,BUY,GILT5YBEES.NS,6748,59.63,402383.24,201.19162,402625.0777399983
2025-03-03,BUY,LIQUIDBEES.NS,402,999.99,401995.98,200.99799,428.0997499983059
2025-03-10,SELL,GILT5YBEES.NS,6748,59.81,403597.88,201.79894000000002,403824.1808099983
2025-03-10,SELL,LTGILTBEES.NS,13835,27.65,382537.75,191.268875,786170.6619349984
2025-03-10,SELL,GOLDBEES.NS,6518,72.17,470404.06,235.20203,1256339.5199049984
2025-03-10,SELL,LIQUIDBEES.NS,402,1000.0,402000.0,201.0,1658138.5199049984
2025-03-10,BUY,CPSEETF.NS,5162,80.25,414250.5,207.12525,1243680.8946549983
2025-03-10,BUY,INFRABEES.NS,504,821.14,413854.56,206.92728,829619.4073749983
2025-03-10,BUY,SILVERBEES.NS,4403,94.1,414322.3,207.16115,415089.94622499833
2025-03-10,BUY,JUNIORBEES.NS,656,631.39,414191.83999999997,207.09591999999998,691.0103049983736
2025-03-17,SELL,JUNIORBEES.NS,656,635.54,416914.24,208.45712,417396.7931849984
2025-03-17,SELL,HNGSNGBEES.NS,1168,435.56,508734.08,254.36704,925876.5061449984
2025-03-17,BUY,GOLDBEES.NS,6292,73.53,462650.76,231.32538,462994.42076499836
2025-03-17,BUY,PHARMABEES.NS,21898,21.13,462704.74,231.35237,58.32839499838883
2025-03-24,SELL,INFRABEES.NS,504,877.42,442219.68,221.10984,442056.8985549984
2025-03-24,SELL,GOLDBEES.NS,6292,73.0,459316.0,229.65800000000002,901143.2405549984
2025-03-24,SELL,SILVERBEES.NS,4403,94.18,414674.54000000004,207.33727000000002,1315610.4432849984
2025-03-24,BUY,MOM100.NS,7770,56.41,438305.69999999995,219.15284999999997,877085.5904349985
2025-03-24,BUY,MID150BEES.NS,2191,200.01,438221.91,219.110955,438644.56947999855
2025-03-24,BUY,JUNIORBEES.NS,644,680.56,438280.63999999996,219.14031999999997,144.78915999858873
2025-04-01,SELL,PHARMABEES.NS,21898,21.2,464237.6,232.1188,464150.27035999857
2025-04-01,SELL,JUNIORBEES.NS,644,667.85,430095.4,215.04770000000002,894030.6226599986
2025-04-01,SELL,MID150BEES.NS,2191,195.02,427288.82,213.64441000000002,1321105.7982499986
2025-04-01,BUY,PSUBNKBEES.NS,6343,69.39,440140.77,220.07038500000002,880744.9578649986
2025-04-01,BUY,BANKBEES.NS,843,521.86,439927.98000000004,219.96399000000002,440597.01387499855
2025-04-01,BUY,INFRABEES.NS,508,864.97,439404.76,219.70238,972.5514949985663
2025-04-07,SELL,CPSEETF.NS,5162,82.0,423284.0,211.642,424044.9094949986
2025-04-07,SELL,MOM100.NS,7770,52.51,408002.7,204.00135,831843.6081449986
2025-04-07,SELL,INFRABEES.NS,508,821.05,417093.39999999997,208.5467,1248728.4614449986
2025-04-07,BUY,GILT5YBEES.NS,6819,61.01,416027.19,208.013595,832493.2578499985
2025-04-07,BUY,LTGILTBEES.NS,14716,28.27,416021.32,208.01066,416263.9271899985
2025-04-07,BUY,GOLDBEES.NS,5635,73.83,416032.05,208.01602499999998,23.86116499849595
2025-04-15,SELL,BANKBEES.NS,843,536.28,452084.04,226.04202,451881.8591449985
2025-04-15,SELL,PSUBNKBEES.NS,6343,69.56,441219.08,220.60954,892880.3296049985
2025-04-15,BUY,CONSUMBEES.NS,3653,122.14,446177.42,223.08871,446479.8208949985
2025-04-15,BUY,CPSEETF.NS,5106,87.39,446213.34,223.10667,43.37422499846434
2025-04-21,SELL,CPSEETF.NS,5106,90.4,461582.4,230.7912,461394.9830249985
2025-04-21,SELL,LTGILTBEES.NS,14716,28.58,420583.27999999997,210.29164,881767.9713849984
2025-04-21,SELL,GILT5YBEES.NS,6819,61.55,419709.44999999995,209.85472499999997,1301267.5666599984
2025-04-21,BUY,BANKBEES.NS,765,566.23,433165.95,216.582975,867885.0336849983
2025-04-21,BUY,PSUBNKBEES.NS,5844,74.18,433507.92000000004,216.75396000000003,434160.35972499824
2025-04-21,BUY,INFRABEES.NS,480,901.61,432772.8,216.3864,1171.1733249982353
2025-04-28,SELL,INFRABEES.NS,480,901.96,432940.80000000005,216.47040000000004,433895.5029249983
2025-04-28,SELL,CONSUMBEES.NS,3653,124.99,456588.47,228.294235,890255.6786899983
2025-04-28,SELL,GOLDBEES.NS,5635,79.05,445446.75,222.723375,1335479.7053149983
2025-04-28,SELL,PSUBNKBEES.NS,5844,74.23,433800.12,216.90006,1769062.9252549983
2025-04-28,BUY,ITBEES.NS,11538,38.31,442020.78,221.01039000000003,1326821.1348649983
2025-04-28,BUY,MAFANG.NS,3730,118.5,442005.0,221.0025,884595.1323649983
2025-04-28,BUY,AUTOBEES.NS,1942,227.62,442038.04000000004,221.01902,442336.0733449983
2025-04-28,BUY,SILVERBEES.NS,4745,93.16,442044.2,221.02210000000002,70.85124499828089
2025-05-05,SELL,BANKBEES.NS,765,562.35,430197.75,215.098875,430053.50236999826
2025-05-05,SELL,SILVERBEES.NS,4745,91.41,433740.45,216.870225,863577.0821449982
2025-05-05,BUY,INFRABEES.NS,471,916.29,431572.58999999997,215.786295,431788.7058499983
2025-05-05,BUY,NIFTYBEES.NS,1572,274.39,431341.07999999996,215.67054,231.95530999830225
2025-05-12,SELL,INFRABEES.NS,471,926.73,436489.83,218.24491500000002,436503.54039499833
2025-05-12,SELL,NIFTYBEES.NS,1572,278.94,438493.68,219.24684,874777.9735549984
2025-05-12,BUY,GOLDBEES.NS,5606,77.98,437155.88,218.57794,437403.5156149984
2025-05-12,BUY,HNGSNGBEES.NS,1096,398.56,436821.76,218.41088000000002,363.3447349984199
2025-05-19,SELL,ITBEES.NS,11538,40.59,468327.42000000004,234.16371000000004,468456.60102499847
2025-05-19,SELL,GOLDBEES.NS,5606,78.32,439061.92,219.53096,907298.9900649984
2025-05-19,SELL,HNGSNGBEES.NS,1096,390.93,428459.28,214.22964000000002,1335544.0404249984
2025-05-19,BUY,MON100.NS,2492,178.54,444921.68,222.46084,890399.8995849984
2025-05-19,BUY,MOM100.NS,7278,61.13,444904.14,222.45207000000002,445273.30751499836
2025-05-19,BUY,MID150BEES.NS,2064,215.51,444812.63999999996,222.40632,238.26119499839842
2025-05-26,SELL,AUTOBEES.NS,1942,242.76,471439.92,235.71996,471442.46123499837
2025-05-26,SELL,MON100.NS,2492,177.73,442903.16,221.45157999999998,914124.1696549983
2025-05-26,SELL,MOM100.NS,7278,61.2,445413.60000000003,222.70680000000002,1359315.0628549983
2025-05-26,BUY,CPSEETF.NS,4882,92.76,452854.32,226.42716000000001,906234.3156949983
2025-05-26,BUY,PSUBNKBEES.NS,6049,74.86,452828.14,226.41407,453179.76162499824
2025-05-26,BUY,JUNIORBEES.NS,628,720.84,452687.52,226.34376,265.89786499820184
2025-06-02,SELL,CPSEETF.NS,4882,91.8,448167.6,224.0838,448209.41406499816
2025-06-02,SELL,JUNIORBEES.NS,628,717.54,450615.12,225.30756,898599.2265049982
2025-06-02,BUY,MOM100.NS,7243,62.0,449066.0,224.53300000000002,449308.69350499817
2025-06-02,BUY,BANKBEES.NS,783,573.52,449066.16,224.53307999999998,18.000424998172093
2025-06-09,SELL,MAFANG.NS,3730,135.68,506086.4,253.0432,505851.3572249982
2025-06-09,BUY,SILVERBEES.NS,4909,102.99,505577.91,252.788955,20.658269998210017
2025-06-16,SELL,BANKBEES.NS,783,573.98,449426.34,224.71317000000002,449222.28509999823
2025-06-16,SELL,PSUBNKBEES.NS,6049,77.66,469765.33999999997,234.88267,918752.7424299982
2025-06-16,SELL,MOM100.NS,7243,63.13,457250.59,228.62529500000002,1375774.7071349984
2025-06-16,BUY,GOLDBEES.NS,5516,83.09,458324.44,229.16222000000002,917221.1049149984
2025-06-16,BUY,ITBEES.NS,10774,42.54,458325.95999999996,229.16297999999998,458665.9819349984
2025-06-16,BUY,PHARMABEES.NS,20407,22.46,458341.22000000003,229.17061,95.59132499841508
2025-06-23,SELL,PHARMABEES.NS,20407,22.03,449566.21,224.783105,449437.01821999846
2025-06-23,SELL,GOLDBEES.NS,5516,82.66,455952.56,227.97628,905161.6019399985
2025-06-23,SELL,MID150BEES.NS,2064,219.5,453048.0,226.524,1357983.0779399984
2025-06-23,BUY,INFRABEES.NS,483,936.62,452387.46,226.19373000000002,905369.4242099983
2025-06-23,BUY,NIFTYBEES.NS,1610,280.86,452184.60000000003,226.09230000000002,452958.7319099983
2025-06-23,BUY,CONSUMBEES.NS,3524,128.36,452340.6400000001,226.17032000000003,391.9215899982373
2025-06-30,SELL,ITBEES.NS,10774,42.41,456925.33999999997,228.46266999999997,457088.7989199982
2025-06-30,SELL,SILVERBEES.NS,4909,102.47,503025.23,251.51261499999998,959862.5163049982
2025-06-30,BUY,MON100.NS,2485,192.97,479530.45,239.76522500000002,480092.3010799982
2025-06-30,BUY,NIF100BEES.NS,1743,275.07,479447.01,239.72350500000002,405.56757499818923
2025-07-07,SELL,CONSUMBEES.NS,3524,131.26,462560.24,231.28012,462734.52745499817
2025-07-07,SELL,NIFTYBEES.NS,1610,286.07,460572.7,230.28635,923076.9411049981
2025-07-07,SELL,NIF100BEES.NS,1743,274.27,478052.61,239.026305,1400890.5247999982
2025-07-07,BUY,MAFANG.NS,3064,152.28,466585.92,233.29296,934071.3118399982
2025-07-07,BUY,PHARMABEES.NS,20443,22.83,466713.68999999994,233.35684499999996,467124.2649949983
2025-07-07,BUY,PSUBNKBEES.NS,5870,79.5,466665.0,233.3325,225.93249499826925
2025-07-14,SELL,INFRABEES.NS,483,954.61,461076.63,230.538315,461072.02417999826
2025-07-14,SELL,PSUBNKBEES.NS,5870,78.88,463025.6,231.5128,923866.1113799983
2025-07-14,BUY,SILVERBEES.NS,4196,110.02,461643.92,230.82196,461991.3694199983
2025-07-14,BUY,GOLDBEES.NS,5638,81.88,461639.44,230.81972000000002,121.10969999828376
2025-07-21,SELL,GOLDBEES.NS,5638,82.13,463048.94,231.52447,462938.5252299983
2025-07-21,BUY,HNGSNGBEES.NS,1121,412.53,462446.12999999995,231.223065,261.1721649983083
2025-07-28,SELL,MAFANG.NS,3064,154.23,472560.72,236.28036,472585.6118049983
2025-07-28,BUY,GOLDBEES.NS,5758,82.03,472328.74,236.16437,20.707434998301324
2025-08-04,SELL,PHARMABEES.NS,20443,22.74,464873.81999999995,232.43690999999998,464662.09052499826
2025-08-04,SELL,GOLDBEES.NS,5758,83.23,479238.34,239.61917000000003,943660.8113549983
2025-08-04,SELL,SILVERBEES.NS,4196,108.09,453545.64,226.77282000000002,1396979.6785349983
2025-08-04,SELL,HNGSNGBEES.NS,1121,421.89,472938.69,236.469345,1869681.8991899984
2025-08-04,BUY,MAFANG.NS,2979,156.82,467166.77999999997,233.58338999999998,1402281.5357999983
2025-08-04,BUY,GILT5YBEES.NS,7435,62.83,467141.05,233.570525,934906.9152749984
2025-08-04,BUY,LIQUIDBEES.NS,467,999.99,466995.33,233.497665,467678.0876099984
2025-08-04,BUY,LTGILTBEES.NS,16137,28.95,467166.14999999997,233.58307499999998,278.3545349984779
2025-08-11,SELL,LIQUIDBEES.NS,467,999.99,466995.33,233.497665,467040.1868699985
2025-08-11,SELL,LTGILTBEES.NS,16137,28.79,464584.23,232.292115,931392.1247549985
2025-08-11,SELL,GILT5YBEES.NS,7435,62.62,465579.69999999995,232.78984999999997,1396739.0349049985
2025-08-11,BUY,GOLDBEES.NS,5591,83.23,465338.93000000005,232.66946500000003,931167.4354399985
2025-08-11,BUY,SILVERBEES.NS,4248,109.52,465240.95999999996,232.62048,465693.85495999857
2025-08-11,BUY,HNGSNGBEES.NS,1076,432.14,464982.64,232.49132,478.723639998585
2025-08-18,SELL,GOLDBEES.NS,5591,82.75,462655.25,231.327625,462902.6460149986
2025-08-18,SELL,MON100.NS,2485,205.78,511363.3,255.68165,974010.2643649986
2025-08-18,BUY,PSUBNKBEES.NS,6177,78.79,486685.83,243.342915,487081.09144999855
2025-08-18,BUY,AUTOBEES.NS,1889,257.56,486530.84,243.26542,306.98602999851573
2025-08-25,SELL,PSUBNKBEES.NS,6177,77.75,480261.75,240.130875,480328.60515499854
2025-08-25,SELL,MAFANG.NS,2979,153.73,457961.67,228.98083499999998,938061.2943199985
2025-08-25,SELL,SILVERBEES.NS,4248,112.05,475988.39999999997,237.99419999999998,1413811.7001199983
2025-08-25,BUY,CONSUMBEES.NS,3466,135.9,471029.4,235.5147,942546.7854199982
2025-08-25,BUY,ITBEES.NS,11912,39.54,471000.48,235.50024,471310.8051799982
2025-08-25,BUY,PHARMABEES.NS,20524,22.95,471025.8,235.5129,49.49227999825962
2025-09-01,SELL,ITBEES.NS,11912,38.96,464091.52,232.04576,463908.96651999827
2025-09-01,SELL,CONSUMBEES.NS,3466,135.84,470821.44,235.41072,934494.9957999983
2025-09-01,SELL,PHARMABEES.NS,20524,22.34,458506.16,229.25307999999998,1392771.9027199983
2025-09-01,BUY,SILVERBEES.NS,3912,118.59,463924.08,231.96204,928615.8606799983
2025-09-01,BUY,GOLDBEES.NS,5357,86.61,463969.77,231.98488500000002,464414.1057949983
2025-09-01,BUY,MON100.NS,2278,203.66,463937.48,231.96874,244.65705499832984
2025-09-08,SELL,MON100.NS,2278,205.28,467627.84,233.81392000000002,467638.68313499837
2025-09-08,BUY,MAFANG.NS,2877,162.46,467397.42000000004,233.69871000000003,7.564424998301547
2025-09-22,SELL,GOLDBEES.NS,5357,93.14,498950.98,249.47549,498709.0689349983
2025-09-22,SELL,AUTOBEES.NS,1889,279.25,527503.25,263.751625,1025948.5673099982
2025-09-22,SELL,MAFANG.NS,2877,169.89,488773.52999999997,244.386765,1514477.7105449983
2025-09-22,SELL,SILVERBEES.NS,3912,128.22,501596.64,250.79832000000002,2015823.5522249984
2025-09-22,BUY,PSUBNKBEES.NS,6126,82.22,503679.72,251.83986,1511891.9923649984
2025-09-22,BUY,MON100.NS,2347,214.61,503689.67000000004,251.84483500000002,1007950.4775299984
2025-09-22,BUY,JUNIORBEES.NS,671,749.89,503176.19,251.588095,504522.6994349984
2025-09-22,BUY,CPSEETF.NS,5414,93.03,503664.42,251.83221,606.447224998381
2025-09-29,SELL,CPSEETF.NS,5414,92.16,498954.24,249.47712,499311.2101049984
2025-09-29,SELL,PSUBNKBEES.NS,6126,82.53,505578.78,252.78939000000003,1004637.2007149984
2025-09-29,SELL,JUNIORBEES.NS,671,728.95,489125.45,244.562725,1493518.0879899985
2025-09-29,BUY,SILVERBEES.NS,3578,139.06,497556.68,248.77834000000001,995712.6296499985
2025-09-29,BUY,GOLDBEES.NS,5188,95.9,497529.2,248.7646,497934.6650499985
2025-09-29,BUY,MAFANG.NS,2957,168.27,497574.39,248.78719500000003,111.48785499850055
2025-10-06,SELL,MAFANG.NS,2957,169.23,500413.11,250.206555,500274.3912999985
2025-10-06,BUY,PSUBNKBEES.NS,5883,84.99,499996.17,249.998085,28.22321499849204
2025-10-13,SELL,HNGSNGBEES.NS,1076,529.37,569602.12,284.80106,569345.5421549985
2025-10-13,BUY,ITBEES.NS,14784,38.49,569036.16,284.51808,24.864074998535216
2025-10-20,SELL,ITBEES.NS,14784,38.58,570366.72,285.18336,570106.4007149985
2025-10-20,SELL,PSUBNKBEES.NS,5883,87.49,514703.67,257.351835,1084552.7188799984
2025-10-20,SELL,MON100.NS,2347,239.16,561308.52,280.65426,1645580.5846199985
2025-10-20,BUY,CONSUMBEES.NS,3911,140.17,548204.87,274.102435,1097101.6121849986
2025-10-20,BUY,BANKBEES.NS,915,598.57,547691.55,273.845775,549136.2164099985
2025-10-20,BUY,NIFTYBEES.NS,1878,291.86,548113.0800000001,274.05654000000004,749.0798699983861
2025-10-27,SELL,GOLDBEES.NS,5188,100.14,519526.32,259.76316,520015.6367099984
2025-10-27,SELL,CONSUMBEES.NS,3911,139.98,547461.7799999999,273.73089,1067203.6858199984
2025-10-27,SELL,SILVERBEES.NS,3578,138.85,496805.3,248.40265,1563760.5831699984
2025-10-27,SELL,NIFTYBEES.NS,1878,293.35,550911.3,275.45565000000005,2114396.4275199985
2025-10-27,SELL,BANKBEES.NS,915,599.04,548121.6,274.0608,2662243.9667199985
2025-10-27,BUY,ITBEES.NS,13428,39.63,532151.64,266.07582,2129826.2508999985
2025-10-27,BUY,PSUBNKBEES.NS,5964,89.23,532167.72,266.08386,1597392.4470399986
2025-10-27,BUY,NV20BEES.NS,3476,153.1,532175.6,266.0878,1064950.7592399986
2025-10-27,BUY,NIF100BEES.NS,1892,281.15,531935.7999999999,265.9679,532748.9913399987
2025-10-27,BUY,INFRABEES.NS,541,983.21,531916.61,265.958305,566.4230349987047
2025-11-03,SELL,ITBEES.NS,13428,39.11,525169.08,262.58454,525472.9184949987
2025-11-03,SELL,NV20BEES.NS,3476,151.15,525397.4,262.69870000000003,1050607.6197949988
2025-11-03,SELL,NIF100BEES.NS,1892,279.92,529608.64,264.80432,1579951.4554749988
2025-11-03,BUY,MAFANG.NS,2986,176.23,526222.7799999999,263.11139,1053465.5640849988
2025-11-03,BUY,MON100.NS,2144,245.44,526223.36,263.11168,526979.0924049988
2025-11-03,BUY,DIVOPPBEES.NS,6525,80.67,526371.75,263.185875,344.15652999887243
2025-11-10,SELL,INFRABEES.NS,541,972.36,526046.76,263.02338000000003,526127.8931499989
2025-11-10,SELL,DIVOPPBEES.NS,6525,80.35,524283.74999999994,262.14187499999997,1050149.5012749988
2025-11-10,SELL,MON100.NS,2144,239.87,514281.28,257.14064,1564173.6406349987
2025-11-10,BUY,MOM100.NS,8052,64.72,521125.44,260.56272,1042787.6379149987
2025-11-10,BUY,HNGSNGBEES.NS,985,528.86,520927.10000000003,260.46355,521600.07436499867
2025-11-10,BUY,LTGILTBEES.NS,17865,29.17,521122.05000000005,260.56102500000003,217.46333999861963
2025-11-17,SELL,LTGILTBEES.NS,17865,29.14,520586.10000000003,260.29305000000005,520543.2702899987
2025-11-17,SELL,MOM100.NS,8052,65.82,529982.6399999999,264.99132,1050260.9189699986
2025-11-17,SELL,MAFANG.NS,2986,171.13,510994.18,255.49709000000001,1560999.6018799986
2025-11-17,BUY,SILVERBEES.NS,3492,148.92,520028.63999999996,260.01432,1040710.9475599986
2025-11-17,BUY,GOLDBEES.NS,5101,101.94,519995.94,259.99797,520455.0095899986
2025-11-17,BUY,PHARMABEES.NS,22225,23.4,520064.99999999994,260.03249999999997,129.97708999866154
2025-11-24,SELL,GOLDBEES.NS,5101,102.23,521475.23000000004,260.737615,521344.4694749987
2025-11-24,SELL,PSUBNKBEES.NS,5964,93.08,555129.12,277.56456000000003,1076196.0249149988
2025-11-24,SELL,PHARMABEES.NS,22225,23.03,511841.75,255.920875,1587781.8540399987
2025-11-24,SELL,SILVERBEES.NS,3492,147.08,513603.36000000004,256.80168000000003,2101128.4123599986
2025-11-24,SELL,HNGSNGBEES.NS,985,498.57,491091.45,245.545725,2591974.3166349987
2025-11-24,BUY,ITBEES.NS,12739,40.67,518095.13,259.047565,2073620.1390699986
2025-11-24,BUY,AUTOBEES.NS,1843,281.1,518067.30000000005,259.03365,1555293.8054199987
2025-11-24,BUY,INFRABEES.NS,523,989.55,517534.64999999997,258.76732499999997,1037500.3880949987
2025-11-24,BUY,NV20BEES.NS,3391,152.77,518043.07,259.02153500000003,519198.29655999865
2025-11-24,BUY,NIFTYBEES.NS,1766,293.3,517967.80000000005,258.9839,971.5126599986106
2025-12-01,SELL,INFRABEES.NS,523,995.78,520792.94,260.39647,521504.05618999864
2025-12-01,SELL,NV20BEES.NS,3391,153.78,521467.98,260.73399,1042711.3021999986
2025-12-01,SELL,NIFTYBEES.NS,1766,296.1,522912.60000000003,261.4563,1565362.4458999988
2025-12-01,SELL,AUTOBEES.NS,1843,287.86,530525.98,265.26299,2095623.1629099988
2025-12-01,BUY,SILVERBEES.NS,3150,166.21,523561.5,261.78075,1571799.8821599989
2025-12-01,BUY,MAFANG.NS,3016,173.59,523547.44,261.77372,1047990.6684399989
2025-12-01,BUY,GOLDBEES.NS,4906,106.72,523568.32,261.78416,524160.5642799989
2025-12-01,BUY,BANKBEES.NS,848,616.86,523097.28,261.54864000000003,801.7356399988639
2025-12-08,SELL,BANKBEES.NS,848,611.47,518526.56,259.26328,519069.03235999885
2025-12-08,BUY,HNGSNGBEES.NS,1004,516.64,518706.56,259.35328,103.11907999886898
2025-12-15,SELL,HNGSNGBEES.NS,1004,513.08,515132.32000000007,257.56616,514977.87291999895
2025-12-15,BUY,AUTOBEES.NS,1816,283.33,514527.27999999997,257.26364,193.32927999895765
2025-12-22,SELL,AUTOBEES.NS,1816,285.55,518558.80000000005,259.2794,518492.849879999
2025-12-22,SELL,MAFANG.NS,3016,166.86,503249.76000000007,251.62488000000005,1021490.984999999
2025-12-22,BUY,DIVOPPBEES.NS,6132,83.24,510427.68,255.21384,510808.0911599991
2025-12-22,BUY,INFRABEES.NS,513,995.01,510440.13,255.220065,112.74109499907354
2025-12-29,SELL,ITBEES.NS,12739,41.98,534783.22,267.39161,534628.5694849989
2025-12-29,SELL,INFRABEES.NS,513,980.25,502868.25,251.434125,1037245.3853599989
2025-12-29,BUY,CPSEETF.NS,5742,90.27,518330.33999999997,259.16517,518655.88018999895
2025-12-29,BUY,JUNIORBEES.NS,701,738.58,517744.58,258.87229,652.4278999989037
2026-01-05,SELL,DIVOPPBEES.NS,6132,83.54,512267.28,256.13364,512663.5742599989
2026-01-05,SELL,GOLDBEES.NS,4906,112.92,553985.52,276.99276000000003,1066372.101499999
2026-01-05,BUY,PSUBNKBEES.NS,5478,97.28,532899.84,266.44991999999996,533205.8115799989
2026-01-05,BUY,AUTOBEES.NS,1794,296.93,532692.42,266.34621000000004,247.04536999890115
2026-01-12,SELL,AUTOBEES.NS,1794,287.45,515685.3,257.84265,515674.5027199989
2026-01-12,SELL,JUNIORBEES.NS,701,738.67,517807.67,258.903835,1033223.2688849989
2026-01-12,BUY,GOLDBEES.NS,4422,116.76,516312.72000000003,258.15636,516652.3925249988
2026-01-12,BUY,MON100.NS,2191,235.64,516287.24,258.14362,107.00890499883099
2026-01-19,SELL,CPSEETF.NS,5742,93.24,535384.08,267.69203999999996,535223.3968649989
2026-01-19,SELL,MON100.NS,2191,233.17,510875.47,255.437735,1045843.4291299989
2026-01-19,BUY,HNGSNGBEES.NS,956,546.61,522559.16000000003,261.27958,523022.9895499989
2026-01-19,BUY,ITBEES.NS,12194,42.86,522634.83999999997,261.31741999999997,126.8321299989475
2026-01-27,SELL,PSUBNKBEES.NS,5478,99.69,546101.82,273.05091,545955.6012199989
2026-01-27,BUY,MON100.NS,2307,236.53,545674.71,272.837355,8.053864998975769
2026-02-02,SELL,ITBEES.NS,12194,41.94,511416.36,255.70818,511168.70568499895
2026-02-02,SELL,GOLDBEES.NS,4422,118.67,524758.74,262.37937,1035665.066314999
2026-02-02,SELL,MON100.NS,2307,225.44,520090.08,260.04504000000003,1555495.101274999
2026-02-02,SELL,SILVERBEES.NS,3150,219.94,692811.0,346.4055,2247959.695774999
2026-02-02,BUY,MAFANG.NS,3380,166.17,561654.6,280.8273,1686024.268474999
2026-02-02,BUY,CPSEETF.NS,5857,95.89,561627.73,280.813865,1124115.724609999
2026-02-02,BUY,GILT5YBEES.NS,8822,63.67,561696.74,280.84837,562138.136239999
2026-02-02,BUY,LIQUIDBEES.NS,561,999.99,560994.39,280.49719500000003,863.2490449990146
2026-02-09,SELL,GILT5YBEES.NS,8822,63.85,563284.7000000001,281.64235,563866.3066949991
2026-02-09,SELL,LIQUIDBEES.NS,561,999.99,560994.39,280.49719500000003,1124580.1994999992
2026-02-09,SELL,MAFANG.NS,3380,153.26,518018.8,259.0094,1642339.9900999991
2026-02-09,SELL,HNGSNGBEES.NS,956,545.13,521144.27999999997,260.57214,2163223.697959999
2026-02-09,BUY,INFRABEES.NS,545,990.06,539582.7,269.79134999999997,1623371.2066099993
2026-02-09,BUY,MID150BEES.NS,2350,229.97,540429.5,270.21475,1082671.4918599993
2026-02-09,BUY,MOM100.NS,8327,64.91,540505.57,270.25278499999996,541895.6690749993
2026-02-09,BUY,CONSUMBEES.NS,4101,131.8,540511.8,270.25590000000005,1113.6131749992492
2026-02-16,SELL,CPSEETF.NS,5857,100.45,588335.65,294.167825,589155.0953499993
2026-02-16,SELL,MOM100.NS,8327,64.34,535759.18,267.87959,1124646.3957599993
2026-02-16,SELL,MID150BEES.NS,2350,227.13,533755.5,266.87775,1658135.0180099993
2026-02-16,BUY,AUTOBEES.NS,1916,288.31,552401.96,276.20098,1105456.8570299994
2026-02-16,BUY,PSUBNKBEES.NS,5347,103.31,552398.5700000001,276.19928500000003,552782.0877449993
2026-02-16,BUY,PHARMABEES.NS,24081,22.94,552418.14,276.20907,87.73867499933112
2026-02-23,SELL,INFRABEES.NS,545,1000.49,545267.05,272.633525,545082.1551499994
2026-02-23,SELL,CONSUMBEES.NS,4101,130.73,536123.73,268.061865,1080937.8232849995
2026-02-23,SELL,AUTOBEES.NS,1916,288.59,552938.44,276.46921999999995,1633599.7940649996
2026-02-23,BUY,CPSEETF.NS,5339,101.94,544257.66,272.12883,1089070.0052349996
2026-02-23,BUY,BANKBEES.NS,861,631.6,543807.6,271.9038,544990.5014349996
2026-02-23,BUY,GOLDBEES.NS,4186,130.0,544180.0,272.09000000000003,538.4114349996671
2026-03-02,SELL,BANKBEES.NS,861,617.72,531856.92,265.92846000000003,532129.4029749997
2026-03-02,BUY,SILVERBEES.NS,1936,274.65,531722.3999999999,265.86119999999994,141.1417749997927
2026-03-09,SELL,PSUBNKBEES.NS,5347,98.35,525877.45,262.938725,525755.6530499997
2026-03-09,BUY,MAFANG.NS,3257,161.32,525419.24,262.70962,73.70342999976128
2026-03-16,SELL,PHARMABEES.NS,24081,23.16,557715.96,278.85798,557510.8054499998
2026-03-16,SELL,GOLDBEES.NS,4186,127.22,532542.92,266.27146000000005,1089787.4539899998
2026-03-16,SELL,SILVERBEES.NS,1936,233.48,452017.27999999997,226.00863999999999,1541578.7253499997
2026-03-16,BUY,LTGILTBEES.NS,17475,29.39,513590.25,256.795125,1027731.6802249998
2026-03-16,BUY,GILT5YBEES.NS,7986,64.31,513579.66000000003,256.78983,513895.23039499973
2026-03-16,BUY,LIQUIDBEES.NS,513,999.99,512994.87,256.497435,643.8629599997075
2026-03-23,SELL,CPSEETF.NS,5339,99.75,532565.25,266.282625,532942.8303349997
2026-03-23,BUY,MON100.NS,2430,219.18,532607.4,266.3037,69.12663499964401
2026-03-30,SELL,LTGILTBEES.NS,17475,28.96,506076.0,253.038,505892.08863499964
2026-03-30,SELL,MAFANG.NS,3257,157.09,511642.13,255.821065,1017278.3975699996
2026-03-30,BUY,ITBEES.NS,15891,31.99,508353.08999999997,254.17654499999998,508671.1310249996
2026-03-30,BUY,PHARMABEES.NS,22297,22.8,508371.60000000003,254.18580000000003,45.345224999589846
2026-04-06,SELL,PHARMABEES.NS,22297,22.44,500344.68000000005,250.17234000000002,500139.85288499965
2026-04-06,BUY,CPSEETF.NS,4915,101.7,499855.5,249.92775,34.42513499967754
2026-04-13,SELL,CPSEETF.NS,4915,103.45,508456.75,254.228375,508236.9467599997
2026-04-13,SELL,GILT5YBEES.NS,7986,64.47,514857.42,257.42871,1022836.9380499996
2026-04-13,SELL,LIQUIDBEES.NS,513,1000.0,513000.0,256.5,1535580.4380499995
2026-04-13,SELL,ITBEES.NS,15891,33.86,538069.26,269.03463,2073380.6634199996
2026-04-13,BUY,HNGSNGBEES.NS,995,520.3,517698.49999999994,258.84925,1555423.3141699997
2026-04-13,BUY,AUTOBEES.NS,1930,268.38,517973.39999999997,258.9867,1037190.9274699998
2026-04-13,BUY,MOMENTUM30.NS,17217,30.09,518059.52999999997,259.029765,518872.3677049998
2026-04-13,BUY,JUNIORBEES.NS,715,723.6,517374.0,258.687,1239.6807049998315
2026-04-20,SELL,MOMENTUM30.NS,17217,30.95,532866.15,266.43307500000003,533839.3976299999
2026-04-20,SELL,AUTOBEES.NS,1930,271.86,524689.8,262.34490000000005,1058266.85273
2026-04-20,BUY,MAFANG.NS,3006,175.9,528755.4,264.3777,529247.07503
2026-04-20,BUY,MOM100.NS,8222,64.32,528839.0399999999,264.41952,143.61551000003237
2026-04-27,SELL,HNGSNGBEES.NS,995,525.97,523340.15,261.670075,523222.0954350001
2026-04-27,BUY,MID150BEES.NS,2278,229.5,522801.0,261.4005,159.69493500009412
2026-05-04,SELL,MOM100.NS,8222,64.76,532456.7200000001,266.22836000000007,532350.1865750002
2026-05-04,SELL,JUNIORBEES.NS,715,759.22,542842.3,271.42115,1074921.0654250002
2026-05-04,SELL,MID150BEES.NS,2278,228.69,520955.82,260.47791,1595616.407515
2026-05-04,BUY,PHARMABEES.NS,22104,24.05,531601.2000000001,265.80060000000003,1063749.4069150002
2026-05-04,BUY,CPSEETF.NS,4921,108.01,531517.2100000001,265.75860500000005,531966.4383100001
2026-05-04,BUY,INFRABEES.NS,545,975.0,531375.0,265.6875,325.75081000011414
2026-05-11,SELL,CPSEETF.NS,4921,105.51,519214.71,259.60735500000004,519280.85345500015
2026-05-11,SELL,INFRABEES.NS,545,961.97,524273.65,262.13682500000004,1043292.3666300002
2026-05-11,BUY,AUTOBEES.NS,1898,274.58,521152.83999999997,260.57642,521878.9502100002
2026-05-11,BUY,SILVERBEES.NS,2160,241.29,521186.39999999997,260.59319999999997,431.95701000024565
2026-05-18,SELL,AUTOBEES.NS,1898,263.18,499515.64,249.75782,499697.83919000026
2026-05-18,BUY,GOLDBEES.NS,3850,129.7,499344.99999999994,249.67249999999999,103.16669000033289
2026-06-01,SELL,PHARMABEES.NS,22104,24.88,549947.52,274.97376,549775.7129300004
2026-06-01,SELL,GOLDBEES.NS,3850,127.49,490836.5,245.41825,1040366.7946800004
2026-06-01,SELL,SILVERBEES.NS,2160,249.54,539006.4,269.5032,1579103.6914800005
2026-06-01,BUY,JUNIORBEES.NS,696,755.2,525619.2000000001,262.80960000000005,1053221.6818800005
2026-06-01,BUY,ITBEES.NS,15880,33.13,526104.4,263.0522,526854.2296800005
2026-06-01,BUY,MOM100.NS,8023,65.57,526068.11,263.034055,523.0856250004144
2026-06-08,SELL,ITBEES.NS,15880,31.73,503872.4,251.9362,504143.54942500044
2026-06-08,SELL,MOM100.NS,8023,64.64,518606.72000000003,259.30336,1022490.9660650005
2026-06-08,SELL,JUNIORBEES.NS,696,744.88,518436.48,259.21824,1540668.2278250004
2026-06-08,BUY,PSUBNKBEES.NS,5604,91.58,513214.32,256.60716,1027197.3006650005
2026-06-08,BUY,GILT5YBEES.NS,7877,65.16,513265.31999999995,256.63266,513675.3480050005
2026-06-08,BUY,BANKBEES.NS,918,558.71,512895.78,256.44789000000003,523.1201150004636
2026-06-15,SELL,MON100.NS,2430,330.19,802361.7,401.18084999999996,802483.6392650004
2026-06-15,SELL,MAFANG.NS,3006,192.04,577272.24,288.63612,1379467.2431450002
2026-06-15,BUY,LTGILTBEES.NS,23274,29.62,689375.88,344.68794,689746.6752050002
2026-06-15,BUY,AUTOBEES.NS,2482,277.69,689226.58,344.61329,175.48191500024404
2026-06-22,SELL,LTGILTBEES.NS,23274,29.61,689143.14,344.57157,688974.0503450002
2026-06-22,SELL,AUTOBEES.NS,2482,275.16,682947.1200000001,341.4735600000001,1371579.6967850004
2026-06-22,SELL,GILT5YBEES.NS,7877,65.51,516022.27,258.011135,1887343.9556500004
2026-06-22,BUY,CONSUMBEES.NS,4887,128.66,628761.4199999999,314.38070999999997,1258268.1549400003
2026-06-22,BUY,JUNIORBEES.NS,799,786.83,628677.17,314.338585,629276.6463550002
2026-06-22,BUY,MID150BEES.NS,2639,238.23,628688.97,314.344485,273.33187000022735
2026-06-29,SELL,PSUBNKBEES.NS,5604,95.52,535294.08,267.64704,535299.7648300002
2026-06-29,SELL,JUNIORBEES.NS,799,772.96,617595.04,308.79752,1152586.0073100002
2026-06-29,SELL,MID150BEES.NS,2639,234.25,618185.75,309.092875,1770462.6644350002
2026-06-29,BUY,PHARMABEES.NS,22774,25.9,589846.6,294.9233,1180321.1411350002
2026-06-29,BUY,AUTOBEES.NS,2163,272.69,589828.47,294.914235,590197.7569000002
2026-06-29,BUY,MOMENTUM30.NS,19064,30.94,589840.16,294.92008000000004,62.676820000167936
2026-07-06,SELL,BANKBEES.NS,918,603.04,553590.72,276.79536,553376.6014600002
2026-07-06,SELL,MOMENTUM30.NS,19064,30.74,586027.36,293.01368,1139110.94778
2026-07-06,BUY,NIFTYBEES.NS,2051,277.43,569008.93,284.50446500000004,569817.513315
2026-07-06,BUY,NIF100BEES.NS,2112,269.5,569184.0,284.592,348.92131500004325
2026-07-13,SELL,CONSUMBEES.NS,4887,129.65,633599.55,316.799775,633631.6715400001
2026-07-13,SELL,NIFTYBEES.NS,2051,275.3,564640.3,282.32015,1197989.6513900002
2026-07-13,SELL,AUTOBEES.NS,2163,278.85,603152.55,301.576275,1800840.6251150002
2026-07-13,SELL,NIF100BEES.NS,2112,268.89,567895.6799999999,283.94784,2368452.357275
2026-07-13,BUY,ITBEES.NS,18402,32.16,591808.32,295.90416,1776348.1331149999
2026-07-13,BUY,MAFANG.NS,3010,196.58,591705.8,295.85290000000003,1184346.4802149998
2026-07-13,BUY,MOM100.NS,8703,68.0,591804.0,295.902,592246.5782149998
2026-07-13,BUY,HNGSNGBEES.NS,1228,481.9,591773.2,295.8866,177.49161499983165
2026-07-20,SELL,PHARMABEES.NS,22774,26.77,609659.98,304.82999,609532.6416249998
2026-07-20,SELL,MOM100.NS,8703,67.85,590498.5499999999,295.24927499999995,1199735.9423499997
2026-07-20,SELL,HNGSNGBEES.NS,1228,484.85,595395.8,297.6979,1794834.0444499997
2026-07-20,BUY,NV20BEES.NS,4225,141.51,597879.75,298.93987500000003,1196655.3545749998
2026-07-20,BUY,MON100.NS,1823,327.96,597871.08,298.93554,598485.3390349998
2026-07-20,BUY,BANKBEES.NS,996,600.21,597809.16,298.90458,377.2744549998315
2026-07-27,SELL,BANKBEES.NS,996,591.44,589074.2400000001,294.5371200000001,589156.977335
2026-07-27,SELL,NV20BEES.NS,4225,139.09,587655.25,293.827625,1176518.39971
2026-07-27,SELL,MON100.NS,1823,322.11,587206.53,293.603265,1763431.326445
2026-07-27,SELL,MAFANG.NS,3010,192.54,579545.4,289.77270000000004,2342686.953745
2026-07-27,BUY,AUTOBEES.NS,2052,285.24,585312.48,292.65623999999997,1757081.8175050002
2026-07-27,BUY,DIVOPPBEES.NS,7555,77.48,585361.4,292.6807,1171427.736805
2026-07-27,BUY,HNGSNGBEES.NS,1199,488.21,585363.7899999999,292.68189499999994,585771.2649100001
2026-07-27,BUY,GOLDBEES.NS,4934,118.62,585271.0800000001,292.63554000000005,207.54937000002246
