date,action,ticker,units,price,gross,cost,cash_after
2018-01-01,BUY,MON100.NS,4130,48.4,199892.0,99.946,800008.054
2018-01-01,BUY,MOM100.NS,9169,21.8,199884.2,99.94210000000001,600023.9119
2018-01-01,BUY,HNGSNGBEES.NS,701,285.0,199785.0,99.8925,400139.0194
2018-01-01,BUY,DIVOPPBEES.NS,6914,28.91,199883.74,99.94187,200155.33753
2018-01-01,BUY,JUNIORBEES.NS,633,315.5,199711.5,99.85575,343.9817800000019
2018-01-08,SELL,HNGSNGBEES.NS,701,299.97,210278.97000000003,105.13948500000002,210517.81229500004
2018-01-08,BUY,INFRABEES.NS,555,379.0,210345.0,105.1725,67.63979500005371
2018-01-15,SELL,INFRABEES.NS,555,372.42,206693.1,103.34655000000001,206657.39324500007
2018-01-15,SELL,DIVOPPBEES.NS,6914,29.36,202995.04,101.49752000000001,409550.9357250001
2018-01-15,BUY,CPSEETF.NS,6602,31.0,204662.0,102.331,204786.6047250001
2018-01-15,BUY,HNGSNGBEES.NS,678,301.5,204417.0,102.2085,267.39622500009136
2018-01-22,SELL,CPSEETF.NS,6602,30.31,200106.62,100.05331,200273.9629150001
2018-01-22,SELL,JUNIORBEES.NS,633,320.11,202629.63,101.31481500000001,402802.2781000001
2018-01-22,SELL,HNGSNGBEES.NS,678,304.0,206112.0,103.056,608811.2221000001
2018-01-22,BUY,BANKBEES.NS,739,274.16,202604.24000000002,101.30212000000002,406105.67998000013
2018-01-22,BUY,NIF100BEES.NS,1741,116.5,202826.5,101.41325,203177.76673000012
2018-01-22,BUY,NIFTYBEES.NS,1796,112.88,202732.47999999998,101.36623999999999,343.92049000013503
2018-01-29,SELL,NIF100BEES.NS,1741,116.98,203662.18,101.83109,203904.26940000014
2018-01-29,BUY,HNGSNGBEES.NS,623,326.82,203608.86,101.80443,193.6049700001604
2018-02-05,SELL,MOM100.NS,9169,22.11,202726.59,101.363295,202818.83167500017
2018-02-05,BUY,GOLDBEES.NS,7458,27.18,202708.44,101.35422,9.037455000157934
2018-02-12,SELL,BANKBEES.NS,739,261.59,193315.00999999998,96.65750499999999,193227.38995000013
2018-02-12,SELL,NIFTYBEES.NS,1796,109.14,196015.44,98.00772,389144.82223000017
2018-02-12,BUY,MOM100.NS,8803,22.09,194458.27,97.229135,194589.32309500017
2018-02-12,BUY,DIVOPPBEES.NS,6673,29.14,194451.22,97.22561,40.87748500017915
2018-02-19,SELL,MOM100.NS,8803,21.56,189792.68,94.89634,189738.66114500017
2018-02-19,BUY,NIFTYBEES.NS,1765,107.41,189578.65,94.789325,65.22182000018074
2018-02-26,SELL,NIFTYBEES.NS,1765,109.36,193020.4,96.5102,192989.11162000019
2018-02-26,SELL,HNGSNGBEES.NS,623,306.3,190824.9,95.41244999999999,383718.5991700002
2018-02-26,BUY,LIQUIDBEES.NS,191,999.99,190998.09,95.499045,192625.01012500018
2018-02-26,BUY,BANKBEES.NS,734,260.99,191566.66,95.78333,962.5667950001662
2018-03-05,SELL,BANKBEES.NS,734,251.73,184769.82,92.38491,185640.00188500018
2018-03-05,BUY,HNGSNGBEES.NS,572,324.0,185328.0,92.664,219.33788500019
2018-03-26,SELL,DIVOPPBEES.NS,6673,27.66,184575.18,92.28759,184702.2302950002
2018-03-26,BUY,JUNIORBEES.NS,635,290.71,184600.84999999998,92.30042499999999,9.079870000219671
2018-04-02,SELL,JUNIORBEES.NS,635,298.29,189414.15000000002,94.70707500000002,189328.52279500023
2018-04-02,BUY,NIF100BEES.NS,1739,108.81,189220.59,94.610295,13.322500000242144
2018-04-09,SELL,GOLDBEES.NS,7458,27.38,204200.03999999998,102.10001999999999,204111.2624800002
2018-04-09,SELL,MON100.NS,4130,50.31,207780.30000000002,103.89015,411787.6723300002
2018-04-09,SELL,NIF100BEES.NS,1739,110.61,192350.79,96.17539500000001,604042.2869350002
2018-04-09,BUY,JUNIORBEES.NS,655,307.03,201104.65,100.552325,402837.08461000025
2018-04-09,BUY,NIFTYBEES.NS,1874,107.36,201192.63999999998,100.59631999999999,201543.84829000026
2018-04-09,BUY,BANKBEES.NS,793,253.69,201176.16999999998,100.58808499999999,267.0902050002769
2018-04-16,SELL,BANKBEES.NS,793,256.75,203602.75,101.80137500000001,203768.03883000027
2018-04-16,SELL,NIFTYBEES.NS,1874,108.94,204153.56,102.07678,407819.52205000026
2018-04-16,BUY,GOLDBEES.NS,7284,27.98,203806.32,101.90316,203911.29889000027
2018-04-16,BUY,NIF100BEES.NS,1828,111.44,203712.32,101.85616,97.12273000026471
2018-04-23,SELL,GOLDBEES.NS,7284,28.01,204024.84000000003,102.01242000000002,204019.95031000028
2018-04-23,SELL,LIQUIDBEES.NS,191,1000.0,191000.0,95.5,394924.4503100003
2018-04-23,SELL,HNGSNGBEES.NS,572,361.5,206778.0,103.389,601599.0613100003
2018-04-23,BUY,DIVOPPBEES.NS,6683,29.99,200423.16999999998,100.211585,401075.6797250003
2018-04-23,BUY,INFRABEES.NS,567,352.95,200122.65,100.061325,200852.9684000003
2018-04-23,BUY,NIFTYBEES.NS,1830,109.47,200330.1,100.16505000000001,422.7033500002872
2018-04-30,SELL,INFRABEES.NS,567,357.49,202696.83000000002,101.34841500000002,203018.18493500032
2018-04-30,BUY,HNGSNGBEES.NS,563,360.0,202680.0,101.34,236.84493500032113
2018-05-07,SELL,HNGSNGBEES.NS,563,338.17,190389.71000000002,95.19485500000002,190531.36008000033
2018-05-07,BUY,BANKBEES.NS,728,261.4,190299.19999999998,95.14959999999999,137.01048000034643
2018-05-14,SELL,JUNIORBEES.NS,655,298.62,195596.1,97.79805,195635.31243000034
2018-05-14,BUY,MOM100.NS,9446,20.7,195532.19999999998,97.7661,5.346330000349553
2018-05-21,SELL,NIFTYBEES.NS,1830,109.05,199561.5,99.78075,199467.06558000034
2018-05-21,SELL,MOM100.NS,9446,20.35,192226.1,96.11305,391597.05253000034
2018-05-21,BUY,MON100.NS,3541,55.26,195675.66,97.83783,195823.55470000033
2018-05-21,BUY,HNGSNGBEES.NS,543,360.0,195480.0,97.74000000000001,245.81470000033733
2018-05-28,SELL,NIF100BEES.NS,1828,112.39,205448.92,102.72446000000001,205592.01024000035
2018-05-28,BUY,NIFTYBEES.NS,1850,111.05,205442.5,102.72125,46.78899000035017
2018-06-04,SELL,DIVOPPBEES.NS,6683,29.31,195878.72999999998,97.939365,195827.57962500033
2018-06-04,SELL,HNGSNGBEES.NS,543,368.82,200269.26,100.13463,395996.7049950004
2018-06-04,BUY,PSUBNKBEES.NS,6168,32.08,197869.44,98.93472,198028.3302750004
2018-06-04,BUY,NIF100BEES.NS,1759,112.47,197834.73,98.917365,94.68291000038153
2018-06-11,SELL,NIF100BEES.NS,1759,114.59,201563.81,100.781905,201557.71100500037
2018-06-11,BUY,HNGSNGBEES.NS,513,392.26,201229.38,100.61469000000001,227.7163150003762
2018-06-18,SELL,HNGSNGBEES.NS,513,346.29,177646.77000000002,88.82338500000002,177785.6629300004
2018-06-18,BUY,NIF100BEES.NS,1567,113.38,177666.46,88.83323,30.36970000041765
2018-06-25,SELL,NIF100BEES.NS,1567,113.07,177180.69,88.590345,177122.46935500042
2018-06-25,BUY,LIQUIDBEES.NS,177,1000.0,177000.0,88.5,33.96935500041582
2018-07-02,SELL,LIQUIDBEES.NS,177,1000.0,177000.0,88.5,176945.46935500042
2018-07-02,BUY,NIF100BEES.NS,1575,112.28,176841.0,88.4205,16.048855000408366
2018-07-09,SELL,PSUBNKBEES.NS,6168,31.45,193983.6,96.99180000000001,193902.65705500043
2018-07-09,BUY,LIQUIDBEES.NS,193,999.99,192998.07,96.499035,808.0880200004322
2018-07-30,SELL,LIQUIDBEES.NS,193,1000.0,193000.0,96.5,193711.58802000043
2018-07-30,BUY,MOM100.NS,9618,20.13,193610.34,96.80517,4.442850000428734
2018-08-06,SELL,BANKBEES.NS,728,284.67,207239.76,103.61988000000001,207140.58297000043
2018-08-06,SELL,MON100.NS,3541,58.37,206688.16999999998,103.34408499999999,413725.4088850004
2018-08-06,BUY,PSUBNKBEES.NS,5589,36.99,206737.11000000002,103.36855500000001,206884.93033000038
2018-08-06,BUY,HNGSNGBEES.NS,592,349.0,206608.0,103.304,173.6263300003775
2018-08-13,SELL,NIF100BEES.NS,1575,119.18,187708.5,93.85425000000001,187788.27208000037
2018-08-13,SELL,HNGSNGBEES.NS,592,341.1,201931.2,100.96560000000001,389618.5064800004
2018-08-13,BUY,BANKBEES.NS,687,283.13,194510.31,97.255155,195010.9413250004
2018-08-13,BUY,DIVOPPBEES.NS,6394,30.45,194697.3,97.34864999999999,216.2926750004117
2018-08-20,SELL,BANKBEES.NS,687,288.34,198089.58,99.04478999999999,198206.82788500038
2018-08-20,BUY,JUNIORBEES.NS,636,311.28,197974.08,98.98704,133.76084500038996
2018-08-27,SELL,DIVOPPBEES.NS,6394,31.26,199876.44,99.93822,199910.26262500038
2018-08-27,SELL,NIFTYBEES.NS,1850,121.79,225311.5,112.65575,425109.1068750004
2018-08-27,BUY,HNGSNGBEES.NS,645,329.32,212411.4,106.2057,212591.50117500042
2018-08-27,BUY,CPSEETF.NS,7642,27.8,212447.6,106.22380000000001,37.677375000406755
2018-09-03,SELL,CPSEETF.NS,7642,27.64,211224.88,105.61244,211156.9449350004
2018-09-03,SELL,HNGSNGBEES.NS,645,342.5,220912.5,110.45625,431958.98868500046
2018-09-03,BUY,INFRABEES.NS,645,334.33,215642.84999999998,107.82142499999999,216208.31726000048
2018-09-03,BUY,NIF100BEES.NS,1776,121.5,215784.0,107.892,316.42526000048383
2018-09-10,SELL,INFRABEES.NS,645,330.0,212850.0,106.425,213060.0002600005
2018-09-10,BUY,MON100.NS,3366,63.25,212899.5,106.44975000000001,54.050510000495706
2018-09-17,SELL,NIF100BEES.NS,1776,121.68,216103.68000000002,108.05184000000001,216049.67867000052
2018-09-17,SELL,PSUBNKBEES.NS,5589,34.0,190026.0,95.013,405980.6656700005
2018-09-17,SELL,MOM100.NS,9618,20.11,193417.97999999998,96.70898999999999,599301.9366800005
2018-09-17,SELL,JUNIORBEES.NS,636,306.47,194914.92,97.45746000000001,794119.3992200005
2018-09-17,BUY,INFRABEES.NS,597,331.95,198174.15,99.087075,595846.1621450005
2018-09-17,BUY,GOLDBEES.NS,7263,27.32,198425.16,99.21258,397321.78956500057
2018-09-17,BUY,DIVOPPBEES.NS,6415,30.93,198415.95,99.207975,198806.63159000056
2018-09-17,BUY,NIFTYBEES.NS,1668,118.96,198425.28,99.21264000000001,282.1389500005462
2018-09-24,SELL,NIFTYBEES.NS,1668,114.8,191486.4,95.7432,191672.79575000054
2018-09-24,BUY,NIF100BEES.NS,1645,116.44,191543.8,95.7719,33.22385000056238
2018-10-01,SELL,INFRABEES.NS,597,301.45,179965.65,89.982825,179908.89102500054
2018-10-01,SELL,DIVOPPBEES.NS,6415,30.44,195272.6,97.6363,375083.85472500056
2018-10-01,SELL,NIF100BEES.NS,1645,115.39,189816.55,94.90827499999999,564805.4964500006
2018-10-01,BUY,LIQUIDBEES.NS,188,999.99,187998.12,93.99906,376713.37739000056
2018-10-01,BUY,HNGSNGBEES.NS,544,345.5,187952.0,93.976,188667.40139000057
2018-10-01,BUY,CPSEETF.NS,6979,26.96,188153.84,94.07692,419.48447000057786
2018-10-08,SELL,CPSEETF.NS,6979,24.04,167775.16,83.88758,168110.75689000057
2018-10-08,BUY,DIVOPPBEES.NS,5958,28.2,168015.6,84.0078,11.149090000573779
2018-10-15,SELL,DIVOPPBEES.NS,5958,28.03,167002.74000000002,83.50137000000001,166930.38772000058
2018-10-15,BUY,CPSEETF.NS,6592,25.31,166843.52,83.42175999999999,3.4459600005939137
2018-10-22,SELL,HNGSNGBEES.NS,544,310.0,168640.0,84.32000000000001,168559.1259600006
2018-10-22,BUY,MOM100.NS,8820,19.1,168462.0,84.23100000000001,12.894960000587162
2018-11-05,SELL,CPSEETF.NS,6592,24.92,164272.64,82.13632000000001,164203.3986400006
2018-11-05,SELL,MON100.NS,3366,59.99,201926.34,100.96317,366028.7754700006
2018-11-05,SELL,MOM100.NS,8820,19.44,171460.80000000002,85.73040000000002,537403.8450700006
2018-11-05,BUY,PSUBNKBEES.NS,5388,33.23,179043.24,89.52162,358271.0834500006
2018-11-05,BUY,BANKBEES.NS,682,262.42,178970.44,89.48522,179211.1582300006
2018-11-05,BUY,INFRABEES.NS,574,311.7,178915.8,89.4579,205.9003300006152
2018-11-12,SELL,INFRABEES.NS,574,311.0,178514.0,89.257,178630.6433300006
2018-11-12,BUY,MOM100.NS,9063,19.7,178541.1,89.27055,0.2727800006105099
2018-11-19,SELL,GOLDBEES.NS,7263,27.53,199950.39,99.97519500000001,199850.68758500062
2018-11-19,SELL,LIQUIDBEES.NS,188,1000.0,188000.0,94.0,387756.68758500065
2018-11-19,BUY,INFRABEES.NS,599,323.01,193482.99,96.741495,194176.95609000066
2018-11-19,BUY,JUNIORBEES.NS,684,283.14,193667.75999999998,96.83388,412.36221000069054
2018-11-26,SELL,MOM100.NS,9063,19.29,174825.27,87.412635,175150.2195750007
2018-11-26,BUY,HNGSNGBEES.NS,568,308.0,174944.0,87.47200000000001,118.74757500068517
2018-12-03,SELL,HNGSNGBEES.NS,568,316.0,179488.0,89.744,179517.00357500068
2018-12-03,BUY,NIF100BEES.NS,1570,114.23,179341.1,89.67055,86.23302500066347
2018-12-17,SELL,INFRABEES.NS,599,316.23,189421.77000000002,94.710885,189413.29214000067
2018-12-17,SELL,PSUBNKBEES.NS,5388,32.85,176995.80000000002,88.49790000000002,366320.5942400007
2018-12-17,BUY,HNGSNGBEES.NS,582,314.31,182928.42,91.46421000000001,183300.7100300007
2018-12-17,BUY,NIFTYBEES.NS,1610,113.64,182960.4,91.4802,248.8298300007009
2018-12-24,SELL,NIFTYBEES.NS,1610,111.84,180062.4,90.0312,180221.1986300007
2018-12-24,SELL,NIF100BEES.NS,1570,111.47,175007.9,87.50395,355141.5946800007
2018-12-24,BUY,PSUBNKBEES.NS,5279,33.62,177479.97999999998,88.73998999999999,177572.8746900007
2018-12-24,BUY,INFRABEES.NS,555,319.7,177433.5,88.71675,50.65794000070309
2018-12-31,SELL,HNGSNGBEES.NS,582,315.9,183853.8,91.92689999999999,183812.5310400007
2018-12-31,BUY,NIF100BEES.NS,1605,114.44,183676.19999999998,91.8381,44.49294000072405
2019-01-07,SELL,INFRABEES.NS,555,318.28,176645.4,88.3227,176601.57024000073
2019-01-07,SELL,JUNIORBEES.NS,684,285.5,195282.0,97.641,371785.9292400007
2019-01-07,SELL,NIF100BEES.NS,1605,112.8,181044.0,90.522,552739.4072400008
2019-01-07,BUY,GOLDBEES.NS,6525,28.22,184135.5,92.06775,368511.8394900008
2019-01-07,BUY,DIVOPPBEES.NS,6394,28.8,184147.2,92.07360000000001,184272.56589000078
2019-01-07,BUY,NIFTYBEES.NS,1636,112.56,184148.16,92.07408000000001,32.33181000078912
2019-01-14,SELL,DIVOPPBEES.NS,6394,28.8,184147.2,92.07360000000001,184087.4582100008
2019-01-14,SELL,NIFTYBEES.NS,1636,112.17,183510.12,91.75506,367505.82315000077
2019-01-14,BUY,CPSEETF.NS,7713,23.81,183646.53,91.823265,183767.46988500076
2019-01-14,BUY,HNGSNGBEES.NS,581,315.96,183572.75999999998,91.78638,102.92350500077009
2019-01-21,SELL,HNGSNGBEES.NS,581,315.8,183479.80000000002,91.7399,183490.9836050008
2019-01-21,BUY,NIF100BEES.NS,1600,114.57,183312.0,91.656,87.32760500081349
2019-01-28,SELL,PSUBNKBEES.NS,5279,32.05,169191.94999999998,84.595975,169194.6816300008
2019-01-28,SELL,NIF100BEES.NS,1600,110.95,177520.0,88.76,346625.9216300008
2019-01-28,BUY,NIFTYBEES.NS,1549,111.78,173147.22,86.57361,173392.12802000082
2019-01-28,BUY,LIQUIDBEES.NS,173,999.99,172998.27,86.499135,307.3588850008382
2019-02-04,SELL,CPSEETF.NS,7713,23.3,179712.9,89.85645,179930.40243500084
2019-02-04,SELL,NIFTYBEES.NS,1549,114.3,177050.69999999998,88.52534999999999,356892.5770850008
2019-02-04,BUY,MON100.NS,3694,48.28,178346.32,89.17316000000001,178457.0839250008
2019-02-04,BUY,HNGSNGBEES.NS,564,316.0,178224.0,89.112,143.97192500080564
2019-02-11,SELL,HNGSNGBEES.NS,564,316.0,178224.0,89.112,178278.8599250008
2019-02-11,BUY,NIFTYBEES.NS,1560,114.22,178183.2,89.09160000000001,6.56832500078599
2019-02-18,SELL,BANKBEES.NS,682,271.81,185374.42,92.68721000000001,185288.3011150008
2019-02-18,BUY,HNGSNGBEES.NS,589,314.19,185057.91,92.52895500000001,137.86216000080458
2019-03-05,SELL,NIFTYBEES.NS,1560,114.89,179228.4,89.6142,179276.6479600008
2019-03-05,SELL,LIQUIDBEES.NS,173,999.99,172998.27,86.499135,352188.41882500076
2019-03-05,BUY,CPSEETF.NS,6832,25.76,175992.32,87.99616,176108.10266500074
2019-03-05,BUY,DIVOPPBEES.NS,5970,29.48,175995.6,87.9978,24.50486500072293
2019-03-11,SELL,GOLDBEES.NS,6525,28.5,185962.5,92.98125,185894.0236150007
2019-03-11,BUY,NIF100BEES.NS,1591,116.74,185733.34,92.86667,67.81694500072626
2019-03-18,SELL,DIVOPPBEES.NS,5970,30.05,179398.5,89.69925,179376.61769500072
2019-03-18,SELL,MON100.NS,3694,49.32,182188.08,91.09403999999999,361473.6036550007
2019-03-18,SELL,NIF100BEES.NS,1591,118.5,188533.5,94.26675,549912.8369050007
2019-03-18,SELL,HNGSNGBEES.NS,589,321.1,189127.90000000002,94.56395000000002,738946.1729550008
2019-03-18,BUY,INFRABEES.NS,566,325.88,184448.08,92.22404,554405.8689150008
2019-03-18,BUY,BANKBEES.NS,615,299.88,184426.2,92.21310000000001,369887.4558150008
2019-03-18,BUY,MOM100.NS,9975,18.51,184637.25000000003,92.31862500000001,185157.88719000077
2019-03-18,BUY,NIFTYBEES.NS,1538,119.99,184544.62,92.27231,520.9948800007696
2019-03-25,SELL,NIFTYBEES.NS,1538,118.81,182729.78,91.36489,183159.40999000077
2019-03-25,BUY,PSUBNKBEES.NS,5366,34.11,183034.26,91.51713000000001,33.63286000076914
2019-04-01,SELL,MOM100.NS,9975,19.14,190921.5,95.46075,190859.67211000077
2019-04-01,BUY,JUNIORBEES.NS,654,291.48,190627.92,95.31396000000001,136.43815000075847
2019-04-08,SELL,JUNIORBEES.NS,654,289.32,189215.28,94.60764,189257.11051000076
2019-04-08,BUY,MOM100.NS,10225,18.5,189162.5,94.58125,0.029260000766953453
2019-04-15,SELL,MOM100.NS,10225,19.24,196728.99999999997,98.36449999999999,196630.66476000074
2019-04-15,BUY,NIFTYBEES.NS,1599,122.88,196485.12,98.24256,47.30220000073314
2019-04-22,SELL,CPSEETF.NS,6832,26.91,183849.12,91.92456,183804.4976400007
2019-04-22,BUY,NIF100BEES.NS,1515,121.2,183618.0,91.809,94.68864000070607
2019-04-30,SELL,INFRABEES.NS,566,323.18,182919.88,91.45994,182923.1087000007
2019-04-30,SELL,NIF100BEES.NS,1515,122.44,185496.6,92.7483,368326.9604000007
2019-04-30,BUY,MON100.NS,3390,54.29,184043.1,92.02155,184191.83885000067
2019-04-30,BUY,CPSEETF.NS,6693,27.5,184057.5,92.02875,42.31010000067181
2019-05-06,SELL,BANKBEES.NS,615,301.84,185631.59999999998,92.8158,185581.09430000064
2019-05-06,SELL,PSUBNKBEES.NS,5366,33.7,180834.2,90.4171,366324.8772000007
2019-05-06,BUY,DIVOPPBEES.NS,6016,30.43,183066.88,91.53344,183166.46376000068
2019-05-06,BUY,NIF100BEES.NS,1520,120.4,183008.0,91.504,66.9597600006964
2019-05-13,SELL,CPSEETF.NS,6693,25.91,173415.63,86.70781500000001,173395.8819450007
2019-05-13,BUY,LIQUIDBEES.NS,173,1000.0,173000.0,86.5,309.3819450006995
2019-05-20,SELL,NIF100BEES.NS,1520,122.51,186215.2,93.1076,186431.47434500072
2019-05-20,BUY,GOLDBEES.NS,6678,27.9,186316.19999999998,93.15809999999999,22.116245000739582
2019-05-27,SELL,DIVOPPBEES.NS,6016,30.45,183187.19999999998,91.5936,183117.72264500073
2019-05-27,SELL,GOLDBEES.NS,6678,28.1,187651.80000000002,93.8259,370675.6967450008
2019-05-27,SELL,MON100.NS,3390,50.47,171093.3,85.54665,541683.4500950008
2019-05-27,SELL,LIQUIDBEES.NS,173,1000.0,173000.0,86.5,714596.9500950008
2019-05-27,BUY,BANKBEES.NS,555,321.61,178493.55000000002,89.24677500000001,536014.1533200007
2019-05-27,BUY,CPSEETF.NS,6379,27.99,178548.21,89.27410499999999,357376.66921500076
2019-05-27,BUY,INFRABEES.NS,515,346.48,178437.2,89.21860000000001,178850.25061500075
2019-05-27,BUY,PSUBNKBEES.NS,4771,37.42,178530.82,89.26541,230.1652050007542
2019-06-03,SELL,PSUBNKBEES.NS,4771,35.92,171374.32,85.68716,171518.79804500076
2019-06-03,BUY,GOLDBEES.NS,6008,28.53,171408.24000000002,85.70412000000002,24.85392500073067
2019-07-01,SELL,NIFTYBEES.NS,1599,124.93,199763.07,99.881535,199688.04239000074
2019-07-01,BUY,PSUBNKBEES.NS,5646,35.35,199586.1,99.79305000000001,2.149340000731172
2019-07-08,SELL,CPSEETF.NS,6379,26.35,168086.65000000002,84.04332500000001,168004.75601500075
2019-07-08,BUY,MON100.NS,3155,53.22,167909.1,83.95455,11.701465000747703
2019-07-15,SELL,INFRABEES.NS,515,331.03,170480.44999999998,85.240225,170406.91124000074
2019-07-15,SELL,PSUBNKBEES.NS,5646,34.14,192754.44,96.37722000000001,363064.9740200008
2019-07-15,SELL,BANKBEES.NS,555,311.03,172621.65,86.310825,535600.3131950008
2019-07-15,BUY,HNGSNGBEES.NS,591,301.53,178204.22999999998,89.102115,357306.98108000075
2019-07-15,BUY,LIQUIDBEES.NS,178,1000.0,178000.0,89.0,179217.98108000075
2019-07-15,BUY,JUNIORBEES.NS,639,278.9,178217.09999999998,89.10855,911.7725300007733
2019-08-26,SELL,JUNIORBEES.NS,639,267.85,171156.15000000002,85.57807500000001,171982.3444550008
2019-08-26,BUY,DIVOPPBEES.NS,6020,28.55,171871.0,85.9355,25.4089550008066
2019-09-03,SELL,DIVOPPBEES.NS,6020,28.5,171570.0,85.785,171509.6239550008
2019-09-03,BUY,JUNIORBEES.NS,638,268.39,171232.81999999998,85.61640999999999,191.18754500083742
2019-09-09,SELL,JUNIORBEES.NS,638,270.96,172872.47999999998,86.43624,172977.2313050008
2019-09-09,BUY,DIVOPPBEES.NS,5957,29.02,172872.13999999998,86.43607,18.655235000827815
2019-09-16,SELL,LIQUIDBEES.NS,178,1000.0,178000.0,89.0,177929.65523500083
2019-09-16,BUY,JUNIORBEES.NS,648,274.4,177811.19999999998,88.90559999999999,29.549635000847047
2019-09-23,SELL,DIVOPPBEES.NS,5957,28.05,167093.85,83.546925,167039.85271000085
2019-09-23,SELL,GOLDBEES.NS,6008,33.08,198744.63999999998,99.37231999999999,365685.12039000087
2019-09-23,SELL,HNGSNGBEES.NS,591,319.5,188824.5,94.41225,554415.2081400009
2019-09-23,BUY,BANKBEES.NS,588,313.68,184443.84,92.22192,369879.1462200009
2019-09-23,BUY,NIFTYBEES.NS,1501,123.0,184623.0,92.3115,185163.83472000092
2019-09-23,BUY,NIF100BEES.NS,1518,121.67,184695.06,92.34753,376.4271900009189
2019-09-30,SELL,NIFTYBEES.NS,1501,121.57,182476.56999999998,91.23828499999999,182761.7589050009
2019-09-30,SELL,MON100.NS,3155,53.97,170275.35,85.137675,352951.9712300009
2019-09-30,BUY,HNGSNGBEES.NS,557,316.58,176335.06,88.16753,176528.7437000009
2019-09-30,BUY,INFRABEES.NS,523,336.88,176188.24,88.09412,252.40958000090905
2019-10-07,SELL,BANKBEES.NS,588,283.33,166598.03999999998,83.29901999999998,166767.15056000088
2019-10-07,BUY,CPSEETF.NS,7228,23.06,166677.68,83.33884,6.131720000877976
2019-10-22,SELL,NIF100BEES.NS,1518,121.52,184467.36,92.23367999999999,184381.25804000086
2019-10-22,SELL,HNGSNGBEES.NS,557,324.6,180802.2,90.40110000000001,365093.05694000085
2019-10-22,BUY,BANKBEES.NS,608,300.07,182442.56,91.22128000000001,182559.27566000086
2019-10-22,BUY,NIFTYBEES.NS,1483,122.96,182349.68,91.17484,118.42082000087248
2019-10-29,SELL,CPSEETF.NS,7228,24.75,178893.0,89.4465,178921.97432000088
2019-10-29,SELL,INFRABEES.NS,523,340.15,177898.44999999998,88.949225,356731.4750950009
2019-10-29,BUY,HNGSNGBEES.NS,1055,337.9,356484.5,178.24225,68.73284500086447
2019-11-04,SELL,HNGSNGBEES.NS,1055,321.4,339077.0,169.5385,338976.19434500084
2019-11-04,BUY,INFRABEES.NS,494,342.6,169244.40000000002,84.6222,169647.1721450008
2019-11-04,BUY,NIF100BEES.NS,1356,124.9,169364.4,84.6822,198.08994500080007
2019-11-11,SELL,INFRABEES.NS,494,336.88,166418.72,83.20936,166533.6005850008
2019-11-11,SELL,JUNIORBEES.NS,648,295.62,191561.76,95.78088000000001,357999.5797050008
2019-11-11,SELL,BANKBEES.NS,608,316.5,192432.0,96.21600000000001,550335.3637050008
2019-11-11,BUY,HNGSNGBEES.NS,549,333.76,183234.24,91.61712,367009.50658500084
2019-11-11,BUY,MON100.NS,3171,57.81,183315.51,91.65775500000001,183602.33883000084
2019-11-11,BUY,CPSEETF.NS,7554,24.27,183335.58,91.66779,175.09104000084335
2019-11-18,SELL,CPSEETF.NS,7554,23.84,180087.36,90.04368,180172.40736000083
2019-11-18,SELL,NIFTYBEES.NS,1483,125.73,186457.59,93.228795,366536.76856500085
2019-11-18,SELL,NIF100BEES.NS,1356,124.08,168252.48,84.12624000000001,534705.1223250008
2019-11-18,BUY,PSUBNKBEES.NS,6487,27.46,178133.02000000002,89.06651000000001,356483.03581500077
2019-11-18,BUY,BANKBEES.NS,564,315.7,178054.8,89.0274,178339.2084150008
2019-11-18,BUY,MOM100.NS,10116,17.61,178142.75999999998,89.07137999999999,107.37703500079806
2019-11-25,SELL,HNGSNGBEES.NS,549,338.5,185836.5,92.91825,185850.9587850008
2019-11-25,BUY,NIFTYBEES.NS,1454,127.74,185733.96,92.86698,24.131805000826716
2019-12-09,SELL,NIFTYBEES.NS,1454,126.33,183683.82,91.84191,183616.10989500085
2019-12-09,BUY,NIF100BEES.NS,1486,123.43,183416.98,91.70849000000001,107.42140500084497
2019-12-16,SELL,MOM100.NS,10116,17.74,179457.84,89.72892,179475.53248500085
2019-12-16,BUY,NIFTYBEES.NS,1406,127.53,179307.18,89.65359,78.69889500085264
2019-12-23,SELL,NIF100BEES.NS,1486,126.83,188469.38,94.23469,188453.84420500085
2019-12-23,BUY,HNGSNGBEES.NS,536,351.39,188345.03999999998,94.17251999999999,14.631685000873404
2019-12-30,SELL,NIFTYBEES.NS,1406,130.26,183145.56,91.57278,183068.61890500088
2019-12-30,BUY,NIF100BEES.NS,1448,126.3,182882.4,91.4412,94.77770500088809
2020-01-06,SELL,BANKBEES.NS,564,319.18,180017.52,90.00876,180022.28894500088
2020-01-06,SELL,PSUBNKBEES.NS,6487,26.67,173008.29,86.50414500000001,352944.0748000009
2020-01-06,BUY,GOLDBEES.NS,4879,36.15,176375.85,88.187925,176480.03687500086
2020-01-06,BUY,NIFTYBEES.NS,1384,127.37,176280.08000000002,88.14004000000001,111.8168350008491
2020-01-13,SELL,NIFTYBEES.NS,1384,130.41,180487.44,90.24372,180509.01311500085
2020-01-13,BUY,MOM100.NS,9794,18.42,180405.48,90.20274,13.330375000834465
2020-01-20,SELL,NIF100BEES.NS,1448,127.38,184446.24,92.22312,184367.34725500082
2020-01-20,BUY,INFRABEES.NS,532,346.13,184141.16,92.07058,134.1166750008124
2020-01-27,SELL,INFRABEES.NS,532,347.07,184641.24,92.32061999999999,184683.0360550008
2020-01-27,BUY,JUNIORBEES.NS,612,301.27,184377.24,92.18862,213.60743500079843
2020-02-03,SELL,JUNIORBEES.NS,612,286.7,175460.4,87.7302,175586.2772350008
2020-02-03,SELL,HNGSNGBEES.NS,536,362.2,194139.19999999998,97.0696,369628.40763500077
2020-02-03,BUY,INFRABEES.NS,564,327.41,184659.24000000002,92.32962,184876.83801500074
2020-02-03,BUY,LIQUIDBEES.NS,184,1000.0,184000.0,92.0,784.8380150007433
2020-02-10,SELL,INFRABEES.NS,564,337.13,190141.32,95.07066,190831.08735500075
2020-02-10,SELL,LIQUIDBEES.NS,184,999.99,183998.16,91.99908,374737.2482750007
2020-02-10,BUY,HNGSNGBEES.NS,536,349.17,187155.12,93.57756,187488.55071500072
2020-02-10,BUY,JUNIORBEES.NS,623,300.46,187186.58,93.59329,208.3774250007409
2020-02-17,SELL,GOLDBEES.NS,4879,35.93,175302.47,87.651235,175423.19619000074
2020-02-17,SELL,HNGSNGBEES.NS,536,354.0,189744.0,94.872,365072.32419000077
2020-02-17,BUY,NIF100BEES.NS,1457,125.15,182343.55000000002,91.17177500000001,182637.60241500076
2020-02-17,BUY,NIFTYBEES.NS,1427,127.84,182427.68,91.21384,118.70857500075363
2020-02-24,SELL,NIFTYBEES.NS,1427,125.73,179416.71,89.708355,179445.71022000074
2020-02-24,SELL,NIF100BEES.NS,1457,122.66,178715.62,89.35781,358071.97241000074
2020-02-24,BUY,GOLDBEES.NS,4638,38.58,178934.03999999998,89.46701999999999,179048.46539000075
2020-02-24,BUY,HNGSNGBEES.NS,504,354.79,178814.16,89.40708000000001,144.89831000074628
2020-03-02,SELL,JUNIORBEES.NS,623,275.84,171848.31999999998,85.92415999999999,171907.29415000073
2020-03-02,BUY,LIQUIDBEES.NS,171,1000.0,171000.0,85.5,821.7941500007291
2020-03-09,SELL,MOM100.NS,9794,16.56,162188.63999999998,81.09432,162929.3398300007
2020-03-09,BUY,DIVOPPBEES.NS,6094,26.72,162831.68,81.41584,16.243990000715712
2020-03-30,SELL,DIVOPPBEES.NS,6094,26.4,160881.6,80.44080000000001,160817.4031900007
2020-03-30,BUY,NIF100BEES.NS,1686,95.3,160675.8,80.33789999999999,61.265290000708774
2020-04-07,SELL,NIF100BEES.NS,1686,92.9,156629.40000000002,78.31470000000002,156612.35059000074
2020-04-07,BUY,DIVOPPBEES.NS,5958,26.27,156516.66,78.25833,17.432260000729002
2020-04-20,SELL,DIVOPPBEES.NS,5958,25.53,152107.74000000002,76.05387000000002,152049.11839000075
2020-04-20,SELL,HNGSNGBEES.NS,504,347.69,175235.76,87.61788,327197.26051000075
2020-04-20,BUY,CONSUMBEES.NS,3024,54.07,163507.68,81.75384,163607.82667000077
2020-04-20,BUY,CPSEETF.NS,9506,17.2,163503.19999999998,81.7516,22.87507000079495
2020-04-27,SELL,CPSEETF.NS,9506,16.31,155042.86,77.52143,154988.2136400008
2020-04-27,BUY,HNGSNGBEES.NS,444,348.4,154689.59999999998,77.34479999999999,221.26884000081918
2020-05-04,SELL,LIQUIDBEES.NS,171,1000.0,171000.0,85.5,171135.76884000082
2020-05-04,SELL,HNGSNGBEES.NS,444,347.48,154281.12,77.14056,325339.7482800008
2020-05-04,BUY,INFRABEES.NS,591,274.99,162519.09,81.259545,162739.3987350008
2020-05-04,BUY,CPSEETF.NS,9724,16.72,162585.28,81.29264,72.82609500081162
2020-05-11,SELL,CPSEETF.NS,9724,16.12,156750.88,78.37544,156745.3306550008
2020-05-11,BUY,HNGSNGBEES.NS,442,354.0,156468.0,78.234,199.0966550008161
2020-05-18,SELL,CONSUMBEES.NS,3024,47.36,143216.63999999998,71.60831999999999,143344.1283350008
2020-05-18,SELL,HNGSNGBEES.NS,442,351.0,155142.0,77.571,298408.55733500083
2020-05-18,BUY,JUNIORBEES.NS,631,236.16,149016.96,74.50847999999999,149317.08885500085
2020-05-18,BUY,MID150BEES.NS,3055,48.8,149084.0,74.542,158.54685500086634
2020-05-26,SELL,GOLDBEES.NS,4638,41.2,191085.6,95.5428,191148.60405500088
2020-05-26,SELL,JUNIORBEES.NS,631,242.86,153244.66,76.62233,344316.64172500087
2020-05-26,BUY,NIF100BEES.NS,1683,102.21,172019.43,86.009715,172211.20201000088
2020-05-26,BUY,MOM100.NS,12505,13.76,172068.8,86.03439999999999,56.36761000088882
2020-06-01,SELL,MOM100.NS,12505,14.46,180822.30000000002,90.41115,180788.2564600009
2020-06-01,SELL,NIF100BEES.NS,1683,104.52,175907.16,87.95358,356607.46288000094
2020-06-01,BUY,NIFTYBEES.NS,1706,104.42,178140.52,89.07025999999999,178377.87262000094
2020-06-01,BUY,JUNIORBEES.NS,701,254.16,178166.16,89.08308000000001,122.62954000092577
2020-06-08,SELL,JUNIORBEES.NS,701,264.21,185211.21,92.605605,185241.23393500093
2020-06-08,BUY,NIF100BEES.NS,1626,113.84,185103.84,92.55192,44.842015000933316
2020-06-15,SELL,NIFTYBEES.NS,1706,104.51,178294.06,89.14703,178249.75498500094
2020-06-15,BUY,MOM100.NS,11775,15.13,178155.75,89.077875,4.9271100009500515
2020-06-22,SELL,MON100.NS,3171,75.46,239283.65999999997,119.64182999999998,239168.94528000092
2020-06-22,BUY,PSUBNKBEES.NS,14801,16.15,239036.14999999997,119.51807499999998,13.277205000951653
2020-06-29,SELL,INFRABEES.NS,591,312.98,184971.18000000002,92.48559000000002,184891.97161500098
2020-06-29,SELL,NIF100BEES.NS,1626,112.83,183461.58,91.73079,368261.820825001
2020-06-29,BUY,NIFTYBEES.NS,1677,109.74,184033.97999999998,92.01698999999999,184135.823835001
2020-06-29,BUY,BANKBEES.NS,854,215.31,183874.74,91.93737,169.14646500101662
2020-07-13,SELL,NIFTYBEES.NS,1677,114.86,192620.22,96.31011000000001,192693.05635500103
2020-07-13,BUY,MON100.NS,2395,80.4,192558.0,96.279,38.777355001016986
2020-07-20,SELL,BANKBEES.NS,854,224.39,191629.06,95.81453,191572.022825001
2020-07-20,SELL,PSUBNKBEES.NS,14801,15.87,234891.87,117.445935,426346.446890001
2020-07-20,BUY,NV20BEES.NS,3713,57.37,213014.81,106.507405,213225.129485001
2020-07-20,BUY,NIFTYBEES.NS,1820,117.06,213049.2,106.5246,69.40488500098581
2020-07-27,SELL,MOM100.NS,11775,16.09,189459.75,94.729875,189434.425010001
2020-07-27,SELL,MON100.NS,2395,77.59,185828.05000000002,92.91402500000001,375169.56098500104
2020-07-27,SELL,MID150BEES.NS,3055,58.4,178412.0,89.206,553492.354985001
2020-07-27,BUY,BANKBEES.NS,837,220.12,184240.44,92.12022,369159.79476500105
2020-07-27,BUY,GOLDBEES.NS,3969,46.45,184360.05000000002,92.18002500000001,184707.56474000102
2020-07-27,BUY,INFRABEES.NS,576,320.01,184325.76,92.16288,289.641860001022
2020-08-03,SELL,INFRABEES.NS,576,320.86,184815.36000000002,92.40768000000001,185012.59418000103
2020-08-03,SELL,BANKBEES.NS,837,212.62,177962.94,88.98147,362886.552710001
2020-08-03,BUY,DIVOPPBEES.NS,6465,28.05,181343.25,90.671625,181452.63108500102
2020-08-03,BUY,JUNIORBEES.NS,648,279.7,181245.6,90.6228,116.40828500100179
2020-08-10,SELL,DIVOPPBEES.NS,6465,28.69,185480.85,92.740425,185504.517860001
2020-08-10,SELL,JUNIORBEES.NS,648,287.94,186585.12,93.29256,371996.345300001
2020-08-10,BUY,MON100.NS,2264,82.1,185874.4,92.9372,186029.008100001
2020-08-10,BUY,MOM100.NS,10903,17.05,185896.15,92.948075,39.91002500100876
2020-08-17,SELL,NIFTYBEES.NS,1820,119.88,218181.6,109.0908,218112.419225001
2020-08-17,SELL,MON100.NS,2264,82.66,187142.24,93.57112,405161.088105001
2020-08-17,BUY,DIVOPPBEES.NS,7102,28.51,202478.02000000002,101.23901000000001,202581.829095001
2020-08-17,BUY,MID150BEES.NS,3237,62.54,202441.98,101.22099,38.62810500100022
2020-08-24,SELL,DIVOPPBEES.NS,7102,29.76,211355.52000000002,105.67776,211288.47034500103
2020-08-24,SELL,GOLDBEES.NS,3969,45.5,180589.5,90.29475000000001,391787.675595001
2020-08-24,BUY,CPSEETF.NS,10192,19.21,195788.32,97.89416,195901.46143500102
2020-08-24,BUY,NIF100BEES.NS,1623,120.59,195717.57,97.85878500000001,86.03265000102692
2020-08-31,SELL,NV20BEES.NS,3713,59.6,221294.80000000002,110.6474,221270.18525000106
2020-08-31,SELL,NIF100BEES.NS,1623,120.5,195571.5,97.78575000000001,416743.89950000105
2020-08-31,BUY,BANKBEES.NS,869,239.57,208186.33,104.093165,208453.47633500106
2020-08-31,BUY,PSUBNKBEES.NS,12396,16.8,208252.80000000002,104.1264,96.54993500103592
2020-09-07,SELL,CPSEETF.NS,10192,17.99,183354.08,91.67703999999999,183358.952895001
2020-09-07,SELL,PSUBNKBEES.NS,12396,16.09,199451.63999999998,99.72582,382710.867075001
2020-09-07,SELL,BANKBEES.NS,869,231.37,201060.53,100.530265,583670.866810001
2020-09-07,BUY,MON100.NS,2333,83.35,194455.55,97.227775,389118.089035001
2020-09-07,BUY,INFRABEES.NS,592,328.44,194436.48,97.21824000000001,194584.390795001
2020-09-07,BUY,NV20BEES.NS,3267,59.52,194451.84,97.22592,35.32487500100979
2020-09-14,SELL,INFRABEES.NS,592,333.25,197284.0,98.642,197220.68287500102
2020-09-14,SELL,NV20BEES.NS,3267,60.14,196477.38,98.23869,393599.824185001
2020-09-14,BUY,BANKBEES.NS,883,222.75,196688.25,98.344125,196813.23006000102
2020-09-14,BUY,NIFTYBEES.NS,1610,122.13,196629.3,98.31465,85.61541000104626
2020-09-21,SELL,BANKBEES.NS,883,215.07,189906.81,94.953405,189897.47200500104
2020-09-21,SELL,MON100.NS,2333,77.94,181834.02,90.91700999999999,371640.574995001
2020-09-21,BUY,NV20BEES.NS,3098,59.95,185725.1,92.86255,185822.61244500102
2020-09-21,BUY,CONSUMBEES.NS,3463,53.63,185720.69,92.86034500000001,9.062100001028739
2020-09-28,SELL,CONSUMBEES.NS,3463,52.65,182326.94999999998,91.16347499999999,182244.848625001
2020-09-28,SELL,NIFTYBEES.NS,1610,119.75,192797.5,96.39875,374945.949875001
2020-09-28,BUY,NIF100BEES.NS,1615,116.0,187340.0,93.67,187512.27987500097
2020-09-28,BUY,LIQUIDBEES.NS,187,999.99,186998.13,93.499065,420.65081000095233
2020-10-05,SELL,LIQUIDBEES.NS,187,1000.0,187000.0,93.5,187327.15081000095
2020-10-05,BUY,BANKBEES.NS,833,224.68,187158.44,93.57922,75.13159000093583
2020-10-12,SELL,MOM100.NS,10903,17.55,191347.65,95.673825,191327.10776500092
2020-10-12,SELL,MID150BEES.NS,3237,65.09,210696.33000000002,105.34816500000001,401918.08960000094
2020-10-12,BUY,NIFTYBEES.NS,1582,126.96,200850.72,100.42536,200966.94424000094
2020-10-12,BUY,LIQUIDBEES.NS,200,999.99,199998.0,99.999,868.9452400009322
2020-10-19,SELL,BANKBEES.NS,833,243.9,203168.7,101.58435000000001,203936.06089000095
2020-10-19,SELL,NIF100BEES.NS,1615,117.5,189762.5,94.88125000000001,393603.6796400009
2020-10-19,BUY,DIVOPPBEES.NS,7020,28.02,196700.4,98.3502,196804.92944000094
2020-10-19,BUY,GOLDBEES.NS,4418,44.52,196689.36000000002,98.34468000000001,17.224760000914102
2020-10-26,SELL,DIVOPPBEES.NS,7020,28.73,201684.6,100.84230000000001,201600.98246000093
2020-10-26,SELL,GOLDBEES.NS,4418,44.55,196821.9,98.41095,398324.47151000093
2020-10-26,SELL,LIQUIDBEES.NS,200,1000.0,200000.0,100.0,598224.471510001
2020-10-26,BUY,BANKBEES.NS,822,242.43,199277.46,99.63873,398847.372780001
2020-10-26,BUY,NIF100BEES.NS,1678,118.71,199195.37999999998,99.59768999999999,199552.39509000105
2020-10-26,BUY,MID150BEES.NS,3050,65.33,199256.5,99.62825000000001,196.26684000104433
2020-11-02,SELL,NIF100BEES.NS,1678,118.4,198675.2,99.33760000000001,198772.12924000106
2020-11-02,SELL,MID150BEES.NS,3050,65.34,199287.0,99.6435,397959.4857400011
2020-11-02,BUY,MON100.NS,2433,81.73,198849.09,99.424545,199010.9711950011
2020-11-02,BUY,LIQUIDBEES.NS,198,1000.0,198000.0,99.0,911.9711950010969
2020-11-09,SELL,NV20BEES.NS,3098,64.45,199666.1,99.83305,200478.23814500112
2020-11-09,SELL,LIQUIDBEES.NS,198,1000.0,198000.0,99.0,398379.2381450011
2020-11-09,BUY,PSUBNKBEES.NS,13123,15.17,199075.91,99.53795500000001,199203.7901900011
2020-11-09,BUY,MOM100.NS,10618,18.75,199087.5,99.54375,16.746440001094015
2020-11-17,SELL,MON100.NS,2433,88.02,214152.66,107.07633,214062.3301100011
2020-11-17,SELL,MOM100.NS,10618,19.23,204184.14,102.09207,418144.3780400011
2020-11-17,BUY,NIF100BEES.NS,1594,131.08,208941.52000000002,104.47076000000001,209098.38728000107
2020-11-17,BUY,CONSUMBEES.NS,3643,57.36,208962.48,104.48124000000001,31.42604000106803
2020-11-23,SELL,CONSUMBEES.NS,3643,56.66,206412.37999999998,103.20618999999999,206340.59985000105
2020-11-23,SELL,PSUBNKBEES.NS,13123,16.14,211805.22,105.90261,418039.917240001
2020-11-23,SELL,NIF100BEES.NS,1594,128.05,204111.7,102.05585,622049.5613900011
2020-11-23,SELL,NIFTYBEES.NS,1582,137.76,217936.31999999998,108.96816,839876.9132300011
2020-11-23,BUY,MOM100.NS,10508,19.97,209844.75999999998,104.92237999999999,629927.2308500011
2020-11-23,BUY,CPSEETF.NS,11380,18.44,209847.2,104.92360000000001,419975.10725000105
2020-11-23,BUY,MID150BEES.NS,2853,73.55,209838.15,104.91907499999999,210032.03817500104
2020-11-23,BUY,INFRABEES.NS,584,358.83,209556.72,104.77836,370.5398150010442
2020-12-01,SELL,INFRABEES.NS,584,360.17,210339.28,105.16964,210604.65017500104
2020-12-01,BUY,PSUBNKBEES.NS,11933,17.64,210498.12,105.24906,1.2811150010384154
2020-12-14,SELL,MID150BEES.NS,2853,77.89,222220.17,111.11008500000001,222110.34103000106
2020-12-14,BUY,DIVOPPBEES.NS,6636,33.45,221974.2,110.98710000000001,25.15393000104814
2020-12-21,SELL,DIVOPPBEES.NS,6636,32.75,217329.0,108.6645,217245.48943000103
2020-12-21,BUY,MID150BEES.NS,2874,75.54,217101.96000000002,108.55098000000001,34.9784500010137
2020-12-28,SELL,BANKBEES.NS,822,310.1,254902.2,127.45110000000001,254809.72735000102
2020-12-28,BUY,DIVOPPBEES.NS,7291,34.93,254674.63,127.337315,7.760035001003416
2021-01-04,SELL,MID150BEES.NS,2874,81.43,234029.82,117.01491,233920.565125001
2021-01-04,BUY,ITBEES.NS,9223,25.35,233803.05000000002,116.901525,0.6136000010010321
2021-01-11,SELL,CPSEETF.NS,11380,21.63,246149.4,123.07469999999999,246026.938900001
2021-01-11,SELL,DIVOPPBEES.NS,7291,35.09,255841.19000000003,127.92059500000002,501740.208305001
2021-01-11,BUY,MID150BEES.NS,2980,84.12,250677.6,125.3388,250937.26950500102
2021-01-11,BUY,NV20BEES.NS,3212,78.06,250728.72,125.36436,83.18514500101446
2021-01-18,SELL,MOM100.NS,10508,22.42,235589.36000000002,117.79468000000001,235554.75046500104
2021-01-18,SELL,MID150BEES.NS,2980,81.76,243644.80000000002,121.82240000000002,479077.7280650011
2021-01-18,BUY,CONSUMBEES.NS,3684,64.98,239386.32,119.69316,239571.71490500108
2021-01-18,BUY,INFRABEES.NS,593,403.37,239198.41,119.599205,253.70570000106818
2021-01-25,SELL,CONSUMBEES.NS,3684,67.45,248485.80000000002,124.2429,248615.26280000107
2021-01-25,SELL,PSUBNKBEES.NS,11933,20.21,241165.93000000002,120.58296500000002,489660.60983500106
2021-01-25,BUY,NIF100BEES.NS,1657,147.6,244573.19999999998,122.28659999999999,244965.12323500108
2021-01-25,BUY,MON100.NS,2521,97.04,244637.84000000003,122.31892000000002,204.964315001067
2021-02-01,SELL,INFRABEES.NS,593,399.36,236820.48,118.41024,236907.03407500108
2021-02-01,SELL,NIF100BEES.NS,1657,147.24,243976.68000000002,121.98834000000001,480761.7257350011
2021-02-01,BUY,MOM100.NS,10579,22.71,240249.09,120.124545,240392.5111900011
2021-02-01,BUY,HNGSNGBEES.NS,671,357.93,240171.03,120.085515,101.39567500108387
2021-02-08,SELL,ITBEES.NS,9223,26.22,241827.06,120.91353,241807.5421450011
2021-02-08,SELL,MON100.NS,2521,98.44,248167.24,124.08362,489850.69852500106
2021-02-08,SELL,MOM100.NS,10579,23.66,250299.14,125.14957000000001,740024.6889550011
2021-02-08,SELL,NV20BEES.NS,3212,79.63,255771.56,127.88578,995668.363175001
2021-02-08,SELL,HNGSNGBEES.NS,671,361.52,242579.91999999998,121.28996,1238126.993215001
2021-02-08,BUY,PSUBNKBEES.NS,10024,24.69,247492.56000000003,123.74628000000001,990510.6869350009
2021-02-08,BUY,BANKBEES.NS,685,361.28,247476.8,123.7384,742910.148535001
2021-02-08,BUY,INFRABEES.NS,581,425.36,247134.16,123.56708,495652.421455001
2021-02-08,BUY,MID150BEES.NS,2857,86.6,247416.19999999998,123.70809999999999,248112.51335500102
2021-02-08,BUY,NIFTYBEES.NS,1536,161.03,247342.08000000002,123.67104,646.7623150010186
2021-02-15,SELL,NIFTYBEES.NS,1536,163.93,251796.48,125.89824,252317.34407500102
2021-02-15,BUY,NIF100BEES.NS,1591,158.42,252046.21999999997,126.02310999999999,145.10096500103828
2021-02-22,SELL,NIF100BEES.NS,1591,152.12,242022.92,121.01146000000001,242047.00950500104
2021-02-22,SELL,MID150BEES.NS,2857,87.46,249873.21999999997,124.93660999999999,491795.292895001
2021-02-22,BUY,DIVOPPBEES.NS,6861,35.82,245761.02,122.88051,245911.39238500103
2021-02-22,BUY,CPSEETF.NS,10967,22.41,245770.47,122.88523500000001,18.037150001036935
2021-03-01,SELL,INFRABEES.NS,581,434.47,252427.07,126.21353500000001,252318.89361500106
2021-03-01,SELL,DIVOPPBEES.NS,6861,36.59,251043.99000000002,125.52199500000002,503237.3616200011
2021-03-01,BUY,MOM100.NS,10007,25.13,251475.91,125.737955,251635.7136650011
2021-03-01,BUY,MID150BEES.NS,2782,90.39,251464.98,125.73249000000001,45.001175001088995
2021-03-22,SELL,BANKBEES.NS,685,337.91,231468.35,115.73417500000001,231397.6170000011
2021-03-22,SELL,PSUBNKBEES.NS,10024,23.64,236967.36000000002,118.48368,468246.4933200011
2021-03-22,BUY,DIVOPPBEES.NS,6381,36.67,233991.27000000002,116.99563500000001,234138.2276850011
2021-03-22,BUY,INFRABEES.NS,544,429.81,233816.64,116.90832,204.679365001095
2021-03-30,SELL,INFRABEES.NS,544,429.51,233653.44,116.82672000000001,233741.2926450011
2021-03-30,BUY,LIQUIDBEES.NS,233,999.99,232997.67,116.49883500000001,627.1238100010669
2021-04-05,SELL,LIQUIDBEES.NS,233,1000.0,233000.0,116.5,233510.62381000107
2021-04-05,BUY,ITBEES.NS,8738,26.71,233391.98,116.69599000000001,1.9478200010489672
2021-04-12,SELL,CPSEETF.NS,10967,21.36,234255.12,117.12756,234139.94026000105
2021-04-12,SELL,DIVOPPBEES.NS,6381,36.9,235458.9,117.72945,469481.11081000103
2021-04-12,BUY,MON100.NS,2297,102.1,234523.69999999998,117.26185,234840.14896000104
2021-04-12,BUY,NV20BEES.NS,2877,81.53,234561.81,117.280905,161.05805500104907
2021-04-19,SELL,MOM100.NS,10007,24.51,245271.57,122.63578500000001,245309.99227000106
2021-04-19,SELL,MID150BEES.NS,2782,89.18,248098.76,124.04938000000001,493284.70289000106
2021-04-19,BUY,HNGSNGBEES.NS,677,364.07,246475.38999999998,123.23769499999999,246686.0751950011
2021-04-19,BUY,CONSUMBEES.NS,3843,64.14,246490.02,123.24501,72.81018500108621
2021-04-26,SELL,NV20BEES.NS,2877,79.43,228520.11000000002,114.26005500000001,228478.6601300011
2021-04-26,SELL,CONSUMBEES.NS,3843,63.21,242916.03,121.458015,471273.23211500107
2021-04-26,BUY,GOLDBEES.NS,5712,41.23,235505.75999999998,117.75287999999999,235649.7192350011
2021-04-26,BUY,DIVOPPBEES.NS,6486,36.31,235506.66,117.75333,25.30590500109247
2021-05-03,SELL,ITBEES.NS,8738,25.97,226925.86,113.46293,226837.70297500107
2021-05-03,SELL,DIVOPPBEES.NS,6486,37.4,242576.4,121.2882,469292.814775001
2021-05-03,BUY,MOM100.NS,9182,25.54,234508.28,117.25414,234667.28063500102
2021-05-03,BUY,JUNIORBEES.NS,639,366.46,234167.93999999997,117.08397,382.25666500104126
2021-05-10,SELL,HNGSNGBEES.NS,677,359.23,243198.71000000002,121.59935500000002,243459.36731000105
2021-05-10,BUY,MID150BEES.NS,2589,93.97,243288.33,121.644165,49.39314500105684
2021-05-17,SELL,MOM100.NS,9182,25.93,238089.26,119.04463000000001,238019.60851500108
2021-05-17,BUY,CPSEETF.NS,9478,25.1,237897.80000000002,118.94890000000001,2.859615001070779
2021-05-24,SELL,MON100.NS,2297,97.16,223176.52,111.58825999999999,223067.79135500107
2021-05-24,SELL,MID150BEES.NS,2589,97.27,251832.03,125.916015,474773.9053400011
2021-05-24,BUY,PSUBNKBEES.NS,9087,26.11,237261.57,118.630785,237393.7045550011
2021-05-24,BUY,BANKBEES.NS,676,350.8,237140.80000000002,118.5704,134.3341550010955
2021-05-31,SELL,GOLDBEES.NS,5712,42.59,243274.08000000002,121.63704000000001,243286.7771150011
2021-05-31,BUY,MOM100.NS,8959,27.14,243147.26,121.57363000000001,17.94348500110209
2021-06-07,SELL,BANKBEES.NS,676,356.02,240669.52,120.33476,240567.1287250011
2021-06-07,BUY,MID150BEES.NS,2367,101.57,240416.18999999997,120.20809499999999,30.73063000111142
2021-06-21,SELL,MID150BEES.NS,2367,101.79,240936.93000000002,120.46846500000001,240847.19216500112
2021-06-21,BUY,ITBEES.NS,8367,28.77,240718.59,120.359295,8.242870001122355
2021-06-28,SELL,CPSEETF.NS,9478,26.42,250408.76,125.20438,250291.79849000112
2021-06-28,SELL,JUNIORBEES.NS,639,403.91,258098.49000000002,129.049245,508261.2392450011
2021-06-28,SELL,MOM100.NS,8959,28.2,252643.8,126.3219,760778.7173450011
2021-06-28,BUY,MID150BEES.NS,2461,102.99,253458.38999999998,126.72919499999999,507193.5981500011
2021-06-28,BUY,BANKBEES.NS,713,355.24,253286.12,126.64306,253780.83509000108
2021-06-28,BUY,MON100.NS,2404,105.41,253405.63999999998,126.70281999999999,248.49227000109386
2021-07-05,SELL,BANKBEES.NS,713,353.9,252330.69999999998,126.16534999999999,252453.02692000108
2021-07-05,BUY,DIVOPPBEES.NS,6189,40.77,252325.53000000003,126.16276500000002,1.3341550010663923
2021-07-12,SELL,DIVOPPBEES.NS,6189,40.36,249788.04,124.89402000000001,249664.48013500107
2021-07-12,SELL,PSUBNKBEES.NS,9087,27.05,245803.35,122.90167500000001,495344.9284600011
2021-07-12,BUY,CPSEETF.NS,9477,26.12,247539.24000000002,123.76962000000002,247681.91884000105
2021-07-12,BUY,CONSUMBEES.NS,3566,69.4,247480.40000000002,123.74020000000002,77.77864000102272
2021-07-19,SELL,CPSEETF.NS,9477,26.12,247539.24000000002,123.76962000000002,247493.24902000104
2021-07-19,SELL,CONSUMBEES.NS,3566,68.98,245982.68000000002,122.99134000000001,493352.937680001
2021-07-19,BUY,MOM100.NS,8455,29.16,246547.8,123.2739,246681.86378000103
2021-07-19,BUY,DIVOPPBEES.NS,6026,40.91,246523.65999999997,123.26182999999999,34.941950001055375
2021-07-26,SELL,MOM100.NS,8455,28.97,244941.34999999998,122.47067499999999,244853.82127500104
2021-07-26,SELL,MID150BEES.NS,2461,105.62,259930.82,129.96541000000002,504654.67586500105
2021-07-26,BUY,CONSUMBEES.NS,3549,71.05,252156.44999999998,126.07822499999999,252372.14764000106
2021-07-26,BUY,NV20BEES.NS,2848,88.53,252133.44,126.06672,112.64092000105302
2021-08-02,SELL,NV20BEES.NS,2848,90.09,256576.32,128.28816,256560.67276000106
2021-08-02,SELL,CONSUMBEES.NS,3549,69.48,246584.52000000002,123.29226000000001,503021.9005000011
2021-08-02,SELL,DIVOPPBEES.NS,6026,41.35,249175.1,124.58755000000001,752072.4129500011
2021-08-02,BUY,MOM100.NS,8436,29.7,250549.19999999998,125.27459999999999,501397.9383500011
2021-08-02,BUY,MID150BEES.NS,2330,107.5,250475.0,125.2375,250797.70085000113
2021-08-02,BUY,JUNIORBEES.NS,601,416.48,250304.48,125.15224,368.0686100011226
2021-08-09,SELL,JUNIORBEES.NS,601,415.48,249703.48,124.85174,249946.69687000112
2021-08-09,BUY,NV20BEES.NS,2732,91.44,249814.08,124.90704,7.709830001142109
2021-08-16,SELL,MON100.NS,2404,111.44,267901.76,133.95088,267775.5189500011
2021-08-16,SELL,MOM100.NS,8436,28.84,243294.24,121.64712,510948.1118300011
2021-08-16,SELL,MID150BEES.NS,2330,105.12,244929.6,122.46480000000001,755755.2470300011
2021-08-16,BUY,NIFTYBEES.NS,1409,178.6,251647.4,125.8237,503982.02333000116
2021-08-16,BUY,INFRABEES.NS,530,474.59,251532.69999999998,125.76634999999999,252323.5569800012
2021-08-16,BUY,NIF100BEES.NS,1453,173.26,251746.78,125.87339,450.90359000119497
2021-08-23,SELL,INFRABEES.NS,530,461.37,244526.1,122.26305,244854.7405400012
2021-08-23,BUY,DIVOPPBEES.NS,5718,42.8,244730.4,122.3652,1.9753400011977646
2021-09-06,SELL,DIVOPPBEES.NS,5718,44.64,255251.52,127.62576,255125.8695800012
2021-09-06,BUY,CONSUMBEES.NS,3335,76.46,254994.09999999998,127.49704999999999,4.272530001209816
2021-09-20,SELL,NIFTYBEES.NS,1409,187.86,264694.74,132.34737,264566.66516000126
2021-09-20,SELL,NIF100BEES.NS,1453,182.82,265637.45999999996,132.81873,530071.3064300013
2021-09-20,BUY,INFRABEES.NS,522,506.7,264497.39999999997,132.24869999999999,265441.6577300013
2021-09-20,BUY,DIVOPPBEES.NS,5884,45.02,264897.68,132.44884,411.52889000129653
2021-09-27,SELL,DIVOPPBEES.NS,5884,45.54,267957.36,133.97868,268234.9102100013
2021-09-27,BUY,MID150BEES.NS,2340,114.53,268000.2,134.0001,100.710110001266
2021-10-04,SELL,ITBEES.NS,8367,35.78,299371.26,149.68563,299322.28448000125
2021-10-04,SELL,NV20BEES.NS,2732,99.93,273008.76,136.50438,572194.5401000013
2021-10-04,BUY,CPSEETF.NS,9221,31.01,285943.21,142.971605,286108.3584950012
2021-10-04,BUY,MOM100.NS,8823,32.41,285953.43,142.976715,11.951780001225416
2021-10-11,SELL,CONSUMBEES.NS,3335,79.32,264532.19999999995,132.26609999999997,264411.88568000117
2021-10-11,BUY,PSUBNKBEES.NS,9404,28.1,264252.4,132.1262,27.359480001148768
2021-10-25,SELL,MID150BEES.NS,2340,115.6,270504.0,135.252,270396.10748000117
2021-10-25,BUY,BANKBEES.NS,651,414.63,269924.13,134.962065,337.0154150011367
2021-11-01,SELL,INFRABEES.NS,522,532.95,278199.9,139.09995,278397.81546500116
2021-11-01,SELL,MOM100.NS,8823,33.0,291159.0,145.5795,569411.2359650012
2021-11-01,BUY,MAFANG.NS,4911,57.94,284543.33999999997,142.27167,284725.6242950012
2021-11-01,BUY,MON100.NS,2426,117.29,284545.54000000004,142.27277,37.8115250011906
2021-11-08,SELL,CPSEETF.NS,9221,30.55,281701.55,140.850775,281598.5107500012
2021-11-08,SELL,BANKBEES.NS,651,397.48,258759.48,129.37974,540228.6110100012
2021-11-08,BUY,INFRABEES.NS,494,545.76,269605.44,134.80272,270488.3682900012
2021-11-08,BUY,MOM100.NS,8088,33.38,269977.44,134.98872,375.9395700011519
2021-11-15,SELL,INFRABEES.NS,494,553.58,273468.52,136.73426,273707.7253100012
2021-11-15,SELL,MOM100.NS,8088,33.53,271190.64,135.59532000000002,544762.7699900011
2021-11-15,BUY,GOLDBEES.NS,6383,42.65,272234.95,136.117475,272391.7025150011
2021-11-15,BUY,MID150BEES.NS,2247,121.15,272224.05,136.112025,31.54049000114901
2021-11-22,SELL,MID150BEES.NS,2247,115.81,260225.07,130.112535,260126.49795500116
2021-11-22,BUY,MOM100.NS,7798,33.34,259985.32000000004,129.99266000000003,11.185295001138002
2021-11-29,SELL,PSUBNKBEES.NS,9404,28.14,264628.56,132.31428,264507.43101500114
2021-11-29,SELL,MOM100.NS,7798,31.42,245013.16,122.50658,509398.08443500113
2021-11-29,BUY,GILT5YBEES.NS,5157,49.36,254549.52,127.27476,254721.28967500114
2021-11-29,BUY,LIQUIDBEES.NS,254,999.99,253997.46,126.99873,596.8309450011584
2021-12-13,SELL,LIQUIDBEES.NS,254,999.99,253997.46,126.99873,254467.29221500116
2021-12-13,SELL,GOLDBEES.NS,6383,41.55,265213.64999999997,132.606825,519548.33539000107
2021-12-13,SELL,MAFANG.NS,4911,57.77,283708.47000000003,141.85423500000002,803114.9511550011
2021-12-13,BUY,MID150BEES.NS,2243,119.29,267567.47000000003,133.783735,535413.697420001
2021-12-13,BUY,ITBEES.NS,7265,36.83,267569.95,133.784975,267709.962445001
2021-12-13,BUY,JUNIORBEES.NS,596,448.92,267556.32,133.77816,19.864285001007374
2021-12-20,SELL,JUNIORBEES.NS,596,422.66,251905.36000000002,125.95268000000002,251799.27160500103
2021-12-20,SELL,MID150BEES.NS,2243,111.2,249421.6,124.7108,501096.16080500104
2021-12-20,BUY,GOLDBEES.NS,5982,41.86,250406.52,125.20326,250564.43754500104
2021-12-20,BUY,LIQUIDBEES.NS,250,1000.0,250000.0,125.0,439.43754500104114
2021-12-27,SELL,GOLDBEES.NS,5982,41.59,248791.38000000003,124.39569000000002,249106.42185500107
2021-12-27,BUY,NV20BEES.NS,2516,98.95,248958.2,124.4791,23.742755001061596
2022-01-03,SELL,LIQUIDBEES.NS,250,999.99,249997.5,124.99875,249896.24400500106
2022-01-03,BUY,PHARMABEES.NS,17626,14.17,249760.42,124.88021,10.943795001046965
2022-01-10,SELL,PHARMABEES.NS,17626,13.93,245530.18,122.76509,245418.35870500104
2022-01-10,SELL,MON100.NS,2426,115.06,279135.56,139.56778,524414.3509250011
2022-01-10,SELL,GILT5YBEES.NS,5157,49.18,253621.26,126.81063,777908.8002950011
2022-01-10,BUY,CPSEETF.NS,8275,31.32,259173.0,129.5865,518606.21379500115
2022-01-10,BUY,BANKBEES.NS,671,385.71,258811.40999999997,129.40570499999998,259665.39809000117
2022-01-10,BUY,DIVOPPBEES.NS,5591,46.35,259142.85,129.571425,392.97666500115884
2022-01-17,SELL,DIVOPPBEES.NS,5591,47.34,264677.94,132.33897000000002,264938.57769500115
2022-01-17,BUY,NIFTYBEES.NS,1337,198.03,264766.11,132.38305499999998,40.08464000117965
2022-01-24,SELL,ITBEES.NS,7265,35.73,259578.44999999998,129.789225,259488.74541500118
2022-01-24,SELL,NIFTYBEES.NS,1337,185.79,248401.22999999998,124.200615,507765.7748000012
2022-01-24,BUY,DIVOPPBEES.NS,5680,44.67,253725.6,126.86280000000001,253913.31200000117
2022-01-24,BUY,GOLDBEES.NS,6036,42.04,253753.44,126.87672,32.995280001166975
2022-01-31,SELL,DIVOPPBEES.NS,5680,45.22,256849.6,128.4248,256754.17048000116
2022-01-31,SELL,GOLDBEES.NS,6036,41.25,248985.0,124.4925,505614.6779800012
2022-01-31,BUY,PSUBNKBEES.NS,7767,32.53,252660.51,126.33025500000001,252827.83772500118
2022-01-31,BUY,LIQUIDBEES.NS,252,1000.0,252000.0,126.0,701.8377250011836
2022-02-07,SELL,NV20BEES.NS,2516,98.78,248530.48,124.26524,249108.0524850012
2022-02-07,SELL,LIQUIDBEES.NS,252,1000.0,252000.0,126.0,500982.05248500116
2022-02-07,BUY,NIFTYBEES.NS,1343,186.34,250254.62,125.12731,250602.30517500115
2022-02-07,BUY,DIVOPPBEES.NS,5500,45.52,250360.00000000003,125.18000000000002,117.12517500112881
2022-02-14,SELL,DIVOPPBEES.NS,5500,44.58,245190.0,122.595,245184.53017500113
2022-02-14,SELL,NIFTYBEES.NS,1343,182.59,245218.37,122.609185,490280.2909900011
2022-02-14,BUY,HNGSNGBEES.NS,782,313.05,244805.1,122.40255,245352.7884400011
2022-02-14,BUY,GOLDBEES.NS,5703,42.96,245000.88,122.50044000000001,229.40800000110175
2022-02-21,SELL,BANKBEES.NS,671,379.51,254651.21,127.325605,254753.2923950011
2022-02-21,BUY,GILT5YBEES.NS,5105,49.87,254586.34999999998,127.29317499999999,39.649220001127105
2022-02-28,SELL,PSUBNKBEES.NS,7767,29.1,226019.7,113.00985000000001,225946.33937000114
2022-02-28,BUY,LIQUIDBEES.NS,225,1000.0,225000.0,112.5,833.8393700011366
2022-03-14,SELL,GILT5YBEES.NS,5105,49.46,252493.30000000002,126.24665000000002,253200.89272000117
2022-03-14,SELL,LIQUIDBEES.NS,225,1000.0,225000.0,112.5,478088.39272000117
2022-03-14,SELL,HNGSNGBEES.NS,782,283.06,221352.92,110.67646,699330.6362600012
2022-03-14,BUY,ITBEES.NS,6339,36.75,232958.25,116.479125,466255.9071350012
2022-03-14,BUY,PHARMABEES.NS,17322,13.45,232980.9,116.49045,233158.5166850012
2022-03-14,BUY,NV20BEES.NS,2353,98.99,232923.47,116.461735,118.58495000121184
2022-03-21,SELL,ITBEES.NS,6339,36.29,230042.31,115.02115500000001,230045.87379500121
2022-03-21,SELL,NV20BEES.NS,2353,99.45,234005.85,117.002925,463934.72087000124
2022-03-21,BUY,GILT5YBEES.NS,4680,49.54,231847.19999999998,115.9236,231971.59727000125
2022-03-21,BUY,LIQUIDBEES.NS,231,999.99,230997.69,115.498845,858.4084250012529
2022-03-28,SELL,PHARMABEES.NS,17322,13.63,236098.86000000002,118.04943000000002,236839.21899500125
2022-03-28,SELL,GILT5YBEES.NS,4680,49.49,231613.2,115.8066,468336.6123950012
2022-03-28,SELL,LIQUIDBEES.NS,231,1000.0,231000.0,115.5,699221.1123950012
2022-03-28,BUY,ITBEES.NS,6309,36.92,232928.28,116.46414,466176.36825500126
2022-03-28,BUY,MON100.NS,2061,112.99,232872.38999999998,116.436195,233187.5420600013
2022-03-28,BUY,NV20BEES.NS,2312,100.72,232864.63999999998,116.43231999999999,206.46974000131013
2022-04-04,SELL,NV20BEES.NS,2312,102.41,236771.91999999998,118.38596,236860.00378000128
2022-04-04,BUY,DIVOPPBEES.NS,5066,46.73,236734.18,118.36709,7.456690001272364
2022-04-11,SELL,ITBEES.NS,6309,35.8,225862.19999999998,112.9311,225756.72559000127
2022-04-11,SELL,DIVOPPBEES.NS,5066,47.01,238152.66,119.07633,463790.3092600013
2022-04-11,SELL,GOLDBEES.NS,5703,45.22,257889.66,128.94483,721551.0244300013
2022-04-11,BUY,MOM100.NS,7273,33.05,240372.64999999997,120.18632499999998,481058.18810500135
2022-04-11,BUY,MID150BEES.NS,2017,119.17,240365.89,120.182945,240572.11516000133
2022-04-11,BUY,JUNIORBEES.NS,518,463.53,240108.53999999998,120.05426999999999,343.5208900013531
2022-04-18,SELL,MON100.NS,2061,111.81,230440.41,115.220205,230668.71068500137
2022-04-18,BUY,PSUBNKBEES.NS,7468,30.87,230537.16,115.26858,16.282105001359014
2022-04-25,SELL,CPSEETF.NS,8275,36.09,298644.75,149.322375,298511.7097300014
2022-04-25,SELL,MOM100.NS,7273,31.32,227790.36000000002,113.89518000000001,526188.1745500014
2022-04-25,BUY,CONSUMBEES.NS,3464,75.9,262917.60000000003,131.45880000000002,263139.11575000134
2022-04-25,BUY,INFRABEES.NS,494,531.59,262605.46,131.30273000000003,402.35302000131924
2022-05-02,SELL,CONSUMBEES.NS,3464,76.7,265688.8,132.8444,265958.3086200013
2022-05-02,SELL,PSUBNKBEES.NS,7468,29.94,223591.92,111.79596000000001,489438.43266000133
2022-05-02,SELL,MID150BEES.NS,2017,113.4,228727.80000000002,114.36390000000002,718051.8687600014
2022-05-02,BUY,CPSEETF.NS,6719,35.6,239196.40000000002,119.59820000000002,478735.87056000135
2022-05-02,BUY,MON100.NS,2214,108.05,239222.69999999998,119.61134999999999,239393.55921000137
2022-05-02,BUY,HNGSNGBEES.NS,775,308.6,239165.00000000003,119.58250000000001,108.97671000135597
2022-05-09,SELL,JUNIORBEES.NS,518,418.7,216886.6,108.44330000000001,216887.13341000135
2022-05-09,SELL,MON100.NS,2214,103.18,228440.52000000002,114.22026000000001,445213.43315000134
2022-05-09,BUY,DIVOPPBEES.NS,5068,43.9,222485.19999999998,111.2426,222616.99055000136
2022-05-09,BUY,GOLDBEES.NS,5008,44.42,222455.36000000002,111.22768,50.402870001329575
2022-05-16,SELL,INFRABEES.NS,494,490.54,242326.76,121.16338,242255.99949000133
2022-05-16,SELL,DIVOPPBEES.NS,5068,42.39,214832.52,107.41626,456981.1032300013
2022-05-16,BUY,LIQUIDBEES.NS,228,1000.0,228000.0,114.0,228867.1032300013
2022-05-16,BUY,GILT5YBEES.NS,4628,49.34,228345.52000000002,114.17276000000001,407.4104700012831
2022-05-23,SELL,HNGSNGBEES.NS,775,295.04,228656.00000000003,114.32800000000002,228949.0824700013
2022-05-23,BUY,CONSUMBEES.NS,3084,74.2,228832.80000000002,114.41640000000001,1.8660700012987945
2022-05-30,SELL,CPSEETF.NS,6719,33.95,228110.05000000002,114.05502500000001,227997.8610450013
2022-05-30,BUY,BANKBEES.NS,630,361.43,227700.9,113.85045,183.11059500131523
2022-06-06,SELL,CONSUMBEES.NS,3084,73.58,226920.72,113.46036000000001,226990.37023500132
2022-06-06,BUY,HNGSNGBEES.NS,724,312.98,226597.52000000002,113.29876000000002,279.55147500129533
2022-06-13,SELL,BANKBEES.NS,630,338.36,213166.80000000002,106.58340000000001,213339.7680750013
2022-06-13,BUY,CPSEETF.NS,6200,34.39,213218.0,106.60900000000001,15.159075001312885
2022-06-20,SELL,CPSEETF.NS,6200,31.44,194928.0,97.464,194845.6950750013
2022-06-20,BUY,CONSUMBEES.NS,2773,70.21,194692.33,97.346165,56.01891000132309
2022-06-27,SELL,LIQUIDBEES.NS,228,999.99,227997.72,113.99886000000001,227939.74005000133
2022-06-27,SELL,GILT5YBEES.NS,4628,48.79,225800.12,112.90006,453626.9599900013
2022-06-27,SELL,HNGSNGBEES.NS,724,308.21,223144.03999999998,111.57202,676659.4279700012
2022-06-27,BUY,PSUBNKBEES.NS,8212,27.45,225419.4,112.7097,451127.3182700012
2022-06-27,BUY,MAFANG.NS,5486,41.09,225419.74000000002,112.70987000000001,225594.8684000012
2022-06-27,BUY,BANKBEES.NS,660,341.4,225323.99999999997,112.66199999999999,158.20640000121784
2022-07-04,SELL,BANKBEES.NS,660,342.74,226208.4,113.1042,226253.5022000012
2022-07-04,BUY,LIQUIDBEES.NS,226,999.99,225997.74,112.99887,142.7633300012094
2022-07-11,SELL,GOLDBEES.NS,5008,43.56,218148.48,109.07424,218182.16909000123
2022-07-11,SELL,LIQUIDBEES.NS,226,999.99,225997.74,112.99887,444066.91022000124
2022-07-11,BUY,AUTOBEES.NS,1797,123.43,221803.71000000002,110.90185500000001,222152.29836500122
2022-07-11,BUY,NV20BEES.NS,2411,92.02,221860.22,110.93011,181.1482550012297
2022-07-18,SELL,NV20BEES.NS,2411,92.91,224006.00999999998,112.00300499999999,224075.1552500012
2022-07-18,SELL,MAFANG.NS,5486,41.02,225035.72000000003,112.51786000000001,448998.35739000124
2022-07-18,BUY,PHARMABEES.NS,17557,12.78,224378.46,112.18923,224507.70816000126
2022-07-18,BUY,JUNIORBEES.NS,539,416.01,224229.38999999998,112.114695,166.20346500127926
2022-07-25,SELL,PHARMABEES.NS,17557,12.58,220867.06,110.43353,220922.82993500127
2022-07-25,BUY,BANKBEES.NS,596,370.3,220698.80000000002,110.34940000000002,113.6805350012437
2022-08-01,SELL,BANKBEES.NS,596,382.53,227987.87999999998,113.99394,227987.56659500123
2022-08-01,SELL,JUNIORBEES.NS,539,437.52,235823.28,117.91164,463692.9349550012
2022-08-01,BUY,MOM100.NS,7237,32.02,231728.74000000002,115.86437000000001,231848.3305850012
2022-08-01,BUY,MID150BEES.NS,2001,115.75,231615.75,115.807875,116.77271000121254
2022-08-08,SELL,AUTOBEES.NS,1797,130.68,234831.96000000002,117.41598000000002,234831.31673000124
2022-08-08,BUY,JUNIORBEES.NS,530,442.15,234339.5,117.16975000000001,374.6469800012419
2022-08-16,SELL,CONSUMBEES.NS,2773,84.87,235344.51,117.672255,235601.48472500124
2022-08-16,BUY,BANKBEES.NS,593,397.06,235456.58,117.72829,27.176435001252685
2022-08-22,SELL,BANKBEES.NS,593,387.38,229716.34,114.85817,229628.65826500126
2022-08-22,BUY,CPSEETF.NS,6512,35.24,229482.88,114.74144000000001,31.036825001239777
2022-08-29,SELL,JUNIORBEES.NS,530,452.93,240052.9,120.02645,239963.91037500123
2022-08-29,BUY,BANKBEES.NS,618,387.78,239648.03999999998,119.82401999999999,196.04635500125005
2022-09-12,SELL,BANKBEES.NS,618,410.22,253515.96000000002,126.75798000000002,253585.24837500128
2022-09-12,BUY,JUNIORBEES.NS,536,472.03,253008.08,126.50403999999999,450.66433500128915
2022-09-19,SELL,MOM100.NS,7237,33.64,243452.68,121.72634,243781.6179950013
2022-09-19,BUY,BANKBEES.NS,589,413.35,243463.15000000002,121.73157500000002,196.73642000125255
2022-09-26,SELL,CPSEETF.NS,6512,34.55,224989.59999999998,112.49479999999998,225073.84162000124
2022-09-26,BUY,CONSUMBEES.NS,2626,85.65,224916.90000000002,112.45845000000001,44.4831700012146
2022-10-03,SELL,BANKBEES.NS,589,385.88,227283.32,113.64166,227214.16151000123
2022-10-03,SELL,JUNIORBEES.NS,536,438.54,235057.44,117.52872,462154.0727900012
2022-10-03,SELL,MID150BEES.NS,2001,117.25,234617.25,117.308625,696654.0141650012
2022-10-03,BUY,PHARMABEES.NS,17477,13.28,232094.56,116.04728,464443.4068850012
2022-10-03,BUY,LIQUIDBEES.NS,232,1000.0,232000.0,116.0,232327.40688500123
2022-10-03,BUY,GILT5YBEES.NS,4704,49.34,232095.36000000002,116.04768000000001,115.99920500122244
2022-10-10,SELL,LIQUIDBEES.NS,232,999.99,231997.68,115.99884,231997.68036500123
2022-10-10,SELL,CONSUMBEES.NS,2626,84.73,222500.98,111.25049000000001,454387.40987500123
2022-10-10,SELL,GILT5YBEES.NS,4704,49.13,231107.52000000002,115.55376000000001,685379.3761150013
2022-10-10,BUY,SILVERBEES.NS,3920,58.25,228340.0,114.17,456925.20611500123
2022-10-10,BUY,MID150BEES.NS,1897,120.34,228284.98,114.14249000000001,228526.08362500122
2022-10-10,BUY,MOM100.NS,6915,33.02,228333.30000000002,114.16665,78.61697500120499
2022-10-17,SELL,PSUBNKBEES.NS,8212,33.77,277319.24000000005,138.65962000000002,277259.19735500123
2022-10-17,SELL,MOM100.NS,6915,32.29,223285.35,111.64267500000001,500432.9046800012
2022-10-17,SELL,MID150BEES.NS,1897,118.69,225154.93,112.577465,725475.2572150012
2022-10-17,BUY,ITBEES.NS,8346,28.96,241700.16,120.85008,483654.2471350011
2022-10-17,BUY,LIQUIDBEES.NS,241,999.99,240997.59,120.498795,242536.15834000113
2022-10-17,BUY,BANKBEES.NS,598,403.65,241382.69999999998,120.69135,1032.7669900011388
2022-10-24,SELL,LIQUIDBEES.NS,241,999.99,240997.59,120.498795,241909.85819500114
2022-10-24,BUY,PSUBNKBEES.NS,6503,37.18,241781.54,120.89077,7.427425001136726
2022-10-31,SELL,BANKBEES.NS,598,417.25,249515.5,124.75775,249398.16967500115
2022-10-31,BUY,CPSEETF.NS,6559,38.0,249242.0,124.62100000000001,31.548675001133233
2022-11-07,SELL,CPSEETF.NS,6559,38.86,254882.74,127.44136999999999,254786.84730500114
2022-11-07,SELL,SILVERBEES.NS,3920,59.97,235082.4,117.5412,489751.70610500115
2022-11-07,BUY,NV20BEES.NS,2407,101.65,244671.55000000002,122.33577500000001,244957.82033000112
2022-11-07,BUY,DIVOPPBEES.NS,5150,47.52,244728.00000000003,122.36400000000002,107.45633000109228
2022-11-14,SELL,PHARMABEES.NS,17477,13.16,229997.32,114.99866,229989.7776700011
2022-11-14,SELL,DIVOPPBEES.NS,5150,47.66,245448.99999999997,122.72449999999999,475316.053170001
2022-11-14,SELL,NV20BEES.NS,2407,102.57,246885.99,123.442995,722078.600175001
2022-11-14,BUY,SILVERBEES.NS,3934,61.15,240564.1,120.28205000000001,481394.21812500095
2022-11-14,BUY,CPSEETF.NS,6325,38.03,240539.75,120.269875,240734.19825000095
2022-11-14,BUY,BANKBEES.NS,565,425.65,240492.25,120.246125,121.70212500094203
2022-11-21,SELL,SILVERBEES.NS,3934,59.93,235764.62,117.88231,235768.43981500095
2022-11-21,BUY,NIFTYBEES.NS,1186,198.55,235480.30000000002,117.74015000000001,170.39966500093578
2022-11-28,SELL,CPSEETF.NS,6325,38.76,245157.0,122.5785,245204.82116500093
2022-11-28,BUY,DIVOPPBEES.NS,5075,48.29,245071.75,122.535875,10.535290000931127
2022-12-05,SELL,BANKBEES.NS,565,437.9,247413.5,123.70675,247300.32854000092
2022-12-05,SELL,DIVOPPBEES.NS,5075,49.28,250096.0,125.048,497271.2805400009
2022-12-05,SELL,NIFTYBEES.NS,1186,204.44,242465.84,121.23292000000001,739615.8876200009
2022-12-05,BUY,SILVERBEES.NS,3784,65.11,246376.24,123.18812,493116.45950000087
2022-12-05,BUY,HNGSNGBEES.NS,896,274.93,246337.28,123.16864,246656.01086000088
2022-12-05,BUY,INFRABEES.NS,434,567.12,246130.08000000002,123.06504000000001,402.86582000087947
2022-12-12,SELL,ITBEES.NS,8346,30.27,252633.41999999998,126.31671,252909.96911000085
2022-12-12,BUY,GOLDBEES.NS,5472,46.19,252751.68,126.37584,31.913270000863122
2022-12-19,SELL,INFRABEES.NS,434,566.18,245722.11999999997,122.86105999999998,245631.17221000083
2022-12-19,BUY,MAFANG.NS,6401,38.35,245478.35,122.739175,30.08303500083275
2022-12-26,SELL,MAFANG.NS,6401,37.74,241573.74000000002,120.78687000000001,241483.03616500084
2022-12-26,BUY,LTGILTBEES.NS,10462,23.07,241358.34,120.67917,4.016995000856696
2023-01-02,SELL,LTGILTBEES.NS,10462,23.05,241149.1,120.57455,241032.54244500087
2023-01-02,BUY,MOM100.NS,7133,33.77,240881.41000000003,120.44070500000002,30.691740000853315
2023-01-09,SELL,MOM100.NS,7133,33.5,238955.5,119.47775,238866.71399000086
2023-01-09,BUY,LTGILTBEES.NS,10362,23.04,238740.47999999998,119.37024,6.863750000891741
2023-01-16,SELL,LTGILTBEES.NS,10362,23.1,239362.2,119.68110000000001,239249.38265000092
2023-01-16,BUY,GILT5YBEES.NS,4729,50.56,239098.24000000002,119.54912000000002,31.59353000088595
2023-01-23,SELL,PSUBNKBEES.NS,6503,47.11,306356.33,153.178165,306234.7453650009
2023-01-23,SELL,GILT5YBEES.NS,4729,50.7,239760.30000000002,119.88015000000001,545875.165215001
2023-01-23,BUY,CPSEETF.NS,6971,39.13,272775.23000000004,136.387615,272963.5476000009
2023-01-23,BUY,ITBEES.NS,8726,31.26,272774.76,136.38738,52.40022000094177
2023-01-30,SELL,CPSEETF.NS,6971,37.66,262527.86,131.26393,262448.9962900009
2023-01-30,BUY,MAFANG.NS,6123,42.84,262309.32,131.15466,8.521630000905134
2023-02-06,SELL,GOLDBEES.NS,5472,49.04,268346.88,134.17344,268221.2281900009
2023-02-06,SELL,SILVERBEES.NS,3784,66.92,253225.28,126.61264,521319.89555000095
2023-02-06,BUY,MON100.NS,2599,100.22,260471.78,130.23589,260717.87966000094
2023-02-06,BUY,AUTOBEES.NS,1932,134.78,260394.96,130.19747999999998,192.7221800009429
2023-02-20,SELL,AUTOBEES.NS,1932,132.96,256878.72,128.43936,256943.00282000095
2023-02-20,SELL,HNGSNGBEES.NS,896,297.52,266577.92,133.28896,523387.633860001
2023-02-20,BUY,NV20BEES.NS,2440,107.16,261470.4,130.7352,261786.498660001
2023-02-20,BUY,DIVOPPBEES.NS,5242,49.89,261523.38,130.76169000000002,132.35697000098298
2023-02-27,SELL,DIVOPPBEES.NS,5242,48.55,254499.09999999998,127.24954999999999,254504.20742000095
2023-02-27,BUY,CPSEETF.NS,6451,39.43,254362.93,127.181465,14.095955000957474
2023-03-06,SELL,NV20BEES.NS,2440,105.5,257420.0,128.71,257305.38595500097
2023-03-06,BUY,AUTOBEES.NS,1967,130.73,257145.90999999997,128.57295499999998,30.903000000980683
2023-03-13,SELL,ITBEES.NS,8726,30.53,266404.78,133.20239,266302.480610001
2023-03-13,SELL,AUTOBEES.NS,1967,126.28,248392.76,124.19638,514571.04423000105
2023-03-13,BUY,MOM100.NS,8038,31.99,257135.62,128.56781,257306.85642000104
2023-03-13,BUY,DIVOPPBEES.NS,5275,48.75,257156.25,128.578125,22.02829500104417
2023-03-20,SELL,DIVOPPBEES.NS,5275,48.46,255626.5,127.81325,255520.71504500104
2023-03-20,SELL,MOM100.NS,8038,31.51,253277.38,126.63869000000001,508671.4563550011
2023-03-20,BUY,INFRABEES.NS,483,525.62,253874.46,126.93723,254670.05912500108
2023-03-20,BUY,LTGILTBEES.NS,10849,23.43,254192.07,127.096035,350.8930900010746
2023-03-27,SELL,INFRABEES.NS,483,522.32,252280.56000000003,126.14028000000002,252505.3128100011
2023-03-27,SELL,MON100.NS,2599,102.35,266007.64999999997,133.00382499999998,518379.9589850011
2023-03-27,BUY,GOLDBEES.NS,5140,50.4,259056.0,129.528,259194.4309850011
2023-03-27,BUY,SILVERBEES.NS,3786,68.42,259038.12,129.51906,26.791925001103664
2023-04-03,SELL,LTGILTBEES.NS,10849,23.46,254517.54,127.25877000000001,254417.07315500113
2023-04-03,BUY,MON100.NS,2429,104.68,254267.72000000003,127.13386000000001,22.219295001093997
2023-04-17,SELL,CPSEETF.NS,6451,41.28,266297.28,133.14864000000003,266186.3506550011
2023-04-17,SELL,MON100.NS,2429,103.8,252130.19999999998,126.06509999999999,518190.48555500107
2023-04-17,BUY,BANKBEES.NS,606,427.05,258792.30000000002,129.39615,259268.78940500107
2023-04-17,BUY,PSUBNKBEES.NS,5951,43.51,258928.00999999998,129.464005,211.31540000109817
2023-04-24,SELL,BANKBEES.NS,606,431.09,261240.53999999998,130.62027,261321.23513000106
2023-04-24,SELL,PSUBNKBEES.NS,5951,44.01,261903.50999999998,130.951755,523093.79337500106
2023-04-24,BUY,MON100.NS,2521,103.67,261352.07,130.676035,261611.04734000104
2023-04-24,BUY,PHARMABEES.NS,20763,12.59,261406.16999999998,130.703085,74.17425500106765
2023-05-02,SELL,PHARMABEES.NS,20763,12.72,264105.36,132.05268,264047.48157500103
2023-05-02,SELL,GOLDBEES.NS,5140,51.31,263733.4,131.8667,527649.014875001
2023-05-02,BUY,PSUBNKBEES.NS,5691,46.33,263664.02999999997,131.83201499999998,263853.1528600011
2023-05-02,BUY,BANKBEES.NS,602,437.85,263585.7,131.79285000000002,135.66001000104006
2023-05-08,SELL,MON100.NS,2521,104.74,264049.54,132.02477,264053.175240001
2023-05-08,SELL,MAFANG.NS,6123,49.75,304619.25,152.309625,568520.115615001
2023-05-08,BUY,AUTOBEES.NS,2073,137.05,284104.65,142.05232500000002,284273.4132900009
2023-05-08,BUY,MOM100.NS,8235,34.5,284107.5,142.05375,23.859540000907145
2023-05-15,SELL,SILVERBEES.NS,3786,71.83,271948.38,135.97419,271836.26535000093
2023-05-15,BUY,CPSEETF.NS,6373,42.63,271680.99,135.840495,19.43485500093084
2023-05-22,SELL,PSUBNKBEES.NS,5691,44.08,250859.28,125.42964,250753.28521500094
2023-05-22,BUY,MAFANG.NS,4534,55.27,250594.18000000002,125.29709000000001,33.808125000912696
2023-05-29,SELL,CPSEETF.NS,6373,42.41,270278.93,135.139465,270177.5986600009
2023-05-29,SELL,BANKBEES.NS,602,449.93,270857.86,135.42893,540900.0297300009
2023-05-29,BUY,MON100.NS,2348,115.1,270254.8,135.1274,270510.1023300009
2023-05-29,BUY,JUNIORBEES.NS,610,443.11,270297.10000000003,135.14855000000003,77.85378000087803
2023-06-05,SELL,MOM100.NS,8235,36.11,297365.85,148.68292499999998,297295.0208550009
2023-06-05,BUY,ITBEES.NS,9701,30.63,297141.63,148.570815,4.820040000893641
2023-06-12,SELL,ITBEES.NS,9701,30.11,292097.11,146.048555,291955.8814850009
2023-06-12,BUY,MOM100.NS,8001,36.47,291796.47,145.898235,13.513250000949483
2023-06-19,SELL,MOM100.NS,8001,37.38,299077.38,149.53869,298941.35456000094
2023-06-19,BUY,MID150BEES.NS,2214,134.91,298690.74,149.34537,101.26919000095222
2023-06-26,SELL,AUTOBEES.NS,2073,148.48,307799.04,153.89952,307746.40967000095
2023-06-26,SELL,JUNIORBEES.NS,610,455.07,277592.7,138.79635000000002,585200.3133200009
2023-06-26,BUY,MOM100.NS,7868,37.17,292453.56,146.22678,292600.52654000086
2023-06-26,BUY,PHARMABEES.NS,21647,13.51,292450.97,146.225485,3.3310550008900464
2023-07-03,SELL,MID150BEES.NS,2214,137.13,303605.82,151.80291,303457.34814500087
2023-07-03,BUY,AUTOBEES.NS,1985,152.78,303268.3,151.63415,37.413995000883006
2023-07-10,SELL,MON100.NS,2348,120.62,283215.76,141.60788,283111.56611500087
2023-07-10,BUY,PSUBNKBEES.NS,5746,49.24,282933.04000000004,141.46652000000003,37.059595000813715
2023-07-17,SELL,MOM100.NS,7868,38.85,305671.8,152.8359,305556.0236950008
2023-07-17,BUY,MON100.NS,2461,124.08,305360.88,152.68044,42.46325500076637
2023-07-24,SELL,AUTOBEES.NS,1985,158.27,314165.95,157.082975,314051.33028000075
2023-07-24,BUY,MOM100.NS,8017,39.15,313865.55,156.932775,28.84750500076916
2023-07-31,SELL,MON100.NS,2461,126.04,310184.44,155.09222,310058.1952850008
2023-07-31,SELL,MAFANG.NS,4534,65.71,297929.13999999996,148.96456999999998,607838.3707150007
2023-07-31,BUY,CPSEETF.NS,6366,47.71,303721.86,151.86093,303964.64978500066
2023-07-31,BUY,INFRABEES.NS,481,631.03,303525.43,151.762715,287.4570700006443
2023-08-07,SELL,INFRABEES.NS,481,625.18,300711.57999999996,150.35578999999998,300848.6812800006
2023-08-07,BUY,MID150BEES.NS,2076,144.82,300646.32,150.32316,52.03812000056496
2023-08-28,SELL,PSUBNKBEES.NS,5746,50.78,291781.88,145.89094,291688.02718000056
2023-08-28,BUY,ITBEES.NS,9026,32.3,291539.8,145.7699,2.457280000555329
2023-09-04,SELL,ITBEES.NS,9026,33.82,305259.32,152.62966,305109.1476200006
2023-09-04,BUY,AUTOBEES.NS,1879,162.23,304830.17,152.415085,126.56253500061575
2023-09-11,SELL,PHARMABEES.NS,21647,15.53,336177.91,168.088955,336136.3835800006
2023-09-11,SELL,AUTOBEES.NS,1879,166.48,312815.92,156.40796,648795.8956200005
2023-09-11,BUY,ITBEES.NS,9458,34.28,324220.24,162.11012,324413.54550000053
2023-09-11,BUY,DIVOPPBEES.NS,5532,58.61,324230.52,162.11526,20.9102400005213
2023-09-18,SELL,DIVOPPBEES.NS,5532,58.82,325392.24,162.69612,325250.45412000053
2023-09-18,BUY,PSUBNKBEES.NS,5597,58.08,325073.76,162.53688,14.157240000495221
2023-10-03,SELL,ITBEES.NS,9458,33.35,315424.3,157.71215,315280.7450900005
2023-10-03,BUY,DIVOPPBEES.NS,5442,57.9,315091.8,157.5459,31.399190000491217
2023-10-09,SELL,MID150BEES.NS,2076,151.75,315033.0,157.5165,314906.88269000046
2023-10-09,BUY,ITBEES.NS,9290,33.88,314745.2,157.3726,4.3100900004501455
2023-10-16,SELL,ITBEES.NS,9290,33.39,310193.1,155.09654999999998,310042.3135400004
2023-10-16,SELL,MOM100.NS,8017,43.22,346494.74,173.24737,656363.8061700005
2023-10-16,BUY,INFRABEES.NS,501,654.68,327994.68,163.99734,328205.12883000047
2023-10-16,BUY,AUTOBEES.NS,1954,167.83,327939.82,163.96991,101.3389200004749
2023-10-23,SELL,DIVOPPBEES.NS,5442,57.07,310574.94,155.28747,310520.9914500005
2023-10-23,BUY,GOLDBEES.NS,6021,51.54,310322.33999999997,155.16117,43.49028000055114
2023-10-30,SELL,INFRABEES.NS,501,634.89,318079.89,159.03994500000002,317964.34033500054
2023-10-30,BUY,GILT5YBEES.NS,5982,53.12,317763.83999999997,158.88191999999998,41.618415000557434
2023-11-06,SELL,PSUBNKBEES.NS,5597,55.59,311137.23000000004,155.56861500000002,311023.2798000006
2023-11-06,SELL,AUTOBEES.NS,1954,164.52,321472.08,160.73604,632334.6237600006
2023-11-06,BUY,LIQUIDBEES.NS,316,999.99,315996.84,157.99842,316179.7853400005
2023-11-06,BUY,LTGILTBEES.NS,12972,24.36,315997.92,157.99895999999998,23.866380000545178
2023-11-13,SELL,GILT5YBEES.NS,5982,53.41,319498.62,159.74931,319362.73707000056
2023-11-13,SELL,LTGILTBEES.NS,12972,24.43,316905.96,158.45298000000003,636110.2440900006
2023-11-13,SELL,LIQUIDBEES.NS,316,1000.0,316000.0,158.0,951952.2440900006
2023-11-13,BUY,MAFANG.NS,4875,65.05,317118.75,158.55937500000002,634674.9347150007
2023-11-13,BUY,MON100.NS,2537,124.98,317074.26,158.53713000000002,317442.13758500066
2023-11-13,BUY,PHARMABEES.NS,20162,15.73,317148.26,158.57413,135.30345500062685
2023-11-20,SELL,PHARMABEES.NS,20162,16.04,323398.48,161.69924,323372.0842150006
2023-11-20,BUY,SILVERBEES.NS,4515,71.58,323183.7,161.59185000000002,26.79236500058323
2023-11-28,SELL,SILVERBEES.NS,4515,73.41,331446.14999999997,165.723075,331307.21929000056
2023-11-28,BUY,PHARMABEES.NS,20516,16.14,331128.24,165.56412,13.415170000575017
2023-12-04,SELL,PHARMABEES.NS,20516,16.49,338308.83999999997,169.15442,338153.10075000057
2023-12-04,SELL,GOLDBEES.NS,6021,53.72,323448.12,161.72406,661439.4966900006
2023-12-04,SELL,MON100.NS,2537,129.73,329125.00999999995,164.562505,990399.9441850006
2023-12-04,BUY,JUNIORBEES.NS,627,525.72,329626.44,164.81322,660608.6909650005
2023-12-04,BUY,MOM100.NS,6998,47.15,329955.7,164.97785000000002,330488.0131150005
2023-12-04,BUY,DIVOPPBEES.NS,5179,63.71,329954.09,164.977045,368.9460700004711
2023-12-11,SELL,DIVOPPBEES.NS,5179,64.86,335909.94,167.95497,336110.93110000045
2023-12-11,SELL,MAFANG.NS,4875,69.01,336423.75,168.211875,672366.4692250005
2023-12-11,BUY,INFRABEES.NS,463,724.68,335526.83999999997,167.76342,336671.86580500053
2023-12-11,BUY,PSUBNKBEES.NS,5446,61.69,335963.74,167.98187,540.1439350005239
2023-12-18,SELL,INFRABEES.NS,463,747.2,345953.60000000003,172.97680000000003,346320.76713500055
2023-12-18,SELL,PSUBNKBEES.NS,5446,63.78,347345.88,173.67294,693492.9741950005
2023-12-18,BUY,ITBEES.NS,9154,37.86,346570.44,173.28522,346749.24897500046
2023-12-18,BUY,DIVOPPBEES.NS,5158,67.18,346514.44000000006,173.25722000000005,61.551755000371486
2023-12-26,SELL,MOM100.NS,6998,48.18,337163.64,168.58182000000002,337056.60993500036
2023-12-26,BUY,INFRABEES.NS,451,746.64,336734.64,168.36732,153.60261500033084
2024-01-08,SELL,ITBEES.NS,9154,36.51,334212.54,167.10627,334199.0363450003
2024-01-08,SELL,DIVOPPBEES.NS,5158,68.03,350898.74,175.44937,684922.3269750003
2024-01-08,BUY,PSUBNKBEES.NS,5409,63.27,342227.43,171.113715,342523.78326000035
2024-01-08,BUY,MOM100.NS,6843,50.02,342286.86000000004,171.14343000000002,65.77983000030508
2024-01-15,SELL,MOM100.NS,6843,51.0,348993.0,174.4965,348884.2833300003
2024-01-15,BUY,ITBEES.NS,8888,39.23,348676.24,174.33812,33.70521000033477
2024-01-23,SELL,JUNIORBEES.NS,627,566.94,355471.38000000006,177.73569000000003,355327.3495200004
2024-01-23,BUY,DIVOPPBEES.NS,5145,69.02,355107.89999999997,177.55395,41.895570000458974
2024-01-29,SELL,DIVOPPBEES.NS,5145,71.23,366478.35000000003,183.23917500000002,366337.0063950005
2024-01-29,SELL,PSUBNKBEES.NS,5409,67.29,363971.61000000004,181.98580500000003,730126.6305900005
2024-01-29,BUY,MAFANG.NS,4806,75.91,364823.45999999996,182.41172999999998,365120.7588600006
2024-01-29,BUY,PHARMABEES.NS,20373,17.91,364880.43,182.440215,57.888645000581164
2024-02-05,SELL,ITBEES.NS,8888,39.35,349742.8,174.8714,349625.81724500057
2024-02-05,SELL,MAFANG.NS,4806,78.58,377655.48,188.82774,727092.4695050006
2024-02-05,BUY,PSUBNKBEES.NS,4973,73.06,363327.38,181.66369,363583.4258150006
2024-02-05,BUY,DIVOPPBEES.NS,4953,73.36,363352.08,181.67604,49.66977500059875
2024-02-12,SELL,DIVOPPBEES.NS,4953,72.21,357656.12999999995,178.82806499999998,357526.97171000054
2024-02-12,BUY,MAFANG.NS,4395,81.3,357313.5,178.65675000000002,34.814960000512656
2024-02-19,SELL,PHARMABEES.NS,20373,19.39,395032.47000000003,197.51623500000002,394869.76872500055
2024-02-19,SELL,INFRABEES.NS,451,842.19,379827.69,189.913845,774507.5448800006
2024-02-19,BUY,ITBEES.NS,9538,40.58,387052.04,193.52602,387261.9788600007
2024-02-19,BUY,AUTOBEES.NS,1858,208.25,386928.5,193.46425,140.0146100006532
2024-02-26,SELL,ITBEES.NS,9538,39.89,380470.82,190.23541,380420.59920000064
2024-02-26,BUY,PHARMABEES.NS,19711,19.29,380225.19,190.112595,5.296605000621639
2024-03-04,SELL,PHARMABEES.NS,19711,19.3,380422.3,190.21115,380237.3854550006
2024-03-04,BUY,HNGSNGBEES.NS,1523,249.5,379988.5,189.99425,58.89120500063291
2024-03-11,SELL,HNGSNGBEES.NS,1523,249.76,380384.48,190.19224,380253.1789650006
2024-03-11,BUY,JUNIORBEES.NS,591,642.49,379711.59,189.85579500000003,351.7331700006034
2024-03-18,SELL,CPSEETF.NS,6366,76.54,487253.64,243.62682,487361.7463500006
2024-03-18,SELL,PSUBNKBEES.NS,4973,75.3,374466.89999999997,187.23344999999998,861641.4129000006
2024-03-18,SELL,JUNIORBEES.NS,591,621.81,367489.70999999996,183.74485499999997,1228947.3780450006
2024-03-18,BUY,HNGSNGBEES.NS,1610,254.17,409213.69999999995,204.60684999999998,819529.0711950007
2024-03-18,BUY,PHARMABEES.NS,21380,19.15,409426.99999999994,204.71349999999998,409897.3576950007
2024-03-18,BUY,GOLDBEES.NS,7377,55.5,409423.5,204.71175,269.14594500069506
2024-03-26,SELL,PHARMABEES.NS,21380,19.12,408785.60000000003,204.39280000000002,408850.35314500076
2024-03-26,SELL,HNGSNGBEES.NS,1610,242.41,390280.1,195.14005,798935.3130950008
2024-03-26,BUY,SILVERBEES.NS,5482,72.83,399254.06,199.62703,399481.62606500083
2024-03-26,BUY,MON100.NS,2666,149.71,399126.86000000004,199.56343000000004,155.2026350008091
2024-04-01,SELL,MON100.NS,2666,150.1,400166.6,200.08329999999998,400121.7193350008
2024-04-01,BUY,JUNIORBEES.NS,609,655.78,399370.01999999996,199.68500999999998,552.0143250008114
2024-04-29,SELL,AUTOBEES.NS,1858,224.43,416990.94,208.49547,417334.4588550008
2024-04-29,BUY,HNGSNGBEES.NS,1575,264.81,417075.75,208.537875,50.17098000081023
2024-05-06,SELL,GOLDBEES.NS,7377,60.72,447931.44,223.96572,447757.64526000083
2024-05-06,SELL,SILVERBEES.NS,5482,79.78,437353.96,218.67698000000001,884892.9282800008
2024-05-06,BUY,CPSEETF.NS,5066,87.28,442160.48,221.08024,442511.36804000085
2024-05-06,BUY,PSUBNKBEES.NS,5497,80.44,442178.68,221.08934,111.59870000084629
2024-05-13,SELL,CPSEETF.NS,5066,84.52,428178.32,214.08916000000002,428075.8295400009
2024-05-13,SELL,PSUBNKBEES.NS,5497,77.54,426237.38000000006,213.11869000000004,854100.090850001
2024-05-13,BUY,SILVERBEES.NS,5207,81.97,426817.79,213.408895,427068.891955001
2024-05-13,BUY,GOLDBEES.NS,6980,61.15,426827.0,213.4135,28.47845500096446
2024-05-21,SELL,GOLDBEES.NS,6980,62.63,437157.4,218.57870000000003,436967.299755001
2024-05-21,SELL,MAFANG.NS,4395,95.58,420074.1,210.03705,856831.3627050009
2024-05-21,BUY,AUTOBEES.NS,1803,237.47,428158.41,214.079205,428458.8735000009
2024-05-21,BUY,CPSEETF.NS,4620,92.67,428135.4,214.0677,109.40580000088084
2024-06-10,SELL,CPSEETF.NS,4620,90.42,417740.4,208.8702,417640.9356000009
2024-06-10,BUY,MON100.NS,2704,154.37,417416.48000000004,208.70824000000002,15.747360000852495
2024-06-18,SELL,HNGSNGBEES.NS,1575,305.24,480753.0,240.3765,480528.37086000084
2024-06-18,BUY,MID150BEES.NS,2250,213.45,480262.5,240.13125,25.73961000086274
2024-06-24,SELL,SILVERBEES.NS,5207,86.99,452956.93,226.478465,452756.19114500086
2024-06-24,SELL,MON100.NS,2704,161.36,436317.44000000006,218.15872000000005,888855.472425001
2024-06-24,BUY,MOM100.NS,7475,59.42,444164.5,222.08225000000002,444468.890175001
2024-06-24,BUY,CPSEETF.NS,4748,93.54,444127.92000000004,222.06396000000004,118.90621500095585
2024-07-01,SELL,CPSEETF.NS,4748,93.94,446027.12,223.01356,445923.01265500096
2024-07-01,SELL,JUNIORBEES.NS,609,767.87,467632.83,233.816415,913322.026240001
2024-07-01,BUY,BANKBEES.NS,846,539.28,456230.88,228.11544,456863.03080000094
2024-07-01,BUY,MON100.NS,2818,161.94,456346.92,228.17346,287.93734000093536
2024-07-08,SELL,AUTOBEES.NS,1803,257.56,464380.68,232.19034,464436.42700000096
2024-07-08,BUY,ITBEES.NS,11538,40.23,464173.74,232.08687,30.6001300009666
2024-07-15,SELL,BANKBEES.NS,846,538.03,455173.38,227.58669,454976.39344000095
2024-07-15,SELL,MON100.NS,2818,168.93,476044.74,238.02237,930783.1110700009
2024-07-15,BUY,CPSEETF.NS,4519,102.92,465095.48,232.54774,465455.0833300009
2024-07-15,BUY,NV20BEES.NS,2956,157.36,465156.16000000003,232.57808000000003,66.34525000088615
2024-07-22,SELL,MID150BEES.NS,2250,215.55,484987.5,242.49375,484811.35150000086
2024-07-22,BUY,DIVOPPBEES.NS,5746,84.33,484560.18,242.28009,8.891410000855103
2024-07-29,SELL,MOM100.NS,7475,62.39,466365.25,233.182625,466140.95878500084
2024-07-29,BUY,PHARMABEES.NS,21091,22.09,465900.19,232.950095,7.8186900008586235
2024-08-19,SELL,DIVOPPBEES.NS,5746,86.19,495247.74,247.62387,495007.93482000084
2024-08-19,BUY,CONSUMBEES.NS,3793,130.44,494758.92,247.37946,1.635360000829678
2024-08-26,SELL,CPSEETF.NS,4519,103.63,468303.97,234.151985,468071.4533750008
2024-08-26,BUY,DIVOPPBEES.NS,5355,87.36,467812.8,233.9064,24.7469750008313
2024-09-02,SELL,NV20BEES.NS,2956,165.45,489070.19999999995,244.53509999999997,488850.4118750008
2024-09-02,BUY,MOM100.NS,7710,63.37,488582.69999999995,244.29135,23.420525000838097
2024-09-09,SELL,DIVOPPBEES.NS,5355,86.46,462993.3,231.49665,462785.22387500084
2024-09-09,BUY,JUNIORBEES.NS,581,796.07,462516.67000000004,231.25833500000002,37.29554000077769
2024-09-16,SELL,JUNIORBEES.NS,581,804.29,467292.49,233.646245,467096.13929500076
2024-09-16,BUY,GOLDBEES.NS,7523,62.05,466802.14999999997,233.401075,60.5882200007909
2024-09-23,SELL,PHARMABEES.NS,21091,23.55,496693.05,248.34652499999999,496505.2916950008
2024-09-23,SELL,MOM100.NS,7710,65.01,501227.10000000003,250.61355000000003,997481.7781450008
2024-09-23,BUY,SILVERBEES.NS,5840,85.35,498443.99999999994,249.22199999999998,498788.55614500085
2024-09-23,BUY,MON100.NS,3097,160.92,498369.23999999993,249.18461999999997,170.13152500090655
2024-09-30,SELL,ITBEES.NS,11538,44.93,518402.34,259.20117,518313.2703550009
2024-09-30,SELL,GOLDBEES.NS,7523,63.55,478086.64999999997,239.04332499999998,996160.8770300009
2024-09-30,SELL,MON100.NS,3097,163.08,505058.76000000007,252.52938000000003,1500967.107650001
2024-09-30,BUY,HNGSNGBEES.NS,1362,367.12,500017.44,250.00872,1000699.6589300011
2024-09-30,BUY,AUTOBEES.NS,1808,276.44,499803.52,249.90176000000002,500646.2371700011
2024-09-30,BUY,NIF100BEES.NS,1768,282.73,499866.64,249.93332,529.6638500010595
2024-10-07,SELL,AUTOBEES.NS,1808,264.31,477872.48,238.93624,478163.20761000103
2024-10-07,SELL,NIF100BEES.NS,1768,271.65,480277.19999999995,240.13859999999997,958200.269010001
2024-10-07,BUY,GOLDBEES.NS,7504,63.81,478830.24,239.41512,479130.61389000097
2024-10-07,BUY,NV20BEES.NS,2917,164.14,478796.37999999995,239.39818999999997,94.83570000104373
2024-10-14,SELL,NV20BEES.NS,2917,162.89,475150.12999999995,237.57506499999997,475007.390635001
2024-10-14,BUY,MON100.NS,2863,165.82,474742.66,237.37133,27.359305001038592
2024-10-21,SELL,CONSUMBEES.NS,3793,132.69,503293.17,251.646585,503068.88272000104
2024-10-21,BUY,MAFANG.NS,5238,95.98,502743.24000000005,251.37162000000004,74.2711000010022
2024-11-11,SELL,SILVERBEES.NS,5840,88.48,516723.2,258.3616,516539.109500001
2024-11-11,BUY,PSUBNKBEES.NS,6755,76.42,516217.10000000003,258.10855000000004,63.900950000970624
2024-11-18,SELL,GOLDBEES.NS,7504,62.9,472001.6,236.0008,471829.50015000097
2024-11-18,SELL,PSUBNKBEES.NS,6755,72.69,491020.95,245.510475,962604.939675001
2024-11-18,SELL,HNGSNGBEES.NS,1362,329.95,449391.89999999997,224.69594999999998,1411772.1437250008
2024-11-18,BUY,ITBEES.NS,10579,44.46,470342.34,235.17117000000002,941194.6325550007
2024-11-18,BUY,GILT5YBEES.NS,8065,58.32,470350.8,235.1754,470608.6571550007
2024-11-18,BUY,LIQUIDBEES.NS,470,1000.0,470000.0,235.0,373.6571550007211
2024-11-25,SELL,LIQUIDBEES.NS,470,999.99,469995.3,234.99765,470133.95950500073
2024-11-25,SELL,GILT5YBEES.NS,8065,58.36,470673.4,235.3367,940572.0228050008
2024-11-25,BUY,GOLDBEES.NS,7301,64.38,470038.37999999995,235.01918999999998,470298.6236150008
2024-11-25,BUY,SILVERBEES.NS,5410,86.87,469966.7,234.98335,96.94026500079781
2024-12-02,SELL,GOLDBEES.NS,7301,63.76,465511.76,232.75588000000002,465375.9443850008
2024-12-02,SELL,SILVERBEES.NS,5410,86.04,465476.4,232.7382,930619.6061850009
2024-12-02,BUY,HNGSNGBEES.NS,1405,330.79,464759.95,232.379975,465627.27621000085
2024-12-02,BUY,PSUBNKBEES.NS,6134,75.81,465018.54000000004,232.50927000000001,376.2269400008372
2024-12-09,SELL,HNGSNGBEES.NS,1405,354.39,497917.94999999995,248.95897499999998,498045.2179650008
2024-12-09,BUY,BANKBEES.NS,908,547.79,497393.31999999995,248.69665999999998,403.20130500080995
2024-12-16,SELL,BANKBEES.NS,908,548.81,498319.4799999999,249.15973999999997,498473.52156500076
2024-12-16,SELL,PSUBNKBEES.NS,6134,78.37,480721.58,240.36079,978954.7407750008
2024-12-16,BUY,HNGSNGBEES.NS,1404,348.22,488900.88000000006,244.45044000000004,489809.4103350007
2024-12-16,BUY,MOM100.NS,7683,63.67,489176.61,244.588305,388.21203000075184
2024-12-23,SELL,MOM100.NS,7683,61.18,470045.94,235.02297000000002,470199.12906000076
2024-12-23,SELL,HNGSNGBEES.NS,1404,346.33,486247.31999999995,243.12365999999997,956203.3254000007
2024-12-23,BUY,LTGILTBEES.NS,17607,27.14,477853.98,238.92699,478110.4184100007
2024-12-23,BUY,GILT5YBEES.NS,8139,58.71,477840.69,238.920345,30.808065000688657
2024-12-30,SELL,ITBEES.NS,10579,47.19,499223.00999999995,249.611505,499004.20656000066
2024-12-30,SELL,LTGILTBEES.NS,17607,27.16,478206.12,239.10306,976971.2235000007
2024-12-30,SELL,GILT5YBEES.NS,8139,58.77,478329.03,239.16451500000002,1455061.0889850007
2024-12-30,BUY,PHARMABEES.NS,20446,23.71,484774.66000000003,242.38733000000002,970044.0416550008
2024-12-30,BUY,MOM100.NS,7912,61.27,484768.24000000005,242.38412000000002,485033.4175350007
2024-12-30,BUY,MID150BEES.NS,2235,216.84,484637.4,242.3187,153.6988350006868
2025-01-13,SELL,PHARMABEES.NS,20446,22.3,455945.8,227.9729,455871.5259350007
2025-01-13,SELL,MOM100.NS,7912,56.25,445050.0,222.525,900699.0009350006
2025-01-13,SELL,MID150BEES.NS,2235,200.51,448139.85,224.06992499999998,1348614.7810100005
2025-01-13,BUY,ITBEES.NS,9481,47.39,449304.59,224.652295,899085.5387150005
2025-01-13,BUY,GOLDBEES.NS,6782,66.25,449307.5,224.65375,449553.3849650005
2025-01-13,BUY,SILVERBEES.NS,5147,87.29,449281.63,224.640815,47.11415000050329
2025-01-20,SELL,ITBEES.NS,9481,45.64,432712.84,216.35642,432543.5977300005
2025-01-20,SELL,SILVERBEES.NS,5147,87.73,451546.31,225.773155,883864.1345750005
2025-01-20,BUY,GILT5YBEES.NS,7466,59.16,441688.56,220.84428,441954.7302950005
2025-01-20,BUY,LTGILTBEES.NS,16168,27.32,441709.76,220.85488,24.11541500047315
2025-02-03,SELL,LTGILTBEES.NS,16168,27.56,445590.07999999996,222.79503999999997,445391.40037500043
2025-02-03,SELL,GILT5YBEES.NS,7466,59.41,443555.06,221.77753,888724.6828450004
2025-02-03,BUY,SILVERBEES.NS,4906,90.53,444140.18,222.07009,444362.4327550004
2025-02-03,BUY,AUTOBEES.NS,1864,238.17,443948.88,221.97444000000002,191.57831500039902
2025-02-10,SELL,MON100.NS,2863,207.91,595246.33,297.623165,595140.2851500004
2025-02-10,BUY,HNGSNGBEES.NS,1552,383.13,594617.76,297.30888,225.21627000032458
2025-02-17,SELL,AUTOBEES.NS,1864,223.78,417125.92,208.56296,417142.5733100003
2025-02-17,BUY,LTGILTBEES.NS,15128,27.56,416927.68,208.46384,6.429470000322908
2025-02-24,SELL,LTGILTBEES.NS,15128,27.58,417230.24,208.61512,417028.05435000034
2025-02-24,BUY,MON100.NS,2112,197.28,416655.36,208.32768,164.36667000036687
2025-03-03,SELL,MON100.NS,2112,187.63,396274.56,198.13728,396240.78939000034
2025-03-03,SELL,MAFANG.NS,5238,130.61,684135.18,342.06759000000005,1080033.9018000003
2025-03-03,BUY,GILT5YBEES.NS,9051,59.63,539711.13,269.855565,540052.9162350004
2025-03-03,BUY,LTGILTBEES.NS,19556,27.6,539745.6,269.8728,37.44343500037212
2025-03-24,SELL,LTGILTBEES.NS,19556,27.84,544439.04,272.21952000000005,544204.2639150004
2025-03-24,BUY,CPSEETF.NS,6162,88.27,543919.74,271.95987,12.56404500035569
2025-04-01,SELL,GILT5YBEES.NS,9051,60.61,548581.11,274.290555,548319.3834900004
2025-04-01,SELL,HNGSNGBEES.NS,1552,393.57,610820.64,305.41032,1158834.6131700003
2025-04-01,BUY,INFRABEES.NS,669,864.97,578664.93,289.332465,579880.3507050002
2025-04-01,BUY,BANKBEES.NS,1109,521.86,578742.74,289.37137,848.2393350002822
2025-04-07,SELL,SILVERBEES.NS,4906,87.03,426969.18,213.48459,427603.93474500027
2025-04-07,BUY,PSUBNKBEES.NS,6321,67.61,427362.81,213.681405,27.443340000289027
2025-04-21,SELL,GOLDBEES.NS,6782,81.07,549816.74,274.90837,549569.2749700004
2025-04-21,BUY,JUNIORBEES.NS,786,698.16,548753.76,274.37688,541.1380900003714
2025-04-28,SELL,INFRABEES.NS,669,901.96,603411.24,301.70562,603650.6724700003
2025-04-28,SELL,JUNIORBEES.NS,786,694.2,545641.2000000001,272.8206,1149019.0518700005
2025-04-28,BUY,GOLDBEES.NS,7264,79.05,574219.2,287.1096,574512.7422700006
2025-04-28,BUY,MOM100.NS,9849,58.3,574196.7,287.09835,28.943920000689104
2025-05-05,SELL,CPSEETF.NS,6162,88.25,543796.5,271.89825,543553.5456700007
2025-05-05,SELL,GOLDBEES.NS,7264,79.58,578069.12,289.03456,1121333.631110001
2025-05-05,BUY,MID150BEES.NS,2715,206.37,560294.55,280.14727500000004,560758.9338350008
2025-05-05,BUY,INFRABEES.NS,611,916.29,559853.19,279.92659499999996,625.8172400009353
2025-05-12,SELL,PSUBNKBEES.NS,6321,71.97,454922.37,227.461185,455320.7260550009
2025-05-12,SELL,MOM100.NS,9849,59.3,584045.7,292.02285,1039074.4032050009
2025-05-12,SELL,MID150BEES.NS,2715,209.26,568140.9,284.07045,1606931.232755001
2025-05-12,BUY,GOLDBEES.NS,6865,77.98,535332.7000000001,267.66635,1071330.866405001
2025-05-12,BUY,AUTOBEES.NS,2246,238.35,535334.1,267.66705,535729.0993550009
2025-05-12,BUY,CONSUMBEES.NS,4201,127.43,535333.43,267.666715,128.00264000077732
2025-05-19,SELL,INFRABEES.NS,611,930.05,568260.5499999999,284.130275,568104.4223650007
2025-05-19,SELL,GOLDBEES.NS,6865,78.32,537666.7999999999,268.8334,1105502.3889650006
2025-05-19,SELL,BANKBEES.NS,1109,568.28,630222.52,315.11126,1735409.7977050007
2025-05-19,BUY,MAFANG.NS,4289,134.8,578157.2000000001,289.07860000000005,1156963.5191050007
2025-05-19,BUY,MOM100.NS,9458,61.13,578167.54,289.08377,578506.8953350006
2025-05-19,BUY,MID150BEES.NS,2682,215.51,577997.82,288.99890999999997,220.07642500067595
2025-05-26,SELL,CONSUMBEES.NS,4201,127.83,537013.83,268.506915,536965.3995100006
2025-05-26,BUY,CPSEETF.NS,5785,92.76,536616.6,268.3083,80.49121000058949
2025-06-02,SELL,CPSEETF.NS,5785,91.8,531063.0,265.5315,530877.9597100005
2025-06-02,BUY,ITBEES.NS,13166,40.3,530589.7999999999,265.2949,22.86481000063941
2025-06-09,SELL,ITBEES.NS,13166,40.89,538357.74,269.17887,538111.4259400007
2025-06-09,SELL,AUTOBEES.NS,2246,243.1,546002.6,273.0013,1083841.0246400007
2025-06-09,BUY,SILVERBEES.NS,5259,102.99,541624.4099999999,270.81220499999995,541945.8024350008
2025-06-09,BUY,PSUBNKBEES.NS,6717,80.63,541591.71,270.79585499999996,83.29658000078052
2025-06-16,SELL,PSUBNKBEES.NS,6717,77.66,521642.22,260.82111,521464.69547000073
2025-06-16,BUY,ITBEES.NS,12252,42.54,521200.08,260.60004000000004,4.015430000727065
2025-06-23,SELL,MID150BEES.NS,2682,219.5,588699.0,294.3495,588408.6659300007
2025-06-23,BUY,PSUBNKBEES.NS,7702,76.35,588047.7,294.02385,66.94208000076469
2025-06-30,SELL,ITBEES.NS,12252,42.41,519607.31999999995,259.80366,519414.45842000074
2025-06-30,SELL,MAFANG.NS,4289,140.96,604577.4400000001,302.28872,1123689.6097000008
2025-06-30,BUY,MID150BEES.NS,2487,225.79,561539.73,280.769865,561869.1098350008
2025-06-30,BUY,MON100.NS,2910,192.97,561542.7,280.77135,45.63848500081804
2025-07-07,SELL,MID150BEES.NS,2487,225.72,561365.64,280.68282,561130.5956650008
2025-07-07,BUY,MAFANG.NS,3683,152.28,560847.24,280.42362,2.932045000838116
2025-07-14,SELL,PSUBNKBEES.NS,7702,78.88,607533.76,303.76688,607232.9251650008
2025-07-14,SELL,MOM100.NS,9458,63.46,600204.68,300.10234,1207137.5028250008
2025-07-14,BUY,PHARMABEES.NS,26355,22.89,603265.9500000001,301.63297500000004,603569.9198500008
2025-07-14,BUY,INFRABEES.NS,631,954.61,602358.91,301.179455,909.8303950007539
2025-07-21,SELL,INFRABEES.NS,631,951.33,600289.23,300.144615,600898.9157800007
2025-07-21,BUY,HNGSNGBEES.NS,1455,412.53,600231.1499999999,300.115575,367.65020500088576
2025-08-11,SELL,PHARMABEES.NS,26355,22.13,583236.15,291.61807500000003,583312.1821300009
2025-08-11,BUY,GOLDBEES.NS,7004,83.23,582942.92,291.47146000000004,77.7906700008316
2025-08-25,SELL,GOLDBEES.NS,7004,83.5,584834.0,292.41700000000003,584619.3736700008
2025-08-25,SELL,MAFANG.NS,3683,153.73,566187.59,283.093795,1150523.8698750008
2025-08-25,BUY,AUTOBEES.NS,2203,260.88,574718.64,287.35932,575517.8705550007
2025-08-25,BUY,CONSUMBEES.NS,4230,135.9,574857.0,287.4285,373.44205500069074
2025-09-01,SELL,CONSUMBEES.NS,4230,135.84,574603.2000000001,287.30160000000006,574689.3404550008
2025-09-01,SELL,AUTOBEES.NS,2203,263.37,580204.11,290.102055,1154603.3484000007
2025-09-01,BUY,GOLDBEES.NS,6662,86.61,576995.82,288.49791,577319.0304900007
2025-09-01,BUY,MAFANG.NS,3581,161.13,577006.53,288.503265,23.99722500075586
2025-09-08,SELL,MON100.NS,2910,205.28,597364.8,298.68240000000003,597090.1148250008
2025-09-08,SELL,MAFANG.NS,3581,162.46,581769.26,290.88463,1178568.4901950008
2025-09-08,BUY,AUTOBEES.NS,2104,279.86,588825.4400000001,294.41272000000004,589448.6374750007
2025-09-08,BUY,CONSUMBEES.NS,4257,138.33,588870.81,294.43540500000006,283.392070000642
2025-09-15,SELL,CONSUMBEES.NS,4257,137.35,584698.95,292.349475,584689.9925950005
2025-09-15,BUY,MAFANG.NS,3513,166.34,584352.42,292.17621,45.39638500055298
2025-09-22,SELL,MAFANG.NS,3513,169.89,596823.57,298.411785,596570.5546000005
2025-09-22,BUY,PSUBNKBEES.NS,7252,82.22,596259.44,298.12971999999996,12.98488000058569
2025-09-29,SELL,PSUBNKBEES.NS,7252,82.53,598507.56,299.25378,598221.2911000006
2025-09-29,BUY,MAFANG.NS,3553,168.27,597863.31,298.93165500000003,59.04944500059355
2025-10-06,SELL,AUTOBEES.NS,2104,275.8,580283.2000000001,290.14160000000004,580052.1078450007
2025-10-06,SELL,MAFANG.NS,3553,169.23,601274.19,300.637095,1181025.6607500007
2025-10-06,BUY,MON100.NS,2453,240.61,590216.3300000001,295.10816500000004,590514.2225850007
2025-10-06,BUY,PSUBNKBEES.NS,6944,84.99,590170.5599999999,295.08527999999995,48.577305000741035
2025-10-20,SELL,HNGSNGBEES.NS,1455,512.68,745949.3999999999,372.9747,745625.0026050006
2025-10-20,BUY,BANKBEES.NS,1245,598.57,745219.65,372.609825,32.742780000553466
2025-11-03,SELL,BANKBEES.NS,1245,600.1,747124.5,373.56225,746783.6805300006
2025-11-03,BUY,MAFANG.NS,4235,176.23,746334.0499999999,373.16702499999997,76.46350500069093
2025-11-10,SELL,MAFANG.NS,4235,171.86,727827.1000000001,363.91355000000004,727539.6499550007
2025-11-10,BUY,BANKBEES.NS,1215,598.17,726776.5499999999,363.38827499999996,399.7116800007643
2025-11-17,SELL,BANKBEES.NS,1215,607.83,738513.4500000001,369.256725,738543.9049550008
2025-11-17,SELL,MON100.NS,2453,235.78,578368.34,289.18417,1316623.0607850007
2025-11-17,BUY,ITBEES.NS,16441,40.02,657968.8200000001,328.98441,658325.2563750006
2025-11-17,BUY,MOM100.NS,9996,65.82,657936.72,328.96836,59.568015000550076
2025-11-24,SELL,GOLDBEES.NS,6662,102.23,681056.26,340.52813000000003,680775.2998850006
2025-11-24,SELL,SILVERBEES.NS,5259,147.08,773493.7200000001,386.74686,1453882.2730250007
2025-11-24,BUY,INFRABEES.NS,734,989.55,726329.7,363.16485,727189.4081750008
2025-11-24,BUY,BANKBEES.NS,1197,606.61,726112.17,363.05608500000005,714.1820900007151
2025-12-01,SELL,MOM100.NS,9996,65.77,657436.9199999999,328.71846,657822.3836300006
2025-12-01,BUY,PHARMABEES.NS,27990,23.49,657485.1,328.74255,8.54108000069391
2025-12-08,SELL,PHARMABEES.NS,27990,23.19,649088.1000000001,324.54405,648772.0970300008
2025-12-08,SELL,INFRABEES.NS,734,974.48,715268.3200000001,357.63416000000007,1363682.7828700007
2025-12-08,SELL,BANKBEES.NS,1197,611.47,731929.5900000001,365.96479500000004,2095246.4080750006
2025-12-08,BUY,SILVERBEES.NS,4086,170.84,698052.24,349.02612,1396845.1419550006
2025-12-08,BUY,GOLDBEES.NS,6533,106.85,698051.0499999999,349.02552499999996,698445.0664300007
2025-12-08,BUY,MAFANG.NS,3964,176.06,697901.84,348.95092,194.27551000076346
2025-12-15,SELL,MAFANG.NS,3964,176.26,698694.64,349.34732,698539.5681900008
2025-12-15,BUY,AUTOBEES.NS,2464,283.33,698125.12,349.06256,65.38563000084832
2025-12-22,SELL,PSUBNKBEES.NS,6944,93.12,646625.28,323.31264000000004,646367.3529900009
2025-12-22,BUY,NV20BEES.NS,4142,155.96,645986.3200000001,322.99316000000005,58.039830000838265
2025-12-29,SELL,AUTOBEES.NS,2464,282.72,696622.0800000001,348.31104000000005,696331.808790001
2025-12-29,BUY,DIVOPPBEES.NS,8406,82.79,695932.7400000001,347.96637000000004,51.10242000082508
2026-01-05,SELL,NV20BEES.NS,4142,155.71,644950.8200000001,322.47541000000007,644679.4470100009
2026-01-05,BUY,AUTOBEES.NS,2170,296.93,644338.1,322.16904999999997,19.177960000932217
2026-01-12,SELL,DIVOPPBEES.NS,8406,82.46,693158.7599999999,346.57937999999996,692831.3585800008
2026-01-12,BUY,MON100.NS,2938,235.64,692310.32,346.15515999999997,174.88342000090051
2026-01-19,SELL,AUTOBEES.NS,2170,283.55,615303.5,307.65175,615170.7316700009
2026-01-19,SELL,MON100.NS,2938,233.17,685053.46,342.52673,1299881.664940001
2026-01-19,BUY,PSUBNKBEES.NS,6489,100.11,649613.79,324.806895,649943.0680450009
2026-01-19,BUY,CPSEETF.NS,6967,93.24,649603.08,324.80154,15.186505000921898
2026-01-27,SELL,ITBEES.NS,16441,42.51,698906.9099999999,349.45345499999996,698572.6430500009
2026-01-27,BUY,HNGSNGBEES.NS,1272,548.74,697997.28,348.99864,226.36441000085324
2026-03-02,SELL,SILVERBEES.NS,4086,274.65,1122219.9,561.1099499999999,1121885.1544600008
2026-03-02,SELL,HNGSNGBEES.NS,1272,517.83,658679.76,329.33988,1780235.5745800007
2026-03-02,BUY,PHARMABEES.NS,37698,23.6,889672.8,444.8364,890117.9381800006
2026-03-02,BUY,INFRABEES.NS,923,963.24,889070.52,444.53526,602.8829200005857
2026-03-16,SELL,INFRABEES.NS,923,902.64,833136.72,416.56836,833323.0345600005
2026-03-16,SELL,GOLDBEES.NS,6533,127.22,831128.26,415.56413000000003,1664035.7304300005
2026-03-16,SELL,PSUBNKBEES.NS,6489,95.24,618012.36,309.00618,2281739.0842500003
2026-03-16,BUY,GILT5YBEES.NS,11820,64.31,760144.2000000001,380.07210000000003,1521214.8121500001
2026-03-16,BUY,LTGILTBEES.NS,25865,29.39,760172.35,380.08617499999997,760662.3759750002
2026-03-16,BUY,LIQUIDBEES.NS,760,999.99,759992.4,379.99620000000004,289.97977500013076
2026-03-23,SELL,LIQUIDBEES.NS,760,1000.0,760000.0,380.0,759909.9797750001
2026-03-23,BUY,MON100.NS,3465,219.18,759458.7000000001,379.72935000000007,71.5504250000231
2026-03-30,SELL,MON100.NS,3465,231.54,802286.1,401.14305,801956.507375
2026-03-30,BUY,LIQUIDBEES.NS,801,1000.0,801000.0,400.5,556.0073750000447
2026-04-06,SELL,PHARMABEES.NS,37698,22.44,845943.12,422.97156,846076.1558150001
2026-04-06,SELL,LTGILTBEES.NS,25865,28.82,745429.3,372.71465,1591132.741165
2026-04-06,BUY,MON100.NS,3283,242.18,795076.9400000001,397.53847,795658.2626949999
2026-04-06,BUY,MAFANG.NS,5070,156.81,795026.7,397.51335,234.04934499994852
2026-04-20,SELL,GILT5YBEES.NS,11820,64.57,763217.3999999999,381.60869999999994,763069.8406449999
2026-04-20,SELL,LIQUIDBEES.NS,801,999.99,800991.99,400.495995,1563661.3346499999
2026-04-20,BUY,ITBEES.NS,22455,34.8,781433.9999999999,390.7169999999999,781836.61765
2026-04-20,BUY,HNGSNGBEES.NS,1463,533.91,781110.33,390.555165,335.7324850000441
2026-04-27,SELL,CPSEETF.NS,6967,107.44,748534.48,374.26724,748495.9452450001
2026-04-27,SELL,HNGSNGBEES.NS,1463,525.97,769494.11,384.747055,1517605.30819
2026-04-27,SELL,ITBEES.NS,22455,32.32,725745.6,362.8728,2242988.03539
2026-04-27,BUY,JUNIORBEES.NS,978,763.38,746585.64,373.29282,1496029.1025699999
2026-04-27,BUY,MOM100.NS,11526,64.83,747230.58,373.61528999999996,748424.9072799999
2026-04-27,BUY,MID150BEES.NS,3256,229.5,747252.0,373.62600000000003,799.2812799998792
2026-05-18,SELL,JUNIORBEES.NS,978,740.6,724306.8,362.15340000000003,724743.92788
2026-05-18,SELL,MID150BEES.NS,3256,229.57,747479.9199999999,373.73996,1471850.1079199999
2026-05-18,BUY,HNGSNGBEES.NS,1368,537.56,735382.08,367.69104,736100.33688
2026-05-18,BUY,SILVERBEES.NS,2905,253.16,735429.8,367.71490000000006,302.8219799998915
2026-05-25,SELL,HNGSNGBEES.NS,1368,536.43,733836.2399999999,366.91811999999993,733772.1438599997
2026-05-25,BUY,PHARMABEES.NS,28954,25.33,733404.82,366.70241,0.6214499997440726
2026-06-08,SELL,MOM100.NS,11526,64.64,745040.64,372.52032,744668.7411299997
2026-06-08,BUY,GOLDBEES.NS,5994,124.16,744215.04,372.10752,81.59360999974888
2026-06-15,SELL,GOLDBEES.NS,5994,124.11,743915.34,371.95767,743624.9759399997
2026-06-15,BUY,BANKBEES.NS,1260,589.68,742996.7999999999,371.49839999999995,256.6775399997132
2026-06-22,SELL,PHARMABEES.NS,28954,25.39,735142.06,367.57103,735031.1665099998
2026-06-22,SELL,SILVERBEES.NS,2905,225.14,654031.7,327.01585,1388735.8506599998
2026-06-22,BUY,GILT5YBEES.NS,10594,65.51,694012.9400000001,347.00647000000004,694375.9041899997
2026-06-22,BUY,PSUBNKBEES.NS,7090,97.88,693969.2,346.9846,59.7195899997605
2026-06-29,SELL,GILT5YBEES.NS,10594,65.84,697508.9600000001,348.75448000000006,697219.9251099998
2026-06-29,SELL,MON100.NS,3283,324.22,1064414.26,532.20713,1761101.97798
2026-06-29,SELL,MAFANG.NS,5070,185.08,938355.6000000001,469.17780000000005,2698988.40018
2026-06-29,BUY,JUNIORBEES.NS,1163,772.96,898952.4800000001,449.4762400000001,1799586.4439399997
2026-06-29,BUY,PHARMABEES.NS,34718,25.9,899196.2,449.5981,899940.6458399998
2026-06-29,BUY,AUTOBEES.NS,3297,272.69,899058.9299999999,449.52946499999996,432.1863749998156
2026-07-06,SELL,PHARMABEES.NS,34718,26.53,921068.54,460.53427000000005,921040.1921049999
2026-07-06,BUY,CONSUMBEES.NS,6977,131.94,920545.38,460.27269,34.53941499989014
2026-07-13,SELL,AUTOBEES.NS,3297,278.85,919368.4500000001,459.684225,918943.30519
2026-07-13,SELL,JUNIORBEES.NS,1163,779.19,906197.9700000001,453.098985,1824688.176205
2026-07-13,BUY,PHARMABEES.NS,34554,26.39,911880.06,455.94003000000004,912352.1761749998
2026-07-13,BUY,GILT5YBEES.NS,13837,65.9,911858.3,455.92915000000005,37.94702499976847
2026-07-20,SELL,PSUBNKBEES.NS,7090,96.16,681774.4,340.8872,681471.4598249998
2026-07-20,SELL,GILT5YBEES.NS,13837,65.86,911304.82,455.65241,1592320.6274149998
2026-07-20,BUY,NIFTYBEES.NS,2887,275.58,795599.46,397.79973,796323.3676849998
2026-07-20,BUY,AUTOBEES.NS,2852,279.0,795708.0,397.854,217.5136849997798
2026-07-27,SELL,BANKBEES.NS,1260,591.44,745214.4,372.60720000000003,745059.3064849998
2026-07-27,SELL,NIFTYBEES.NS,2887,273.59,789854.33,394.927165,1534518.70932
2026-07-27,BUY,JUNIORBEES.NS,978,783.45,766214.1000000001,383.1070500000001,767921.5022699998
2026-07-27,BUY,MID150BEES.NS,3229,237.47,766790.63,383.395315,747.4769549998455
