date,action,ticker,units,price,gross,cost,cash_after
2018-01-01,BUY,MON100.NS,4130,48.4,199892.0,99.946,800008.054
2018-01-01,BUY,MOM100.NS,9169,21.8,199884.2,99.94210000000001,600023.9119
2018-01-01,BUY,NIF100BEES.NS,1801,110.94,199802.94,99.90147,400121.07042999996
2018-01-01,BUY,DIVOPPBEES.NS,6914,28.91,199883.74,99.94187,200137.38855999996
2018-01-01,BUY,JUNIORBEES.NS,633,315.5,199711.5,99.85575,326.03280999997514
2018-01-08,SELL,NIF100BEES.NS,1801,113.9,205133.90000000002,102.56695000000002,205357.36586
2018-01-08,BUY,INFRABEES.NS,541,379.0,205039.0,102.51950000000001,215.8463599999959
2018-01-15,SELL,INFRABEES.NS,541,372.42,201479.22,100.73961,201594.32675
2018-01-15,SELL,DIVOPPBEES.NS,6914,29.36,202995.04,101.49752000000001,404487.86923
2018-01-15,SELL,MOM100.NS,9169,22.82,209236.58000000002,104.61829000000002,613619.83094
2018-01-15,BUY,HNGSNGBEES.NS,678,301.5,204417.0,102.2085,409100.62244
2018-01-15,BUY,GOLDBEES.NS,7585,26.95,204415.75,102.207875,204582.664565
2018-01-15,BUY,CPSEETF.NS,6594,31.0,204414.0,102.20700000000001,66.4575650000188
2018-01-22,SELL,CPSEETF.NS,6594,30.31,199864.13999999998,99.93207,199830.665495
2018-01-22,SELL,MON100.NS,4130,49.59,204806.7,102.40335,404534.962145
2018-01-22,SELL,JUNIORBEES.NS,633,320.11,202629.63,101.31481500000001,607063.27733
2018-01-22,SELL,HNGSNGBEES.NS,678,304.0,206112.0,103.056,813072.22133
2018-01-22,BUY,BANKBEES.NS,741,274.16,203152.56000000003,101.57628000000001,609818.0850499999
2018-01-22,BUY,MOM100.NS,8798,23.09,203145.82,101.57291000000001,406570.6921399999
2018-01-22,BUY,NIFTYBEES.NS,1799,112.88,203071.12,101.53556,203398.0365799999
2018-01-22,BUY,DIVOPPBEES.NS,6866,29.59,203164.94,101.58247,131.51410999990185
2018-01-29,SELL,DIVOPPBEES.NS,6866,30.04,206254.63999999998,103.12732,206283.0267899999
2018-01-29,SELL,GOLDBEES.NS,7585,27.15,205932.75,102.966375,412112.8104149999
2018-01-29,SELL,MOM100.NS,8798,23.66,208160.68,104.08033999999999,620169.4100749999
2018-01-29,BUY,HNGSNGBEES.NS,632,326.82,206550.24,103.27512,413515.8949549999
2018-01-29,BUY,MON100.NS,3965,52.1,206576.5,103.28825,206836.1067049999
2018-01-29,BUY,NIF100BEES.NS,1766,116.98,206586.68,103.29334,146.13336499989964
2018-02-05,SELL,NIF100BEES.NS,1766,112.16,198074.56,99.03728,198121.6560849999
2018-02-05,BUY,GOLDBEES.NS,7285,27.18,198006.3,99.00314999999999,16.352934999915306
2018-02-12,SELL,BANKBEES.NS,741,261.59,193838.18999999997,96.91909499999998,193757.6238399999
2018-02-12,SELL,NIFTYBEES.NS,1799,109.14,196342.86000000002,98.17143000000002,390002.3124099999
2018-02-12,BUY,LIQUIDBEES.NS,194,1000.0,194000.0,97.0,195905.3124099999
2018-02-12,BUY,CPSEETF.NS,6503,29.97,194894.91,97.447455,912.9549549999065
2018-02-26,SELL,HNGSNGBEES.NS,632,306.3,193581.6,96.7908,194397.76415499992
2018-02-26,BUY,JUNIORBEES.NS,643,301.76,194031.68,97.01584,269.06831499992404
2018-03-05,SELL,CPSEETF.NS,6503,29.49,191773.47,95.886735,191946.65157999992
2018-03-05,SELL,JUNIORBEES.NS,643,295.76,190173.68,95.08684,382025.2447399999
2018-03-05,SELL,LIQUIDBEES.NS,194,1000.0,194000.0,97.0,575928.2447399999
2018-03-05,BUY,HNGSNGBEES.NS,592,324.0,191808.0,95.904,384024.3407399999
2018-03-05,BUY,DIVOPPBEES.NS,6697,28.65,191869.05,95.934525,192059.35621499992
2018-03-05,BUY,INFRABEES.NS,550,348.41,191625.5,95.81275000000001,338.0434649999079
2018-03-12,SELL,INFRABEES.NS,550,348.58,191719.0,95.8595,191961.18396499992
2018-03-12,BUY,LIQUIDBEES.NS,191,999.99,190998.09,95.499045,867.5949199999159
2018-03-26,SELL,DIVOPPBEES.NS,6697,27.66,185239.02,92.61950999999999,186013.99540999992
2018-03-26,BUY,JUNIORBEES.NS,639,290.71,185763.68999999997,92.88184499999998,157.4235649999464
2018-04-02,SELL,MON100.NS,3965,51.55,204395.75,102.197875,204450.97568999993
2018-04-02,SELL,LIQUIDBEES.NS,191,1000.0,191000.0,95.5,395355.47568999993
2018-04-02,SELL,HNGSNGBEES.NS,592,350.0,207200.0,103.60000000000001,602451.8756899999
2018-04-02,BUY,PSUBNKBEES.NS,6110,32.85,200713.5,100.35675,401638.01893999986
2018-04-02,BUY,NIF100BEES.NS,1844,108.81,200645.64,100.32282000000001,200892.05611999985
2018-04-02,BUY,BANKBEES.NS,816,245.96,200703.36000000002,100.35168000000002,88.34443999984069
2018-04-09,SELL,GOLDBEES.NS,7285,27.38,199463.3,99.73165,199451.91278999983
2018-04-09,SELL,NIF100BEES.NS,1844,110.61,203964.84,101.98242,403314.7703699998
2018-04-09,BUY,HNGSNGBEES.NS,570,353.3,201381.0,100.6905,201833.0798699998
2018-04-09,BUY,LIQUIDBEES.NS,201,1000.0,201000.0,100.5,732.5798699998122
2018-04-16,SELL,PSUBNKBEES.NS,6110,32.52,198697.2,99.3486,199330.43126999983
2018-04-16,SELL,LIQUIDBEES.NS,201,999.99,200997.99,100.498995,400227.9222749998
2018-04-16,SELL,HNGSNGBEES.NS,570,345.6,196992.0,98.496,597121.4262749997
2018-04-16,BUY,NIF100BEES.NS,1785,111.44,198920.4,99.4602,398101.56607499975
2018-04-16,BUY,NIFTYBEES.NS,1826,108.94,198924.44,99.46222,199077.66385499976
2018-04-16,BUY,DIVOPPBEES.NS,6860,29.0,198940.0,99.47,38.193854999757605
2018-04-23,SELL,BANKBEES.NS,816,252.85,206325.6,103.1628,206260.63105499977
2018-04-23,SELL,NIFTYBEES.NS,1826,109.47,199892.22,99.94611,406052.9049449998
2018-04-23,SELL,NIF100BEES.NS,1785,112.99,201687.15,100.843575,607639.2113699998
2018-04-23,BUY,HNGSNGBEES.NS,560,361.5,202440.0,101.22,405097.9913699998
2018-04-23,BUY,MON100.NS,3848,52.6,202404.80000000002,101.20240000000001,202591.9889699998
2018-04-23,BUY,INFRABEES.NS,573,352.95,202240.35,101.120175,250.51879499980714
2018-04-30,SELL,INFRABEES.NS,573,357.49,204841.77000000002,102.42088500000001,204989.86790999983
2018-04-30,SELL,JUNIORBEES.NS,639,313.8,200518.2,100.2591,405407.80880999984
2018-04-30,SELL,HNGSNGBEES.NS,560,360.0,201600.0,100.8,606907.0088099998
2018-04-30,BUY,NIFTYBEES.NS,1818,111.17,202107.06,101.05353,404698.8952799998
2018-04-30,BUY,NIF100BEES.NS,1773,114.0,202122.0,101.061,202475.83427999984
2018-04-30,BUY,GOLDBEES.NS,7286,27.75,202186.5,101.09325,188.24102999983006
2018-05-07,SELL,GOLDBEES.NS,7286,27.91,203352.26,101.67613,203438.82489999983
2018-05-07,SELL,MON100.NS,3848,47.45,182587.6,91.2938,385935.1310999998
2018-05-07,BUY,MOM100.NS,9223,20.91,192852.93,96.426465,192985.77463499983
2018-05-07,BUY,BANKBEES.NS,737,261.4,192651.8,96.32589999999999,237.6487349998497
2018-05-14,SELL,DIVOPPBEES.NS,6860,29.61,203124.6,101.56230000000001,203260.68643499987
2018-05-14,BUY,CPSEETF.NS,7253,28.01,203156.53,101.578265,2.578169999876991
2018-05-21,SELL,CPSEETF.NS,7253,27.34,198297.02,99.14851,198200.44965999987
2018-05-21,SELL,NIFTYBEES.NS,1818,109.05,198252.9,99.12645,396354.22320999985
2018-05-21,SELL,NIF100BEES.NS,1773,111.69,198026.37,99.013185,594281.5800249998
2018-05-21,BUY,MON100.NS,3582,55.26,197941.32,98.97066000000001,396241.2893649998
2018-05-21,BUY,HNGSNGBEES.NS,549,360.0,197640.0,98.82000000000001,198502.4693649998
2018-05-21,BUY,LIQUIDBEES.NS,197,1000.0,197000.0,98.5,1403.9693649997935
2018-05-28,SELL,MOM100.NS,9223,20.45,188610.35,94.305175,189920.0141899998
2018-05-28,SELL,LIQUIDBEES.NS,197,1000.0,197000.0,98.5,386821.5141899998
2018-05-28,BUY,PSUBNKBEES.NS,5763,33.54,193291.02,96.64551,193433.8486799998
2018-05-28,BUY,GOLDBEES.NS,6999,27.62,193312.38,96.65619000000001,24.812489999778336
2018-06-04,SELL,GOLDBEES.NS,6999,27.53,192682.47,96.341235,192610.94125499978
2018-06-04,SELL,HNGSNGBEES.NS,549,368.82,202482.18,101.24109,394991.88016499975
2018-06-04,BUY,DIVOPPBEES.NS,6734,29.31,197373.53999999998,98.68677,197519.65339499977
2018-06-04,BUY,LIQUIDBEES.NS,197,1000.0,197000.0,98.5,421.15339499976835
2018-06-11,SELL,DIVOPPBEES.NS,6734,29.58,199191.72,99.59586,199513.27753499977
2018-06-11,SELL,LIQUIDBEES.NS,197,1000.0,197000.0,98.5,396414.77753499977
2018-06-11,BUY,HNGSNGBEES.NS,505,392.26,198091.3,99.04565,198224.4318849998
2018-06-11,BUY,JUNIORBEES.NS,659,300.56,198069.04,99.03452,56.357364999799756
2018-06-18,SELL,JUNIORBEES.NS,659,297.73,196204.07,98.102035,196162.32532999982
2018-06-18,SELL,HNGSNGBEES.NS,505,346.29,174876.45,87.438225,370951.3371049998
2018-06-18,BUY,NIFTYBEES.NS,1649,112.4,185347.6,92.6738,185511.0633049998
2018-06-18,BUY,NIF100BEES.NS,1635,113.38,185376.3,92.68815,42.07515499982401
2018-06-25,SELL,NIF100BEES.NS,1635,113.07,184869.44999999998,92.434725,184819.0904299998
2018-06-25,BUY,LIQUIDBEES.NS,184,1000.0,184000.0,92.0,727.0904299998074
2018-07-02,SELL,PSUBNKBEES.NS,5763,31.05,178941.15,89.470575,179578.7698549998
2018-07-02,BUY,NIF100BEES.NS,1598,112.28,179423.44,89.71172,65.61813499979326
2018-07-16,SELL,LIQUIDBEES.NS,184,1000.0,184000.0,92.0,183973.6181349998
2018-07-16,BUY,HNGSNGBEES.NS,551,333.16,183571.16,91.78558000000001,310.67255499979365
2018-07-23,SELL,NIF100BEES.NS,1598,115.3,184249.4,92.1247,184467.9478549998
2018-07-23,SELL,HNGSNGBEES.NS,551,338.44,186480.44,93.24022000000001,370855.1476349998
2018-07-23,BUY,MOM100.NS,19215,19.29,370657.35,185.328675,12.468959999852814
2018-07-30,SELL,BANKBEES.NS,737,284.0,209308.0,104.654,209215.81495999984
2018-07-30,SELL,MOM100.NS,19215,20.13,386797.94999999995,193.39897499999998,595820.3659849998
2018-07-30,BUY,PSUBNKBEES.NS,5526,35.92,198493.92,99.24696,397227.1990249998
2018-07-30,BUY,HNGSNGBEES.NS,575,345.01,198380.75,99.190375,198747.2586499998
2018-07-30,BUY,NIF100BEES.NS,1676,118.39,198421.64,99.21082000000001,226.4078299997782
2018-08-06,SELL,NIFTYBEES.NS,1649,118.74,195802.25999999998,97.90113,195930.76669999975
2018-08-06,SELL,MON100.NS,3582,58.37,209081.34,104.54067,404907.56602999975
2018-08-06,SELL,NIF100BEES.NS,1676,120.05,201203.8,100.6019,606010.7641299998
2018-08-06,SELL,HNGSNGBEES.NS,575,349.0,200675.0,100.3375,806585.4266299998
2018-08-06,BUY,CPSEETF.NS,7299,27.61,201525.38999999998,100.762695,604959.2739349997
2018-08-06,BUY,MOM100.NS,9620,20.95,201539.0,100.76950000000001,403319.5044349997
2018-08-06,BUY,JUNIORBEES.NS,655,307.43,201366.65,100.683325,201852.17110999973
2018-08-06,BUY,DIVOPPBEES.NS,6597,30.55,201538.35,100.769175,213.05193499973393
2018-08-13,SELL,DIVOPPBEES.NS,6597,30.45,200878.65,100.439325,200991.2626099997
2018-08-13,BUY,BANKBEES.NS,709,283.13,200739.16999999998,100.369585,151.72302499972284
2018-08-20,SELL,CPSEETF.NS,7299,27.21,198605.79,99.302895,198658.21012999973
2018-08-20,SELL,JUNIORBEES.NS,655,311.28,203888.4,101.9442,402444.6659299997
2018-08-20,SELL,BANKBEES.NS,709,288.34,204433.05999999997,102.21652999999999,606775.5093999996
2018-08-20,BUY,HNGSNGBEES.NS,569,355.0,201995.0,100.9975,404679.51189999963
2018-08-20,BUY,DIVOPPBEES.NS,6687,30.23,202148.01,101.07400500000001,202430.42789499962
2018-08-20,BUY,NIF100BEES.NS,1666,121.3,202085.8,101.0429,243.58499499963364
2018-08-27,SELL,PSUBNKBEES.NS,5526,36.42,201256.92,100.62846,201399.87653499964
2018-08-27,SELL,MOM100.NS,9620,20.99,201923.8,100.9619,403222.71463499963
2018-08-27,SELL,NIF100BEES.NS,1666,122.65,204334.90000000002,102.16745000000002,607455.4471849997
2018-08-27,BUY,JUNIORBEES.NS,639,316.69,202364.91,101.182455,404989.3547299997
2018-08-27,BUY,MON100.NS,3327,60.83,202381.41,101.19070500000001,202506.75402499968
2018-08-27,BUY,INFRABEES.NS,609,331.8,202066.2,101.0331,339.52092499966966
2018-09-03,SELL,HNGSNGBEES.NS,569,342.5,194882.5,97.44125,195124.57967499967
2018-09-03,BUY,GOLDBEES.NS,7255,26.88,195014.4,97.5072,12.672474999679253
2018-09-10,SELL,DIVOPPBEES.NS,6687,30.97,207096.38999999998,103.54819499999999,207005.51427999965
2018-09-10,BUY,NIF100BEES.NS,1712,120.81,206826.72,103.41336,75.38091999964672
2018-09-17,SELL,JUNIORBEES.NS,639,306.47,195834.33000000002,97.91716500000001,195811.79375499967
2018-09-17,SELL,NIF100BEES.NS,1712,121.68,208316.16,104.15808,404023.7956749997
2018-09-17,BUY,DIVOPPBEES.NS,6527,30.93,201880.11,100.940055,202042.7456199997
2018-09-17,BUY,LIQUIDBEES.NS,201,1000.0,201000.0,100.5,942.2456199997105
2018-09-24,SELL,INFRABEES.NS,609,315.0,191835.0,95.9175,192681.3281199997
2018-09-24,SELL,DIVOPPBEES.NS,6527,30.46,198812.42,99.40621,391394.3419099997
2018-09-24,BUY,NIF100BEES.NS,1679,116.44,195502.76,97.75138000000001,195793.83052999972
2018-09-24,BUY,HNGSNGBEES.NS,578,338.0,195364.0,97.682,332.1485299997148
2018-10-01,SELL,NIF100BEES.NS,1679,115.39,193739.81,96.869905,193975.0886249997
2018-10-01,BUY,CPSEETF.NS,7191,26.96,193869.36000000002,96.93468000000001,8.79394499969203
2018-10-08,SELL,CPSEETF.NS,7191,24.04,172871.63999999998,86.43581999999999,172793.99812499966
2018-10-08,BUY,DIVOPPBEES.NS,6124,28.2,172696.8,86.3484,10.849724999687169
2018-10-15,SELL,DIVOPPBEES.NS,6124,28.03,171655.72,85.82786,171580.7418649997
2018-10-15,SELL,HNGSNGBEES.NS,578,315.5,182359.0,91.1795,353848.56236499967
2018-10-15,BUY,BANKBEES.NS,683,258.71,176698.93,88.349465,177061.28289999967
2018-10-15,BUY,PSUBNKBEES.NS,5908,29.93,176826.44,88.41322000000001,146.42967999968096
2018-10-22,SELL,MON100.NS,3327,62.2,206939.40000000002,103.46970000000002,206982.35997999972
2018-10-22,BUY,MOM100.NS,10831,19.1,206872.1,103.43605000000001,6.823929999722168
2018-10-29,SELL,PSUBNKBEES.NS,5908,30.87,182379.96,91.18997999999999,182295.59394999972
2018-10-29,BUY,INFRABEES.NS,611,298.1,182139.1,91.06955,65.42439999972703
2018-11-05,SELL,BANKBEES.NS,683,262.42,179232.86000000002,89.61643000000001,179208.66796999975
2018-11-05,SELL,GOLDBEES.NS,7255,28.44,206332.2,103.16610000000001,385437.70186999976
2018-11-05,SELL,LIQUIDBEES.NS,201,999.99,200997.99,100.498995,586335.1928749997
2018-11-05,BUY,PSUBNKBEES.NS,5878,33.23,195325.93999999997,97.66296999999999,390911.5899049997
2018-11-05,BUY,JUNIORBEES.NS,696,280.33,195109.68,97.55484,195704.35506499972
2018-11-05,BUY,DIVOPPBEES.NS,6823,28.63,195342.49,97.671245,264.1938199997239
2018-11-12,SELL,DIVOPPBEES.NS,6823,28.61,195206.03,97.603015,195372.62080499972
2018-11-12,BUY,BANKBEES.NS,748,260.83,195100.84,97.55042,174.23038499971153
2018-11-19,SELL,MOM100.NS,10831,19.21,208063.51,104.031755,208133.70862999972
2018-11-19,BUY,NIF100BEES.NS,1849,112.45,207920.05000000002,103.96002500000002,109.69860499969218
2018-11-26,SELL,PSUBNKBEES.NS,5878,32.72,192328.16,96.16408,192341.6945249997
2018-11-26,BUY,HNGSNGBEES.NS,624,308.0,192192.0,96.096,53.59852499971748
2018-12-03,SELL,NIF100BEES.NS,1849,114.23,211211.27000000002,105.605635,211159.26288999972
2018-12-03,BUY,NIFTYBEES.NS,1854,113.8,210985.19999999998,105.4926,68.57028999974136
2018-12-10,SELL,INFRABEES.NS,611,306.22,187100.42,93.55021,187075.44007999977
2018-12-10,SELL,JUNIORBEES.NS,696,272.71,189806.15999999997,94.90307999999999,376786.69699999975
2018-12-10,BUY,NIF100BEES.NS,1712,109.93,188200.16,94.10008,188492.43691999975
2018-12-10,BUY,LIQUIDBEES.NS,188,1000.0,188000.0,94.0,398.43691999974544
2018-12-17,SELL,NIF100BEES.NS,1712,114.16,195441.91999999998,97.72095999999999,195742.63595999972
2018-12-17,SELL,LIQUIDBEES.NS,188,1000.0,188000.0,94.0,383648.63595999975
2018-12-17,SELL,HNGSNGBEES.NS,624,314.31,196129.44,98.06472000000001,579680.0112399998
2018-12-17,BUY,DIVOPPBEES.NS,6578,29.36,193130.08,96.56504,386453.3661999998
2018-12-17,BUY,JUNIORBEES.NS,670,288.14,193053.8,96.5269,193303.03929999983
2018-12-17,BUY,PSUBNKBEES.NS,5879,32.85,193125.15,96.562575,81.32672499984619
2018-12-24,SELL,BANKBEES.NS,748,272.74,204009.52000000002,102.00476,203988.84196499985
2018-12-24,SELL,NIFTYBEES.NS,1854,111.84,207351.36000000002,103.67568000000001,411236.5262849999
2018-12-24,BUY,CPSEETF.NS,8556,24.02,205515.12,102.75756,205618.64872499992
2018-12-24,BUY,GOLDBEES.NS,7371,27.88,205503.47999999998,102.75174,12.416984999930719
2018-12-31,SELL,DIVOPPBEES.NS,6578,29.27,192538.06,96.26903,192454.20795499993
2018-12-31,SELL,GOLDBEES.NS,7371,28.02,206535.41999999998,103.26771,398886.36024499993
2018-12-31,BUY,INFRABEES.NS,608,327.36,199034.88,99.51744000000001,199751.96280499993
2018-12-31,BUY,BANKBEES.NS,719,276.89,199083.91,99.541955,568.5108499999333
2019-01-07,SELL,JUNIORBEES.NS,670,285.5,191285.0,95.6425,191757.86834999995
2019-01-07,BUY,GOLDBEES.NS,6791,28.22,191642.02,95.82101,20.027339999942342
2019-01-14,SELL,CPSEETF.NS,8556,23.81,203718.36,101.85918,203636.52815999993
2019-01-14,SELL,INFRABEES.NS,608,316.25,192280.0,96.14,395820.3881599999
2019-01-14,BUY,MON100.NS,4345,45.52,197784.40000000002,98.89220000000002,197937.0959599999
2019-01-14,BUY,HNGSNGBEES.NS,626,315.96,197790.96,98.89547999999999,47.24047999989125
2019-01-21,SELL,HNGSNGBEES.NS,626,315.8,197690.80000000002,98.84540000000001,197639.19507999992
2019-01-21,BUY,NIFTYBEES.NS,1725,114.48,197478.0,98.739,62.456079999916255
2019-01-28,SELL,BANKBEES.NS,719,271.08,194906.52,97.45326,194871.5228199999
2019-01-28,SELL,PSUBNKBEES.NS,5879,32.05,188421.94999999998,94.21097499999999,383199.26184499986
2019-01-28,BUY,HNGSNGBEES.NS,614,311.5,191261.0,95.6305,191842.63134499986
2019-01-28,BUY,LIQUIDBEES.NS,191,999.99,190998.09,95.499045,749.0422999998555
2019-02-04,SELL,LIQUIDBEES.NS,191,999.99,190998.09,95.499045,191651.63325499985
2019-02-04,SELL,HNGSNGBEES.NS,614,316.0,194024.0,97.012,385578.6212549999
2019-02-04,BUY,NIF100BEES.NS,1692,113.85,192634.19999999998,96.3171,192848.10415499992
2019-02-04,BUY,DIVOPPBEES.NS,6662,28.92,192665.04,96.33252,86.73163499991642
2019-02-11,SELL,NIF100BEES.NS,1692,113.55,192126.6,96.0633,192117.2683349999
2019-02-11,BUY,HNGSNGBEES.NS,607,316.0,191812.0,95.906,209.36233499992522
2019-02-18,SELL,DIVOPPBEES.NS,6662,28.22,188001.63999999998,94.00081999999999,188117.00151499992
2019-02-18,BUY,LIQUIDBEES.NS,188,999.99,187998.12,93.99906,24.882454999926267
2019-02-25,SELL,NIFTYBEES.NS,1725,113.65,196046.25,98.02312500000001,195973.10932999992
2019-02-25,BUY,CPSEETF.NS,8247,23.75,195866.25,97.933125,8.926204999908805
2019-03-05,SELL,GOLDBEES.NS,6791,28.48,193407.68,96.70384,193319.9023649999
2019-03-05,SELL,LIQUIDBEES.NS,188,999.99,187998.12,93.99906,381224.0233049999
2019-03-05,BUY,INFRABEES.NS,625,304.43,190268.75,95.134375,190860.13892999993
2019-03-05,BUY,JUNIORBEES.NS,674,282.6,190472.40000000002,95.23620000000001,292.502729999891
2019-03-11,SELL,MON100.NS,4345,48.74,211775.30000000002,105.88765000000001,211961.91507999992
2019-03-11,SELL,HNGSNGBEES.NS,607,339.0,205773.0,102.8865,417632.0285799999
2019-03-11,BUY,PSUBNKBEES.NS,6286,33.2,208695.2,104.34760000000001,208832.4809799999
2019-03-11,BUY,MOM100.NS,11373,18.35,208694.55000000002,104.34727500000001,33.583704999880865
2019-03-18,SELL,JUNIORBEES.NS,674,288.6,194516.40000000002,97.25820000000002,194452.7255049999
2019-03-18,BUY,BANKBEES.NS,648,299.88,194322.24,97.16112,33.32438499989803
2019-03-25,SELL,MOM100.NS,11373,18.21,207102.33000000002,103.55116500000001,207032.1032199999
2019-03-25,BUY,NIFTYBEES.NS,1741,118.81,206848.21,103.424105,80.46911499989801
2019-04-08,SELL,INFRABEES.NS,625,330.86,206787.5,103.39375,206764.5753649999
2019-04-08,SELL,NIFTYBEES.NS,1741,121.95,212314.95,106.157475,418973.3678899999
2019-04-08,BUY,MON100.NS,4030,51.95,209358.5,104.67925,209510.1886399999
2019-04-08,BUY,NIF100BEES.NS,1735,120.66,209345.1,104.67255,60.41608999989694
2019-04-15,SELL,BANKBEES.NS,648,306.35,198514.80000000002,99.2574,198475.9586899999
2019-04-15,BUY,MOM100.NS,10310,19.24,198364.4,99.1822,12.37648999990779
2019-04-22,SELL,CPSEETF.NS,8247,26.91,221926.77,110.963385,221828.1831049999
2019-04-22,SELL,PSUBNKBEES.NS,6286,34.64,217747.04,108.87352000000001,439466.3495849999
2019-04-22,SELL,MOM100.NS,10310,18.6,191766.00000000003,95.88300000000001,631136.4665849999
2019-04-22,BUY,NIFTYBEES.NS,1725,121.87,210225.75,105.112875,420805.60370999994
2019-04-22,BUY,DIVOPPBEES.NS,6926,30.36,210273.36,105.13668,210427.10702999996
2019-04-22,BUY,JUNIORBEES.NS,730,287.72,210035.6,105.01780000000001,286.4892299999483
2019-04-30,SELL,NIF100BEES.NS,1735,122.44,212433.4,106.2167,212613.67252999995
2019-04-30,SELL,JUNIORBEES.NS,730,285.78,208619.4,104.30969999999999,421128.7628299999
2019-04-30,BUY,CPSEETF.NS,7653,27.5,210457.5,105.22875,210566.0340799999
2019-04-30,BUY,GOLDBEES.NS,7476,28.15,210449.4,105.2247,11.409379999910016
2019-05-06,SELL,GOLDBEES.NS,7476,28.01,209402.76,104.70138,209309.4679999999
2019-05-06,BUY,BANKBEES.NS,693,301.84,209175.12,104.58756,29.760439999896334
2019-05-13,SELL,CPSEETF.NS,7653,25.91,198289.23,99.144615,198219.8458249999
2019-05-13,SELL,NIFTYBEES.NS,1725,117.22,202204.5,101.10225,400323.2435749999
2019-05-13,SELL,BANKBEES.NS,693,292.08,202411.44,101.20572,602633.477855
2019-05-13,BUY,GOLDBEES.NS,7104,28.26,200759.04,100.37952,401774.05833499995
2019-05-13,BUY,LIQUIDBEES.NS,200,1000.0,200000.0,100.0,201674.05833499995
2019-05-13,BUY,HNGSNGBEES.NS,724,276.96,200519.03999999998,100.25952,1054.7588149999792
2019-05-20,SELL,DIVOPPBEES.NS,6926,30.51,211312.26,105.65613,212261.362685
2019-05-20,SELL,HNGSNGBEES.NS,724,299.9,217127.59999999998,108.56379999999999,429280.398885
2019-05-20,BUY,BANKBEES.NS,683,313.81,214332.23,107.166115,214841.00276999996
2019-05-20,BUY,NIFTYBEES.NS,1731,123.93,214522.83000000002,107.26141500000001,210.91135499996017
2019-05-27,SELL,GOLDBEES.NS,7104,28.1,199622.40000000002,99.81120000000001,199733.500155
2019-05-27,SELL,MON100.NS,4030,50.47,203394.1,101.69705,403025.90310500003
2019-05-27,SELL,LIQUIDBEES.NS,200,1000.0,200000.0,100.0,602925.903105
2019-05-27,BUY,PSUBNKBEES.NS,5368,37.42,200870.56,100.43528,401954.907825
2019-05-27,BUY,INFRABEES.NS,579,346.48,200611.92,100.30596000000001,201242.681865
2019-05-27,BUY,MOM100.NS,10741,18.7,200856.69999999998,100.42835,285.5535150000069
2019-06-03,SELL,NIFTYBEES.NS,1731,126.8,219490.8,109.74539999999999,219666.60811499998
2019-06-03,BUY,CPSEETF.NS,7679,28.59,219542.61,109.771305,14.226809999992838
2019-06-17,SELL,BANKBEES.NS,683,307.71,210165.93,105.082965,210075.07384499998
2019-06-17,SELL,PSUBNKBEES.NS,5368,33.23,178378.63999999998,89.18932,388364.52452499996
2019-06-17,SELL,MOM100.NS,10741,18.15,194949.15,97.474575,583216.1999499999
2019-06-17,BUY,GOLDBEES.NS,6714,28.94,194303.16,97.15158000000001,388815.88836999994
2019-06-17,BUY,DIVOPPBEES.NS,6372,30.49,194282.28,97.14114000000001,194436.46722999995
2019-06-17,BUY,NIF100BEES.NS,1607,120.89,194270.23,97.13511500000001,69.10211499992874
2019-06-24,SELL,INFRABEES.NS,579,342.2,198133.8,99.06689999999999,198103.8352149999
2019-06-24,SELL,NIF100BEES.NS,1607,121.03,194495.21,97.247605,392501.7976099999
2019-06-24,BUY,MON100.NS,3673,53.4,196138.19999999998,98.06909999999999,196265.52850999992
2019-06-24,BUY,LIQUIDBEES.NS,196,999.99,195998.04,97.99902,169.4894899999199
2019-07-01,SELL,CPSEETF.NS,7679,27.93,214474.47,107.237235,214536.7222549999
2019-07-01,SELL,DIVOPPBEES.NS,6372,30.56,194728.31999999998,97.36415999999998,409167.67809499986
2019-07-01,SELL,LIQUIDBEES.NS,196,1000.0,196000.0,98.0,605069.6780949999
2019-07-01,BUY,HNGSNGBEES.NS,665,303.0,201495.0,100.7475,403473.93059499987
2019-07-01,BUY,PSUBNKBEES.NS,5702,35.35,201565.7,100.78285000000001,201807.44774499987
2019-07-01,BUY,INFRABEES.NS,580,346.99,201254.2,100.62710000000001,452.6206449998426
2019-07-08,SELL,INFRABEES.NS,580,337.51,195755.8,97.8779,196110.54274499984
2019-07-08,BUY,BANKBEES.NS,626,312.69,195743.94,97.87197,268.730774999829
2019-07-15,SELL,BANKBEES.NS,626,311.03,194704.77999999997,97.35238999999999,194876.1583849998
2019-07-15,BUY,JUNIORBEES.NS,698,278.9,194672.19999999998,97.33609999999999,106.62228499984485
2019-07-22,SELL,PSUBNKBEES.NS,5702,33.08,188622.16,94.31108,188634.47120499983
2019-07-22,BUY,LIQUIDBEES.NS,188,999.99,187998.12,93.99906,542.352144999837
2019-08-05,SELL,JUNIORBEES.NS,698,265.43,185270.14,92.63507000000001,185719.85707499986
2019-08-05,BUY,DIVOPPBEES.NS,6540,28.38,185605.19999999998,92.8026,21.854474999883678
2019-08-13,SELL,DIVOPPBEES.NS,6540,28.22,184558.8,92.2794,184488.37507499987
2019-08-13,BUY,JUNIORBEES.NS,693,265.88,184254.84,92.12742,141.40765499987174
2019-08-26,SELL,HNGSNGBEES.NS,665,302.4,201095.99999999997,100.54799999999999,201136.85965499983
2019-08-26,BUY,DIVOPPBEES.NS,7041,28.55,201020.55000000002,100.51027500000001,15.79937999980757
2019-09-03,SELL,DIVOPPBEES.NS,7041,28.5,200668.5,100.33425,200583.9651299998
2019-09-03,SELL,LIQUIDBEES.NS,188,1000.0,188000.0,94.0,388489.9651299998
2019-09-03,BUY,NIF100BEES.NS,1715,113.14,194035.1,97.01755,194357.8475799998
2019-09-03,BUY,NIFTYBEES.NS,1695,114.52,194111.4,97.0557,149.3918799998064
2019-09-09,SELL,NIF100BEES.NS,1715,115.02,197259.3,98.62965,197310.0622299998
2019-09-09,SELL,NIFTYBEES.NS,1695,116.43,197348.85,98.674425,394560.2378049998
2019-09-09,SELL,JUNIORBEES.NS,693,270.96,187775.28,93.88764,582241.6301649997
2019-09-09,BUY,CPSEETF.NS,8230,23.57,193981.1,96.99055,388163.5396149998
2019-09-09,BUY,DIVOPPBEES.NS,6684,29.02,193969.68,96.98484,194096.8747749998
2019-09-09,BUY,INFRABEES.NS,612,316.56,193734.72,96.86736,265.28741499979515
2019-09-16,SELL,DIVOPPBEES.NS,6684,28.8,192499.2,96.2496,192668.2378149998
2019-09-16,SELL,GOLDBEES.NS,6714,33.25,223240.5,111.62025,415797.1175649998
2019-09-16,SELL,MON100.NS,3673,55.36,203337.28,101.66864,619032.7289249998
2019-09-16,BUY,HNGSNGBEES.NS,635,324.7,206184.5,103.09225,412745.13667499984
2019-09-16,BUY,JUNIORBEES.NS,751,274.4,206074.4,103.0372,206567.69947499986
2019-09-16,BUY,PSUBNKBEES.NS,7540,27.35,206219.0,103.1095,245.58997499986435
2019-09-23,SELL,PSUBNKBEES.NS,7540,28.38,213985.19999999998,106.9926,214123.79737499985
2019-09-23,SELL,HNGSNGBEES.NS,635,319.5,202882.5,101.44125,416904.8561249998
2019-09-23,BUY,BANKBEES.NS,664,313.68,208283.52000000002,104.14176,208517.1943649998
2019-09-23,BUY,DIVOPPBEES.NS,7427,28.05,208327.35,104.16367500000001,85.6806899998046
2019-09-30,SELL,CPSEETF.NS,8230,23.83,196120.9,98.06045,196108.5202399998
2019-09-30,SELL,DIVOPPBEES.NS,7427,29.5,219096.5,109.54825,415095.4719899998
2019-09-30,BUY,NIFTYBEES.NS,1706,121.57,207398.41999999998,103.69921,207593.35277999984
2019-09-30,BUY,NIF100BEES.NS,1743,119.01,207434.43000000002,103.71721500000001,55.20556499980739
2019-10-07,SELL,BANKBEES.NS,664,283.33,188131.12,94.06556,188092.26000499981
2019-10-07,BUY,GOLDBEES.NS,5595,33.6,187992.0,93.996,6.264004999800818
2019-10-14,SELL,GOLDBEES.NS,5595,33.75,188831.25,94.415625,188743.0983799998
2019-10-14,BUY,BANKBEES.NS,656,287.29,188462.24000000002,94.23112000000002,186.62725999977556
2019-10-22,SELL,BANKBEES.NS,656,300.07,196845.91999999998,98.42295999999999,196934.12429999976
2019-10-22,SELL,JUNIORBEES.NS,751,290.8,218390.80000000002,109.1954,415215.72889999975
2019-10-22,BUY,CPSEETF.NS,8367,24.8,207501.6,103.7508,207610.37809999974
2019-10-22,BUY,MON100.NS,3740,55.47,207457.8,103.7289,48.849199999764096
2019-10-29,SELL,INFRABEES.NS,612,340.15,208171.8,104.0859,208116.56329999975
2019-10-29,SELL,NIFTYBEES.NS,1706,124.68,212704.08000000002,106.35204000000002,420714.29125999974
2019-10-29,BUY,HNGSNGBEES.NS,622,337.9,210173.8,105.0869,210435.40435999975
2019-10-29,BUY,PSUBNKBEES.NS,8209,25.61,210232.49,105.11624499999999,97.7981149997504
2019-11-04,SELL,NIF100BEES.NS,1743,124.9,217700.7,108.85035,217689.64776499977
2019-11-04,SELL,MON100.NS,3740,56.97,213067.8,106.5339,430650.9138649998
2019-11-04,SELL,HNGSNGBEES.NS,622,321.4,199910.8,99.9554,630461.7584649997
2019-11-04,BUY,JUNIORBEES.NS,707,297.04,210007.28000000003,105.00364000000002,420349.4748249997
2019-11-04,BUY,BANKBEES.NS,677,310.14,209964.78,104.98239,210279.7124349997
2019-11-04,BUY,MOM100.NS,11873,17.69,210033.37000000002,105.01668500000001,141.32574999966891
2019-11-11,SELL,CPSEETF.NS,8367,24.27,203067.09,101.533545,203106.88220499965
2019-11-11,BUY,NIF100BEES.NS,1644,123.41,202886.04,101.44302,119.39918499963824
2019-11-18,SELL,JUNIORBEES.NS,707,292.41,206733.87000000002,103.36693500000001,206749.90224999966
2019-11-18,SELL,NIF100BEES.NS,1644,124.08,203987.52,101.99376,410635.4284899996
2019-11-18,BUY,HNGSNGBEES.NS,612,335.0,205020.0,102.51,205512.9184899996
2019-11-18,BUY,MON100.NS,3493,58.75,205213.75,102.606875,196.5616149996058
2019-11-25,SELL,MOM100.NS,11873,17.77,210983.21,105.49160499999999,211074.2800099996
2019-11-25,BUY,NIFTYBEES.NS,1651,127.74,210898.74,105.44937,70.0906399996311
2019-12-02,SELL,NIFTYBEES.NS,1651,127.63,210717.13,105.358565,210681.86207499963
2019-12-02,SELL,HNGSNGBEES.NS,612,323.19,197792.28,98.89614,408375.24593499966
2019-12-02,BUY,MOM100.NS,11388,17.92,204072.96000000002,102.03648000000001,204200.24945499963
2019-12-02,BUY,INFRABEES.NS,591,344.81,203782.71,101.891355,315.648099999642
2019-12-09,SELL,INFRABEES.NS,591,334.01,197399.91,98.699955,197616.85814499966
2019-12-09,SELL,MON100.NS,3493,58.79,205353.47,102.67673500000001,402867.6514099997
2019-12-09,BUY,NIF100BEES.NS,1631,123.43,201314.33000000002,100.657165,201452.66424499967
2019-12-09,BUY,GOLDBEES.NS,6056,33.24,201301.44,100.65072,50.573524999665096
2019-12-16,SELL,PSUBNKBEES.NS,8209,28.0,229852.0,114.926,229787.64752499966
2019-12-16,SELL,GOLDBEES.NS,6056,33.44,202512.63999999998,101.25631999999999,432199.03120499966
2019-12-16,BUY,MON100.NS,3633,59.44,215945.52,107.97276,216145.53844499966
2019-12-16,BUY,NIFTYBEES.NS,1693,127.53,215908.29,107.95414500000001,129.29429999965942
2019-12-23,SELL,MOM100.NS,11388,17.8,202706.4,101.3532,202734.34109999964
2019-12-23,SELL,NIF100BEES.NS,1631,126.83,206859.73,103.429865,409490.64123499964
2019-12-23,BUY,HNGSNGBEES.NS,582,351.39,204508.97999999998,102.25448999999999,204879.40674499967
2019-12-23,BUY,GOLDBEES.NS,6081,33.65,204625.65,102.312825,151.44391999967047
2020-01-06,SELL,BANKBEES.NS,677,319.18,216084.86000000002,108.04243000000001,216128.26148999968
2020-01-06,SELL,NIFTYBEES.NS,1693,127.37,215637.41,107.81870500000001,431657.85278499965
2020-01-06,BUY,CPSEETF.NS,9346,23.08,215705.68,107.85284,215844.31994499965
2020-01-06,BUY,MOM100.NS,12038,17.92,215720.96000000002,107.86048000000001,15.499464999622433
2020-01-13,SELL,HNGSNGBEES.NS,582,359.27,209095.13999999998,104.54757,209006.0918949996
2020-01-13,BUY,INFRABEES.NS,605,344.8,208604.0,104.302,297.7898949996161
2020-01-20,SELL,CPSEETF.NS,9346,22.84,213462.63999999998,106.73132,213653.6985749996
2020-01-20,BUY,HNGSNGBEES.NS,569,374.91,213323.79,106.661895,223.24667999960366
2020-01-27,SELL,GOLDBEES.NS,6081,35.85,218003.85,109.001925,218118.09475499962
2020-01-27,BUY,JUNIORBEES.NS,723,301.27,217818.21,108.909105,190.97564999962924
2020-02-03,SELL,JUNIORBEES.NS,723,286.7,207284.1,103.64205000000001,207371.43359999964
2020-02-03,SELL,HNGSNGBEES.NS,569,362.2,206091.8,103.0459,413360.18769999966
2020-02-03,BUY,GOLDBEES.NS,5752,35.91,206554.31999999998,103.27716,206702.59053999968
2020-02-03,BUY,LIQUIDBEES.NS,206,1000.0,206000.0,103.0,599.5905399996846
2020-02-10,SELL,INFRABEES.NS,605,337.13,203963.65,101.981825,204461.25871499968
2020-02-10,SELL,LIQUIDBEES.NS,206,999.99,205997.94,102.99897,410356.1997449997
2020-02-10,BUY,JUNIORBEES.NS,682,300.46,204913.71999999997,102.45685999999999,205340.02288499972
2020-02-10,BUY,BANKBEES.NS,645,317.68,204903.6,102.4518,333.97108499970636
2020-02-17,SELL,MOM100.NS,12038,18.75,225712.5,112.85625,225933.6148349997
2020-02-17,SELL,JUNIORBEES.NS,682,293.4,200098.8,100.04939999999999,425932.3654349997
2020-02-17,BUY,NIF100BEES.NS,1700,125.15,212755.0,106.3775,213070.9879349997
2020-02-17,BUY,LIQUIDBEES.NS,212,999.99,211997.88,105.99894,967.1089949996967
2020-02-24,SELL,BANKBEES.NS,645,309.67,199737.15000000002,99.868575,200604.39041999972
2020-02-24,SELL,LIQUIDBEES.NS,212,1000.0,212000.0,106.0,412498.3904199997
2020-02-24,BUY,JUNIORBEES.NS,704,292.68,206046.72,103.02336,206348.64705999973
2020-02-24,BUY,NIFTYBEES.NS,1639,125.73,206071.47,103.035735,174.1413249997131
2020-03-02,SELL,NIF100BEES.NS,1700,115.87,196979.0,98.4895,197054.65182499972
2020-03-02,SELL,NIFTYBEES.NS,1639,118.39,194041.21,97.020605,390998.8412199997
2020-03-02,SELL,MON100.NS,3633,61.73,224265.09,112.13254500000001,615151.7986749997
2020-03-02,SELL,JUNIORBEES.NS,704,275.84,194191.36,97.09568,809246.0629949997
2020-03-02,BUY,LIQUIDBEES.NS,202,1000.0,202000.0,101.0,607145.0629949997
2020-03-02,BUY,HNGSNGBEES.NS,543,372.0,201996.0,100.998,405048.0649949997
2020-03-02,BUY,DIVOPPBEES.NS,7492,26.99,202209.08,101.10454,202737.8804549997
2020-03-02,BUY,BANKBEES.NS,686,294.45,201992.69999999998,100.99634999999999,644.184104999702
2020-03-09,SELL,BANKBEES.NS,686,271.61,186324.46000000002,93.16223000000001,186875.48187499974
2020-03-09,BUY,MON100.NS,3075,60.74,186775.5,93.38775,6.594124999741325
2020-03-16,SELL,MON100.NS,3075,55.26,169924.5,84.96225,169846.13187499973
2020-03-16,BUY,MOM100.NS,11190,15.17,169752.3,84.87615,8.955724999745144
2020-03-23,SELL,MOM100.NS,11190,12.37,138420.3,69.21015,138360.04557499973
2020-03-23,BUY,MON100.NS,2744,50.39,138270.16,69.13508,20.750494999723742
2020-03-30,SELL,DIVOPPBEES.NS,7492,26.4,197788.8,98.89439999999999,197710.65609499972
2020-03-30,BUY,NIF100BEES.NS,2073,95.3,197556.9,98.77844999999999,54.97764499971527
2020-04-07,SELL,NIF100BEES.NS,2073,92.9,192581.7,96.29085,192540.38679499974
2020-04-07,BUY,DIVOPPBEES.NS,7325,26.27,192427.75,96.213875,16.422919999749865
2020-04-13,SELL,LIQUIDBEES.NS,202,1000.0,202000.0,101.0,201915.42291999975
2020-04-13,SELL,HNGSNGBEES.NS,543,335.99,182442.57,91.22128500000001,384266.7716349998
2020-04-13,BUY,CPSEETF.NS,11471,16.74,192024.53999999998,96.01226999999999,192146.2193649998
2020-04-13,BUY,CONSUMBEES.NS,3956,48.54,192024.24,96.01212,25.96724499980337
2020-04-20,SELL,DIVOPPBEES.NS,7325,25.53,187007.25,93.503625,186939.7136199998
2020-04-20,SELL,CONSUMBEES.NS,3956,54.07,213900.92,106.95046,400733.6831599998
2020-04-20,BUY,JUNIORBEES.NS,820,243.94,200030.8,100.0154,200602.8677599998
2020-04-20,BUY,BANKBEES.NS,967,206.9,200072.30000000002,100.03615,430.5316099997726
2020-04-27,SELL,CPSEETF.NS,11471,16.31,187092.00999999998,93.546005,187428.99560499974
2020-04-27,SELL,GOLDBEES.NS,5752,42.56,244805.12000000002,122.40256000000001,432111.71304499975
2020-04-27,SELL,BANKBEES.NS,967,201.6,194947.19999999998,97.47359999999999,626961.4394449997
2020-04-27,BUY,CONSUMBEES.NS,3921,53.26,208832.46,104.41623,418024.5632149997
2020-04-27,BUY,MID150BEES.NS,4104,50.89,208852.56,104.42628,209067.57693499967
2020-04-27,BUY,NV20BEES.NS,4217,49.53,208868.01,104.43400500000001,95.13292999967234
2020-05-04,SELL,NV20BEES.NS,4217,48.64,205114.88,102.55744,205107.45548999967
2020-05-04,SELL,CONSUMBEES.NS,3921,51.8,203107.8,101.5539,408113.70158999966
2020-05-04,SELL,MON100.NS,2744,64.1,175890.4,87.9452,583916.1563899997
2020-05-04,BUY,INFRABEES.NS,707,274.99,194417.93,97.20896499999999,389401.0174249997
2020-05-04,BUY,NIFTYBEES.NS,1969,98.8,194537.19999999998,97.26859999999999,194766.54882499969
2020-05-04,BUY,BANKBEES.NS,976,199.2,194419.19999999998,97.2096,250.13922499970067
2020-05-11,SELL,BANKBEES.NS,976,191.42,186825.91999999998,93.41296,186982.6462649997
2020-05-11,SELL,JUNIORBEES.NS,820,242.14,198554.8,99.2774,385438.16886499966
2020-05-11,SELL,MID150BEES.NS,4104,49.54,203312.16,101.65608,588648.6727849997
2020-05-11,BUY,HNGSNGBEES.NS,554,354.0,196116.0,98.058,392434.61478499975
2020-05-11,BUY,CONSUMBEES.NS,3719,52.72,196065.68,98.03284,196270.90194499976
2020-05-11,BUY,MON100.NS,2867,68.4,196102.80000000002,98.05140000000002,70.05054499974358
2020-05-18,SELL,CONSUMBEES.NS,3719,47.36,176131.84,88.06592,176113.82462499975
2020-05-18,SELL,NIFTYBEES.NS,1969,93.93,184948.17,92.474085,360969.52053999976
2020-05-18,BUY,NIF100BEES.NS,1740,103.62,180298.80000000002,90.14940000000001,180580.57113999975
2020-05-18,BUY,MID150BEES.NS,3696,48.8,180364.8,90.1824,125.58873999977368
2020-05-26,SELL,HNGSNGBEES.NS,554,350.0,193900.0,96.95,193928.63873999976
2020-05-26,SELL,MID150BEES.NS,3696,49.0,181104.0,90.552,374942.08673999977
2020-05-26,BUY,LIQUIDBEES.NS,187,1000.0,187000.0,93.5,187848.58673999977
2020-05-26,BUY,GOLDBEES.NS,4547,41.2,187336.40000000002,93.66820000000001,418.5185399997572
2020-06-01,SELL,GOLDBEES.NS,4547,41.21,187381.87,93.690935,187706.69760499976
2020-06-01,SELL,MON100.NS,2867,70.14,201091.38,100.54569000000001,388697.53191499977
2020-06-01,SELL,NIF100BEES.NS,1740,104.52,181864.8,90.9324,570471.3995149997
2020-06-01,SELL,LIQUIDBEES.NS,187,1000.0,187000.0,93.5,757377.8995149997
2020-06-01,BUY,NV20BEES.NS,3643,51.94,189217.41999999998,94.60870999999999,568065.8708049997
2020-06-01,BUY,JUNIORBEES.NS,744,254.16,189095.04,94.54752,378876.2832849997
2020-06-01,BUY,CPSEETF.NS,10814,17.5,189245.0,94.6225,189536.66078499972
2020-06-01,BUY,NIFTYBEES.NS,1812,104.42,189209.04,94.60452000000001,233.0162649997219
2020-06-08,SELL,NV20BEES.NS,3643,53.6,195264.80000000002,97.6324,195400.18386499974
2020-06-08,SELL,JUNIORBEES.NS,744,264.21,196572.24,98.28612,391874.1377449997
2020-06-08,BUY,PSUBNKBEES.NS,12960,15.11,195825.6,97.9128,195950.62494499973
2020-06-08,BUY,BANKBEES.NS,915,214.02,195828.30000000002,97.91415,24.41079499971238
2020-06-15,SELL,CPSEETF.NS,10814,17.27,186757.78,93.37889,186688.81190499972
2020-06-15,SELL,NIFTYBEES.NS,1812,104.51,189372.12,94.68606,375966.2458449997
2020-06-15,SELL,INFRABEES.NS,707,300.91,212743.37000000002,106.37168500000001,588603.2441599998
2020-06-15,BUY,MID150BEES.NS,3631,54.0,196074.0,98.037,392431.20715999976
2020-06-15,BUY,NIF100BEES.NS,1726,113.61,196090.86,98.04543,196242.30172999977
2020-06-15,BUY,DIVOPPBEES.NS,7433,26.38,196082.53999999998,98.04127,61.720459999807645
2020-06-22,SELL,DIVOPPBEES.NS,7433,26.3,195487.9,97.74395,195451.8765099998
2020-06-22,SELL,MID150BEES.NS,3631,58.02,210670.62000000002,105.33531000000002,406017.16119999986
2020-06-22,BUY,MOM100.NS,13015,15.59,202903.85,101.451925,203011.85927499985
2020-06-22,BUY,MON100.NS,2688,75.46,202836.47999999998,101.41824,73.9610349998693
2020-06-29,SELL,BANKBEES.NS,915,215.31,197008.65,98.504325,196984.10670999988
2020-06-29,BUY,MID150BEES.NS,3476,56.63,196845.88,98.42294000000001,39.803769999882206
2020-07-06,SELL,NIF100BEES.NS,1726,115.89,200026.14,100.01307000000001,199965.9306999999
2020-07-06,SELL,MOM100.NS,13015,15.97,207849.55000000002,103.92477500000001,407711.55592499994
2020-07-06,SELL,MID150BEES.NS,3476,58.72,204110.72,102.05536000000001,611720.220565
2020-07-06,BUY,NIFTYBEES.NS,1783,114.28,203761.24,101.88062,407857.09994499997
2020-07-06,BUY,INFRABEES.NS,634,321.32,203716.88,101.85844,204038.36150499995
2020-07-06,BUY,BANKBEES.NS,911,223.67,203763.37,101.881685,173.1098199999542
2020-07-13,SELL,INFRABEES.NS,634,316.41,200603.94,100.30197,200676.74784999996
2020-07-13,SELL,MON100.NS,2688,80.4,216115.2,108.05760000000001,416683.89024999994
2020-07-13,BUY,NV20BEES.NS,3745,55.6,208222.0,104.111,208357.77924999993
2020-07-13,BUY,MID150BEES.NS,3578,58.19,208203.81999999998,104.10190999999999,49.85733999995864
2020-07-20,SELL,BANKBEES.NS,911,224.39,204419.28999999998,102.209645,204366.93769499994
2020-07-20,SELL,PSUBNKBEES.NS,12960,15.87,205675.19999999998,102.8376,409939.30009499996
2020-07-20,SELL,MID150BEES.NS,3578,58.51,209348.78,104.67439,619183.4057049999
2020-07-20,BUY,MON100.NS,2624,78.6,206246.4,103.1232,412833.8825049999
2020-07-20,BUY,DIVOPPBEES.NS,7297,28.27,206286.19,103.143095,206444.54940999992
2020-07-20,BUY,INFRABEES.NS,652,316.0,206032.0,103.016,309.53340999991633
2020-07-27,SELL,INFRABEES.NS,652,320.01,208646.52,104.32325999999999,208851.7301499999
2020-07-27,SELL,MON100.NS,2624,77.59,203596.16,101.79808,412346.0920699999
2020-07-27,BUY,GOLDBEES.NS,4436,46.45,206052.2,103.02610000000001,206190.8659699999
2020-07-27,BUY,CONSUMBEES.NS,3892,52.94,206042.47999999998,103.02123999999999,45.364729999913834
2020-08-03,SELL,CONSUMBEES.NS,3892,51.84,201761.28,100.88064,201705.76408999992
2020-08-03,BUY,NIF100BEES.NS,1753,114.95,201507.35,100.753675,97.66041499990388
2020-08-10,SELL,DIVOPPBEES.NS,7297,28.69,209350.93000000002,104.67546500000002,209343.91494999992
2020-08-10,SELL,NIFTYBEES.NS,1783,119.97,213906.51,106.95325500000001,423143.47169499996
2020-08-10,SELL,NV20BEES.NS,3745,58.93,220692.85,110.34642500000001,643725.9752699999
2020-08-10,BUY,MOM100.NS,12578,17.05,214454.90000000002,107.22745000000002,429163.8478199999
2020-08-10,BUY,MID150BEES.NS,3419,62.72,214439.68,107.21984,214616.9479799999
2020-08-10,BUY,MON100.NS,2612,82.1,214445.19999999998,107.2226,64.5253799999191
2020-08-17,SELL,GOLDBEES.NS,4436,46.15,204721.4,102.3607,204683.56467999992
2020-08-17,SELL,NIF100BEES.NS,1753,117.0,205101.0,102.5505,409682.01417999994
2020-08-17,BUY,NV20BEES.NS,3420,59.86,204721.2,102.3606,204858.4535799999
2020-08-17,BUY,JUNIORBEES.NS,716,285.93,204725.88,102.36294000000001,30.210639999917476
2020-08-24,SELL,NV20BEES.NS,3420,60.88,208209.6,104.10480000000001,208135.70583999992
2020-08-24,SELL,JUNIORBEES.NS,716,289.23,207088.68000000002,103.54434000000002,415120.8415
2020-08-24,BUY,CPSEETF.NS,10799,19.21,207448.79,103.724395,207568.32710499997
2020-08-24,BUY,PSUBNKBEES.NS,12688,16.35,207448.80000000002,103.72440000000002,15.802704999950947
2020-08-31,SELL,MON100.NS,2612,87.22,227818.63999999998,113.90932,227720.53338499993
2020-08-31,BUY,BANKBEES.NS,950,239.57,227591.5,113.79575,15.237634999939473
2020-09-07,SELL,CPSEETF.NS,10799,17.99,194274.00999999998,97.13700499999999,194192.11062999992
2020-09-07,SELL,MOM100.NS,12578,17.46,219611.88,109.80594,413694.1846899999
2020-09-07,BUY,NIF100BEES.NS,1710,120.9,206739.0,103.3695,206851.8151899999
2020-09-07,BUY,MON100.NS,2480,83.35,206708.0,103.354,40.461189999914495
2020-09-14,SELL,NIF100BEES.NS,1710,116.6,199386.0,99.693,199326.76818999992
2020-09-14,SELL,PSUBNKBEES.NS,12688,15.77,200089.75999999998,100.04487999999999,399316.4833099999
2020-09-14,SELL,MON100.NS,2480,80.98,200830.40000000002,100.41520000000001,600046.46811
2020-09-14,SELL,MID150BEES.NS,3419,66.68,227978.92,113.98946000000001,827911.39865
2020-09-14,BUY,NIFTYBEES.NS,1693,122.13,206766.09,103.383045,621041.925605
2020-09-14,BUY,CONSUMBEES.NS,3759,55.02,206820.18000000002,103.41009000000001,414118.335515
2020-09-14,BUY,LIQUIDBEES.NS,206,999.99,205997.94,102.99897,208017.396545
2020-09-14,BUY,INFRABEES.NS,620,333.25,206615.0,103.3075,1299.0890450000006
2020-09-21,SELL,INFRABEES.NS,620,326.28,202293.59999999998,101.14679999999998,203491.542245
2020-09-21,SELL,CONSUMBEES.NS,3759,53.63,201595.17,100.79758500000001,404985.91466
2020-09-21,SELL,NIFTYBEES.NS,1693,119.92,203024.56,101.51228,607908.96238
2020-09-21,SELL,BANKBEES.NS,950,215.07,204316.5,102.15825,812123.3041300001
2020-09-21,BUY,MOM100.NS,11217,18.09,202915.53,101.457765,609106.3163650001
2020-09-21,BUY,GOLDBEES.NS,4509,45.0,202905.0,101.4525,406099.8638650001
2020-09-21,BUY,MID150BEES.NS,3144,64.53,202882.32,101.44116000000001,203116.10270500008
2020-09-21,BUY,NV20BEES.NS,3384,59.95,202870.80000000002,101.43540000000002,143.8673050000798
2020-09-28,SELL,GOLDBEES.NS,4509,43.31,195284.79,97.64239500000001,195331.01491000009
2020-09-28,SELL,MID150BEES.NS,3144,64.99,204328.56,102.16428,399557.41063000006
2020-09-28,BUY,NIF100BEES.NS,1721,116.0,199636.0,99.818,199821.59263000006
2020-09-28,BUY,CONSUMBEES.NS,3792,52.65,199648.8,99.8244,72.96823000005679
2020-10-05,SELL,CONSUMBEES.NS,3792,53.99,204730.08000000002,102.36504000000001,204700.68319000007
2020-10-05,SELL,LIQUIDBEES.NS,206,1000.0,206000.0,103.0,410597.68319000007
2020-10-05,BUY,MID150BEES.NS,3122,65.72,205177.84,102.58892,205317.25427000006
2020-10-05,BUY,MON100.NS,2518,81.49,205191.81999999998,102.59590999999999,22.838360000081593
2020-10-12,SELL,NIF100BEES.NS,1721,117.57,202337.97,101.168985,202259.6393750001
2020-10-12,SELL,MOM100.NS,11217,17.55,196858.35,98.429175,399019.56020000007
2020-10-12,SELL,MID150BEES.NS,3122,65.09,203210.98,101.60549,602128.9347100001
2020-10-12,BUY,BANKBEES.NS,841,238.27,200385.07,100.192535,401643.6721750001
2020-10-12,BUY,NIFTYBEES.NS,1580,126.96,200596.8,100.2984,200946.57377500008
2020-10-12,BUY,DIVOPPBEES.NS,6905,29.05,200590.25,100.295125,256.02865000008023
2020-10-26,SELL,DIVOPPBEES.NS,6905,28.73,198380.65,99.190325,198537.48832500007
2020-10-26,BUY,PSUBNKBEES.NS,13935,14.24,198434.4,99.2172,3.87112500006333
2020-11-02,SELL,NV20BEES.NS,3384,61.73,208894.31999999998,104.44716,208793.74396500003
2020-11-02,SELL,PSUBNKBEES.NS,13935,14.26,198713.1,99.35655,407407.48741500004
2020-11-02,SELL,MON100.NS,2518,81.73,205796.14,102.89807,613100.7293450001
2020-11-02,SELL,NIFTYBEES.NS,1580,124.37,196504.6,98.2523,809507.0770450002
2020-11-02,BUY,MOM100.NS,11389,17.76,202268.64,101.13432,607137.3027250001
2020-11-02,BUY,CPSEETF.NS,12244,16.52,202270.88,101.13544,404765.2872850001
2020-11-02,BUY,HNGSNGBEES.NS,626,323.0,202198.0,101.099,202466.1882850001
2020-11-02,BUY,LIQUIDBEES.NS,202,1000.0,202000.0,101.0,365.1882850000984
2020-11-09,SELL,LIQUIDBEES.NS,202,1000.0,202000.0,101.0,202264.1882850001
2020-11-09,BUY,PSUBNKBEES.NS,13326,15.17,202155.42,101.07771000000001,7.690575000073295
2020-11-17,SELL,CPSEETF.NS,12244,17.79,217820.75999999998,108.91037999999999,217719.54019500007
2020-11-17,SELL,MOM100.NS,11389,19.23,219010.47,109.505235,436620.50496000005
2020-11-17,SELL,HNGSNGBEES.NS,626,342.08,214142.08,107.07104,650655.51392
2020-11-17,BUY,NIF100BEES.NS,1653,131.08,216675.24000000002,108.33762000000002,433871.93630000006
2020-11-17,BUY,JUNIORBEES.NS,701,309.23,216770.23,108.38511500000001,216993.32118500004
2020-11-17,BUY,MID150BEES.NS,3059,70.86,216760.74,108.38037,124.20081500004744
2020-11-23,SELL,NIF100BEES.NS,1653,128.05,211666.65000000002,105.83332500000002,211685.01749000006
2020-11-23,SELL,JUNIORBEES.NS,701,315.69,221298.69,110.649345,432873.058145
2020-11-23,BUY,MOM100.NS,10832,19.97,216315.03999999998,108.15751999999999,216449.86062500003
2020-11-23,BUY,CPSEETF.NS,11731,18.44,216319.64,108.15982000000001,22.060805000015534
2020-12-01,SELL,MOM100.NS,10832,20.89,226280.48,113.14024,226189.40056500002
2020-12-01,BUY,DIVOPPBEES.NS,7292,31.0,226052.0,113.026,24.374565000005532
2020-12-07,SELL,BANKBEES.NS,841,303.13,254932.33,127.46616499999999,254829.2384
2020-12-07,BUY,MOM100.NS,11824,21.54,254688.96,127.34448,12.933920000010403
2020-12-14,SELL,MID150BEES.NS,3059,77.89,238265.51,119.132755,238159.31116500002
2020-12-14,BUY,CONSUMBEES.NS,3723,63.93,238011.38999999998,119.00569499999999,28.915470000036294
2020-12-21,SELL,DIVOPPBEES.NS,7292,32.75,238813.0,119.40650000000001,238722.50897000002
2020-12-21,BUY,NV20BEES.NS,3369,70.82,238592.58,119.29629,10.632680000038818
2020-12-28,SELL,CPSEETF.NS,11731,20.5,240485.5,120.24275,240375.88993000003
2020-12-28,SELL,PSUBNKBEES.NS,13326,19.15,255192.9,127.59645,495441.19348
2020-12-28,SELL,MOM100.NS,11824,21.56,254925.43999999997,127.46271999999999,750239.17076
2020-12-28,BUY,ITBEES.NS,10277,24.32,249936.64,124.96832,500177.56244
2020-12-28,BUY,DIVOPPBEES.NS,7155,34.93,249924.15,124.962075,250128.45036500003
2020-12-28,BUY,NIFTYBEES.NS,1691,147.78,249895.98,124.94799,107.52237500002957
2021-01-04,SELL,CONSUMBEES.NS,3723,64.21,239053.83,119.526915,239041.82546000002
2021-01-04,SELL,NIFTYBEES.NS,1691,150.71,254850.61000000002,127.42530500000001,493765.010155
2021-01-04,BUY,MON100.NS,2645,93.26,246672.7,123.33635000000001,246968.97380500002
2021-01-04,BUY,MID150BEES.NS,3030,81.43,246732.90000000002,123.36645000000001,112.70735499999137
2021-01-11,SELL,DIVOPPBEES.NS,7155,35.09,251068.95,125.53447500000001,251056.12288
2021-01-11,SELL,MON100.NS,2645,94.6,250216.99999999997,125.10849999999999,501148.01437999995
2021-01-11,BUY,JUNIORBEES.NS,698,358.63,250323.74,125.16187,250699.11250999995
2021-01-11,BUY,MOM100.NS,10795,23.2,250444.0,125.22200000000001,129.89050999993924
2021-01-18,SELL,JUNIORBEES.NS,698,345.44,241117.12,120.55856,241126.45194999993
2021-01-18,SELL,MOM100.NS,10795,22.42,242023.90000000002,121.01195000000001,483029.33999999997
2021-01-18,SELL,MID150BEES.NS,3030,81.76,247732.80000000002,123.86640000000001,730638.2736
2021-01-18,BUY,PSUBNKBEES.NS,11686,20.83,243419.37999999998,121.70969,487097.18391
2021-01-18,BUY,INFRABEES.NS,603,403.37,243232.11000000002,121.61605500000002,243743.45785500002
2021-01-18,BUY,NIF100BEES.NS,1654,147.1,243303.4,121.6517,318.4061550000333
2021-01-25,SELL,PSUBNKBEES.NS,11686,20.21,236174.06,118.08703,236374.37912500004
2021-01-25,BUY,CONSUMBEES.NS,3502,67.45,236209.90000000002,118.10495000000002,46.37417500000447
2021-02-01,SELL,ITBEES.NS,10277,25.03,257233.31,128.616655,257151.06752
2021-02-01,SELL,INFRABEES.NS,603,399.36,240814.08000000002,120.40704000000001,497844.74048000004
2021-02-01,SELL,CONSUMBEES.NS,3502,64.79,226894.58000000002,113.44729000000001,724625.8731900001
2021-02-01,SELL,NIF100BEES.NS,1654,147.24,243534.96000000002,121.76748,968039.0657100001
2021-02-01,SELL,NV20BEES.NS,3369,76.5,257728.5,128.86425,1225638.7014600001
2021-02-01,BUY,MON100.NS,2603,94.09,244916.27000000002,122.45813500000001,980599.9733250001
2021-02-01,BUY,DIVOPPBEES.NS,7091,34.55,244994.05,122.497025,735483.4263000002
2021-02-01,BUY,HNGSNGBEES.NS,684,357.93,244824.12,122.41206,490536.89424000017
2021-02-01,BUY,LIQUIDBEES.NS,245,999.99,244997.55,122.498775,245416.8454650002
2021-02-01,BUY,PSUBNKBEES.NS,11464,21.37,244985.68000000002,122.49284000000002,308.67262500018114
2021-02-08,SELL,DIVOPPBEES.NS,7091,35.76,253574.15999999997,126.78707999999999,253756.04554500015
2021-02-08,SELL,LIQUIDBEES.NS,245,999.99,244997.55,122.498775,498631.0967700002
2021-02-08,BUY,BANKBEES.NS,689,361.28,248921.91999999998,124.46096,249584.7158100002
2021-02-08,BUY,INFRABEES.NS,585,425.36,248835.6,124.4178,624.6980100001965
2021-02-15,SELL,MON100.NS,2603,98.68,256864.04,128.43202,257360.3059900002
2021-02-15,SELL,HNGSNGBEES.NS,684,359.63,245986.91999999998,122.99346,503224.23253000015
2021-02-15,BUY,DIVOPPBEES.NS,6947,36.2,251481.40000000002,125.74070000000002,251617.09183000014
2021-02-15,BUY,MID150BEES.NS,2860,87.93,251479.80000000002,125.7399,11.551930000132415
2021-02-22,SELL,MID150BEES.NS,2860,87.46,250135.59999999998,125.06779999999999,250022.08413000012
2021-02-22,BUY,CPSEETF.NS,11151,22.41,249893.91,124.946955,3.2271750001236796
2021-03-01,SELL,INFRABEES.NS,585,434.47,254164.95,127.082475,254041.09470000013
2021-03-01,SELL,BANKBEES.NS,689,354.96,244567.43999999997,122.28371999999999,498486.2509800001
2021-03-01,BUY,MOM100.NS,9913,25.13,249113.69,124.55684500000001,249248.0041350001
2021-03-01,BUY,MID150BEES.NS,2756,90.39,249114.84,124.55742000000001,8.606715000118129
2021-03-08,SELL,DIVOPPBEES.NS,6947,37.21,258497.87,129.248935,258377.2277800001
2021-03-08,BUY,INFRABEES.NS,581,444.48,258242.88,129.12144,5.226340000110213
2021-03-15,SELL,INFRABEES.NS,581,432.87,251497.47,125.748735,251376.9476050001
2021-03-15,SELL,PSUBNKBEES.NS,11464,25.22,289122.07999999996,144.56104,540354.4665650001
2021-03-15,BUY,NV20BEES.NS,3354,80.49,269963.45999999996,134.98172999999997,270256.02483500016
2021-03-15,BUY,ITBEES.NS,10275,26.28,270027.0,135.0135,94.01133500016294
2021-03-22,SELL,CPSEETF.NS,11151,23.33,260152.83,130.076415,260116.76492000016
2021-03-22,SELL,MOM100.NS,9913,24.52,243066.76,121.53338000000001,503061.9915400002
2021-03-22,BUY,LIQUIDBEES.NS,251,1000.0,251000.0,125.5,251936.4915400002
2021-03-22,BUY,DIVOPPBEES.NS,6855,36.67,251372.85,125.686425,437.9551150001935
2021-03-30,SELL,NV20BEES.NS,3354,80.37,269560.98000000004,134.78049000000001,269864.15462500026
2021-03-30,SELL,MID150BEES.NS,2756,90.41,249169.96,124.58498,518909.52964500024
2021-03-30,BUY,MON100.NS,2776,93.39,259250.64,129.62532000000002,259529.26432500023
2021-03-30,BUY,GOLDBEES.NS,6756,38.38,259295.28000000003,129.64764000000002,104.33668500019121
2021-04-05,SELL,LIQUIDBEES.NS,251,1000.0,251000.0,125.5,250978.8366850002
2021-04-05,BUY,HNGSNGBEES.NS,696,359.91,250497.36000000002,125.24868000000001,356.2280050001864
2021-04-12,SELL,DIVOPPBEES.NS,6855,36.9,252949.5,126.47475,253179.2532550002
2021-04-12,SELL,GOLDBEES.NS,6756,40.49,273550.44,136.77522,526592.9180350002
2021-04-12,BUY,NV20BEES.NS,3227,81.53,263097.31,131.548655,263364.0593800002
2021-04-12,BUY,MID150BEES.NS,2822,93.25,263151.5,131.57575,80.98363000020618
2021-04-19,SELL,ITBEES.NS,10275,26.48,272082.0,136.041,272026.9426300002
2021-04-19,SELL,MID150BEES.NS,2822,89.18,251665.96000000002,125.83298,523567.0696500002
2021-04-19,BUY,GOLDBEES.NS,6300,41.53,261639.0,130.8195,261797.25015000018
2021-04-19,BUY,CONSUMBEES.NS,4079,64.14,261627.06,130.81353000000001,39.37662000017008
2021-04-26,SELL,NV20BEES.NS,3227,79.43,256320.61000000002,128.16030500000002,256231.8263150002
2021-04-26,SELL,CONSUMBEES.NS,4079,63.21,257833.59,128.916795,513936.4995200002
2021-04-26,BUY,JUNIORBEES.NS,713,360.14,256779.81999999998,128.38991,257028.2896100002
2021-04-26,BUY,LIQUIDBEES.NS,256,999.99,255997.44,127.99872,902.8508900002053
2021-05-03,SELL,JUNIORBEES.NS,713,366.46,261285.97999999998,130.64299,262058.1879000002
2021-05-03,SELL,LIQUIDBEES.NS,256,1000.0,256000.0,128.0,517930.1879000002
2021-05-03,BUY,CPSEETF.NS,11190,23.13,258824.69999999998,129.41235,258976.0755500002
2021-05-03,BUY,NIF100BEES.NS,1696,152.59,258792.64,129.39632,54.039230000198586
2021-05-10,SELL,GOLDBEES.NS,6300,41.46,261198.0,130.599,261121.4402300002
2021-05-10,SELL,MON100.NS,2776,99.33,275740.08,137.87004000000002,536723.6501900002
2021-05-10,SELL,NIF100BEES.NS,1696,155.2,263219.19999999995,131.60959999999997,799811.2405900001
2021-05-10,SELL,HNGSNGBEES.NS,696,359.23,250024.08000000002,125.01204000000001,1049710.3085500002
2021-05-10,BUY,MOM100.NS,9958,26.34,262293.72,131.14685999999998,787285.4416900002
2021-05-10,BUY,JUNIORBEES.NS,693,378.15,262057.94999999998,131.028975,525096.4627150003
2021-05-10,BUY,MID150BEES.NS,2791,93.97,262270.27,131.13513500000002,262695.05758000026
2021-05-10,BUY,PSUBNKBEES.NS,11175,23.47,262277.25,131.138625,286.66895500023384
2021-05-17,SELL,MID150BEES.NS,2791,94.08,262577.27999999997,131.28864,262732.6603150002
2021-05-17,BUY,INFRABEES.NS,610,430.27,262464.7,131.23235,136.72796500020195
2021-05-24,SELL,INFRABEES.NS,610,436.0,265960.0,132.98,265963.7479650002
2021-05-24,BUY,MID150BEES.NS,2732,97.27,265741.64,132.87082,89.2371450001956
2021-05-31,SELL,MID150BEES.NS,2732,97.96,267626.72,133.81336,267582.1437850002
2021-05-31,BUY,BANKBEES.NS,751,356.12,267446.12,133.72306,2.300725000211969
2021-06-07,SELL,CPSEETF.NS,11190,26.28,294073.2,147.03660000000002,293928.46412500023
2021-06-07,BUY,MID150BEES.NS,2892,101.57,293740.44,146.87022000000002,41.153905000246596
2021-06-14,SELL,BANKBEES.NS,751,350.78,263435.77999999997,131.71788999999998,263345.2160150002
2021-06-14,SELL,PSUBNKBEES.NS,11175,27.21,304071.75,152.035875,567264.9301400002
2021-06-14,SELL,JUNIORBEES.NS,693,409.77,283970.61,141.98530499999998,851093.5548350002
2021-06-14,BUY,ITBEES.NS,9880,28.7,283556.0,141.778,567395.7768350001
2021-06-14,BUY,CPSEETF.NS,10580,26.8,283544.0,141.772,283710.00483500015
2021-06-14,BUY,DIVOPPBEES.NS,6850,41.39,283521.5,141.76075,46.74408500012942
2021-06-21,SELL,MOM100.NS,9958,27.76,276434.08,138.21704,276342.6070450001
2021-06-21,SELL,MID150BEES.NS,2892,101.79,294376.68,147.18834,570572.0987050001
2021-06-21,BUY,MON100.NS,2757,103.41,285101.37,142.550685,285328.1780200001
2021-06-21,BUY,CONSUMBEES.NS,4151,68.68,285090.68000000005,142.54534000000004,94.9526800000458
2021-06-28,SELL,CPSEETF.NS,10580,26.42,279523.60000000003,139.76180000000002,279478.7908800001
2021-06-28,BUY,NV20BEES.NS,3164,88.28,279317.92,139.65896,21.211920000147074
2021-07-05,SELL,DIVOPPBEES.NS,6850,40.77,279274.5,139.63725,279156.0746700001
2021-07-05,BUY,PSUBNKBEES.NS,10051,27.76,279015.76,139.50788,0.8067900001187809
2021-07-12,SELL,ITBEES.NS,9880,28.94,285927.2,142.9636,285785.0431900001
2021-07-12,SELL,NV20BEES.NS,3164,87.04,275394.56,137.69728,561041.9059100001
2021-07-12,SELL,CONSUMBEES.NS,4151,69.4,288079.4,144.0397,848977.26621
2021-07-12,BUY,MID150BEES.NS,2705,104.55,282807.75,141.403875,566028.112335
2021-07-12,BUY,MOM100.NS,9773,28.94,282830.62,141.41531,283056.07702499995
2021-07-12,BUY,CPSEETF.NS,10828,26.12,282827.36,141.41368,87.30334499996388
2021-07-19,SELL,CPSEETF.NS,10828,26.12,282827.36,141.41368,282773.24966499995
2021-07-19,SELL,PSUBNKBEES.NS,10051,26.61,267457.11,133.728555,550096.63111
2021-07-19,BUY,GOLDBEES.NS,6605,41.62,274900.1,137.45005,275059.08106
2021-07-19,BUY,JUNIORBEES.NS,673,408.03,274604.19,137.302095,317.58896500000264
2021-07-26,SELL,GOLDBEES.NS,6605,41.4,273447.0,136.7235,273627.865465
2021-07-26,SELL,JUNIORBEES.NS,673,412.14,277370.22,138.68510999999998,550859.4003549999
2021-07-26,BUY,ITBEES.NS,9028,30.49,275263.72,137.63186,275458.04849499994
2021-07-26,BUY,INFRABEES.NS,597,461.11,275282.67,137.641335,37.73715999996057
2021-08-02,SELL,INFRABEES.NS,597,464.41,277252.77,138.626385,277151.88077499997
2021-08-02,SELL,MON100.NS,2757,110.58,304869.06,152.43453,581868.5062449999
2021-08-02,BUY,NV20BEES.NS,3227,90.09,290720.43,145.360215,291002.71602999995
2021-08-02,BUY,DIVOPPBEES.NS,7032,41.35,290773.2,145.38660000000002,84.12942999991355
2021-08-09,SELL,DIVOPPBEES.NS,7032,41.81,294007.92000000004,147.00396000000003,293945.04546999995
2021-08-09,SELL,MOM100.NS,9773,29.03,283710.19,141.855095,577513.380375
2021-08-09,SELL,MID150BEES.NS,2705,106.04,286838.2,143.41910000000001,864208.161275
2021-08-09,BUY,CONSUMBEES.NS,4030,71.43,287862.9,143.93145,576201.3298249999
2021-08-09,BUY,INFRABEES.NS,619,464.95,287804.05,143.902025,288253.3777999999
2021-08-09,BUY,NIF100BEES.NS,1699,169.46,287912.54000000004,143.95627000000002,196.88152999983868
2021-08-16,SELL,INFRABEES.NS,619,474.59,293771.20999999996,146.885605,293821.2059249998
2021-08-16,SELL,CONSUMBEES.NS,4030,70.7,284921.0,142.4605,578599.7454249999
2021-08-16,BUY,NIFTYBEES.NS,1619,178.6,289153.39999999997,144.5767,289301.7687249999
2021-08-16,BUY,BANKBEES.NS,796,363.13,289051.48,144.52573999999998,105.76298499992117
2021-08-23,SELL,BANKBEES.NS,796,354.05,281823.8,140.9119,281788.6510849999
2021-08-23,SELL,NIF100BEES.NS,1699,172.37,292856.63,146.428315,574498.8527699999
2021-08-23,BUY,CONSUMBEES.NS,3948,72.71,287059.07999999996,143.52953999999997,287296.2432299999
2021-08-23,BUY,DIVOPPBEES.NS,6708,42.8,287102.39999999997,143.5512,50.29202999995323
2021-09-06,SELL,DIVOPPBEES.NS,6708,44.64,299445.12,149.72256,299345.6894699999
2021-09-06,SELL,NIFTYBEES.NS,1619,187.55,303643.45,151.82172500000001,602837.3177449999
2021-09-06,SELL,NV20BEES.NS,3227,97.59,314922.93,157.461465,917602.7862799999
2021-09-06,BUY,JUNIORBEES.NS,686,445.33,305496.38,152.74819,611953.6580899998
2021-09-06,BUY,INFRABEES.NS,608,502.64,305605.12,152.80256,306195.73552999983
2021-09-06,BUY,NIF100BEES.NS,1681,181.83,305656.23000000004,152.82811500000003,386.6774149998091
2021-09-13,SELL,ITBEES.NS,9028,35.77,322931.56000000006,161.46578000000002,323156.77163499984
2021-09-13,SELL,NIF100BEES.NS,1681,182.3,306446.30000000005,153.22315000000003,629449.848485
2021-09-13,BUY,MOM100.NS,10190,30.87,314565.3,157.28265,314727.26583499997
2021-09-13,BUY,MID150BEES.NS,2803,112.22,314552.66,157.27633,17.329504999972414
2021-09-20,SELL,JUNIORBEES.NS,686,444.26,304762.36,152.38118,304627.30832499993
2021-09-20,SELL,MOM100.NS,10190,30.95,315380.5,157.69025,619850.1180749999
2021-09-20,BUY,CPSEETF.NS,11284,27.45,309745.8,154.8729,309949.4451749999
2021-09-20,BUY,PSUBNKBEES.NS,11992,25.83,309753.36,154.87668,41.208494999911636
2021-09-27,SELL,PSUBNKBEES.NS,11992,25.79,309273.68,154.63684,309160.2516549999
2021-09-27,SELL,MID150BEES.NS,2803,114.53,321027.59,160.51379500000002,630027.32786
2021-09-27,BUY,ITBEES.NS,8560,36.78,314836.8,157.4184,315033.10945999995
2021-09-27,BUY,NV20BEES.NS,3143,100.16,314802.88,157.40144,72.82801999995718
2021-10-04,SELL,ITBEES.NS,8560,35.78,306276.8,153.1384,306196.48961999995
2021-10-04,SELL,NV20BEES.NS,3143,99.93,314079.99000000005,157.03999500000003,620119.439625
2021-10-04,SELL,CONSUMBEES.NS,3948,78.38,309444.24,154.72212,929408.957505
2021-10-04,BUY,PSUBNKBEES.NS,11094,27.91,309633.54,154.81677,619620.6007350001
2021-10-04,BUY,MOM100.NS,9554,32.41,309645.13999999996,154.82256999999998,309820.6381650001
2021-10-04,BUY,MID150BEES.NS,2650,116.84,309626.0,154.81300000000002,39.82516500010388
2021-10-25,SELL,CPSEETF.NS,11284,30.85,348111.4,174.0557,347977.1694650001
2021-10-25,SELL,MOM100.NS,9554,32.15,307161.1,153.58055,654984.6889150001
2021-10-25,SELL,INFRABEES.NS,608,528.8,321510.39999999997,160.75519999999997,976334.333715
2021-10-25,SELL,MID150BEES.NS,2650,115.6,306340.0,153.17000000000002,1282521.163715
2021-10-25,BUY,MAFANG.NS,5670,56.52,320468.4,160.23420000000002,961892.5295150001
2021-10-25,BUY,BANKBEES.NS,772,414.63,320094.36,160.04718,641638.1223350001
2021-10-25,BUY,MON100.NS,2821,113.58,320409.18,160.20459,321068.7377450001
2021-10-25,BUY,GOLDBEES.NS,7707,41.58,320457.06,160.22853,451.44921500008786
2021-11-01,SELL,GOLDBEES.NS,7707,41.28,318144.96,159.07248,318437.33673500014
2021-11-01,BUY,HNGSNGBEES.NS,983,323.54,318039.82,159.01991,238.4968250001548
2021-11-08,SELL,HNGSNGBEES.NS,983,317.96,312554.68,156.27734,312636.8994850002
2021-11-08,BUY,INFRABEES.NS,572,545.76,312174.72,156.08736,306.0921250001993
2021-11-15,SELL,BANKBEES.NS,772,389.79,300917.88,150.45894,301073.5131850002
2021-11-15,SELL,PSUBNKBEES.NS,11094,31.38,348129.72,174.06485999999998,649029.1683250002
2021-11-15,BUY,GOLDBEES.NS,7604,42.65,324310.6,162.15529999999998,324556.41302500025
2021-11-15,BUY,JUNIORBEES.NS,696,465.75,324162.0,162.08100000000002,232.33202500024345
2021-11-22,SELL,INFRABEES.NS,572,526.7,301272.4,150.6362,301354.09582500026
2021-11-22,BUY,CONSUMBEES.NS,3801,79.24,301191.24,150.59562,12.260205000289716
2021-11-29,SELL,JUNIORBEES.NS,696,439.54,305919.84,152.95992,305779.1402850003
2021-11-29,SELL,MAFANG.NS,5670,58.01,328916.7,164.45835,634531.3819350004
2021-11-29,BUY,GILT5YBEES.NS,6424,49.36,317088.64,158.54432,317284.1976150004
2021-11-29,BUY,LIQUIDBEES.NS,317,999.99,316996.83,158.49841500000002,128.869200000423
2021-12-06,SELL,CONSUMBEES.NS,3801,75.18,285759.18000000005,142.87959000000004,285745.16961000045
2021-12-06,SELL,GOLDBEES.NS,7604,41.3,314045.19999999995,157.02259999999998,599633.3470100004
2021-12-06,BUY,ITBEES.NS,8386,35.73,299631.77999999997,149.81589,299851.7511200004
2021-12-06,BUY,CPSEETF.NS,10151,29.52,299657.52,149.82876000000002,44.402360000356566
2021-12-13,SELL,ITBEES.NS,8386,36.83,308856.38,154.42819,308746.35417000036
2021-12-13,SELL,LIQUIDBEES.NS,317,999.99,316996.83,158.49841500000002,625584.6857550004
2021-12-13,BUY,MID150BEES.NS,2620,119.29,312539.8,156.2699,312888.61585500045
2021-12-13,BUY,NV20BEES.NS,3198,97.75,312604.5,156.30225000000002,127.81360500043957
2021-12-20,SELL,CPSEETF.NS,10151,28.56,289912.56,144.95628,289895.41732500045
2021-12-20,SELL,MON100.NS,2821,116.68,329154.28,164.57714,618885.1201850005
2021-12-20,SELL,GILT5YBEES.NS,6424,49.26,316446.24,158.22312,935173.1370650005
2021-12-20,SELL,MID150BEES.NS,2620,111.2,291344.0,145.672,1226371.4650650006
2021-12-20,BUY,ITBEES.NS,8338,36.75,306421.5,153.21075,919796.7543150005
2021-12-20,BUY,NIF100BEES.NS,1763,173.8,306409.4,153.2047,613234.1496150005
2021-12-20,BUY,GOLDBEES.NS,7320,41.86,306415.2,153.2076,306665.74201500043
2021-12-20,BUY,DIVOPPBEES.NS,7070,43.34,306413.80000000005,153.20690000000002,98.73511500039604
2021-12-27,SELL,DIVOPPBEES.NS,7070,44.82,316877.4,158.4387,316817.6964150004
2021-12-27,SELL,NIF100BEES.NS,1763,179.38,316246.94,158.12347,632906.5129450004
2021-12-27,BUY,MON100.NS,2619,120.75,316244.25,158.122125,316504.14082000044
2021-12-27,BUY,PHARMABEES.NS,23070,13.71,316289.7,158.14485000000002,56.29597000044305
2022-01-03,SELL,MON100.NS,2619,120.27,314987.13,157.49356500000002,314885.93240500044
2022-01-03,BUY,DIVOPPBEES.NS,6888,45.69,314712.72,157.35636,15.856045000487939
2022-01-10,SELL,ITBEES.NS,8338,39.08,325849.04,162.92452,325701.97152500047
2022-01-10,SELL,DIVOPPBEES.NS,6888,46.35,319258.8,159.6294,644801.1421250005
2022-01-10,SELL,GOLDBEES.NS,7320,41.07,300632.4,150.3162,945283.2259250005
2022-01-10,SELL,NV20BEES.NS,3198,102.35,327315.3,163.65765,1272434.8682750005
2022-01-10,BUY,BANKBEES.NS,824,385.71,317825.04,158.91252,954450.9157550004
2022-01-10,BUY,CPSEETF.NS,10151,31.32,317929.32,158.96466,636362.6310950004
2022-01-10,BUY,NIFTYBEES.NS,1635,194.35,317762.25,158.881125,318441.4999700004
2022-01-10,BUY,CONSUMBEES.NS,4055,78.4,317912.0,158.95600000000002,370.54397000040626
2022-01-17,SELL,PHARMABEES.NS,23070,13.93,321365.1,160.68255,321574.96142000036
2022-01-17,SELL,CONSUMBEES.NS,4055,79.17,321034.35000000003,160.517175,642448.7942450005
2022-01-17,BUY,PSUBNKBEES.NS,10592,30.31,321043.51999999996,160.52175999999997,321244.7524850005
2022-01-17,BUY,INFRABEES.NS,581,551.86,320630.66000000003,160.31533000000002,453.7771550004836
2022-01-24,SELL,NIFTYBEES.NS,1635,185.79,303766.64999999997,151.88332499999999,304068.54383000045
2022-01-24,BUY,HNGSNGBEES.NS,997,304.82,303905.54,151.95277,11.051060000492726
2022-01-31,SELL,INFRABEES.NS,581,526.58,305942.98000000004,152.97149000000002,305801.0595700005
2022-01-31,BUY,GOLDBEES.NS,7409,41.25,305621.25,152.81062500000002,26.998945000523236
2022-02-14,SELL,GOLDBEES.NS,7409,42.96,318290.64,159.14532,318158.4936250005
2022-02-14,BUY,GILT5YBEES.NS,6377,49.86,317957.22,158.97861,42.29501500056358
2022-02-21,SELL,CPSEETF.NS,10151,31.68,321583.68,160.79184,321465.18317500054
2022-02-21,SELL,PSUBNKBEES.NS,10592,30.41,322102.72000000003,161.05136000000002,643406.8518150006
2022-02-21,SELL,GILT5YBEES.NS,6377,49.87,318020.99,159.010495,961268.8313200006
2022-02-21,SELL,BANKBEES.NS,824,379.51,312716.24,156.35811999999999,1273828.7132000006
2022-02-21,BUY,MAFANG.NS,6572,48.43,318281.96,159.14098,955387.6122200005
2022-02-21,BUY,GOLDBEES.NS,7385,43.1,318293.5,159.14675,636934.9654700004
2022-02-21,BUY,MON100.NS,3077,103.43,318254.11000000004,159.127055,318521.72841500037
2022-02-21,BUY,PHARMABEES.NS,24260,13.12,318291.19999999995,159.14559999999997,71.38281500042649
2022-02-28,SELL,PHARMABEES.NS,24260,13.05,316593.0,158.2965,316506.08631500043
2022-02-28,SELL,MON100.NS,3077,104.01,320038.77,160.019385,636384.8369300005
2022-02-28,SELL,MAFANG.NS,6572,47.26,310592.72,155.29636,946822.2605700004
2022-02-28,BUY,GILT5YBEES.NS,6349,49.68,315418.32,157.70916,631246.2314100004
2022-02-28,BUY,LIQUIDBEES.NS,315,1000.0,315000.0,157.5,316088.73141000036
2022-02-28,BUY,DIVOPPBEES.NS,7319,43.1,315448.9,157.72445000000002,482.10696000035387
2022-03-07,SELL,HNGSNGBEES.NS,997,289.84,288970.48,144.48524,289308.1017200003
2022-03-07,BUY,CPSEETF.NS,8447,34.23,289140.81,144.570405,22.721315000322647
2022-03-14,SELL,GILT5YBEES.NS,6349,49.46,314021.54,157.01076999999998,313887.2505450003
2022-03-14,SELL,LIQUIDBEES.NS,315,1000.0,315000.0,157.5,628729.7505450003
2022-03-14,BUY,ITBEES.NS,8549,36.75,314175.75,157.087875,314396.9126700003
2022-03-14,BUY,PHARMABEES.NS,23361,13.45,314205.45,157.10272500000002,34.359945000265725
2022-03-21,SELL,DIVOPPBEES.NS,7319,45.17,330599.23000000004,165.29961500000002,330468.2903300003
2022-03-21,SELL,GOLDBEES.NS,7385,44.14,325973.9,162.98695,656279.2033800003
2022-03-21,BUY,MON100.NS,3043,107.75,327883.25,163.94162500000002,328232.01175500033
2022-03-21,BUY,NV20BEES.NS,3297,99.45,327886.65,163.94332500000002,181.41843000031076
2022-03-28,SELL,CPSEETF.NS,8447,34.01,287282.47,143.641235,287320.2471950003
2022-03-28,BUY,MAFANG.NS,5660,50.73,287131.8,143.5659,44.88129500031937
2022-04-04,SELL,ITBEES.NS,8549,37.31,318963.19,159.481595,318848.5897000003
2022-04-04,SELL,NV20BEES.NS,3297,102.41,337645.76999999996,168.82288499999999,656325.5368150002
2022-04-04,SELL,PHARMABEES.NS,23361,13.83,323082.63,161.541315,979246.6255000003
2022-04-04,BUY,HNGSNGBEES.NS,1036,314.67,325998.12,162.99906000000001,653085.5064400004
2022-04-04,BUY,DIVOPPBEES.NS,6981,46.73,326222.13,163.111065,326700.26537500037
2022-04-04,BUY,BANKBEES.NS,841,387.79,326131.39,163.065695,405.809680000355
2022-04-11,SELL,BANKBEES.NS,841,378.53,318343.73,159.171865,318590.36781500035
2022-04-11,SELL,DIVOPPBEES.NS,6981,47.01,328176.81,164.088405,646603.0894100004
2022-04-11,SELL,MAFANG.NS,5660,47.38,268170.8,134.0854,914639.8040100003
2022-04-11,BUY,CPSEETF.NS,8364,36.43,304700.52,152.35026000000002,609786.9337500003
2022-04-11,BUY,PSUBNKBEES.NS,9534,31.96,304706.64,152.35332,304927.9404300003
2022-04-11,BUY,MOM100.NS,9220,33.05,304721.0,152.3605,54.57993000029819
2022-04-18,SELL,MON100.NS,3043,111.81,340237.83,170.11891500000002,340122.2910150003
2022-04-18,SELL,HNGSNGBEES.NS,1036,315.56,326920.16,163.46007999999998,666878.9909350004
2022-04-18,BUY,JUNIORBEES.NS,731,455.58,333028.98,166.51449,333683.4964450004
2022-04-18,BUY,MID150BEES.NS,2868,116.18,333204.24,166.60211999999999,312.6543250004179
2022-04-25,SELL,PSUBNKBEES.NS,9534,29.9,285066.6,142.5333,285236.7210250004
2022-04-25,SELL,MOM100.NS,9220,31.32,288770.4,144.38520000000003,573862.7358250003
2022-04-25,SELL,MID150BEES.NS,2868,113.43,325317.24,162.65861999999998,899017.3172050003
2022-04-25,BUY,CONSUMBEES.NS,3946,75.9,299501.4,149.75070000000002,599366.1665050003
2022-04-25,BUY,INFRABEES.NS,563,531.59,299285.17000000004,149.64258500000003,299931.35392000026
2022-04-25,BUY,GOLDBEES.NS,6670,44.9,299483.0,149.7415,298.6124200002523
2022-05-02,SELL,CPSEETF.NS,8364,35.6,297758.4,148.87920000000003,297908.13322000025
2022-05-02,SELL,INFRABEES.NS,563,533.48,300349.24,150.17462,598107.1986000002
2022-05-02,BUY,LIQUIDBEES.NS,298,999.99,297997.02,148.99851,299961.1800900002
2022-05-02,BUY,GILT5YBEES.NS,6067,49.26,298860.42,149.43021,951.3298800002085
2022-05-09,SELL,CONSUMBEES.NS,3946,72.22,284980.12,142.49006,285788.9598200002
2022-05-09,SELL,JUNIORBEES.NS,731,418.7,306069.7,153.03485,591705.6249700002
2022-05-09,BUY,CPSEETF.NS,8241,35.88,295687.08,147.84354000000002,295870.70143000025
2022-05-09,BUY,DIVOPPBEES.NS,6735,43.9,295666.5,147.83325,56.36818000022322
2022-05-16,SELL,CPSEETF.NS,8241,33.99,280111.59,140.05579500000002,280027.90238500026
2022-05-16,SELL,DIVOPPBEES.NS,6735,42.39,285496.65,142.74832500000002,565381.8040600002
2022-05-16,BUY,HNGSNGBEES.NS,943,299.62,282541.66000000003,141.27083000000002,282698.8732300002
2022-05-16,BUY,MON100.NS,2717,103.97,282486.49,141.243245,71.13998500019079
2022-05-23,SELL,MON100.NS,2717,100.88,274090.95999999996,137.04548,274025.0545050002
2022-05-23,BUY,PHARMABEES.NS,21084,12.99,273881.16000000003,136.94058,6.953925000154413
2022-05-30,SELL,PHARMABEES.NS,21084,12.76,269031.83999999997,134.51592,268904.27800500015
2022-05-30,SELL,GOLDBEES.NS,6670,43.98,293346.6,146.67329999999998,562104.2047050002
2022-05-30,SELL,HNGSNGBEES.NS,943,298.58,281560.94,140.78047,843524.3642350002
2022-05-30,BUY,BANKBEES.NS,777,361.43,280831.11,140.41555499999998,562552.8386800003
2022-05-30,BUY,CONSUMBEES.NS,3759,74.76,281022.84,140.51142000000002,281389.48726000026
2022-05-30,BUY,NIFTYBEES.NS,1557,180.43,280929.51,140.464755,319.51250500022434
2022-06-06,SELL,LIQUIDBEES.NS,298,999.99,297997.02,148.99851,298167.53399500024
2022-06-06,SELL,CONSUMBEES.NS,3759,73.58,276587.22,138.29361,574616.4603850002
2022-06-06,SELL,GILT5YBEES.NS,6067,48.56,294613.52,147.30676000000003,869082.6736250003
2022-06-06,BUY,MAFANG.NS,7029,41.19,289524.51,144.762255,579413.4013700003
2022-06-06,BUY,PSUBNKBEES.NS,10293,28.13,289542.08999999997,144.771045,289726.54032500036
2022-06-06,BUY,MOM100.NS,9798,29.55,289530.9,144.76545000000002,50.87487500032876
2022-06-13,SELL,BANKBEES.NS,777,338.36,262905.72000000003,131.45286000000002,262825.14201500034
2022-06-13,SELL,NIFTYBEES.NS,1557,171.87,267601.59,133.80079500000002,530292.9312200004
2022-06-13,SELL,MOM100.NS,9798,28.14,275715.72000000003,137.85786000000002,805870.7933600005
2022-06-13,BUY,CPSEETF.NS,7807,34.39,268482.73,134.241365,537253.8219950005
2022-06-13,BUY,HNGSNGBEES.NS,884,303.58,268364.72,134.18236,268754.9196350005
2022-06-13,BUY,ITBEES.NS,9316,28.82,268487.12,134.24356,133.5560750005534
2022-06-20,SELL,CPSEETF.NS,7807,31.44,245452.08000000002,122.72604000000001,245462.91003500056
2022-06-20,SELL,PSUBNKBEES.NS,10293,25.57,263192.01,131.59600500000002,508523.3240300006
2022-06-20,SELL,MAFANG.NS,7029,38.21,268578.09,134.28904500000002,776967.1249850006
2022-06-20,SELL,ITBEES.NS,9316,27.81,259077.96,129.53898,1035915.5460050006
2022-06-20,BUY,GOLDBEES.NS,5907,43.82,258844.74,129.42237,776941.3836350006
2022-06-20,BUY,LIQUIDBEES.NS,258,999.99,257997.42,128.99871000000002,518814.96492500056
2022-06-20,BUY,GILT5YBEES.NS,5318,48.67,258827.06,129.41353,259858.49139500057
2022-06-20,BUY,MON100.NS,2808,92.17,258813.36000000002,129.40668000000002,915.7247150005715
2022-06-27,SELL,MON100.NS,2808,94.45,265215.60000000003,132.60780000000003,265998.7169150006
2022-06-27,BUY,CONSUMBEES.NS,3620,73.44,265852.8,132.9264,12.990515000594314
2022-07-04,SELL,HNGSNGBEES.NS,884,297.94,263378.96,131.68948,263260.2610350006
2022-07-04,BUY,PHARMABEES.NS,21375,12.31,263126.25,131.563125,2.447910000628326
2022-07-11,SELL,PHARMABEES.NS,21375,12.61,269538.75,134.769375,269406.42853500065
2022-07-11,SELL,LIQUIDBEES.NS,258,999.99,257997.42,128.99871000000002,527274.8498250006
2022-07-11,SELL,GOLDBEES.NS,5907,43.56,257308.92,128.65446,784455.1153650007
2022-07-11,SELL,GILT5YBEES.NS,5318,48.74,259199.32,129.59966,1043524.8357050007
2022-07-11,BUY,AUTOBEES.NS,2112,123.43,260684.16,130.34208,782710.3336250007
2022-07-11,BUY,PSUBNKBEES.NS,8845,29.48,260750.6,130.3753,521829.3583250006
2022-07-11,BUY,MAFANG.NS,6239,41.79,260727.81,130.363905,260971.18442000062
2022-07-11,BUY,NV20BEES.NS,2833,92.02,260692.65999999997,130.34633,148.17809000064153
2022-07-18,SELL,NV20BEES.NS,2833,92.91,263214.02999999997,131.607015,263230.6010750006
2022-07-18,SELL,PSUBNKBEES.NS,8845,29.53,261192.85,130.596425,524292.8546500006
2022-07-18,SELL,MAFANG.NS,6239,41.02,255923.78000000003,127.96189000000001,780088.6727600006
2022-07-18,BUY,JUNIORBEES.NS,624,416.01,259590.24,129.79512,520368.63764000055
2022-07-18,BUY,MOM100.NS,8611,30.18,259879.98,129.93999,260358.71765000053
2022-07-18,BUY,MID150BEES.NS,2371,109.57,259790.46999999997,129.89523499999999,438.3524150005542
2022-07-25,SELL,AUTOBEES.NS,2112,125.43,264908.16000000003,132.45408000000003,265214.0583350006
2022-07-25,SELL,JUNIORBEES.NS,624,423.76,264426.24,132.21312,529508.0852150007
2022-07-25,SELL,MID150BEES.NS,2371,111.64,264698.44,132.34922,794074.1759950006
2022-07-25,BUY,PSUBNKBEES.NS,8597,30.77,264529.69,132.264845,529412.2211500006
2022-07-25,BUY,MON100.NS,2727,96.98,264464.46,132.23223000000002,264815.52892000054
2022-07-25,BUY,BANKBEES.NS,714,370.3,264394.2,132.1971,289.1318200005335
2022-08-01,SELL,CONSUMBEES.NS,3620,82.96,300315.19999999995,150.15759999999997,300454.1742200005
2022-08-01,SELL,MON100.NS,2727,100.13,273054.51,136.527255,573372.1569650006
2022-08-01,BUY,MID150BEES.NS,2475,115.75,286481.25,143.240625,286747.6663400006
2022-08-01,BUY,JUNIORBEES.NS,654,437.52,286138.08,143.06904,466.5173000005889
2022-08-08,SELL,MOM100.NS,8611,32.99,284076.89,142.038445,284401.3688550006
2022-08-08,SELL,JUNIORBEES.NS,654,442.15,289166.1,144.58305,573422.8858050006
2022-08-08,SELL,MID150BEES.NS,2475,116.68,288783.0,144.3915,862061.4943050005
2022-08-08,BUY,ITBEES.NS,9270,30.98,287184.6,143.5923,574733.3020050005
2022-08-08,BUY,MON100.NS,2798,102.63,287158.74,143.57937,287430.98263500055
2022-08-08,BUY,MAFANG.NS,6492,44.24,287206.08,143.60304000000002,81.29959500051336
2022-08-16,SELL,ITBEES.NS,9270,31.01,287462.7,143.73135000000002,287400.2682450005
2022-08-16,SELL,PSUBNKBEES.NS,8597,31.84,273728.48,136.86424,560991.8840050005
2022-08-16,SELL,MON100.NS,2798,105.24,294461.51999999996,147.23075999999998,855306.1732450004
2022-08-16,BUY,CPSEETF.NS,7944,35.87,284951.27999999997,142.47564,570212.4176050004
2022-08-16,BUY,SILVERBEES.NS,4941,57.67,284947.47000000003,142.473735,285122.4738700004
2022-08-16,BUY,NIFTYBEES.NS,1468,194.09,284924.12,142.46206,55.89181000040844
2022-08-22,SELL,BANKBEES.NS,714,387.38,276589.32,138.29466,276506.9171500004
2022-08-22,SELL,SILVERBEES.NS,4941,54.91,271310.31,135.655155,547681.5719950004
2022-08-22,SELL,MAFANG.NS,6492,43.66,283440.72,141.72036,830980.5716350004
2022-08-22,SELL,NIFTYBEES.NS,1468,190.95,280314.6,140.1573,1111155.0143350004
2022-08-22,BUY,JUNIORBEES.NS,620,447.21,277270.2,138.63510000000002,833746.1792350004
2022-08-22,BUY,ITBEES.NS,9103,30.5,277641.5,138.82075,555965.8584850004
2022-08-22,BUY,MON100.NS,2718,102.15,277643.7,138.82185,278183.3366350004
2022-08-22,BUY,NIF100BEES.NS,1499,185.13,277509.87,138.754935,534.711700000451
2022-08-29,SELL,ITBEES.NS,9103,28.67,260983.01,130.49150500000002,261387.23019500045
2022-08-29,SELL,MON100.NS,2718,98.32,267233.76,133.61688,528487.3733150004
2022-08-29,SELL,NIF100BEES.NS,1499,183.62,275246.38,137.62319,803596.1301250004
2022-08-29,BUY,MID150BEES.NS,2254,118.76,267685.04000000004,133.84252,535777.2476050004
2022-08-29,BUY,MOM100.NS,8187,32.7,267714.9,133.85745000000003,267928.49015500036
2022-08-29,BUY,PSUBNKBEES.NS,8232,32.52,267704.64,133.85232000000002,89.99783500033664
2022-09-12,SELL,JUNIORBEES.NS,620,472.03,292658.6,146.3293,292602.26853500033
2022-09-12,BUY,BANKBEES.NS,712,410.22,292076.64,146.03832,379.59021500032395
2022-09-19,SELL,MOM100.NS,8187,33.64,275410.68,137.70534,275652.56487500033
2022-09-19,SELL,MID150BEES.NS,2254,122.0,274988.0,137.494,550503.0708750003
2022-09-19,BUY,JUNIORBEES.NS,587,468.16,274809.92000000004,137.40496000000002,275555.74591500027
2022-09-19,BUY,INFRABEES.NS,507,542.15,274870.05,137.435025,548.260890000267
2022-09-26,SELL,CPSEETF.NS,7944,34.55,274465.19999999995,137.2326,274876.22829000023
2022-09-26,SELL,JUNIORBEES.NS,587,447.52,262694.24,131.34712,537439.1211700002
2022-09-26,SELL,INFRABEES.NS,507,510.13,258635.91,129.317955,795945.7132150002
2022-09-26,BUY,SILVERBEES.NS,4798,55.26,265137.48,132.56874,530675.6644750002
2022-09-26,BUY,PHARMABEES.NS,21046,12.6,265179.6,132.5898,265363.47467500024
2022-09-26,BUY,CONSUMBEES.NS,3096,85.65,265172.4,132.58620000000002,58.48847500019474
2022-10-03,SELL,BANKBEES.NS,712,385.88,274746.56,137.37328,274667.6751950002
2022-10-03,SELL,PSUBNKBEES.NS,8232,32.32,266058.24,133.02912,540592.8860750002
2022-10-03,BUY,LIQUIDBEES.NS,270,1000.0,270000.0,135.0,270457.88607500016
2022-10-03,BUY,GILT5YBEES.NS,5475,49.34,270136.5,135.06825,186.31782500015106
2022-10-10,SELL,CONSUMBEES.NS,3096,84.73,262324.08,131.16204000000002,262379.23578500014
2022-10-10,SELL,GILT5YBEES.NS,5475,49.13,268986.75,134.49337500000001,531231.4924100002
2022-10-10,BUY,GOLDBEES.NS,6070,43.73,265441.1,132.72055,265657.6718600002
2022-10-10,BUY,ITBEES.NS,9160,28.98,265456.8,132.7284,68.14346000016667
2022-10-17,SELL,SILVERBEES.NS,4798,55.52,266384.96,133.19248000000002,266319.91098000016
2022-10-17,BUY,NV20BEES.NS,2690,98.95,266175.5,133.08775,11.323230000154581
2022-10-24,SELL,PHARMABEES.NS,21046,13.43,282647.77999999997,141.32388999999998,282517.7793400001
2022-10-24,SELL,NV20BEES.NS,2690,99.59,267897.10000000003,133.94855,550280.9307900001
2022-10-24,SELL,GOLDBEES.NS,6070,43.48,263923.6,131.96179999999998,814072.56899
2022-10-24,SELL,LIQUIDBEES.NS,270,999.99,269997.3,134.99865,1083934.87034
2022-10-24,BUY,PSUBNKBEES.NS,7284,37.18,270819.12,135.40956,812980.34078
2022-10-24,BUY,BANKBEES.NS,649,416.7,270438.3,135.21914999999998,542406.8216299999
2022-10-24,BUY,CPSEETF.NS,7320,37.0,270840.0,135.42000000000002,271431.4016299999
2022-10-24,BUY,NIFTYBEES.NS,1402,193.17,270824.33999999997,135.41216999999997,471.6494599999278
2022-10-31,SELL,ITBEES.NS,9160,29.81,273059.6,136.5298,273394.7196599999
2022-10-31,SELL,NIFTYBEES.NS,1402,196.27,275170.54000000004,137.58527,548427.67439
2022-10-31,BUY,AUTOBEES.NS,2024,135.41,274069.83999999997,137.03492,274220.79946999997
2022-10-31,BUY,INFRABEES.NS,502,545.11,273645.22000000003,136.82261000000003,438.75685999996495
2022-11-07,SELL,AUTOBEES.NS,2024,135.53,274312.72000000003,137.15636,274614.3205
2022-11-07,BUY,NIFTYBEES.NS,1381,198.62,274294.22000000003,137.14711000000003,182.95338999992236
2022-11-14,SELL,INFRABEES.NS,502,549.79,275994.57999999996,137.99729,276039.53609999985
2022-11-14,SELL,NIFTYBEES.NS,1381,200.17,276434.76999999996,138.21738499999998,552336.0887149998
2022-11-14,SELL,BANKBEES.NS,649,425.65,276246.85,138.123425,828444.8152899998
2022-11-14,BUY,SILVERBEES.NS,4513,61.15,275969.95,137.98497500000002,552336.8803149997
2022-11-14,BUY,ITBEES.NS,8892,31.04,276007.68,138.00384,276191.1964749997
2022-11-14,BUY,NV20BEES.NS,2690,102.57,275913.3,137.95665,139.93982499971753
2022-11-21,SELL,CPSEETF.NS,7320,37.98,278013.6,139.0068,278014.5330249997
2022-11-21,SELL,NV20BEES.NS,2690,101.81,273868.9,136.93445000000003,551746.4985749997
2022-11-21,BUY,HNGSNGBEES.NS,1084,254.18,275531.12,137.76556,276077.6130149997
2022-11-21,BUY,GOLDBEES.NS,6154,44.8,275699.19999999995,137.84959999999998,240.5634149997495
2022-11-28,SELL,GOLDBEES.NS,6154,45.12,277668.48,138.83424,277770.20917499973
2022-11-28,BUY,MAFANG.NS,7342,37.81,277601.02,138.80051,30.388664999743924
2022-12-05,SELL,SILVERBEES.NS,4513,65.11,293841.43,146.920715,293724.8979499997
2022-12-05,BUY,MOM100.NS,8477,34.63,293558.51,146.779255,19.608694999711588
2022-12-12,SELL,ITBEES.NS,8892,30.27,269160.83999999997,134.58041999999998,269045.86827499967
2022-12-12,SELL,MAFANG.NS,7342,39.73,291697.66,145.84883,560597.6794449997
2022-12-12,BUY,SILVERBEES.NS,4237,66.11,280108.07,140.054035,280349.5554099997
2022-12-12,BUY,MID150BEES.NS,2241,124.96,280035.36,140.01767999999998,174.17772999970475
2022-12-19,SELL,MID150BEES.NS,2241,123.84,277525.44,138.76272,277560.8550099997
2022-12-19,BUY,GOLDBEES.NS,5976,46.42,277405.92,138.70296,16.232049999700394
2022-12-26,SELL,PSUBNKBEES.NS,7284,46.44,338268.95999999996,169.13448,338116.05756999966
2022-12-26,SELL,MOM100.NS,8477,32.91,278978.06999999995,139.48903499999997,616954.6385349997
2022-12-26,BUY,LIQUIDBEES.NS,308,1000.0,308000.0,154.0,308800.6385349997
2022-12-26,BUY,GILT5YBEES.NS,6135,50.25,308283.75,154.141875,362.7466599997133
2023-01-02,SELL,GILT5YBEES.NS,6135,50.24,308222.4,154.11120000000003,308431.03545999975
2023-01-02,SELL,LIQUIDBEES.NS,308,1000.0,308000.0,154.0,616277.0354599997
2023-01-02,BUY,LTGILTBEES.NS,13361,23.05,307971.05,153.985525,308151.9999349997
2023-01-02,BUY,PSUBNKBEES.NS,6384,48.24,307964.16000000003,153.98208000000002,33.85785499966005
2023-01-09,SELL,LTGILTBEES.NS,13361,23.04,307837.44,153.91872,307717.37913499965
2023-01-09,SELL,PSUBNKBEES.NS,6384,47.89,305729.76,152.86488,613294.2742549996
2023-01-09,BUY,PHARMABEES.NS,23833,12.86,306492.38,153.24619,306648.6480649996
2023-01-09,BUY,LIQUIDBEES.NS,306,999.99,305996.94,152.99847,498.70959499961464
2023-01-16,SELL,PHARMABEES.NS,23833,12.75,303870.75,151.935375,304217.5242199996
2023-01-16,SELL,LIQUIDBEES.NS,306,1000.0,306000.0,153.0,610064.5242199996
2023-01-16,SELL,GOLDBEES.NS,5976,48.7,291031.2,145.5156,900950.2086199996
2023-01-16,SELL,SILVERBEES.NS,4237,68.26,289217.62,144.60881,1190023.2198099997
2023-01-16,BUY,PSUBNKBEES.NS,6170,48.19,297332.3,148.66615,892542.2536599997
2023-01-16,BUY,AUTOBEES.NS,2310,128.68,297250.8,148.62539999999998,595142.8282599996
2023-01-16,BUY,MOM100.NS,8956,33.2,297339.2,148.6696,297654.9586599996
2023-01-16,BUY,MID150BEES.NS,2464,120.64,297256.96,148.62848000000002,249.37017999956151
2023-01-23,SELL,PSUBNKBEES.NS,6170,47.11,290668.7,145.33435,290772.73582999955
2023-01-23,SELL,AUTOBEES.NS,2310,129.26,298590.6,149.2953,589214.0405299995
2023-01-23,SELL,MOM100.NS,8956,33.05,295995.8,147.9979,885061.8426299995
2023-01-23,SELL,MID150BEES.NS,2464,120.3,296419.2,148.20960000000002,1181332.8330299994
2023-01-23,BUY,GOLDBEES.NS,6052,48.77,295156.04000000004,147.57802,886029.2150099993
2023-01-23,BUY,ITBEES.NS,9442,31.26,295156.92000000004,147.57846000000004,590724.7165499993
2023-01-23,BUY,CPSEETF.NS,7543,39.13,295157.59,147.578795,295419.5477549993
2023-01-23,BUY,DIVOPPBEES.NS,5970,49.44,295156.8,147.5784,115.16935499932151
2023-01-30,SELL,CPSEETF.NS,7543,37.66,284069.37999999995,142.03468999999998,284042.51466499927
2023-01-30,SELL,DIVOPPBEES.NS,5970,48.47,289365.89999999997,144.68294999999998,573263.7317149993
2023-01-30,SELL,GOLDBEES.NS,6052,48.77,295156.04000000004,147.57802,868272.1936949993
2023-01-30,BUY,MAFANG.NS,6752,42.84,289255.68000000005,144.62784000000002,578871.8858549993
2023-01-30,BUY,MON100.NS,3037,95.25,289274.25,144.637125,289452.9987299993
2023-01-30,BUY,AUTOBEES.NS,2191,131.98,289168.18,144.58409,140.23463999928208
2023-02-06,SELL,HNGSNGBEES.NS,1084,305.35,330999.4,165.49970000000002,330974.1349399993
2023-02-06,BUY,NV20BEES.NS,3091,107.0,330737.0,165.3685,71.76643999933731
2023-02-20,SELL,AUTOBEES.NS,2191,132.96,291315.36000000004,145.65768000000003,291241.4687599994
2023-02-20,BUY,DIVOPPBEES.NS,5834,49.89,291058.26,145.52913,37.679629999387544
2023-02-27,SELL,DIVOPPBEES.NS,5834,48.55,283240.7,141.62035,283136.7592799994
2023-02-27,SELL,NV20BEES.NS,3091,104.14,321896.74,160.94837,604872.5509099994
2023-02-27,SELL,MON100.NS,3037,98.02,297686.74,148.84337,902410.4475399994
2023-02-27,SELL,MAFANG.NS,6752,44.58,301004.16,150.50207999999998,1203264.1054599993
2023-02-27,BUY,CPSEETF.NS,7625,39.43,300653.75,150.326875,902460.0285849993
2023-02-27,BUY,INFRABEES.NS,574,523.37,300414.38,150.20719,601895.4413949993
2023-02-27,BUY,LIQUIDBEES.NS,300,1000.0,300000.0,150.0,301745.4413949993
2023-02-27,BUY,LTGILTBEES.NS,12959,23.2,300648.8,150.3244,946.3169949993026
2023-03-06,SELL,ITBEES.NS,9442,31.42,296667.64,148.33382,297465.6231749993
2023-03-06,SELL,LTGILTBEES.NS,12959,23.18,300389.62,150.19481,597705.0483649992
2023-03-06,BUY,PSUBNKBEES.NS,6808,43.87,298666.95999999996,149.33347999999998,298888.7548849993
2023-03-06,BUY,GILT5YBEES.NS,5879,50.8,298653.2,149.3266,86.22828499932075
2023-03-13,SELL,PSUBNKBEES.NS,6808,41.54,282804.32,141.40216,282749.14612499933
2023-03-13,BUY,LTGILTBEES.NS,12155,23.25,282603.75,141.301875,4.094249999325257
2023-03-20,SELL,INFRABEES.NS,574,525.62,301705.88,150.85294000000002,301559.1213099993
2023-03-20,SELL,GILT5YBEES.NS,5879,51.16,300769.63999999996,150.38482,602178.3764899992
2023-03-20,SELL,LTGILTBEES.NS,12155,23.43,284791.65,142.395825,886827.6306649992
2023-03-20,SELL,LIQUIDBEES.NS,300,1000.0,300000.0,150.0,1186677.6306649991
2023-03-20,BUY,MAFANG.NS,6352,46.68,296511.36,148.25567999999998,890018.0149849991
2023-03-20,BUY,GOLDBEES.NS,5824,50.91,296499.83999999997,148.24991999999997,593369.9250649991
2023-03-20,BUY,MON100.NS,2949,100.52,296433.48,148.21674,296788.22832499916
2023-03-20,BUY,SILVERBEES.NS,4387,67.59,296517.33,148.258665,122.63965999917127
2023-03-27,SELL,CPSEETF.NS,7625,38.58,294172.5,147.08625,294148.0534099992
2023-03-27,BUY,LTGILTBEES.NS,12532,23.46,294000.72000000003,147.00036000000003,0.3330499991425313
2023-04-03,SELL,LTGILTBEES.NS,12532,23.46,294000.72000000003,147.00036000000003,293854.05268999917
2023-04-03,BUY,PHARMABEES.NS,24074,12.2,293702.8,146.85139999999998,4.401289999193978
2023-04-17,SELL,GOLDBEES.NS,5824,51.7,301100.8,150.5504,300954.6508899992
2023-04-17,SELL,MON100.NS,2949,103.8,306106.2,153.0531,606907.7977899992
2023-04-17,SELL,MAFANG.NS,6352,49.01,311311.51999999996,155.65576,918063.6620299991
2023-04-17,BUY,BANKBEES.NS,716,427.05,305767.8,152.8839,612142.978129999
2023-04-17,BUY,AUTOBEES.NS,2332,131.14,305818.48,152.90923999999998,306171.588889999
2023-04-17,BUY,HNGSNGBEES.NS,1046,292.15,305588.89999999997,152.79444999999998,429.89443999907235
2023-04-24,SELL,PHARMABEES.NS,24074,12.59,303091.66,151.54583,303370.00860999903
2023-04-24,SELL,HNGSNGBEES.NS,1046,283.35,296384.10000000003,148.19205000000002,599605.9165599991
2023-04-24,BUY,PSUBNKBEES.NS,6808,44.01,299620.07999999996,149.81004,299836.02651999914
2023-04-24,BUY,CPSEETF.NS,7296,41.07,299646.72000000003,149.82336,39.483159999130294
2023-05-02,SELL,CPSEETF.NS,7296,42.2,307891.2,153.9456,307776.73755999916
2023-05-02,SELL,SILVERBEES.NS,4387,72.99,320207.13,160.103565,627823.7639949992
2023-05-02,BUY,MOM100.NS,9211,34.06,313726.66000000003,156.86333000000002,313940.2406649992
2023-05-02,BUY,MID150BEES.NS,2550,123.03,313726.5,156.86325,56.87741499918047
2023-05-08,SELL,BANKBEES.NS,716,437.54,313278.64,156.63932,313178.8780949992
2023-05-08,SELL,MID150BEES.NS,2550,124.49,317449.5,158.72475,630469.6533449992
2023-05-08,BUY,CONSUMBEES.NS,3769,83.58,315013.02,157.50651000000002,315299.1268349992
2023-05-08,BUY,JUNIORBEES.NS,737,427.06,314743.22000000003,157.37161000000003,398.5352249991847
2023-05-15,SELL,PSUBNKBEES.NS,6808,44.41,302343.27999999997,151.17164,302590.64358499914
2023-05-15,SELL,MOM100.NS,9211,34.56,318332.16000000003,159.16608000000002,620763.6375049992
2023-05-15,BUY,MAFANG.NS,5968,51.98,310216.63999999996,155.10832,310391.8891849992
2023-05-15,BUY,ITBEES.NS,10551,29.4,310199.39999999997,155.09969999999998,37.38948499923572
2023-05-22,SELL,ITBEES.NS,10551,30.27,319378.77,159.68938500000002,319256.4700999993
2023-05-22,SELL,CONSUMBEES.NS,3769,84.45,318292.05,159.146025,637389.3740749992
2023-05-22,BUY,MON100.NS,2875,110.77,318463.75,159.231875,318766.39219999925
2023-05-22,BUY,CPSEETF.NS,7503,42.45,318502.35000000003,159.25117500000002,104.79102499922737
2023-05-29,SELL,CPSEETF.NS,7503,42.41,318202.23,159.101115,318147.9199099992
2023-05-29,BUY,ITBEES.NS,10412,30.54,317982.48,158.99124,6.448669999197591
2023-06-05,SELL,AUTOBEES.NS,2332,147.28,343456.96,171.72848000000002,343291.6801899992
2023-06-05,SELL,JUNIORBEES.NS,737,449.08,330971.95999999996,165.48597999999998,674098.1542099991
2023-06-05,BUY,MOM100.NS,9329,36.11,336870.19,168.43509500000002,337059.5291149991
2023-06-05,BUY,MID150BEES.NS,2588,130.17,336879.95999999996,168.43998,11.12913499912247
2023-06-12,SELL,ITBEES.NS,10412,30.11,313505.32,156.75266000000002,313359.69647499913
2023-06-12,SELL,MON100.NS,2875,116.86,335972.5,167.98625,649164.2102249991
2023-06-12,BUY,PHARMABEES.NS,24974,12.99,324412.26,162.20613,324589.7440949991
2023-06-12,BUY,JUNIORBEES.NS,715,453.62,324338.3,162.16915,89.27494499913882
2023-06-19,SELL,PHARMABEES.NS,24974,13.41,334901.34,167.45067,334823.1642749992
2023-06-19,BUY,MON100.NS,2784,120.18,334581.12,167.29056,74.75371499918401
2023-06-26,SELL,MOM100.NS,9329,37.17,346758.93,173.379465,346660.3042499992
2023-06-26,SELL,JUNIORBEES.NS,715,455.07,325375.05,162.687525,671872.6667249992
2023-06-26,BUY,CPSEETF.NS,7770,43.21,335741.7,167.87085000000002,335963.0958749992
2023-06-26,BUY,INFRABEES.NS,576,582.44,335485.44000000006,167.74272000000002,309.91315499914344
2023-07-03,SELL,INFRABEES.NS,576,597.62,344229.12,172.11456,344366.9185949991
2023-07-03,SELL,MAFANG.NS,5968,62.87,375208.16,187.60407999999998,719387.4745149991
2023-07-03,BUY,PHARMABEES.NS,26127,13.76,359507.52,179.75376,359700.20075499907
2023-07-03,BUY,MOM100.NS,9433,38.11,359491.63,179.745815,28.82493999908911
2023-07-10,SELL,CPSEETF.NS,7770,44.43,345221.1,172.61055,345077.3143899991
2023-07-10,SELL,MON100.NS,2784,120.62,335806.08,167.90304,680715.4913499991
2023-07-10,SELL,MOM100.NS,9433,38.19,360246.26999999996,180.123135,1040781.6382149991
2023-07-10,SELL,MID150BEES.NS,2588,137.33,355410.04000000004,177.70502000000002,1396013.9731949992
2023-07-10,BUY,PSUBNKBEES.NS,7084,49.24,348816.16000000003,174.40808,1047023.405114999
2023-07-10,BUY,AUTOBEES.NS,2240,155.66,348678.39999999997,174.33919999999998,698170.6659149991
2023-07-10,BUY,DIVOPPBEES.NS,6415,54.37,348783.55,174.391775,349212.7241399991
2023-07-10,BUY,NIFTYBEES.NS,1640,212.64,348729.6,174.3648,308.7593399991165
2023-07-17,SELL,PHARMABEES.NS,26127,14.22,371525.94,185.76297,371648.93636999914
2023-07-17,SELL,DIVOPPBEES.NS,6415,55.48,355904.19999999995,177.95209999999997,727375.1842699992
2023-07-17,SELL,NIFTYBEES.NS,1640,216.53,355109.2,177.55460000000002,1082306.8296699992
2023-07-17,BUY,SILVERBEES.NS,4885,73.81,360561.85000000003,180.28092500000002,721564.6987449991
2023-07-17,BUY,ITBEES.NS,11067,32.58,360562.86,180.28143,360821.55731499917
2023-07-17,BUY,MAFANG.NS,5518,65.34,360546.12,180.27306000000002,95.16425499919569
2023-07-24,SELL,ITBEES.NS,11067,31.41,347614.47000000003,173.80723500000002,347535.8270199992
2023-07-24,SELL,AUTOBEES.NS,2240,158.27,354524.80000000005,177.2624,701883.3646199992
2023-07-24,BUY,PHARMABEES.NS,24140,14.53,350754.2,175.3771,350953.7875199992
2023-07-24,BUY,NIFTYBEES.NS,1618,216.73,350669.13999999996,175.33456999999999,109.31294999923557
2023-07-31,SELL,PSUBNKBEES.NS,7084,51.38,363975.92000000004,181.98796000000002,363903.2449899993
2023-07-31,SELL,MAFANG.NS,5518,65.71,362587.77999999997,181.29388999999998,726309.7310999993
2023-07-31,SELL,NIFTYBEES.NS,1618,217.58,352044.44,176.02222,1078178.1488799993
2023-07-31,BUY,INFRABEES.NS,569,631.03,359056.07,179.52803500000002,718942.5508449993
2023-07-31,BUY,MON100.NS,2849,126.04,359087.96,179.54398,359675.0468649992
2023-07-31,BUY,CPSEETF.NS,7529,47.71,359208.59,179.604295,286.8525699991733
2023-08-07,SELL,SILVERBEES.NS,4885,71.04,347030.4,173.51520000000002,347143.7373699992
2023-08-07,SELL,MON100.NS,2849,123.3,351281.7,175.64085,698249.7965199992
2023-08-07,BUY,MID150BEES.NS,2409,144.82,348871.38,174.43569,349203.98082999914
2023-08-07,BUY,MOM100.NS,8665,40.27,348939.55000000005,174.46977500000003,89.96105499909027
2023-08-14,SELL,INFRABEES.NS,569,622.44,354168.36000000004,177.08418000000003,354081.23687499913
2023-08-14,BUY,ITBEES.NS,10872,32.55,353883.6,176.9418,20.695074999181088
2023-08-28,SELL,PHARMABEES.NS,24140,15.41,371997.4,185.9987,371832.0963749992
2023-08-28,BUY,SILVERBEES.NS,5127,72.48,371604.96,185.80248,41.333894999173936
2023-09-04,SELL,ITBEES.NS,10872,33.82,367691.04,183.84552,367548.5283749992
2023-09-04,BUY,AUTOBEES.NS,2264,162.23,367288.72,183.64435999999998,76.16401499923086
2023-09-11,SELL,SILVERBEES.NS,5127,70.61,362017.47,181.008735,361912.6252799992
2023-09-11,SELL,AUTOBEES.NS,2264,166.48,376910.72,188.45535999999998,738634.8899199992
2023-09-11,BUY,MAFANG.NS,5745,64.25,369116.25,184.558125,369334.0817949992
2023-09-11,BUY,ITBEES.NS,10768,34.28,369127.04000000004,184.56352,22.47827499912819
2023-09-18,SELL,MOM100.NS,8665,43.25,374761.25,187.380625,374596.34764999914
2023-09-18,SELL,MAFANG.NS,5745,64.19,368771.55,184.385775,743183.5118749992
2023-09-18,SELL,MID150BEES.NS,2409,155.12,373684.08,186.84204000000003,1116680.7498349992
2023-09-18,BUY,PSUBNKBEES.NS,6405,58.08,372002.39999999997,186.00119999999998,744492.3486349992
2023-09-18,BUY,AUTOBEES.NS,2211,168.24,371978.64,185.98932000000002,372327.71931499924
2023-09-18,BUY,NV20BEES.NS,3107,119.74,372032.18,186.01609,109.52322499925504
2023-09-25,SELL,AUTOBEES.NS,2211,164.96,364726.56,182.36328,364653.71994499926
2023-09-25,BUY,DIVOPPBEES.NS,6265,58.17,364435.05,182.217525,36.452419999288395
2023-10-03,SELL,ITBEES.NS,10768,33.35,359112.8,179.5564,358969.6960199993
2023-10-03,SELL,NV20BEES.NS,3107,116.71,362617.97,181.30898499999998,721406.3570349992
2023-10-03,BUY,INFRABEES.NS,556,648.13,360360.27999999997,180.18014,360865.8968949992
2023-10-03,BUY,AUTOBEES.NS,2217,162.56,360395.52,180.19776000000002,290.17913499916904
2023-10-09,SELL,INFRABEES.NS,556,641.12,356462.72000000003,178.23136000000002,356574.6677749992
2023-10-09,SELL,AUTOBEES.NS,2217,160.89,356693.12999999995,178.34656499999997,713089.4512099992
2023-10-09,BUY,MOM100.NS,8398,42.43,356327.14,178.16357000000002,356584.14763999917
2023-10-09,BUY,GILT5YBEES.NS,6745,52.83,356338.35,178.169175,67.62846499920124
2023-10-16,SELL,DIVOPPBEES.NS,6265,58.62,367254.3,183.62715,367138.3013149992
2023-10-16,SELL,PSUBNKBEES.NS,6405,56.49,361818.45,180.90922500000002,728775.8420899992
2023-10-16,SELL,MOM100.NS,8398,43.22,362961.56,181.48078,1091555.9213099992
2023-10-16,SELL,GILT5YBEES.NS,6745,53.04,357754.8,178.8774,1449131.8439099991
2023-10-16,BUY,INFRABEES.NS,553,654.68,362038.04,181.01901999999998,1086912.784889999
2023-10-16,BUY,AUTOBEES.NS,2157,167.83,362009.31000000006,181.00465500000004,724722.470234999
2023-10-16,BUY,CONSUMBEES.NS,3847,94.11,362041.17,181.02058499999998,362500.279649999
2023-10-16,BUY,MID150BEES.NS,2329,155.43,361996.47000000003,180.99823500000002,322.811414998956
2023-10-23,SELL,INFRABEES.NS,553,635.03,351171.58999999997,175.585795,351318.8156199989
2023-10-23,SELL,MID150BEES.NS,2329,149.24,347579.96,173.78998,698724.9856399989
2023-10-23,BUY,GOLDBEES.NS,6775,51.54,349183.5,174.59175,349366.8938899989
2023-10-23,BUY,SILVERBEES.NS,4923,70.92,349139.16000000003,174.56958000000003,53.16430999885779
2023-10-30,SELL,CONSUMBEES.NS,3847,91.52,352077.44,176.03872,351954.56558999885
2023-10-30,BUY,GILT5YBEES.NS,6622,53.12,351760.63999999996,175.88031999999998,18.0452699988964
2023-11-06,SELL,AUTOBEES.NS,2157,164.52,354869.64,177.43482,354710.2504499989
2023-11-06,BUY,LTGILTBEES.NS,14553,24.36,354511.08,177.25554000000002,21.914909998886287
2023-11-13,SELL,GILT5YBEES.NS,6622,53.41,353681.01999999996,176.84051,353526.09439999884
2023-11-13,SELL,LTGILTBEES.NS,14553,24.43,355529.79,177.764895,708878.1195049989
2023-11-13,SELL,GOLDBEES.NS,6775,50.93,345050.75,172.525375,1053756.344129999
2023-11-13,SELL,SILVERBEES.NS,4923,68.63,337865.49,168.932745,1391452.901384999
2023-11-13,BUY,MAFANG.NS,5344,65.05,347627.2,173.8136,1043651.8877849991
2023-11-13,BUY,MON100.NS,2781,124.98,347569.38,173.78469,695908.7230949991
2023-11-13,BUY,PHARMABEES.NS,22103,15.73,347680.19,173.840095,348054.6929999991
2023-11-13,BUY,JUNIORBEES.NS,711,488.53,347344.82999999996,173.67241499999997,536.1905849991599
2023-11-20,SELL,JUNIORBEES.NS,711,496.95,353331.45,176.665725,353690.97485999914
2023-11-20,BUY,MOM100.NS,7933,44.56,353494.48000000004,176.74724000000003,19.747619999106973
2023-12-04,SELL,PHARMABEES.NS,22103,16.49,364478.47,182.23923499999998,364315.9783849991
2023-12-04,SELL,MON100.NS,2781,129.73,360779.12999999995,180.38956499999998,724914.718819999
2023-12-04,SELL,MAFANG.NS,5344,68.26,364781.44,182.39072000000002,1089513.768099999
2023-12-04,BUY,SILVERBEES.NS,4830,75.15,362974.5,181.48725000000002,726357.780849999
2023-12-04,BUY,DIVOPPBEES.NS,5697,63.71,362955.87,181.477935,363220.4329149991
2023-12-04,BUY,AUTOBEES.NS,2019,179.71,362834.49,181.417245,204.5256699990714
2023-12-11,SELL,SILVERBEES.NS,4830,70.35,339790.5,169.89525,339825.13041999907
2023-12-11,SELL,AUTOBEES.NS,2019,181.05,365539.95,182.76997500000002,705182.310444999
2023-12-11,SELL,MOM100.NS,7933,47.66,378086.77999999997,189.04339,1083080.047054999
2023-12-11,BUY,JUNIORBEES.NS,663,543.84,360565.92000000004,180.28296000000003,722333.844094999
2023-12-11,BUY,INFRABEES.NS,497,724.68,360165.95999999996,180.08298,361987.80111499905
2023-12-11,BUY,BANKBEES.NS,747,482.69,360569.43,180.284715,1238.0863999990397
2023-12-18,SELL,BANKBEES.NS,747,488.15,364648.05,182.324025,365703.81237499905
2023-12-18,SELL,DIVOPPBEES.NS,5697,67.18,382724.46,191.36223,748236.910144999
2023-12-18,BUY,PSUBNKBEES.NS,5862,63.78,373878.36,186.93918,374171.61096499907
2023-12-18,BUY,ITBEES.NS,9876,37.86,373905.36,186.95268,79.2982849990949
2024-01-01,SELL,INFRABEES.NS,497,757.41,376432.76999999996,188.21638499999997,376323.8518999991
2024-01-01,SELL,PSUBNKBEES.NS,5862,64.02,375285.24,187.64262,751421.4492799991
2024-01-01,SELL,JUNIORBEES.NS,663,568.13,376670.19,188.335095,1127903.304184999
2024-01-01,BUY,MAFANG.NS,5146,73.02,375760.92,187.88046,751954.503724999
2024-01-01,BUY,MON100.NS,2742,137.04,375763.68,187.88184,376002.94188499905
2024-01-01,BUY,NV20BEES.NS,2842,132.21,375740.82,187.87041000000002,74.25147499906598
2024-01-08,SELL,ITBEES.NS,9876,36.51,360572.76,180.28638,360466.72509499907
2024-01-08,SELL,NV20BEES.NS,2842,130.11,369772.62000000005,184.88631000000004,730054.4587849991
2024-01-08,SELL,MON100.NS,2742,132.47,363232.74,181.61637,1093105.5824149991
2024-01-08,SELL,MAFANG.NS,5146,69.78,359087.88,179.54394,1452013.9184749993
2024-01-08,BUY,PHARMABEES.NS,20768,17.47,362816.95999999996,181.40848,1089015.5499949993
2024-01-08,BUY,JUNIORBEES.NS,634,571.55,362362.69999999995,181.18134999999998,726471.6686449994
2024-01-08,BUY,INFRABEES.NS,475,763.68,362748.0,181.374,363542.2946449994
2024-01-08,BUY,DIVOPPBEES.NS,5333,68.03,362803.99,181.401995,556.9026499993633
2024-01-15,SELL,CPSEETF.NS,7529,69.83,525750.07,262.87503499999997,526044.0976149993
2024-01-15,SELL,DIVOPPBEES.NS,5333,70.3,374909.89999999997,187.45495,900766.5426649993
2024-01-15,BUY,AUTOBEES.NS,2360,190.7,450052.0,225.026,450489.51666499925
2024-01-15,BUY,MOM100.NS,8826,51.0,450126.0,225.06300000000002,138.45366499922238
2024-01-23,SELL,PHARMABEES.NS,20768,17.77,369047.36,184.52367999999998,369001.2899849992
2024-01-23,SELL,AUTOBEES.NS,2360,186.66,440517.6,220.25879999999998,809298.6311849991
2024-01-23,SELL,JUNIORBEES.NS,634,566.94,359439.96,179.71998000000002,1168558.8712049993
2024-01-23,BUY,CPSEETF.NS,5659,68.79,389282.61000000004,194.64130500000002,779081.6198999992
2024-01-23,BUY,PSUBNKBEES.NS,6037,64.48,389265.76,194.63288,389621.22701999923
2024-01-23,BUY,MID150BEES.NS,2205,176.5,389182.5,194.59125,244.1357699992368
2024-01-29,SELL,PSUBNKBEES.NS,6037,67.29,406229.73000000004,203.11486500000004,406270.75090499927
2024-01-29,SELL,MOM100.NS,8826,51.07,450743.82,225.37191,856789.1989949993
2024-01-29,SELL,MID150BEES.NS,2205,181.1,399325.5,199.66275000000002,1255915.0362449992
2024-01-29,BUY,MAFANG.NS,5512,75.91,418415.92,209.20795999999999,837289.9082849992
2024-01-29,BUY,ITBEES.NS,10814,38.69,418393.66,209.19683,418687.05145499925
2024-01-29,BUY,MON100.NS,2953,141.65,418292.45,209.14622500000002,185.4552299992647
2024-02-05,SELL,INFRABEES.NS,475,819.98,389490.5,194.74525,389481.2099799993
2024-02-05,SELL,MON100.NS,2953,141.81,418764.93,209.382465,808036.7575149992
2024-02-05,BUY,PSUBNKBEES.NS,5527,73.06,403802.62,201.90131,404032.23620499927
2024-02-05,BUY,DIVOPPBEES.NS,5504,73.36,403773.44,201.88672,56.909484999254346
2024-02-12,SELL,ITBEES.NS,10814,40.19,434614.66,217.30732999999998,434454.26215499925
2024-02-12,SELL,DIVOPPBEES.NS,5504,72.21,397443.83999999997,198.72191999999998,831699.3802349992
2024-02-12,BUY,PHARMABEES.NS,21887,18.99,415634.12999999995,207.81706499999999,415857.4331699993
2024-02-12,BUY,JUNIORBEES.NS,693,599.64,415550.52,207.77526,99.13790999923367
2024-02-19,SELL,JUNIORBEES.NS,693,624.16,432542.88,216.27144,432425.74646999926
2024-02-19,BUY,AUTOBEES.NS,2075,208.25,432118.75,216.05937500000002,90.93709499924444
2024-02-26,SELL,CPSEETF.NS,5659,81.22,459623.98,229.81199,459485.1051049992
2024-02-26,BUY,HNGSNGBEES.NS,1827,251.25,459033.75,229.516875,221.83822999923723
2024-03-04,SELL,PHARMABEES.NS,21887,19.3,422419.10000000003,211.20955000000004,422429.72867999924
2024-03-04,SELL,MAFANG.NS,5512,84.7,466866.4,233.43320000000003,889062.6954799993
2024-03-04,SELL,HNGSNGBEES.NS,1827,249.5,455836.5,227.91825,1344671.2772299992
2024-03-04,BUY,CPSEETF.NS,5354,83.67,447969.18,223.98459,896478.1126399992
2024-03-04,BUY,JUNIORBEES.NS,703,637.01,447818.02999999997,223.90901499999998,448436.1736249993
2024-03-04,BUY,BANKBEES.NS,926,483.29,447526.54000000004,223.76327000000003,685.8703549992642
2024-03-11,SELL,BANKBEES.NS,926,482.7,446980.2,223.4901,447442.5802549993
2024-03-11,SELL,PSUBNKBEES.NS,5527,80.23,443431.21,221.715605,890652.0746499994
2024-03-11,BUY,GOLDBEES.NS,7946,56.01,445055.45999999996,222.52773,445374.08691999945
2024-03-11,BUY,INFRABEES.NS,518,857.75,444314.5,222.15725,837.4296699994593
2024-03-18,SELL,CPSEETF.NS,5354,76.54,409795.16000000003,204.89758000000003,410427.6920899995
2024-03-18,SELL,AUTOBEES.NS,2075,207.61,430790.75,215.395375,841003.0467149995
2024-03-18,SELL,JUNIORBEES.NS,703,621.81,437132.42999999993,218.56621499999997,1277916.9104999993
2024-03-18,SELL,INFRABEES.NS,518,832.32,431141.76,215.57088000000002,1708843.0996199993
2024-03-18,BUY,SILVERBEES.NS,5876,72.66,426950.16,213.47508,1281679.4645399994
2024-03-18,BUY,HNGSNGBEES.NS,1679,254.17,426751.43,213.375715,854714.6588249994
2024-03-18,BUY,LTGILTBEES.NS,16817,25.39,426983.63,213.491815,427517.53700999933
2024-03-18,BUY,GILT5YBEES.NS,7753,55.07,426957.71,213.478855,346.34815499931574
2024-03-26,SELL,LTGILTBEES.NS,16817,25.4,427151.8,213.5759,427284.5722549993
2024-03-26,SELL,GILT5YBEES.NS,7753,55.07,426957.71,213.478855,854028.8033999994
2024-03-26,SELL,HNGSNGBEES.NS,1679,242.41,407006.39,203.503195,1260831.6902049994
2024-03-26,BUY,MON100.NS,2805,149.71,419936.55000000005,209.96827500000003,840685.1719299994
2024-03-26,BUY,MAFANG.NS,4899,85.74,420040.25999999995,210.02012999999997,420434.8917999994
2024-03-26,BUY,AUTOBEES.NS,1962,214.05,419966.10000000003,209.98305000000002,258.8087499993853
2024-04-01,SELL,AUTOBEES.NS,1962,217.5,426735.0,213.3675,426780.4412499994
2024-04-01,BUY,CONSUMBEES.NS,3825,111.51,426525.75,213.262875,41.42837499937741
2024-04-08,SELL,CONSUMBEES.NS,3825,112.54,430465.5,215.23275,430291.69562499935
2024-04-08,SELL,GOLDBEES.NS,7946,60.21,478428.66000000003,239.21433000000002,908481.1412949994
2024-04-08,SELL,MON100.NS,2805,148.31,416009.55,208.004775,1324282.6865199995
2024-04-08,BUY,CPSEETF.NS,5258,83.91,441198.77999999997,220.59939,882863.3071299996
2024-04-08,BUY,JUNIORBEES.NS,658,670.34,441083.72000000003,220.54186,441559.0452699996
2024-04-08,BUY,PSUBNKBEES.NS,5489,80.37,441150.93000000005,220.57546500000004,187.53980499954196
2024-04-15,SELL,PSUBNKBEES.NS,5489,78.32,429898.48,214.94924,429871.07056499954
2024-04-15,BUY,GOLDBEES.NS,7017,61.23,429650.91,214.825455,5.3351099995779805
2024-04-22,SELL,JUNIORBEES.NS,658,667.39,439142.62,219.57131,438928.38379999954
2024-04-22,BUY,HNGSNGBEES.NS,1718,255.25,438519.5,219.25975,189.62404999951832
2024-05-06,SELL,GOLDBEES.NS,7017,60.72,426072.24,213.03612,426048.8279299995
2024-05-06,SELL,MAFANG.NS,4899,96.8,474223.2,237.1116,900034.9163299995
2024-05-06,SELL,SILVERBEES.NS,5876,79.78,468787.28,234.39364,1368587.8026899993
2024-05-06,BUY,JUNIORBEES.NS,659,691.28,455553.51999999996,227.77676,912806.5059299994
2024-05-06,BUY,PSUBNKBEES.NS,5668,80.44,455933.92,227.96696,456644.6189699994
2024-05-06,BUY,AUTOBEES.NS,1995,228.45,455757.75,227.878875,658.9900949994335
2024-05-13,SELL,CPSEETF.NS,5258,84.52,444406.16,222.20308,444842.9470149994
2024-05-13,SELL,PSUBNKBEES.NS,5668,77.54,439496.72000000003,219.74836000000002,884119.9186549995
2024-05-13,BUY,CONSUMBEES.NS,3874,114.04,441790.96,220.89548000000002,442108.06317499944
2024-05-13,BUY,NV20BEES.NS,3152,140.15,441752.80000000005,220.87640000000002,134.38677499938058
2024-05-21,SELL,NV20BEES.NS,3152,142.34,448655.68,224.32784,448565.7389349994
2024-05-21,SELL,CONSUMBEES.NS,3874,116.67,451979.58,225.98979,900319.3291449994
2024-05-21,BUY,SILVERBEES.NS,4942,91.03,449870.26,224.93513000000002,450224.1340149994
2024-05-21,BUY,MON100.NS,2985,150.69,449809.64999999997,224.904825,189.5791899994365
2024-05-27,SELL,MON100.NS,2985,151.38,451869.3,225.93465,451832.9445399994
2024-05-27,BUY,CPSEETF.NS,4837,93.35,451533.94999999995,225.76697499999997,73.22756499948446
2024-06-03,SELL,AUTOBEES.NS,1995,243.34,485463.3,242.73165,485293.7959149995
2024-06-03,SELL,HNGSNGBEES.NS,1718,309.64,531961.52,265.98076000000003,1016989.3351549995
2024-06-03,BUY,MOM100.NS,8927,56.93,508214.11,254.107055,508521.11809999956
2024-06-03,BUY,MID150BEES.NS,2457,206.84,508205.88,254.10294000000002,61.13515999953961
2024-06-10,SELL,CPSEETF.NS,4837,90.42,437361.54000000004,218.68077000000002,437203.9943899996
2024-06-10,SELL,JUNIORBEES.NS,659,742.9,489571.1,244.78555,926530.3088399996
2024-06-10,SELL,MOM100.NS,8927,56.85,507499.95,253.749975,1433776.5088649997
2024-06-10,SELL,MID150BEES.NS,2457,204.72,502997.04,251.49851999999998,1936522.0503449996
2024-06-10,BUY,AUTOBEES.NS,1903,254.15,483647.45,241.82372500000002,1452632.7766199997
2024-06-10,BUY,ITBEES.NS,13099,36.94,483877.06,241.93853000000001,968513.7780899997
2024-06-10,BUY,CONSUMBEES.NS,3962,122.13,483879.06,241.93953,484392.7785599997
2024-06-10,BUY,NIFTYBEES.NS,1875,257.94,483637.5,241.81875,513.4598099997384
2024-06-18,SELL,ITBEES.NS,13099,37.13,486365.87000000005,243.18293500000004,486636.1468749998
2024-06-18,SELL,SILVERBEES.NS,4942,86.26,426296.92000000004,213.14846000000003,912719.9184149998
2024-06-18,SELL,NIFTYBEES.NS,1875,261.56,490425.0,245.2125,1402899.7059149998
2024-06-18,BUY,MON100.NS,2884,162.02,467265.68000000005,233.63284000000004,935400.3930749998
2024-06-18,BUY,MID150BEES.NS,2189,213.45,467242.05,233.621025,467924.7220499998
2024-06-18,BUY,MOM100.NS,7877,59.33,467342.41,233.671205,348.64084499981254
2024-06-24,SELL,CONSUMBEES.NS,3962,122.63,485860.06,242.93003000000002,485965.7708149998
2024-06-24,BUY,ITBEES.NS,12959,37.48,485703.31999999995,242.85165999999998,19.599154999887105
2024-07-01,SELL,ITBEES.NS,12959,39.31,509418.29000000004,254.70914500000003,509183.18000999995
2024-07-01,SELL,AUTOBEES.NS,1903,257.57,490155.70999999996,245.077855,999093.8121549999
2024-07-01,SELL,MON100.NS,2884,161.94,467034.96,233.51748,1465895.254675
2024-07-01,BUY,CPSEETF.NS,5198,93.94,488300.12,244.15006,977350.984615
2024-07-01,BUY,INFRABEES.NS,517,944.31,488208.26999999996,244.10413499999999,488898.61048000003
2024-07-01,BUY,BANKBEES.NS,905,539.28,488048.39999999997,244.02419999999998,606.1862800000818
2024-07-08,SELL,INFRABEES.NS,517,958.71,495653.07,247.826535,496011.4297450001
2024-07-08,SELL,MID150BEES.NS,2189,219.07,479544.23,239.77211499999999,975315.88763
2024-07-08,BUY,ITBEES.NS,12115,40.23,487386.44999999995,243.69322499999998,487685.74440500006
2024-07-08,BUY,NV20BEES.NS,3165,153.98,487346.69999999995,243.67334999999997,95.37105500011239
2024-07-15,SELL,BANKBEES.NS,905,538.03,486917.14999999997,243.458575,486769.0624800001
2024-07-15,SELL,MOM100.NS,7877,61.66,485695.81999999995,242.84790999999998,972222.03457
2024-07-15,BUY,DIVOPPBEES.NS,5751,84.47,485786.97,242.893485,486192.17108500004
2024-07-15,BUY,MAFANG.NS,4805,101.1,485785.5,242.89275,163.77833500003908
2024-07-22,SELL,MAFANG.NS,4805,98.13,471514.64999999997,235.75732499999998,471442.67101
2024-07-22,BUY,PHARMABEES.NS,22406,21.03,471198.18000000005,235.59909000000002,8.891919999965467
2024-08-12,SELL,ITBEES.NS,12115,41.81,506528.15,253.26407500000002,506283.777845
2024-08-12,SELL,DIVOPPBEES.NS,5751,84.5,485959.5,242.97975,992000.298095
2024-08-12,SELL,NV20BEES.NS,3165,157.09,497189.85000000003,248.59492500000002,1488941.55317
2024-08-12,BUY,CONSUMBEES.NS,3846,128.98,496057.07999999996,248.02854,992636.44463
2024-08-12,BUY,MOM100.NS,8089,61.32,496017.48,248.00874,496370.95589000004
2024-08-12,BUY,AUTOBEES.NS,1919,258.39,495850.41,247.925205,272.620685000089
2024-08-19,SELL,CPSEETF.NS,5198,102.83,534510.34,267.25516999999996,534515.705515
2024-08-19,SELL,AUTOBEES.NS,1919,259.57,498114.82999999996,249.057415,1032381.4781
2024-08-19,BUY,ITBEES.NS,11707,44.07,515927.49,257.963745,516196.02435499994
2024-08-19,BUY,MON100.NS,3250,158.7,515774.99999999994,257.8875,163.13685499998974
2024-08-26,SELL,MOM100.NS,8089,63.13,510658.57,255.329285,510566.37757
2024-08-26,SELL,MON100.NS,3250,160.92,522989.99999999994,261.495,1033294.8825699999
2024-08-26,BUY,GOLDBEES.NS,8489,60.83,516385.87,258.192935,516650.8196349999
2024-08-26,BUY,LTGILTBEES.NS,19347,26.69,516371.43000000005,258.185715,21.203919999825303
2024-09-02,SELL,PHARMABEES.NS,22406,23.5,526541.0,263.2705,526298.9334199999
2024-09-02,SELL,CONSUMBEES.NS,3846,133.75,514402.5,257.20125,1040444.23217
2024-09-02,SELL,GOLDBEES.NS,8489,60.25,511462.25,255.731125,1551650.751045
2024-09-02,SELL,LTGILTBEES.NS,19347,26.49,512502.02999999997,256.251015,2063896.53003
2024-09-02,BUY,MON100.NS,3224,159.96,515711.04000000004,257.85552,1547927.63451
2024-09-02,BUY,SILVERBEES.NS,6375,80.89,515673.75,257.836875,1031996.047635
2024-09-02,BUY,HNGSNGBEES.NS,1796,287.03,515505.87999999995,257.75293999999997,516232.41469500004
2024-09-02,BUY,NV20BEES.NS,3117,165.45,515707.64999999997,257.853825,266.91087000007974
2024-09-09,SELL,NV20BEES.NS,3117,161.11,502179.87000000005,251.08993500000003,502195.69093500014
2024-09-09,SELL,SILVERBEES.NS,6375,79.77,508533.75,254.266875,1010475.1740600001
2024-09-09,SELL,MON100.NS,3224,153.72,495593.27999999997,247.79664,1505820.65742
2024-09-09,BUY,PHARMABEES.NS,21339,23.51,501679.89,250.839945,1003889.927475
2024-09-09,BUY,MID150BEES.NS,2255,222.47,501669.85,250.834925,501969.2425500001
2024-09-09,BUY,JUNIORBEES.NS,630,796.07,501524.10000000003,250.76205000000002,194.3805000000284
2024-09-16,SELL,HNGSNGBEES.NS,1796,282.88,508052.48,254.02624,507992.83426000003
2024-09-16,SELL,JUNIORBEES.NS,630,804.29,506702.69999999995,253.35134999999997,1014442.18291
2024-09-16,SELL,MID150BEES.NS,2255,229.08,516575.4,258.28770000000003,1530759.2952100001
2024-09-16,BUY,CONSUMBEES.NS,3707,137.56,509934.92,254.96746,1020569.4077500001
2024-09-16,BUY,MOM100.NS,7903,64.53,509980.59,254.99029500000003,510333.8274550001
2024-09-16,BUY,NIFTYBEES.NS,1800,283.27,509885.99999999994,254.94299999999998,192.88445500010857
2024-09-23,SELL,ITBEES.NS,11707,44.94,526112.58,263.05629,526042.4081650001
2024-09-23,SELL,PHARMABEES.NS,21339,23.55,502533.45,251.266725,1028324.5914400001
2024-09-23,SELL,MOM100.NS,7903,65.01,513774.03,256.887015,1541841.7344250001
2024-09-23,SELL,NIFTYBEES.NS,1800,289.34,520811.99999999994,260.40599999999995,2062393.328425
2024-09-23,BUY,BANKBEES.NS,925,556.57,514827.25000000006,257.413625,1547308.6648
2024-09-23,BUY,SILVERBEES.NS,6037,85.35,515257.94999999995,257.62897499999997,1031793.085825
2024-09-23,BUY,GOLDBEES.NS,8204,62.81,515293.24,257.64662,516242.19920499995
2024-09-23,BUY,NIF100BEES.NS,1816,283.63,515072.08,257.53604,912.58316499996
2024-09-30,SELL,GOLDBEES.NS,8204,63.55,521364.19999999995,260.6821,522016.10106499994
2024-09-30,SELL,NIF100BEES.NS,1816,282.73,513437.68000000005,256.71884000000006,1035197.062225
2024-09-30,BUY,HNGSNGBEES.NS,1409,367.12,517272.08,258.63604000000004,517666.346185
2024-09-30,BUY,AUTOBEES.NS,1871,276.44,517219.24,258.60962,188.49656499997946
2024-10-07,SELL,BANKBEES.NS,925,521.6,482480.0,241.24,482427.256565
2024-10-07,SELL,CONSUMBEES.NS,3707,135.3,501557.10000000003,250.77855000000002,983733.5780150001
2024-10-07,SELL,AUTOBEES.NS,1871,264.31,494524.01,247.26200500000002,1478010.32601
2024-10-07,BUY,GOLDBEES.NS,7717,63.81,492421.77,246.21088500000002,985342.345125
2024-10-07,BUY,NV20BEES.NS,3000,164.14,492419.99999999994,246.20999999999998,492676.13512500003
2024-10-07,BUY,MON100.NS,3033,162.32,492316.56,246.15828,113.41684500005795
2024-10-14,SELL,NV20BEES.NS,3000,162.89,488669.99999999994,244.33499999999998,488539.081845
2024-10-14,SELL,GOLDBEES.NS,7717,63.98,493733.66,246.86683,982025.8750149999
2024-10-14,SELL,SILVERBEES.NS,6037,88.39,533610.43,266.80521500000003,1515369.4997999999
2024-10-14,BUY,MAFANG.NS,5194,97.2,504856.8,252.4284,1010260.2714
2024-10-14,BUY,PHARMABEES.NS,20879,24.18,504854.22,252.42711,505153.62429
2024-10-14,BUY,AUTOBEES.NS,1865,270.57,504613.05,252.306525,288.26776499999687
2024-10-21,SELL,PHARMABEES.NS,20879,23.54,491491.66,245.74582999999998,491534.18193499994
2024-10-21,SELL,AUTOBEES.NS,1865,257.95,481076.75,240.538375,972370.39356
2024-10-21,BUY,GOLDBEES.NS,7386,65.79,485924.94000000006,242.96247000000002,486202.4910899999
2024-10-21,BUY,SILVERBEES.NS,5134,94.64,485881.76,242.94088000000002,77.79020999989007
2024-10-28,SELL,HNGSNGBEES.NS,1409,327.96,462095.63999999996,231.04781999999997,461942.38238999987
2024-10-28,BUY,GILT5YBEES.NS,7944,58.12,461705.27999999997,230.85263999999998,6.249749999900814
2024-11-04,SELL,GILT5YBEES.NS,7944,58.19,462261.36,231.13067999999998,462036.4790699999
2024-11-04,SELL,MAFANG.NS,5194,97.05,504077.7,252.03885000000002,965862.14022
2024-11-04,BUY,PSUBNKBEES.NS,6417,75.21,482622.56999999995,241.31128499999997,482998.258935
2024-11-04,BUY,BANKBEES.NS,917,526.07,482406.19000000006,241.20309500000005,350.8658399999258
2024-11-11,SELL,BANKBEES.NS,917,532.0,487844.0,243.922,487950.9438399999
2024-11-11,SELL,GOLDBEES.NS,7386,64.49,476323.13999999996,238.16156999999998,964035.9222699999
2024-11-11,SELL,SILVERBEES.NS,5134,88.48,454256.32,227.12816,1418065.11411
2024-11-11,BUY,HNGSNGBEES.NS,1314,359.38,472225.32,236.11266,945603.68145
2024-11-11,BUY,MAFANG.NS,4205,112.34,472389.7,236.19485,472977.7866
2024-11-11,BUY,LTGILTBEES.NS,17550,26.92,472446.00000000006,236.22300000000004,295.56359999993583
2024-11-18,SELL,LTGILTBEES.NS,17550,26.87,471568.5,235.78425000000001,471628.2793499999
2024-11-18,BUY,ITBEES.NS,10602,44.46,471364.92,235.68246,27.67688999994425
2024-11-25,SELL,PSUBNKBEES.NS,6417,75.52,484611.83999999997,242.30592,484397.2109699999
2024-11-25,SELL,HNGSNGBEES.NS,1314,319.86,420296.04000000004,210.14802000000003,904483.10295
2024-11-25,BUY,GILT5YBEES.NS,7745,58.36,451998.2,225.9991,452258.90384999994
2024-11-25,BUY,LTGILTBEES.NS,16803,26.9,452000.69999999995,226.00034999999997,32.20350000000326
2024-12-09,SELL,ITBEES.NS,10602,48.09,509850.18000000005,254.92509000000004,509627.4584100001
2024-12-09,SELL,LTGILTBEES.NS,16803,27.19,456873.57,228.43678500000001,966272.5916250001
2024-12-09,SELL,MON100.NS,3033,183.21,555675.93,277.83796500000005,1521670.68366
2024-12-09,SELL,GILT5YBEES.NS,7745,58.71,454708.95,227.354475,1976152.279185
2024-12-09,BUY,PSUBNKBEES.NS,6231,79.24,493744.43999999994,246.87221999999997,1482160.9669650001
2024-12-09,BUY,MOM100.NS,7816,63.17,493736.72000000003,246.86836000000002,988177.3786050001
2024-12-09,BUY,JUNIORBEES.NS,635,776.5,493077.5,246.53875,494853.3398550001
2024-12-09,BUY,MID150BEES.NS,2206,223.78,493658.68,246.82934,947.830515000096
2024-12-16,SELL,MOM100.NS,7816,63.67,497644.72000000003,248.82236000000003,498343.72815500014
2024-12-16,SELL,MID150BEES.NS,2206,224.42,495070.51999999996,247.53526,993166.7128950001
2024-12-16,BUY,MON100.NS,2392,207.47,496268.24,248.13412,496650.3387750001
2024-12-16,BUY,HNGSNGBEES.NS,1425,348.22,496213.50000000006,248.10675000000003,188.7320250000921
2024-12-23,SELL,PSUBNKBEES.NS,6231,73.84,460097.04000000004,230.04852000000002,460055.7235050001
2024-12-23,SELL,JUNIORBEES.NS,635,735.77,467213.95,233.606975,927036.0665300002
2024-12-23,BUY,MOM100.NS,7572,61.18,463254.96,231.62748000000002,463549.47905000014
2024-12-23,BUY,PHARMABEES.NS,20169,22.97,463281.93,231.640965,35.90808500011917
2024-12-30,SELL,MOM100.NS,7572,61.27,463936.44,231.96822,463740.37986500014
2024-12-30,BUY,GOLDBEES.NS,7242,64.0,463488.0,231.744,20.6358650001348
2025-01-06,SELL,GOLDBEES.NS,7242,64.61,467905.62,233.95281,467692.30305500014
2025-01-06,SELL,HNGSNGBEES.NS,1425,333.5,475237.5,237.61875,942692.1843050001
2025-01-06,BUY,CONSUMBEES.NS,3730,126.29,471061.7,235.53085000000002,471394.9534550001
2025-01-06,BUY,AUTOBEES.NS,1968,239.33,471001.44,235.50072,158.01273500011303
2025-01-13,SELL,MAFANG.NS,4205,131.06,551107.3,275.55365,550989.7590850001
2025-01-13,SELL,PHARMABEES.NS,20169,22.3,449768.7,224.88435,1000533.5747350001
2025-01-13,SELL,CONSUMBEES.NS,3730,121.02,451404.6,225.70229999999998,1451712.4724350001
2025-01-13,SELL,AUTOBEES.NS,1968,229.07,450809.76,225.40488000000002,1902296.827555
2025-01-13,SELL,MON100.NS,2392,189.55,453403.60000000003,226.70180000000002,2355473.725755
2025-01-13,BUY,SILVERBEES.NS,5394,87.29,470842.26,235.42113,1884396.044625
2025-01-13,BUY,GOLDBEES.NS,7107,66.25,470838.75,235.419375,1413321.87525
2025-01-13,BUY,LTGILTBEES.NS,17381,27.09,470851.29,235.425645,942235.159605
2025-01-13,BUY,GILT5YBEES.NS,8018,58.72,470816.95999999996,235.40848,471182.7911250001
2025-01-13,BUY,LIQUIDBEES.NS,470,1000.0,470000.0,235.0,947.7911250001052
2025-01-20,SELL,LIQUIDBEES.NS,470,1000.0,470000.0,235.0,470712.7911250001
2025-01-20,BUY,CPSEETF.NS,5412,86.93,470465.16000000003,235.23258,12.398545000061858
2025-01-27,SELL,CPSEETF.NS,5412,81.74,442376.87999999995,221.18843999999999,442168.090105
2025-01-27,BUY,MON100.NS,2106,209.79,441817.74,220.90887,129.4412350000348
2025-02-03,SELL,GILT5YBEES.NS,8018,59.41,476349.37999999995,238.17468999999997,476240.64654499997
2025-02-03,SELL,LTGILTBEES.NS,17381,27.56,479020.36,239.51018,955021.496365
2025-02-03,SELL,GOLDBEES.NS,7107,69.64,494931.48,247.46573999999998,1449705.510625
2025-02-03,SELL,SILVERBEES.NS,5394,90.53,488318.82,244.15941,1937780.171215
2025-02-03,BUY,HNGSNGBEES.NS,1378,351.24,484008.72000000003,242.00436000000002,1453529.446855
2025-02-03,BUY,PSUBNKBEES.NS,7106,68.14,484202.84,242.10142000000002,969084.5054349999
2025-02-03,BUY,CONSUMBEES.NS,3825,126.56,484092.0,242.046,484750.45943499997
2025-02-03,BUY,CPSEETF.NS,5949,81.38,484129.62,242.06481,378.7746249999618
2025-02-10,SELL,CPSEETF.NS,5949,80.63,479667.87,239.833935,479806.81068999995
2025-02-10,SELL,CONSUMBEES.NS,3825,122.12,467109.0,233.55450000000002,946682.2561899999
2025-02-10,SELL,PSUBNKBEES.NS,7106,68.3,485339.8,242.6699,1431779.3862899998
2025-02-10,SELL,MON100.NS,2106,207.91,437858.46,218.92923000000002,1869418.91706
2025-02-10,BUY,GOLDBEES.NS,6441,72.52,467101.31999999995,233.55065999999997,1402084.0463999999
2025-02-10,BUY,SILVERBEES.NS,5025,92.95,467073.75,233.536875,934776.7595249999
2025-02-10,BUY,MAFANG.NS,3266,143.02,467103.32,233.55166,467439.8878649999
2025-02-10,BUY,AUTOBEES.NS,1980,235.91,467101.8,233.5509,104.53696499991929
2025-02-17,SELL,AUTOBEES.NS,1980,223.78,443084.4,221.5422,442967.3947649999
2025-02-17,BUY,BANKBEES.NS,874,506.15,442375.1,221.18755,371.10721499996725
2025-02-24,SELL,BANKBEES.NS,874,499.62,436667.88,218.33394,436820.653275
2025-02-24,BUY,GILT5YBEES.NS,7334,59.53,436593.02,218.29651,9.336764999956358
2025-03-03,SELL,SILVERBEES.NS,5025,91.41,459335.25,229.66762500000002,459114.91913999995
2025-03-03,SELL,MAFANG.NS,3266,130.61,426572.26000000007,213.28613000000004,885473.89301
2025-03-03,BUY,LTGILTBEES.NS,16033,27.6,442510.80000000005,221.25540000000004,442741.83760999993
2025-03-03,BUY,LIQUIDBEES.NS,442,999.99,441995.58,220.99779,525.2598199999193
2025-03-10,SELL,LTGILTBEES.NS,16033,27.65,443312.44999999995,221.65622499999998,443616.0535949999
2025-03-10,SELL,LIQUIDBEES.NS,442,1000.0,442000.0,221.0,885395.053595
2025-03-10,BUY,CPSEETF.NS,5513,80.25,442418.25,221.209125,442755.59446999995
2025-03-10,BUY,SILVERBEES.NS,4702,94.1,442458.19999999995,221.2291,76.16537000000244
2025-03-17,SELL,HNGSNGBEES.NS,1378,435.56,600201.68,300.10084,599977.74453
2025-03-17,BUY,LTGILTBEES.NS,21625,27.73,599661.25,299.830625,16.663905000081286
2025-03-24,SELL,GILT5YBEES.NS,7334,60.04,440333.36,220.16667999999999,440129.85722500004
2025-03-24,SELL,LTGILTBEES.NS,21625,27.84,602040.0,301.02,1041868.837225
2025-03-24,SELL,GOLDBEES.NS,6441,73.0,470193.0,235.0965,1511826.740725
2025-03-24,SELL,SILVERBEES.NS,4702,94.18,442834.36000000004,221.41718000000003,1954439.683545
2025-03-24,BUY,PHARMABEES.NS,22018,22.18,488359.24,244.17962,1465836.2639249999
2025-03-24,BUY,INFRABEES.NS,556,877.42,487845.51999999996,243.92275999999998,977746.8211649999
2025-03-24,BUY,JUNIORBEES.NS,717,680.56,487961.51999999996,243.98075999999998,489541.3204049999
2025-03-24,BUY,MID150BEES.NS,2441,200.01,488224.41,244.112205,1072.7981999999029
2025-04-01,SELL,PHARMABEES.NS,22018,21.2,466781.6,233.39079999999998,467621.0073999999
2025-04-01,SELL,JUNIORBEES.NS,717,667.85,478848.45,239.424225,946230.0331749999
2025-04-01,SELL,MID150BEES.NS,2441,195.02,476043.82,238.02191000000002,1422035.831265
2025-04-01,BUY,BANKBEES.NS,907,521.86,473327.02,236.66351,948472.1477549999
2025-04-01,BUY,PSUBNKBEES.NS,6827,69.39,473725.53,236.86276500000002,474509.75498999987
2025-04-01,BUY,MOM100.NS,8612,55.01,473746.12,236.87306,526.7619299998623
2025-04-07,SELL,INFRABEES.NS,556,821.05,456503.8,228.2519,456802.3100299999
2025-04-07,BUY,JUNIORBEES.NS,713,640.0,456320.0,228.16,254.15002999990247
2025-04-15,SELL,CPSEETF.NS,5513,87.39,481781.07,240.890535,481794.3294949999
2025-04-15,SELL,MOM100.NS,8612,55.75,480119.0,240.0595,961673.269995
2025-04-15,SELL,JUNIORBEES.NS,713,677.29,482907.76999999996,241.45388499999999,1444339.58611
2025-04-15,BUY,GOLDBEES.NS,6196,77.66,481181.36,240.59068,962917.63543
2025-04-15,BUY,CONSUMBEES.NS,3939,122.14,481109.46,240.55473,481567.6207
2025-04-15,BUY,LTGILTBEES.NS,16943,28.4,481181.19999999995,240.5906,145.83010000007926
2025-04-28,SELL,LTGILTBEES.NS,16943,28.55,483722.65,241.86132500000002,483626.6187750001
2025-04-28,BUY,MOM100.NS,8291,58.3,483365.3,241.68265,19.636125000135507
2025-05-05,SELL,CONSUMBEES.NS,3939,126.23,497219.97000000003,248.60998500000002,496990.9961400002
2025-05-05,SELL,PSUBNKBEES.NS,6827,72.86,497415.22,248.70761,994157.5085300002
2025-05-05,SELL,GOLDBEES.NS,6196,79.58,493077.68,246.53884,1486988.6496900003
2025-05-05,BUY,MAFANG.NS,3985,124.29,495295.65,247.647825,991445.3518650003
2025-05-05,BUY,AUTOBEES.NS,2142,231.28,495401.76,247.70088,495795.8909850003
2025-05-05,BUY,INFRABEES.NS,540,916.29,494796.6,247.3983,751.892685000319
2025-05-12,SELL,INFRABEES.NS,540,926.73,500434.2,250.21710000000002,500935.8755850003
2025-05-12,SELL,MOM100.NS,8291,59.3,491656.3,245.82815,992346.3474350004
2025-05-12,SELL,BANKBEES.NS,907,567.97,515148.79000000004,257.57439500000004,1507237.5630400004
2025-05-12,BUY,ITBEES.NS,12150,41.33,502159.5,251.07975000000002,1004826.9832900004
2025-05-12,BUY,NV20BEES.NS,3338,150.43,502135.34,251.06767000000002,502440.5756200003
2025-05-12,BUY,NIFTYBEES.NS,1800,278.94,502092.0,251.046,97.52962000033585
2025-05-19,SELL,NV20BEES.NS,3338,150.35,501868.3,250.93415,501714.89547000034
2025-05-19,SELL,NIFTYBEES.NS,1800,279.21,502577.99999999994,251.289,1004041.6064700002
2025-05-19,BUY,MON100.NS,2810,178.54,501697.39999999997,250.84869999999998,502093.3577700003
2025-05-19,BUY,HNGSNGBEES.NS,1283,390.93,501563.19,250.781595,279.3861750002834
2025-05-26,SELL,ITBEES.NS,12150,40.8,495719.99999999994,247.85999999999999,495751.52617500024
2025-05-26,SELL,MON100.NS,2810,177.73,499421.3,249.71065,994923.1155250003
2025-05-26,BUY,MID150BEES.NS,2301,216.07,497177.07,248.588535,497497.45699000027
2025-05-26,BUY,MOM100.NS,8124,61.2,497188.80000000005,248.59440000000004,60.06259000021964
2025-06-02,SELL,AUTOBEES.NS,2142,238.11,510031.62000000005,255.01581000000004,509836.66678000026
2025-06-02,SELL,HNGSNGBEES.NS,1283,381.47,489426.01,244.713005,999017.9637750003
2025-06-02,BUY,PSUBNKBEES.NS,6276,79.54,499193.04000000004,249.59652000000003,499575.32725500024
2025-06-02,BUY,JUNIORBEES.NS,695,717.54,498690.3,249.34515,635.6821050002472
2025-06-09,SELL,JUNIORBEES.NS,695,735.33,511054.35000000003,255.52717500000003,511434.5049300003
2025-06-09,SELL,MAFANG.NS,3985,135.68,540684.8,270.34240000000005,1051848.9625300004
2025-06-09,BUY,SILVERBEES.NS,5104,102.99,525660.96,262.83047999999997,525925.1720500004
2025-06-09,BUY,GOLDBEES.NS,6531,80.48,525614.88,262.80744,47.48461000039242
2025-06-16,SELL,MID150BEES.NS,2301,222.4,511742.4,255.87120000000002,511534.0134100004
2025-06-16,BUY,ITBEES.NS,12018,42.54,511245.72,255.62286,32.67055000044638
2025-06-23,SELL,PSUBNKBEES.NS,6276,76.35,479172.6,239.5863,478965.6842500004
2025-06-23,SELL,MOM100.NS,8124,62.24,505637.76,252.81888,984350.6253700005
2025-06-23,BUY,CPSEETF.NS,5210,94.42,491928.2,245.9641,492176.4612700005
2025-06-23,BUY,INFRABEES.NS,525,936.62,491725.5,245.86275,205.09852000052342
2025-06-30,SELL,CPSEETF.NS,5210,94.23,490938.30000000005,245.46915000000004,490897.92937000055
2025-06-30,SELL,GOLDBEES.NS,6531,79.99,522414.68999999994,261.207345,1013051.4120250004
2025-06-30,SELL,SILVERBEES.NS,5104,102.47,523006.88,261.50344,1535796.7885850004
2025-06-30,BUY,MON100.NS,2651,192.97,511563.47,255.781735,1023977.5368500005
2025-06-30,BUY,NIFTYBEES.NS,1785,286.51,511420.35,255.710175,512301.4766750005
2025-06-30,BUY,NIF100BEES.NS,1860,275.07,511630.2,255.8151,415.46157500048866
2025-07-07,SELL,ITBEES.NS,12018,42.3,508361.39999999997,254.1807,508522.6808750004
2025-07-07,SELL,NIF100BEES.NS,1860,274.27,510142.19999999995,255.07109999999997,1018409.8097750004
2025-07-07,BUY,MAFANG.NS,3342,152.28,508919.76,254.45988,509235.58989500045
2025-07-07,BUY,CONSUMBEES.NS,3877,131.26,508895.01999999996,254.44751,86.12238500046078
2025-07-14,SELL,INFRABEES.NS,525,954.61,501170.25,250.585125,501005.7872600005
2025-07-14,SELL,CONSUMBEES.NS,3877,129.06,500365.62,250.18281,1001121.2244500004
2025-07-14,SELL,NIFTYBEES.NS,1785,282.71,504637.35,252.31867499999998,1505506.2557750004
2025-07-14,BUY,SILVERBEES.NS,4559,110.02,501581.18,250.79059,1003674.2851850004
2025-07-14,BUY,PHARMABEES.NS,21912,22.89,501565.68,250.78284,501857.8223450004
2025-07-14,BUY,PSUBNKBEES.NS,6358,78.88,501519.04,250.75951999999998,88.02282500040019
2025-07-21,SELL,PSUBNKBEES.NS,6358,79.54,505715.32000000007,252.85766000000004,505550.4851650005
2025-07-21,BUY,HNGSNGBEES.NS,1224,412.53,504936.72,252.46836,361.2968050005147
2025-08-04,SELL,PHARMABEES.NS,21912,22.74,498278.87999999995,249.13943999999998,498391.03736500046
2025-08-04,SELL,SILVERBEES.NS,4559,108.09,492782.31,246.391155,990926.9562100004
2025-08-04,BUY,GOLDBEES.NS,5949,83.23,495135.27,247.56763500000002,495544.11857500044
2025-08-04,BUY,CONSUMBEES.NS,3790,130.63,495087.7,247.54385000000002,208.87472500040894
2025-08-11,SELL,CONSUMBEES.NS,3790,130.78,495656.2,247.8281,495617.24662500044
2025-08-11,BUY,SILVERBEES.NS,4523,109.52,495358.95999999996,247.67947999999998,10.607145000481978
2025-08-18,SELL,SILVERBEES.NS,4523,110.06,497801.38,248.90069,497563.0864550005
2025-08-18,BUY,CONSUMBEES.NS,3697,134.5,497246.5,248.62325,67.96320500050206
2025-08-25,SELL,GOLDBEES.NS,5949,83.5,496741.5,248.37075000000002,496561.0924550005
2025-08-25,SELL,MON100.NS,2651,203.4,539213.4,269.6067,1035504.8857550005
2025-08-25,SELL,MAFANG.NS,3342,153.73,513765.66,256.88283,1549013.6629250005
2025-08-25,BUY,AUTOBEES.NS,1978,260.88,516020.64,258.01032000000004,1032735.0126050005
2025-08-25,BUY,SILVERBEES.NS,4605,112.05,515990.25,257.99512500000003,516486.7674800005
2025-08-25,BUY,PSUBNKBEES.NS,6637,77.75,516026.75,258.013375,202.00410500052385
2025-09-01,SELL,PSUBNKBEES.NS,6637,76.1,505075.69999999995,252.53785,505025.16625500045
2025-09-01,BUY,GOLDBEES.NS,5828,86.61,504763.08,252.38154,9.704715000465512
2025-09-15,SELL,CONSUMBEES.NS,3697,137.35,507782.94999999995,253.89147499999999,507538.7632400004
2025-09-15,BUY,MAFANG.NS,3049,166.34,507170.66000000003,253.58533000000003,114.51791000040248
2025-09-22,SELL,MAFANG.NS,3049,169.89,517994.61,258.997305,517850.13060500036
2025-09-22,BUY,PSUBNKBEES.NS,6295,82.22,517574.89999999997,258.78745,16.443155000393745
2025-09-29,SELL,AUTOBEES.NS,1978,271.24,536512.72,268.25636,536260.9067950004
2025-09-29,BUY,MAFANG.NS,3185,168.27,535939.9500000001,267.96997500000003,52.98682000034023
2025-10-06,SELL,MAFANG.NS,3185,169.23,538997.5499999999,269.49877499999997,538781.0380450003
2025-10-06,BUY,MON100.NS,2238,240.61,538485.18,269.24259,26.615455000195652
2025-10-20,SELL,HNGSNGBEES.NS,1224,512.68,627520.32,313.76016,627233.1752950002
2025-10-20,BUY,BANKBEES.NS,1047,598.57,626702.79,313.351395,217.03390000015497
2025-10-27,SELL,GOLDBEES.NS,5828,100.14,583615.92,291.80796000000004,583541.1459400002
2025-10-27,SELL,SILVERBEES.NS,4605,138.85,639404.25,319.702125,1222625.6938150004
2025-10-27,BUY,ITBEES.NS,15417,39.63,610975.7100000001,305.487855,611344.4959600003
2025-10-27,BUY,NIF100BEES.NS,2173,281.15,610938.95,305.469475,100.07648500031792
2025-11-03,SELL,ITBEES.NS,15417,39.11,602958.87,301.479435,602757.4670500003
2025-11-03,SELL,MON100.NS,2238,245.44,549294.72,274.64736,1151777.5396900005
2025-11-03,SELL,NIF100BEES.NS,2173,279.92,608266.16,304.13308,1759739.5666100006
2025-11-03,BUY,MAFANG.NS,3326,176.23,586140.98,293.07049,1173305.5161200007
2025-11-03,BUY,INFRABEES.NS,592,988.97,585470.24,292.73512,587542.5410000008
2025-11-03,BUY,DIVOPPBEES.NS,7267,80.67,586228.89,293.114445,1020.5365550008137
2025-11-17,SELL,INFRABEES.NS,592,994.94,589004.48,294.50224,589730.5143150009
2025-11-17,SELL,DIVOPPBEES.NS,7267,81.41,591606.47,295.803235,1181041.181080001
2025-11-17,SELL,BANKBEES.NS,1047,607.83,636398.01,318.199005,1817120.992075001
2025-11-17,BUY,SILVERBEES.NS,4065,148.92,605359.7999999999,302.6799,1211458.512175001
2025-11-17,BUY,HNGSNGBEES.NS,1151,525.9,605310.9,302.65545000000003,605844.956725001
2025-11-17,BUY,MOM100.NS,9197,65.82,605346.5399999999,302.67326999999995,195.74345500103664
2025-11-24,SELL,MOM100.NS,9197,64.69,594953.9299999999,297.47696499999995,594852.1964900009
2025-11-24,SELL,MAFANG.NS,3326,164.55,547293.3,273.64665,1141871.849840001
2025-11-24,SELL,HNGSNGBEES.NS,1151,498.57,573854.07,286.927035,1715438.9928050009
2025-11-24,BUY,ITBEES.NS,14052,40.67,571494.84,285.74742,1143658.4053850009
2025-11-24,BUY,AUTOBEES.NS,2033,281.1,571476.3,285.73815,571896.3672350008
2025-11-24,BUY,GOLDBEES.NS,5590,102.23,571465.7000000001,285.73285000000004,144.93438500072807
2025-12-01,SELL,PSUBNKBEES.NS,6295,95.28,599787.6,299.8938,599632.6405850007
2025-12-01,BUY,PHARMABEES.NS,25514,23.49,599323.86,299.66193,9.118655000813305
2025-12-08,SELL,PHARMABEES.NS,25514,23.19,591669.66,295.83483,591382.9438250009
2025-12-08,BUY,NV20BEES.NS,3828,154.38,590966.64,295.48332,120.82050500088371
2025-12-15,SELL,NV20BEES.NS,3828,154.98,593263.44,296.63172,593087.6287850009
2025-12-15,SELL,AUTOBEES.NS,2033,283.33,576009.89,288.004945,1168809.5138400008
2025-12-15,BUY,MAFANG.NS,3313,176.26,583949.38,291.97469,584568.1591500009
2025-12-15,BUY,HNGSNGBEES.NS,1138,513.08,583885.04,291.94252,391.17663000081666
2025-12-22,SELL,MAFANG.NS,3313,166.86,552807.18,276.40359,552921.9530400009
2025-12-22,SELL,HNGSNGBEES.NS,1138,503.43,572903.34,286.45167,1125538.841370001
2025-12-22,BUY,MON100.NS,2395,234.82,562393.9,281.19695,562863.7444200009
2025-12-22,BUY,DIVOPPBEES.NS,6757,83.24,562452.6799999999,281.22634,129.83808000094723
2025-12-29,SELL,MON100.NS,2395,230.47,551975.65,275.98782500000004,551829.500255001
2025-12-29,BUY,NV20BEES.NS,3571,154.45,551540.95,275.770475,12.779780001030304
2026-01-05,SELL,ITBEES.NS,14052,41.51,583298.52,291.64926,583019.6505200011
2026-01-05,SELL,NV20BEES.NS,3571,155.71,556040.41,278.02020500000003,1138782.0403150013
2026-01-05,SELL,DIVOPPBEES.NS,6757,83.54,564479.78,282.23989,1702979.5804250012
2026-01-05,BUY,PSUBNKBEES.NS,5832,97.28,567336.96,283.66848,1135358.9519450013
2026-01-05,BUY,CPSEETF.NS,5978,94.9,567312.2000000001,283.65610000000004,567763.0958450012
2026-01-05,BUY,AUTOBEES.NS,1910,296.93,567136.3,283.56815,343.22769500117283
2026-01-19,SELL,AUTOBEES.NS,1910,283.55,541580.5,270.79025,541652.9374450012
2026-01-19,BUY,HNGSNGBEES.NS,990,546.61,541143.9,270.57195,238.46549500117544
2026-01-27,SELL,CPSEETF.NS,5978,93.41,558404.98,279.20249,558364.2430050011
2026-01-27,BUY,MON100.NS,2359,236.53,557974.27,278.987135,110.98587000113912
2026-02-02,SELL,PSUBNKBEES.NS,5832,95.56,557305.92,278.65296,557138.2529100012
2026-02-02,SELL,MON100.NS,2359,225.44,531812.96,265.90648,1088685.3064300013
2026-02-02,BUY,CPSEETF.NS,5673,95.89,543983.97,271.991985,544429.3444450013
2026-02-02,BUY,ITBEES.NS,12972,41.94,544045.6799999999,272.02284,111.6416050014086
2026-02-09,SELL,ITBEES.NS,12972,39.29,509669.88,254.83494000000002,509526.68666500144
2026-02-09,SELL,SILVERBEES.NS,4065,243.7,990640.5,495.32025,1499671.8664150015
2026-02-09,BUY,INFRABEES.NS,756,990.06,748485.36,374.24268,750812.2637350014
2026-02-09,BUY,GILT5YBEES.NS,11737,63.85,749407.4500000001,374.703725,1030.1100100013427
2026-02-16,SELL,GOLDBEES.NS,5590,126.92,709482.8,354.74140000000006,710158.1686100013
2026-02-16,SELL,GILT5YBEES.NS,11737,64.08,752106.96,376.05348,1461889.0751300012
2026-02-16,SELL,HNGSNGBEES.NS,990,542.24,536817.6,268.4088,1998438.2663300012
2026-02-16,BUY,AUTOBEES.NS,2309,288.31,665707.79,332.853895,1332397.6224350012
2026-02-16,BUY,MID150BEES.NS,2931,227.13,665718.03,332.859015,666346.7334200011
2026-02-16,BUY,PSUBNKBEES.NS,6444,103.31,665729.64,332.86482,284.22860000107903
2026-02-23,SELL,MID150BEES.NS,2931,225.79,661790.49,330.895245,661743.823355001
2026-02-23,BUY,BANKBEES.NS,1047,631.6,661285.2000000001,330.6426,127.98075500095729
2026-03-02,SELL,INFRABEES.NS,756,963.24,728209.4400000001,364.10472000000004,727973.3160350011
2026-03-02,SELL,AUTOBEES.NS,2309,283.19,653885.71,326.942855,1381532.083180001
2026-03-02,SELL,BANKBEES.NS,1047,617.72,646752.8400000001,323.37642000000005,2027961.5467600012
2026-03-02,BUY,SILVERBEES.NS,2460,274.65,675639.0,337.8195,1351984.7272600012
2026-03-02,BUY,GOLDBEES.NS,4884,138.32,675554.88,337.77744,676092.0698200013
2026-03-02,BUY,PHARMABEES.NS,28629,23.6,675644.4,337.8222,109.84762000117917
2026-03-09,SELL,PSUBNKBEES.NS,6444,98.35,633767.3999999999,316.8837,633560.3639200011
2026-03-09,SELL,SILVERBEES.NS,2460,247.0,607620.0,303.81,1240876.553920001
2026-03-09,BUY,MAFANG.NS,3844,161.32,620114.08,310.05704,620452.4168800011
2026-03-09,BUY,GILT5YBEES.NS,9662,64.18,620107.16,310.05358,35.203300001099706
2026-03-16,SELL,GILT5YBEES.NS,9662,64.31,621363.22,310.68161,621087.7416900011
2026-03-16,BUY,SILVERBEES.NS,2658,233.48,620589.84,310.29492,187.606770001119
2026-03-23,SELL,CPSEETF.NS,5673,99.75,565881.75,282.940875,565786.4158950011
2026-03-23,SELL,PHARMABEES.NS,28629,22.72,650450.88,325.22544,1215912.0704550012
2026-03-23,SELL,GOLDBEES.NS,4884,110.72,540756.48,270.37824,1756398.1722150012
2026-03-23,SELL,SILVERBEES.NS,2658,193.52,514376.16000000003,257.18808,2270517.144135001
2026-03-23,BUY,LIQUIDBEES.NS,567,1000.0,567000.0,283.5,1703233.644135001
2026-03-23,BUY,LTGILTBEES.NS,19462,29.15,567317.2999999999,283.65864999999997,1135632.6854850012
2026-03-23,BUY,GILT5YBEES.NS,8860,64.03,567305.8,283.65290000000005,568043.2325850012
2026-03-23,BUY,MON100.NS,2588,219.18,567237.84,283.61892,521.7736650011502
2026-04-06,SELL,LTGILTBEES.NS,19462,28.82,560894.84,280.44741999999997,561136.1662450011
2026-04-06,SELL,MAFANG.NS,3844,156.81,602777.64,301.38882,1163612.417425001
2026-04-06,BUY,ITBEES.NS,17209,33.79,581492.11,290.746055,581829.561370001
2026-04-06,BUY,CPSEETF.NS,5717,101.7,581418.9,290.70945,119.95192000106908
2026-04-13,SELL,CPSEETF.NS,5717,103.45,591423.65,295.71182500000003,591247.8900950011
2026-04-13,SELL,LIQUIDBEES.NS,567,1000.0,567000.0,283.5,1157964.390095001
2026-04-13,SELL,GILT5YBEES.NS,8860,64.47,571204.2,285.6021,1728882.987995001
2026-04-13,BUY,AUTOBEES.NS,2146,268.38,575943.48,287.97174,1152651.536255001
2026-04-13,BUY,HNGSNGBEES.NS,1107,520.3,575972.1,287.98605,576391.4502050012
2026-04-13,BUY,MOMENTUM30.NS,19142,30.09,575982.78,287.99139,120.67881500115618
2026-04-20,SELL,ITBEES.NS,17209,34.8,598873.2,299.4366,598694.4422150011
2026-04-20,SELL,MOMENTUM30.NS,19142,30.95,592444.9,296.22245000000004,1190843.119765001
2026-04-20,SELL,AUTOBEES.NS,2146,271.86,583411.56,291.70578000000006,1773962.9739850012
2026-04-20,BUY,SILVERBEES.NS,2490,237.27,590802.3,295.40115000000003,1182865.2728350011
2026-04-20,BUY,JUNIORBEES.NS,781,756.55,590865.5499999999,295.432775,591704.2900600012
2026-04-20,BUY,MOM100.NS,9188,64.32,590972.1599999999,295.48607999999996,436.64398000133224
2026-04-27,SELL,SILVERBEES.NS,2490,230.72,574492.8,287.24640000000005,574642.1975800014
2026-04-27,BUY,MAFANG.NS,3240,177.24,574257.6,287.1288,97.468780001509
2026-05-04,SELL,MOM100.NS,9188,64.76,595014.88,297.50744000000003,594814.8413400016
2026-05-04,SELL,HNGSNGBEES.NS,1107,526.58,582924.06,291.46203,1177447.4393100017
2026-05-04,BUY,CPSEETF.NS,5447,108.01,588330.47,294.165235,588822.8040750017
2026-05-04,BUY,PHARMABEES.NS,24466,24.05,588407.3,294.20365000000004,121.30042500165291
2026-05-11,SELL,CPSEETF.NS,5447,105.51,574712.97,287.35648499999996,574546.9139400016
2026-05-11,SELL,JUNIORBEES.NS,781,758.9,592700.9,296.35045,1166951.4634900016
2026-05-11,BUY,MID150BEES.NS,2503,232.92,582998.76,291.49938000000003,583661.2041100016
2026-05-11,BUY,MOM100.NS,8849,65.9,583149.1000000001,291.57455000000004,220.5295600014506
2026-05-18,SELL,MOM100.NS,8849,65.05,575627.45,287.813725,575560.1658350014
2026-05-18,SELL,MID150BEES.NS,2503,229.57,574613.71,287.306855,1149886.5689800014
2026-05-18,BUY,SILVERBEES.NS,2269,253.16,574420.04,287.21002000000004,575179.3189600013
2026-05-18,BUY,GOLDBEES.NS,4430,129.7,574571.0,287.2855,321.0334600013448
2026-06-08,SELL,PHARMABEES.NS,24466,24.8,606756.8,303.37840000000006,606774.4550600013
2026-06-08,SELL,GOLDBEES.NS,4430,124.16,550028.7999999999,275.01439999999997,1156528.2406600013
2026-06-08,SELL,SILVERBEES.NS,2269,227.93,517173.17000000004,258.586585,1673442.8240750013
2026-06-08,BUY,ITBEES.NS,17571,31.73,557527.83,278.763915,1115636.2301600012
2026-06-08,BUY,PSUBNKBEES.NS,6087,91.58,557447.46,278.72373,557910.0464300013
2026-06-08,BUY,GILT5YBEES.NS,8556,65.16,557508.96,278.75448,122.33195000130218
2026-06-15,SELL,ITBEES.NS,17571,31.19,548039.49,274.019745,547887.8022050012
2026-06-15,SELL,MON100.NS,2588,330.19,854531.72,427.26586,1401992.256345001
2026-06-15,SELL,MAFANG.NS,3240,192.04,622209.6,311.1048,2023890.751545001
2026-06-15,BUY,BANKBEES.NS,1143,589.68,674004.24,337.00212,1349549.5094250012
2026-06-15,BUY,LTGILTBEES.NS,22764,29.62,674269.68,337.13484000000005,674942.6945850012
2026-06-15,BUY,AUTOBEES.NS,2428,277.69,674231.32,337.11566,374.2589250012534
2026-06-22,SELL,LTGILTBEES.NS,22764,29.61,674042.04,337.02102,674079.2779050013
2026-06-22,SELL,AUTOBEES.NS,2428,275.16,668088.4800000001,334.04424000000006,1341833.7136650016
2026-06-22,BUY,CONSUMBEES.NS,5212,128.66,670575.9199999999,335.28795999999994,670922.5057050016
2026-06-22,BUY,NIFTYBEES.NS,2450,273.67,670491.5,335.24575,95.75995500164572
2026-06-29,SELL,NIFTYBEES.NS,2450,272.16,666792.0000000001,333.3960000000001,666554.3639550018
2026-06-29,SELL,GILT5YBEES.NS,8556,65.84,563327.04,281.66352,1229599.740435002
2026-06-29,BUY,MOMENTUM30.NS,19860,30.94,614468.4,307.23420000000004,614824.1062350019
2026-06-29,BUY,PHARMABEES.NS,23725,25.9,614477.5,307.23875,39.367485001916066
2026-07-06,SELL,MOMENTUM30.NS,19860,30.74,610496.4,305.2482,610230.5192850019
2026-07-06,SELL,PSUBNKBEES.NS,6087,93.3,567917.1,283.95855,1177863.6607350018
2026-07-06,BUY,JUNIORBEES.NS,750,784.84,588630.0,294.315,588939.3457350018
2026-07-06,BUY,MID150BEES.NS,2477,237.59,588510.43,294.255215,134.66052000178024
2026-07-13,SELL,BANKBEES.NS,1143,600.74,686645.8200000001,343.32291000000004,686437.1576100019
2026-07-13,SELL,JUNIORBEES.NS,750,779.19,584392.5,292.19625,1270537.461360002
2026-07-13,BUY,LTGILTBEES.NS,21200,29.95,634940.0,317.47,635279.991360002
2026-07-13,BUY,MOM100.NS,9337,68.0,634916.0,317.458,46.53336000198033
2026-07-20,SELL,CONSUMBEES.NS,5212,130.7,681208.3999999999,340.60419999999993,680914.329160002
2026-07-20,SELL,LTGILTBEES.NS,21200,29.89,633668.0,316.834,1314265.4951600018
2026-07-20,SELL,MOM100.NS,9337,67.85,633515.45,316.757725,1947464.1874350016
2026-07-20,SELL,MID150BEES.NS,2477,238.93,591829.61,295.914805,2538997.8826300018
2026-07-20,BUY,MAFANG.NS,3193,198.67,634353.3099999999,317.176655,1904327.3959750019
2026-07-20,BUY,ITBEES.NS,19593,32.38,634421.3400000001,317.21067000000005,1269588.8453050018
2026-07-20,BUY,MON100.NS,1934,327.96,634274.64,317.13732,634997.0679850018
2026-07-20,BUY,HNGSNGBEES.NS,1308,484.85,634183.8,317.0919,496.17608500178903
2026-07-27,SELL,PHARMABEES.NS,23725,26.72,633932.0,316.966,634111.2100850018
2026-07-27,SELL,MON100.NS,1934,322.11,622960.74,311.48037,1256760.4697150018
2026-07-27,BUY,AUTOBEES.NS,2201,285.24,627813.24,313.90662,628633.3230950017
2026-07-27,BUY,DIVOPPBEES.NS,8106,77.48,628052.88,314.02644000000004,266.4166550016962
