date,action,ticker,units,price,gross,cost,cash_after,entry_price,pct_from_entry
2018-01-01,BUY,MON100.NS,4130,48.4,199892.0,99.946,800008.054,,
2018-01-01,BUY,MOM100.NS,9169,21.8,199884.2,99.94210000000001,600023.9119,,
2018-01-01,BUY,HNGSNGBEES.NS,701,285.0,199785.0,99.8925,400139.0194,,
2018-01-01,BUY,JUNIORBEES.NS,633,315.5,199711.5,99.85575,200327.66365,,
2018-01-01,BUY,INFRABEES.NS,537,371.7,199602.9,99.80145,624.962200000009,,
2018-01-08,SELL,INFRABEES.NS,537,379.0,203523.0,101.7615,204046.20070000002,371.7,1.964
2018-01-08,BUY,DIVOPPBEES.NS,7037,28.98,203932.26,101.96613,11.974570000020321,,
2018-01-15,SELL,DIVOPPBEES.NS,7037,29.36,206606.32,103.30316,206514.99141000002,28.98,1.311
2018-01-15,SELL,HNGSNGBEES.NS,701,301.5,211351.5,105.67575000000001,417760.81566,285.0,5.789
2018-01-15,BUY,INFRABEES.NS,560,372.42,208555.2,104.2776,209101.33806,,
2018-01-15,BUY,CPSEETF.NS,6734,31.0,208754.0,104.377,242.96106000000145,,
2018-01-22,SELL,INFRABEES.NS,560,373.73,209288.80000000002,104.6444,209427.11666000003,372.42,0.352
2018-01-22,SELL,CPSEETF.NS,6734,30.31,204107.53999999998,102.05376999999999,413432.60289,31.0,-2.226
2018-01-22,SELL,JUNIORBEES.NS,633,320.11,202629.63,101.31481500000001,615960.9180749999,315.5,1.461
2018-01-22,BUY,BANKBEES.NS,748,274.16,205071.68000000002,102.53584000000001,410786.7022349999,,
2018-01-22,BUY,NIFTYBEES.NS,1818,112.88,205215.84,102.60792000000001,205468.2543149999,,
2018-01-22,BUY,HNGSNGBEES.NS,675,304.0,205200.0,102.60000000000001,165.65431499990518,,
2018-02-05,SELL,NIFTYBEES.NS,1818,110.29,200507.22,100.25361000000001,200572.6207049999,112.88,-2.294
2018-02-05,BUY,GOLDBEES.NS,7375,27.18,200452.5,100.22625000000001,19.894454999885056,,
2018-02-12,SELL,MOM100.NS,9169,22.09,202543.21,101.271605,202461.8328499999,21.8,1.33
2018-02-12,SELL,BANKBEES.NS,748,261.59,195669.31999999998,97.83465999999999,398033.3181899999,274.16,-4.585
2018-02-12,BUY,DIVOPPBEES.NS,6826,29.14,198909.64,99.45482000000001,199024.22336999988,,
2018-02-12,BUY,NIFTYBEES.NS,1822,109.14,198853.08,99.42653999999999,71.71682999990298,,
2018-02-19,SELL,NIFTYBEES.NS,1822,107.41,195701.02,97.85051,195674.8863199999,109.14,-1.585
2018-02-19,BUY,MOM100.NS,9071,21.56,195570.75999999998,97.78537999999999,6.340939999936381,,
2018-02-26,SELL,MOM100.NS,9071,21.06,191035.25999999998,95.51763,190946.08330999993,21.56,-2.319
2018-02-26,SELL,HNGSNGBEES.NS,675,306.3,206752.5,103.37625,397595.2070599999,304.0,0.757
2018-02-26,BUY,NIFTYBEES.NS,1816,109.36,198597.76,99.29888000000001,198898.14817999993,,
2018-02-26,BUY,LIQUIDBEES.NS,198,999.99,197998.02,98.99901,801.129169999942,,
2018-03-05,SELL,NIFTYBEES.NS,1816,107.17,194620.72,97.31036,195324.53880999994,109.36,-2.003
2018-03-05,BUY,HNGSNGBEES.NS,602,324.0,195048.0,97.524,179.0148099999351,,
2018-03-26,SELL,DIVOPPBEES.NS,6826,27.66,188807.16,94.40358,188891.77122999993,29.14,-5.079
2018-03-26,BUY,JUNIORBEES.NS,649,290.71,188670.78999999998,94.33539499999999,126.64583499994478,,
2018-04-16,SELL,GOLDBEES.NS,7375,27.98,206352.5,103.17625,206375.96958499996,27.18,2.943
2018-04-16,SELL,LIQUIDBEES.NS,198,999.99,197998.02,98.99901,404274.99057499995,999.99,0.0
2018-04-16,BUY,NIFTYBEES.NS,1854,108.94,201974.76,100.98738,202199.24319499993,,
2018-04-16,BUY,BANKBEES.NS,786,256.75,201805.5,100.90275,292.8404449999216,,
2018-04-23,SELL,NIFTYBEES.NS,1854,109.47,202957.38,101.47869,203148.74175499994,108.94,0.487
2018-04-23,SELL,BANKBEES.NS,786,252.85,198740.1,99.37005,401789.4717049999,256.75,-1.519
2018-04-23,BUY,GOLDBEES.NS,7168,28.01,200775.68000000002,100.38784000000001,200913.40386499988,,
2018-04-23,BUY,DIVOPPBEES.NS,6695,29.99,200783.05,100.391525,29.962339999881806,,
2018-04-30,SELL,MON100.NS,4130,50.11,206954.3,103.47715,206880.78518999988,48.4,3.533
2018-04-30,SELL,GOLDBEES.NS,7168,27.75,198912.0,99.456,405693.32918999984,28.01,-0.928
2018-04-30,SELL,HNGSNGBEES.NS,602,360.0,216720.0,108.36,622304.9691899999,324.0,11.111
2018-04-30,BUY,NIF100BEES.NS,1818,114.0,207252.0,103.626,414949.34318999987,,
2018-04-30,BUY,NIFTYBEES.NS,1864,111.17,207220.88,103.61044000000001,207624.85274999987,,
2018-04-30,BUY,BANKBEES.NS,797,259.83,207084.50999999998,103.542255,436.8004949998867,,
2018-05-07,SELL,DIVOPPBEES.NS,6695,29.45,197167.75,98.583875,197505.96661999988,29.99,-1.801
2018-05-07,SELL,NIF100BEES.NS,1818,112.16,203906.88,101.95344,401310.8931799999,114.0,-1.614
2018-05-07,SELL,NIFTYBEES.NS,1864,110.72,206382.08,103.19104,607589.7821399999,111.17,-0.405
2018-05-07,BUY,HNGSNGBEES.NS,598,338.17,202225.66,101.11283,405263.0093099999,,
2018-05-07,BUY,MOM100.NS,9680,20.91,202408.8,101.20439999999999,202753.0049099999,,
2018-05-07,BUY,GOLDBEES.NS,7252,27.91,202403.32,101.20166,248.4832499999029,,
2018-05-14,SELL,MOM100.NS,9680,20.7,200376.0,100.188,200524.2952499999,20.91,-1.004
2018-05-14,SELL,HNGSNGBEES.NS,598,353.9,211632.19999999998,105.81609999999999,412050.67914999987,338.17,4.652
2018-05-14,SELL,JUNIORBEES.NS,649,298.62,193804.38,96.90219,605758.1569599998,290.71,2.721
2018-05-14,BUY,NIFTYBEES.NS,1806,111.69,201712.13999999998,100.85606999999999,403945.1608899998,,
2018-05-14,BUY,NIF100BEES.NS,1773,113.8,201767.4,100.8837,202076.87718999982,,
2018-05-14,BUY,DIVOPPBEES.NS,6815,29.61,201792.15,100.896075,183.83111499983352,,
2018-05-21,SELL,GOLDBEES.NS,7252,27.61,200227.72,100.11386,200311.43725499982,27.91,-1.075
2018-05-21,SELL,NIF100BEES.NS,1773,111.69,198026.37,99.013185,398238.7940699998,113.8,-1.854
2018-05-21,BUY,MON100.NS,3601,55.26,198991.25999999998,99.49562999999999,199148.03843999986,,
2018-05-21,BUY,HNGSNGBEES.NS,552,360.0,198720.0,99.36,328.67843999987235,,
2018-06-11,SELL,HNGSNGBEES.NS,552,392.26,216527.52,108.26375999999999,216747.93467999986,360.0,8.961
2018-06-11,BUY,PSUBNKBEES.NS,6409,33.8,216624.19999999998,108.31209999999999,15.422579999867594,,
2018-06-18,SELL,DIVOPPBEES.NS,6815,29.59,201655.85,100.82792500000001,201570.44465499988,29.61,-0.068
2018-06-18,BUY,LIQUIDBEES.NS,201,1000.0,201000.0,100.5,469.9446549998829,,
2018-06-25,SELL,LIQUIDBEES.NS,201,1000.0,201000.0,100.5,201369.44465499988,1000.0,0.0
2018-06-25,BUY,NIF100BEES.NS,1780,113.07,201264.59999999998,100.63229999999999,4.212354999908712,,
2018-07-02,SELL,PSUBNKBEES.NS,6409,31.05,198999.45,99.49972500000001,198904.16262999992,33.8,-8.136
2018-07-02,BUY,LIQUIDBEES.NS,198,1000.0,198000.0,99.0,805.1626299999189,,
2018-07-09,SELL,LIQUIDBEES.NS,198,999.99,197998.02,98.99901,198704.1836199999,1000.0,-0.001
2018-07-09,BUY,PSUBNKBEES.NS,6314,31.45,198575.3,99.28765,29.59596999990754,,
2018-07-16,SELL,PSUBNKBEES.NS,6314,30.02,189546.28,94.77314,189481.1028299999,31.45,-4.547
2018-07-16,BUY,DIVOPPBEES.NS,6441,29.4,189365.4,94.6827,21.020129999902565,,
2018-08-06,SELL,MON100.NS,3601,58.37,210190.37,105.095185,210106.29494499989,55.26,5.628
2018-08-06,BUY,PSUBNKBEES.NS,2838,36.99,104977.62000000001,52.48881000000001,105076.18613499988,,
2018-08-06,BUY,MOM100.NS,5011,20.95,104980.45,52.490225,43.245909999881405,,
2018-08-13,SELL,BANKBEES.NS,797,283.13,225654.61,112.827305,225585.02860499985,259.83,8.967
2018-08-13,BUY,HNGSNGBEES.NS,661,341.1,225467.1,112.73355000000001,5.1950549998437054,,
2018-08-27,SELL,NIF100BEES.NS,1780,122.65,218317.0,109.1585,218213.03655499985,113.07,8.473
2018-08-27,SELL,HNGSNGBEES.NS,661,329.32,217680.52,108.84026,435784.7162949998,341.1,-3.454
2018-08-27,BUY,JUNIORBEES.NS,687,316.69,217566.03,108.783015,218109.90327999982,,
2018-08-27,BUY,CPSEETF.NS,7833,27.8,217757.4,108.8787,243.6245799998287,,
2018-09-10,SELL,CPSEETF.NS,7833,26.91,210786.03,105.393015,210924.26156499982,27.8,-3.201
2018-09-10,SELL,MOM100.NS,5011,20.34,101923.74,50.961870000000005,312797.0396949998,20.95,-2.912
2018-09-10,SELL,NIFTYBEES.NS,1806,119.65,216087.90000000002,108.04395000000001,528776.8957449999,111.69,7.127
2018-09-10,BUY,MON100.NS,2785,63.25,176151.25,88.075625,352537.5701199999,,
2018-09-10,BUY,INFRABEES.NS,533,330.0,175890.0,87.94500000000001,176559.62511999987,,
2018-09-10,BUY,NIF100BEES.NS,1458,120.81,176140.98,88.07049,330.5746299998427,,
2018-09-17,SELL,NIF100BEES.NS,1458,121.68,177409.44,88.70472000000001,177651.30990999984,120.81,0.72
2018-09-17,BUY,MOM100.NS,8829,20.11,177551.19,88.77559500000001,11.344314999820199,,
2018-09-24,SELL,INFRABEES.NS,533,315.0,167895.0,83.9475,167822.3968149998,330.0,-4.545
2018-09-24,SELL,PSUBNKBEES.NS,2838,30.46,86445.48,43.22274,254224.6540749998,36.99,-17.653
2018-09-24,SELL,MOM100.NS,8829,19.59,172960.11,86.480055,427098.2840199998,20.11,-2.586
2018-09-24,SELL,JUNIORBEES.NS,687,285.93,196433.91,98.216955,623433.9770649998,316.69,-9.713
2018-09-24,BUY,NIF100BEES.NS,1337,116.44,155680.28,77.84014,467675.85692499974,,
2018-09-24,BUY,GOLDBEES.NS,5697,27.34,155755.98,77.87799000000001,311841.9989349997,,
2018-09-24,BUY,DIVOPPBEES.NS,5114,30.46,155772.44,77.88622000000001,155991.6727149997,,
2018-09-24,BUY,CPSEETF.NS,5773,26.98,155755.54,77.87777000000001,158.25494499970227,,
2018-10-01,SELL,NIF100BEES.NS,1337,115.39,154276.43,77.138215,154357.54672999968,116.44,-0.902
2018-10-01,SELL,CPSEETF.NS,5773,26.96,155640.08000000002,77.82004,309919.8066899997,26.98,-0.074
2018-10-01,BUY,LIQUIDBEES.NS,154,999.99,153998.46,76.99923,155844.34745999973,,
2018-10-01,BUY,HNGSNGBEES.NS,448,345.5,154784.0,77.392,982.9554599997355,,
2018-10-15,SELL,HNGSNGBEES.NS,448,315.5,141344.0,70.672,142256.28345999974,345.5,-8.683
2018-10-15,BUY,CPSEETF.NS,5617,25.31,142166.27,71.083135,18.93032499976107,,
2018-10-22,SELL,DIVOPPBEES.NS,5114,27.96,142987.44,71.49372,142934.87660499976,30.46,-8.207
2018-10-22,BUY,HNGSNGBEES.NS,460,310.0,142600.0,71.3,263.57660499977646,,
2018-10-29,SELL,HNGSNGBEES.NS,460,304.0,139840.0,69.92,140033.65660499976,310.0,-1.935
2018-10-29,BUY,MOM100.NS,7385,18.95,139945.75,69.972875,17.933729999756906,,
2018-11-05,SELL,MON100.NS,2785,59.99,167072.15,83.536075,167006.54765499974,63.25,-5.154
2018-11-05,SELL,MOM100.NS,7385,19.44,143564.40000000002,71.78220000000002,310499.1654549998,18.95,2.586
2018-11-05,SELL,CPSEETF.NS,5617,24.92,139975.64,69.98782000000001,450404.81763499975,25.31,-1.541
2018-11-05,BUY,INFRABEES.NS,481,311.7,149927.69999999998,74.96385,300402.15378499974,,
2018-11-05,BUY,PSUBNKBEES.NS,4515,33.23,150033.44999999998,75.016725,150293.68705999976,,
2018-11-05,BUY,BANKBEES.NS,571,262.42,149841.82,74.92091,376.94614999977057,,
2018-11-12,SELL,INFRABEES.NS,481,311.0,149591.0,74.7955,149893.15064999976,311.7,-0.225
2018-11-12,BUY,MOM100.NS,7604,19.7,149798.8,74.8994,19.451249999779975,,
2018-11-19,SELL,MOM100.NS,7604,19.21,146072.84,73.03642,146019.2548299998,19.7,-2.487
2018-11-19,BUY,INFRABEES.NS,451,323.01,145677.51,72.838755,268.9060749997734,,
2018-11-26,SELL,LIQUIDBEES.NS,154,999.99,153998.46,76.99923,154190.36684499978,999.99,0.0
2018-11-26,BUY,MOM100.NS,7989,19.29,154107.81,77.053905,5.502939999772934,,
2018-12-03,SELL,MOM100.NS,7989,18.9,150992.09999999998,75.49605,150922.10688999976,19.29,-2.022
2018-12-03,SELL,GOLDBEES.NS,5697,27.26,155300.22,77.65011,306144.67677999975,27.34,-0.293
2018-12-03,BUY,JUNIORBEES.NS,536,285.12,152824.32,76.41216,153243.94461999973,,
2018-12-03,BUY,HNGSNGBEES.NS,484,316.0,152944.0,76.47200000000001,223.47261999972397,,
2018-12-10,SELL,HNGSNGBEES.NS,484,312.0,151008.0,75.504,151155.96861999974,316.0,-1.266
2018-12-10,SELL,JUNIORBEES.NS,536,272.71,146172.56,73.08628,297255.4423399997,285.12,-4.353
2018-12-10,BUY,NIFTYBEES.NS,1351,109.88,148447.88,74.22394,148733.33839999972,,
2018-12-10,BUY,NIF100BEES.NS,1351,109.93,148515.43000000002,74.25771500000002,143.65068499968038,,
2018-12-17,SELL,NIFTYBEES.NS,1351,113.64,153527.64,76.76382000000001,153594.5268649997,109.88,3.422
2018-12-17,BUY,JUNIORBEES.NS,532,288.14,153290.47999999998,76.64523999999999,227.40162499970756,,
2018-12-24,SELL,PSUBNKBEES.NS,4515,33.62,151794.3,75.89715,151945.8044749997,33.23,1.174
2018-12-24,BUY,HNGSNGBEES.NS,481,315.2,151611.19999999998,75.8056,258.79887499971665,,
2018-12-31,SELL,NIF100BEES.NS,1351,114.44,154608.44,77.30422,154789.93465499973,109.93,4.103
2018-12-31,BUY,PSUBNKBEES.NS,4504,34.35,154712.4,77.3562,0.17845499972463585,,
2019-01-07,SELL,INFRABEES.NS,451,318.28,143544.28,71.77214000000001,143472.68631499974,323.01,-1.464
2019-01-07,SELL,HNGSNGBEES.NS,481,314.77,151404.37,75.702185,294801.35412999976,315.2,-0.136
2019-01-07,BUY,GOLDBEES.NS,5220,28.22,147308.4,73.6542,147419.29992999978,,
2019-01-07,BUY,NIFTYBEES.NS,1308,112.56,147228.48,73.61424000000001,117.20568999976967,,
2019-01-14,SELL,JUNIORBEES.NS,532,283.94,151056.08,75.52803999999999,151097.75764999975,288.14,-1.458
2019-01-14,BUY,DIVOPPBEES.NS,5243,28.8,150998.4,75.4992,23.85844999976689,,
2019-01-21,SELL,NIFTYBEES.NS,1308,114.48,149739.84,74.86992,149688.82852999977,112.56,1.706
2019-01-21,BUY,CPSEETF.NS,6294,23.77,149608.38,74.80419,5.644339999766089,,
2019-01-28,SELL,DIVOPPBEES.NS,5243,28.59,149897.37,74.948685,149828.06565499975,28.8,-0.729
2019-01-28,BUY,NIFTYBEES.NS,1339,111.78,149673.42,74.83671000000001,79.8089449997351,,
2019-02-04,SELL,PSUBNKBEES.NS,4504,32.33,145614.31999999998,72.80716,145621.32178499972,34.35,-5.881
2019-02-04,BUY,NIF100BEES.NS,1278,113.85,145500.3,72.75014999999999,48.271634999720845,,
2019-02-11,SELL,NIF100BEES.NS,1278,113.55,145116.9,72.55845,145092.6131849997,113.85,-0.264
2019-02-11,SELL,CPSEETF.NS,6294,22.71,142936.74000000002,71.46837000000001,287957.88481499976,23.77,-4.459
2019-02-11,BUY,MON100.NS,2948,48.8,143862.4,71.9312,144023.55361499978,,
2019-02-11,BUY,HNGSNGBEES.NS,455,316.0,143780.0,71.89,171.66361499976483,,
2019-02-18,SELL,BANKBEES.NS,571,271.81,155203.51,77.60175500000001,155297.57185999976,262.42,3.578
2019-02-18,BUY,LIQUIDBEES.NS,155,999.99,154998.45,77.49922500000001,221.62263499974506,,
2019-02-25,SELL,LIQUIDBEES.NS,155,999.99,154998.45,77.49922500000001,155142.57340999975,999.99,0.0
2019-02-25,BUY,DIVOPPBEES.NS,5371,28.87,155060.77000000002,77.53038500000001,4.273024999740301,,
2019-03-05,SELL,DIVOPPBEES.NS,5371,29.48,158337.08000000002,79.16854000000001,158262.18448499974,28.87,2.113
2019-03-05,BUY,CPSEETF.NS,6140,25.76,158166.40000000002,79.08320000000002,16.70128499972634,,
2019-03-11,SELL,GOLDBEES.NS,5220,28.5,148770.0,74.385,148712.31628499972,28.22,0.992
2019-03-11,BUY,DIVOPPBEES.NS,4954,30.0,148620.0,74.31,18.006284999719355,,
2019-03-18,SELL,DIVOPPBEES.NS,4954,30.05,148867.7,74.43385,148811.27243499973,30.0,0.167
2019-03-18,SELL,HNGSNGBEES.NS,455,321.1,146100.5,73.05025,294838.72218499973,316.0,1.614
2019-03-18,BUY,BANKBEES.NS,491,299.88,147241.08,73.62053999999999,147524.02164499974,,
2019-03-18,BUY,INFRABEES.NS,452,325.88,147297.76,73.64888,152.6127649997361,,
2019-04-01,SELL,MON100.NS,2948,50.51,148903.47999999998,74.45173999999999,148981.64102499973,48.8,3.504
2019-04-01,SELL,NIFTYBEES.NS,1339,122.08,163465.12,81.73255999999999,312365.02846499975,111.78,9.215
2019-04-01,BUY,PSUBNKBEES.NS,4203,37.14,156099.42,78.04971,156187.55875499974,,
2019-04-01,BUY,MOM100.NS,8155,19.14,156086.7,78.04335,22.815404999739258,,
2019-04-22,SELL,MOM100.NS,8155,18.6,151683.0,75.8415,151629.97390499973,19.14,-2.821
2019-04-22,BUY,NIF100BEES.NS,1250,121.2,151500.0,75.75,54.22390499972971,,
2019-04-30,SELL,INFRABEES.NS,452,323.18,146077.36000000002,73.03868000000001,146058.54522499975,325.88,-0.829
2019-04-30,SELL,CPSEETF.NS,6140,27.5,168850.0,84.425,314824.12022499973,25.76,6.755
2019-04-30,BUY,MON100.NS,2898,54.29,157332.41999999998,78.66620999999999,157413.03401499975,,
2019-04-30,BUY,NIFTYBEES.NS,1274,123.41,157224.34,78.61217,110.08184499974595,,
2019-05-06,SELL,NIF100BEES.NS,1250,120.4,150500.0,75.25,150534.83184499975,121.2,-0.66
2019-05-06,BUY,CPSEETF.NS,5489,27.41,150453.49,75.226745,6.115099999762606,,
2019-05-13,SELL,PSUBNKBEES.NS,4203,31.79,133613.37,66.806685,133552.67841499977,37.14,-14.405
2019-05-13,SELL,NIFTYBEES.NS,1274,117.22,149338.28,74.66914,282816.28927499976,123.41,-5.016
2019-05-13,SELL,BANKBEES.NS,491,292.08,143411.28,71.70564,426155.8636349997,299.88,-2.601
2019-05-13,BUY,LIQUIDBEES.NS,141,1000.0,141000.0,70.5,285085.3636349997,,
2019-05-13,BUY,DIVOPPBEES.NS,4830,29.39,141953.7,70.97685000000001,143060.6867849997,,
2019-05-13,BUY,GOLDBEES.NS,5024,28.26,141978.24000000002,70.98912000000001,1011.4576649996743,,
2019-05-20,SELL,GOLDBEES.NS,5024,27.9,140169.6,70.0848,141110.97286499967,28.26,-1.274
2019-05-20,SELL,CPSEETF.NS,5489,27.34,150069.26,75.03463,291105.19823499967,27.41,-0.255
2019-05-20,BUY,NIFTYBEES.NS,1173,123.93,145369.89,72.68494500000001,145662.62328999967,,
2019-05-20,BUY,BANKBEES.NS,463,313.81,145294.03,72.647015,295.94627499967464,,
2019-05-27,SELL,DIVOPPBEES.NS,4830,30.45,147073.5,73.53675,147295.90952499968,29.39,3.607
2019-05-27,SELL,LIQUIDBEES.NS,141,1000.0,141000.0,70.5,288225.4095249997,1000.0,0.0
2019-05-27,BUY,INFRABEES.NS,415,346.48,143789.2,71.89460000000001,144364.31492499966,,
2019-05-27,BUY,CPSEETF.NS,5146,27.99,144036.53999999998,72.01826999999999,255.75665499968454,,
2019-06-03,SELL,MON100.NS,2898,48.94,141828.12,70.91405999999999,142012.96259499967,54.29,-9.854
2019-06-03,BUY,NIF100BEES.NS,1135,125.0,141875.0,70.9375,67.02509499966982,,
2019-06-10,SELL,NIF100BEES.NS,1135,123.39,140047.65,70.023825,140044.65126999965,125.0,-1.288
2019-06-10,BUY,GOLDBEES.NS,4860,28.8,139968.0,69.984,6.667269999656128,,
2019-06-17,SELL,NIFTYBEES.NS,1173,123.08,144372.84,72.18642,144307.32084999964,123.93,-0.686
2019-06-17,BUY,NIF100BEES.NS,1193,120.89,144221.77,72.110885,13.43996499964851,,
2019-06-24,SELL,NIF100BEES.NS,1193,121.03,144388.79,72.194395,144330.03556999966,120.89,0.116
2019-06-24,BUY,DIVOPPBEES.NS,4706,30.65,144238.9,72.11945,19.016119999665534,,
2019-07-01,SELL,DIVOPPBEES.NS,4706,30.56,143815.36,71.90768,143762.46843999965,30.65,-0.294
2019-07-01,BUY,PSUBNKBEES.NS,4064,35.35,143662.4,71.8312,28.23723999966751,,
2019-07-15,SELL,CPSEETF.NS,5146,25.97,133641.62,66.82081,133603.03642999966,27.99,-7.217
2019-07-15,BUY,MON100.NS,2465,54.16,133504.4,66.7522,31.88422999967588,,
2019-07-22,SELL,INFRABEES.NS,415,327.57,135941.55,67.97077499999999,135905.46345499967,346.48,-5.458
2019-07-22,SELL,PSUBNKBEES.NS,4064,33.08,134437.12,67.21856,270275.36489499966,35.35,-6.421
2019-07-22,SELL,BANKBEES.NS,463,298.25,138089.75,69.044875,408296.07001999964,313.81,-4.958
2019-07-22,BUY,HNGSNGBEES.NS,448,303.0,135744.0,67.872,272484.19801999966,,
2019-07-22,BUY,LIQUIDBEES.NS,136,999.99,135998.64,67.99932000000001,136417.55869999964,,
2019-07-22,BUY,JUNIORBEES.NS,494,275.23,135963.62,67.98181,385.95688999965205,,
2019-09-09,SELL,JUNIORBEES.NS,494,270.96,133854.24,66.92712,134173.26976999964,275.23,-1.551
2019-09-09,BUY,DIVOPPBEES.NS,4621,29.02,134101.41999999998,67.05071,4.799059999641031,,
2019-09-16,SELL,DIVOPPBEES.NS,4621,28.8,133084.80000000002,66.54240000000001,133023.05665999965,29.02,-0.758
2019-09-16,BUY,JUNIORBEES.NS,484,274.4,132809.59999999998,66.4048,147.0518599996867,,
2019-09-23,SELL,LIQUIDBEES.NS,136,999.99,135998.64,67.99932000000001,136077.6925399997,999.99,0.0
2019-09-23,BUY,DIVOPPBEES.NS,4848,28.05,135986.4,67.9932,23.299339999706717,,
2019-09-30,SELL,MON100.NS,2465,53.97,133036.05,66.518025,132992.8313149997,54.16,-0.351
2019-09-30,SELL,DIVOPPBEES.NS,4848,29.5,143016.0,71.508,275937.3233149997,28.05,5.169
2019-09-30,SELL,GOLDBEES.NS,4860,32.97,160234.19999999998,80.1171,436091.4062149997,28.8,14.479
2019-09-30,BUY,BANKBEES.NS,487,298.18,145213.66,72.60683,290805.13938499964,,
2019-09-30,BUY,INFRABEES.NS,431,336.88,145195.28,72.59764,145537.26174499965,,
2019-09-30,BUY,NIFTYBEES.NS,1195,121.57,145276.15,72.638075,188.47366999965743,,
2019-10-07,SELL,NIFTYBEES.NS,1195,117.57,140496.15,70.248075,140614.37559499964,121.57,-3.29
2019-10-07,SELL,BANKBEES.NS,487,283.33,137981.71,68.990855,278527.0947399996,298.18,-4.98
2019-10-07,BUY,GOLDBEES.NS,4142,33.6,139171.2,69.58560000000001,139286.30913999962,,
2019-10-07,BUY,DIVOPPBEES.NS,4816,28.9,139182.4,69.5912,34.31793999962974,,
2019-10-14,SELL,DIVOPPBEES.NS,4816,28.95,139423.19999999998,69.71159999999999,139387.8063399996,28.9,0.173
2019-10-14,BUY,NIFTYBEES.NS,1162,119.89,139312.18,69.65608999999999,5.970249999605585,,
2019-10-22,SELL,GOLDBEES.NS,4142,33.67,139461.14,69.73057000000001,139397.3796799996,33.6,0.208
2019-10-22,SELL,NIFTYBEES.NS,1162,122.96,142879.52,71.43975999999999,282205.4599199996,119.89,2.561
2019-10-22,BUY,CPSEETF.NS,5686,24.8,141012.80000000002,70.50640000000001,141122.15351999956,,
2019-10-22,BUY,NIF100BEES.NS,1160,121.52,140963.19999999998,70.48159999999999,88.47191999957431,,
2019-11-04,SELL,CPSEETF.NS,5686,25.06,142491.16,71.24558,142508.3863399996,24.8,1.048
2019-11-04,SELL,HNGSNGBEES.NS,448,321.4,143987.19999999998,71.99359999999999,286423.5927399996,303.0,6.073
2019-11-04,BUY,BANKBEES.NS,307,310.14,95212.98,47.60649,191163.00624999957,,
2019-11-04,BUY,NIFTYBEES.NS,755,126.34,95386.7,47.69335,95728.61289999957,,
2019-11-04,BUY,NIF100BEES.NS,764,124.9,95423.6,47.711800000000004,257.3010999995604,,
2019-11-18,SELL,INFRABEES.NS,431,334.45,144147.94999999998,72.07397499999999,144333.17712499952,336.88,-0.721
2019-11-18,SELL,BANKBEES.NS,307,315.7,96919.9,48.45995,241204.6171749995,310.14,1.793
2019-11-18,SELL,JUNIORBEES.NS,484,292.41,141526.44,70.76322,382660.29395499954,274.4,6.563
2019-11-18,BUY,HNGSNGBEES.NS,380,335.0,127300.0,63.65,255296.64395499954,,
2019-11-18,BUY,MON100.NS,2170,58.75,127487.5,63.74375,127745.40020499955,,
2019-11-18,BUY,DIVOPPBEES.NS,4340,29.37,127465.8,63.7329,215.86730499954137,,
2019-11-25,SELL,DIVOPPBEES.NS,4340,29.56,128290.4,64.1452,128442.12210499954,29.37,0.647
2019-11-25,SELL,NIF100BEES.NS,764,125.0,95500.0,47.75,223894.37210499955,124.9,0.08
2019-11-25,SELL,NIFTYBEES.NS,755,127.74,96443.7,48.221849999999996,320289.85025499953,126.34,1.108
2019-11-25,BUY,PSUBNKBEES.NS,3742,28.51,106684.42000000001,53.34221000000001,213552.08804499952,,
2019-11-25,BUY,BANKBEES.NS,331,321.42,106390.02,53.19501,107108.87303499952,,
2019-11-25,BUY,MOM100.NS,6005,17.77,106708.84999999999,53.354425,346.6686099995277,,
2019-12-02,SELL,HNGSNGBEES.NS,380,323.19,122812.2,61.4061,123097.46250999953,335.0,-3.525
2019-12-02,BUY,NIF100BEES.NS,977,125.86,122965.22,61.48261,70.75989999952435,,
2019-12-09,SELL,NIF100BEES.NS,977,123.43,120591.11,60.295555,120601.57434499952,125.86,-1.931
2019-12-09,BUY,NIFTYBEES.NS,954,126.33,120518.81999999999,60.259409999999995,22.494934999529505,,
2019-12-16,SELL,NIFTYBEES.NS,954,127.53,121663.62,60.83181,121625.28312499952,126.33,0.95
2019-12-16,BUY,NIF100BEES.NS,973,124.87,121498.51000000001,60.749255000000005,66.02386999950977,,
2019-12-23,SELL,MOM100.NS,6005,17.8,106889.0,53.4445,106901.57936999951,17.77,0.169
2019-12-23,SELL,NIF100BEES.NS,973,126.83,123405.59,61.702795,230245.4665749995,124.87,1.57
2019-12-23,BUY,HNGSNGBEES.NS,327,351.39,114904.53,57.452265000000004,115283.4843099995,,
2019-12-23,BUY,NIFTYBEES.NS,885,129.93,114988.05,57.494025,237.9402849994949,,
2019-12-30,SELL,PSUBNKBEES.NS,3742,27.74,103803.07999999999,51.90154,103989.11874499948,28.51,-2.701
2019-12-30,SELL,HNGSNGBEES.NS,327,361.0,118047.0,59.0235,221977.09524499948,351.39,2.735
2019-12-30,BUY,MOM100.NS,6183,17.94,110923.02,55.461510000000004,110998.61373499948,,
2019-12-30,BUY,NIF100BEES.NS,878,126.3,110891.4,55.445699999999995,51.76803499949165,,
2020-01-06,SELL,MOM100.NS,6183,17.92,110799.36000000002,55.39968000000001,110795.7283549995,17.94,-0.111
2020-01-06,SELL,NIF100BEES.NS,878,124.97,109723.66,54.861830000000005,220464.52652499953,126.3,-1.053
2020-01-06,SELL,NIFTYBEES.NS,885,127.37,112722.45,56.361225,333130.61529999954,129.93,-1.97
2020-01-06,BUY,HNGSNGBEES.NS,302,366.79,110770.58,55.385290000000005,222304.65000999952,,
2020-01-06,BUY,PSUBNKBEES.NS,4161,26.67,110973.87000000001,55.486935,111275.29307499951,,
2020-01-06,BUY,GOLDBEES.NS,3070,36.15,110980.5,55.49025,239.30282499951136,,
2020-01-13,SELL,PSUBNKBEES.NS,4161,27.1,112763.1,56.381550000000004,112946.02127499951,26.67,1.612
2020-01-13,SELL,BANKBEES.NS,331,328.65,108783.15,54.391574999999996,221674.7796999995,321.42,2.249
2020-01-13,BUY,MOM100.NS,6014,18.42,110777.88,55.388940000000005,110841.51075999948,,
2020-01-13,BUY,NIF100BEES.NS,864,128.21,110773.44,55.386720000000004,12.684039999483502,,
2020-01-20,SELL,NIF100BEES.NS,864,127.38,110056.31999999999,55.02816,110013.97587999947,128.21,-0.647
2020-01-20,BUY,NIFTYBEES.NS,847,129.78,109923.66,54.961830000000006,35.35404999947059,,
2020-01-27,SELL,NIFTYBEES.NS,847,128.73,109034.31,54.517155,109015.14689499947,129.78,-0.809
2020-01-27,BUY,JUNIORBEES.NS,361,301.27,108758.46999999999,54.379234999999994,202.29765999948722,,
2020-02-03,SELL,JUNIORBEES.NS,361,286.7,103498.7,51.74935,103649.24830999949,301.27,-4.836
2020-02-03,BUY,INFRABEES.NS,316,327.41,103461.56000000001,51.73078000000001,135.9575299994758,,
2020-02-10,SELL,INFRABEES.NS,316,337.13,106533.08,53.26654,106615.77098999948,327.41,2.969
2020-02-10,SELL,HNGSNGBEES.NS,302,349.17,105449.34000000001,52.72467,212012.3863199995,366.79,-4.804
2020-02-10,BUY,JUNIORBEES.NS,352,300.46,105761.92,52.88096,106197.5853599995,,
2020-02-10,BUY,DIVOPPBEES.NS,3671,28.86,105945.06,52.97253,199.55282999950578,,
2020-02-17,SELL,DIVOPPBEES.NS,3671,28.95,106275.45,53.137724999999996,106421.86510499951,28.86,0.312
2020-02-17,BUY,INFRABEES.NS,318,334.0,106212.0,53.106,156.75910499950987,,
2020-02-24,SELL,INFRABEES.NS,318,330.16,104990.88,52.49544,105095.14366499952,334.0,-1.15
2020-02-24,BUY,LIQUIDBEES.NS,105,1000.0,105000.0,52.5,42.64366499951575,,
2020-03-02,SELL,JUNIORBEES.NS,352,275.84,97095.68,48.54784,97089.77582499951,300.46,-8.194
2020-03-02,BUY,HNGSNGBEES.NS,260,372.0,96720.0,48.36,321.4158249995089,,
2020-03-09,SELL,MOM100.NS,6014,16.56,99591.84,49.79592,99863.4599049995,18.42,-10.098
2020-03-09,BUY,DIVOPPBEES.NS,3735,26.72,99799.2,49.8996,14.360304999499931,,
2020-03-30,SELL,DIVOPPBEES.NS,3735,26.4,98604.0,49.302,98569.0583049995,26.72,-1.198
2020-03-30,BUY,NIF100BEES.NS,1033,95.3,98444.9,49.222449999999995,74.93585499950859,,
2020-04-07,SELL,NIF100BEES.NS,1033,92.9,95965.70000000001,47.982850000000006,95992.65300499952,95.3,-2.518
2020-04-07,BUY,DIVOPPBEES.NS,3652,26.27,95938.04,47.96902,6.6439849995222175,,
2020-04-20,SELL,DIVOPPBEES.NS,3652,25.53,93235.56,46.61778,93195.58620499952,26.27,-2.817
2020-04-20,BUY,CONSUMBEES.NS,1722,54.07,93108.54,46.554269999999995,40.49193499953253,,
2020-04-27,SELL,HNGSNGBEES.NS,260,348.4,90584.0,45.292,90579.19993499953,372.0,-6.344
2020-04-27,BUY,DIVOPPBEES.NS,3579,25.29,90512.91,45.256455,21.033479999532574,,
2020-05-04,SELL,DIVOPPBEES.NS,3579,24.52,87757.08,43.87854,87734.23493999953,25.29,-3.045
2020-05-04,BUY,HNGSNGBEES.NS,252,347.48,87564.96,43.78248000000001,125.49245999952836,,
2020-05-11,SELL,HNGSNGBEES.NS,252,354.0,89208.0,44.604,89288.88845999952,347.48,1.876
2020-05-11,SELL,LIQUIDBEES.NS,105,999.99,104998.95,52.499475,194235.33898499951,1000.0,-0.001
2020-05-11,BUY,INFRABEES.NS,345,281.0,96945.0,48.472500000000004,97241.86648499951,,
2020-05-11,BUY,DIVOPPBEES.NS,4002,24.25,97048.5,48.52425,144.84223499950895,,
2020-05-18,SELL,CONSUMBEES.NS,1722,47.36,81553.92,40.77696,81657.9852749995,54.07,-12.41
2020-05-18,SELL,DIVOPPBEES.NS,4002,24.4,97648.79999999999,48.8244,179257.9608749995,24.25,0.619
2020-05-18,BUY,JUNIORBEES.NS,379,236.16,89504.64,44.75232,89708.5685549995,,
2020-05-18,BUY,HNGSNGBEES.NS,255,351.0,89505.0,44.7525,158.81605499949364,,
2020-05-26,SELL,GOLDBEES.NS,3070,41.2,126484.00000000001,63.24200000000001,126579.57405499951,36.15,13.97
2020-05-26,SELL,HNGSNGBEES.NS,255,350.0,89250.0,44.625,215784.9490549995,351.0,-0.285
2020-05-26,BUY,DIVOPPBEES.NS,4508,23.92,107831.36,53.91568,107899.6733749995,,
2020-05-26,BUY,NV20BEES.NS,2156,50.0,107800.0,53.9,45.77337499950954,,
2020-06-01,SELL,DIVOPPBEES.NS,4508,25.59,115359.72,57.679860000000005,115347.8135149995,23.92,6.982
2020-06-01,SELL,NV20BEES.NS,2156,51.94,111982.64,55.99132,227274.4621949995,50.0,3.88
2020-06-01,BUY,NIFTYBEES.NS,1087,104.42,113504.54000000001,56.75227,113713.1699249995,,
2020-06-01,BUY,MID150BEES.NS,2179,52.12,113569.48,56.78474,86.90518499950122,,
2020-06-08,SELL,JUNIORBEES.NS,379,264.21,100135.59,50.067795,100172.4273899995,236.16,11.878
2020-06-08,BUY,BANKBEES.NS,467,214.02,99947.34000000001,49.973670000000006,175.1137199994846,,
2020-06-15,SELL,NIFTYBEES.NS,1087,104.51,113602.37000000001,56.801185000000004,113720.68253499949,104.42,0.086
2020-06-15,SELL,BANKBEES.NS,467,200.74,93745.58,46.87279,207419.3897449995,214.02,-6.205
2020-06-15,BUY,NIF100BEES.NS,912,113.61,103612.31999999999,51.80616,103755.26358499951,,
2020-06-15,BUY,NV20BEES.NS,1971,52.59,103654.89000000001,51.82744500000001,48.54613999949652,,
2020-06-22,SELL,NV20BEES.NS,1971,51.81,102117.51000000001,51.058755000000005,102114.9973849995,52.59,-1.483
2020-06-22,BUY,MOM100.NS,6546,15.59,102052.14,51.026070000000004,11.83131499949377,,
2020-06-29,SELL,MON100.NS,2170,73.11,158648.7,79.32435000000001,158581.2069649995,58.75,24.443
2020-06-29,SELL,MOM100.NS,6546,15.29,100088.34,50.04417,258619.5027949995,15.59,-1.924
2020-06-29,SELL,NIF100BEES.NS,912,112.83,102900.95999999999,51.45048,361469.0123149995,113.61,-0.687
2020-06-29,BUY,PSUBNKBEES.NS,7517,16.02,120422.34,60.21117,240986.46114499948,,
2020-06-29,BUY,NV20BEES.NS,2259,53.29,120382.11,60.191055,120544.16008999948,,
2020-06-29,BUY,JUNIORBEES.NS,447,269.3,120377.1,60.188550000000006,106.87153999946895,,
2020-07-06,SELL,INFRABEES.NS,345,321.32,110855.4,55.4277,110906.84383999946,281.0,14.349
2020-07-06,SELL,NV20BEES.NS,2259,55.47,125306.73,62.653365,236150.92047499947,53.29,4.091
2020-07-06,SELL,JUNIORBEES.NS,447,273.28,122156.15999999999,61.07807999999999,358246.00239499944,269.3,1.478
2020-07-06,BUY,NIFTYBEES.NS,1044,114.28,119308.32,59.654160000000005,238878.02823499942,,
2020-07-06,BUY,BANKBEES.NS,533,223.67,119216.11,59.608055,119602.31017999942,,
2020-07-06,BUY,MON100.NS,1554,76.78,119316.12,59.65806,226.5321199994214,,
2020-07-13,SELL,MON100.NS,1554,80.4,124941.6,62.470800000000004,125105.66131999943,76.78,4.715
2020-07-13,BUY,MOM100.NS,7844,15.94,125033.36,62.51668,9.78463999943051,,
2020-07-20,SELL,MOM100.NS,7844,15.98,125347.12000000001,62.67356000000001,125294.23107999944,15.94,0.251
2020-07-20,SELL,MID150BEES.NS,2179,58.51,127493.29,63.746645,252723.77443499945,52.12,12.26
2020-07-20,BUY,MON100.NS,1606,78.6,126231.59999999999,63.1158,126429.05863499946,,
2020-07-20,BUY,NV20BEES.NS,2201,57.37,126271.37,63.135685,94.55294999945909,,
2020-07-27,SELL,MON100.NS,1606,77.59,124609.54000000001,62.304770000000005,124641.78817999946,78.6,-1.285
2020-07-27,SELL,PSUBNKBEES.NS,7517,15.4,115761.8,57.880900000000004,240345.70727999945,16.02,-3.87
2020-07-27,SELL,BANKBEES.NS,533,220.12,117323.96,58.66198000000001,357611.00529999944,223.67,-1.587
2020-07-27,BUY,MID150BEES.NS,2040,58.4,119136.0,59.568,238415.43729999944,,
2020-07-27,BUY,MOM100.NS,7404,16.09,119130.36,59.56518,119225.51211999943,,
2020-07-27,BUY,GOLDBEES.NS,2564,46.45,119097.8,59.5489,68.16321999943466,,
2020-08-03,SELL,MID150BEES.NS,2040,59.14,120645.6,60.3228,120653.44041999945,58.4,1.267
2020-08-03,BUY,MON100.NS,1497,80.54,120568.38,60.28419,24.7762299994356,,
2020-08-10,SELL,MON100.NS,1497,82.1,122903.7,61.45185,122867.02437999944,80.54,1.937
2020-08-10,SELL,MOM100.NS,7404,17.05,126238.20000000001,63.11910000000001,249042.10527999944,16.09,5.966
2020-08-10,BUY,DIVOPPBEES.NS,4338,28.69,124457.22,62.22861,124522.65666999943,,
2020-08-10,BUY,MID150BEES.NS,1984,62.72,124436.48,62.21824,23.958429999431246,,
2020-08-17,SELL,DIVOPPBEES.NS,4338,28.51,123676.38,61.838190000000004,123638.50023999944,28.69,-0.627
2020-08-17,SELL,MID150BEES.NS,1984,62.54,124079.36,62.039680000000004,247655.82055999944,62.72,-0.287
2020-08-17,BUY,MOM100.NS,7191,17.21,123757.11,61.878555,123836.83200499944,,
2020-08-17,BUY,MON100.NS,1497,82.66,123742.01999999999,61.87101,32.94099499944423,,
2020-08-24,SELL,GOLDBEES.NS,2564,45.5,116662.0,58.331,116636.60999499944,46.45,-2.045
2020-08-24,SELL,NIFTYBEES.NS,1044,122.0,127368.0,63.684000000000005,243940.92599499944,114.28,6.755
2020-08-24,BUY,MID150BEES.NS,1856,65.68,121902.08000000002,60.951040000000006,121977.89495499943,,
2020-08-24,BUY,DIVOPPBEES.NS,4096,29.76,121896.96,60.94848,19.986474999415805,,
2020-08-31,SELL,MON100.NS,1497,87.22,130568.34,65.28417,130523.04230499941,82.66,5.517
2020-08-31,BUY,BANKBEES.NS,544,239.57,130326.08,65.16304,131.79926499941212,,
2020-09-07,SELL,DIVOPPBEES.NS,4096,29.0,118784.0,59.392,118856.4072649994,29.76,-2.554
2020-09-07,SELL,NV20BEES.NS,2201,59.52,131003.52,65.50176,249794.4255049994,57.37,3.748
2020-09-07,SELL,BANKBEES.NS,544,231.37,125865.28,62.93264,375596.7728649994,239.57,-3.423
2020-09-07,BUY,NIF100BEES.NS,1035,120.9,125131.5,62.56575,250402.70711499942,,
2020-09-07,BUY,MON100.NS,1501,83.35,125108.34999999999,62.554174999999994,125231.80293999943,,
2020-09-07,BUY,INFRABEES.NS,381,328.44,125135.64,62.56782,33.59511999943061,,
2020-09-14,SELL,NIF100BEES.NS,1035,116.6,120681.0,60.3405,120654.25461999942,120.9,-3.557
2020-09-14,BUY,NV20BEES.NS,2005,60.14,120580.7,60.29035,13.264269999432145,,
2020-09-21,SELL,INFRABEES.NS,381,326.28,124312.68,62.15634,124263.78792999942,328.44,-0.658
2020-09-21,SELL,NV20BEES.NS,2005,59.95,120199.75,60.099875000000004,244403.43805499942,60.14,-0.316
2020-09-21,SELL,MON100.NS,1501,77.94,116987.94,58.493970000000004,361332.88408499944,83.35,-6.491
2020-09-21,BUY,NIF100BEES.NS,1031,116.75,120369.25,60.184625000000004,240903.44945999945,,
2020-09-21,BUY,NIFTYBEES.NS,1003,119.92,120279.76,60.13988,120563.54957999945,,
2020-09-21,BUY,DIVOPPBEES.NS,4264,28.23,120372.72,60.18636,130.64321999944514,,
2020-09-28,SELL,DIVOPPBEES.NS,4264,26.93,114829.52,57.41476,114902.74845999945,28.23,-4.605
2020-09-28,SELL,NIFTYBEES.NS,1003,119.75,120109.25,60.054625,234951.94383499946,119.92,-0.142
2020-09-28,BUY,NV20BEES.NS,1956,60.0,117360.0,58.68,117533.26383499947,,
2020-09-28,BUY,LIQUIDBEES.NS,117,999.99,116998.83,58.499415,475.9344199994666,,
2020-10-05,SELL,LIQUIDBEES.NS,117,1000.0,117000.0,58.5,117417.43441999947,999.99,0.001
2020-10-05,BUY,NIFTYBEES.NS,958,122.38,117240.04,58.62002,118.77439999947092,,
2020-10-12,SELL,MOM100.NS,7191,17.55,126202.05,63.101025,126257.72337499948,17.21,1.976
2020-10-12,BUY,BANKBEES.NS,529,238.27,126044.83,63.022415,149.87095999947633,,
2020-10-19,SELL,NIF100BEES.NS,1031,117.5,121142.5,60.57125,121231.79970999948,116.75,0.642
2020-10-19,SELL,MID150BEES.NS,1856,64.99,120621.43999999999,60.310719999999996,241792.92898999946,65.68,-1.051
2020-10-19,BUY,LIQUIDBEES.NS,120,1000.0,120000.0,60.0,121732.92898999946,,
2020-10-19,BUY,GOLDBEES.NS,2714,44.52,120827.28000000001,60.41364000000001,845.2353499994497,,
2020-10-26,SELL,GOLDBEES.NS,2714,44.55,120908.7,60.45435,121693.48099999945,44.52,0.067
2020-10-26,SELL,LIQUIDBEES.NS,120,1000.0,120000.0,60.0,241633.48099999945,1000.0,0.0
2020-10-26,BUY,DIVOPPBEES.NS,4203,28.73,120752.19,60.376095,120820.91490499944,,
2020-10-26,BUY,MOM100.NS,6776,17.82,120748.32,60.37416,12.22074499943119,,
2020-11-02,SELL,DIVOPPBEES.NS,4203,27.65,116212.95,58.106475,116167.06426999944,28.73,-3.759
2020-11-02,SELL,MOM100.NS,6776,17.76,120341.76000000001,60.170880000000004,236448.65338999944,17.82,-0.337
2020-11-02,BUY,NIF100BEES.NS,998,118.4,118163.20000000001,59.08160000000001,118226.37178999942,,
2020-11-02,BUY,MID150BEES.NS,1808,65.34,118134.72,59.06736,32.584429999420536,,
2020-11-09,SELL,MID150BEES.NS,1808,68.49,123829.91999999998,61.914959999999994,123800.58946999941,65.34,4.821
2020-11-09,BUY,MON100.NS,1377,89.86,123737.22,61.868610000000004,1.500859999403474,,
2020-11-17,SELL,MON100.NS,1377,88.02,121203.54,60.601769999999995,121144.4390899994,89.86,-2.048
2020-11-17,SELL,NV20BEES.NS,1956,66.16,129408.95999999999,64.70448,250488.6946099994,60.0,10.267
2020-11-17,BUY,MID150BEES.NS,1766,70.86,125138.76,62.569379999999995,125287.3652299994,,
2020-11-17,BUY,JUNIORBEES.NS,404,309.23,124928.92000000001,62.46446000000001,295.9807699993835,,
2020-11-23,SELL,NIF100BEES.NS,998,128.05,127793.90000000001,63.896950000000004,128025.9838199994,118.4,8.15
2020-11-23,SELL,JUNIORBEES.NS,404,315.69,127538.76,63.76938,255500.97443999938,309.23,2.089
2020-11-23,BUY,PSUBNKBEES.NS,7911,16.14,127683.54000000001,63.841770000000004,127753.59266999937,,
2020-11-23,BUY,INFRABEES.NS,355,358.83,127384.65,63.692325,305.2503449993819,,
2020-12-01,SELL,INFRABEES.NS,355,360.17,127860.35,63.930175000000006,128101.67016999939,358.83,0.373
2020-12-01,SELL,NIFTYBEES.NS,958,139.79,133918.81999999998,66.95940999999999,261953.53075999935,122.38,14.226
2020-12-01,BUY,CPSEETF.NS,6879,19.03,130907.37000000001,65.45368500000001,130980.70707499934,,
2020-12-01,BUY,MOM100.NS,6266,20.89,130896.74,65.44837,18.518704999340116,,
2020-12-14,SELL,MID150BEES.NS,1766,77.89,137553.74,68.77687,137503.48183499934,70.86,9.921
2020-12-14,BUY,DIVOPPBEES.NS,4108,33.45,137412.6,68.7063,22.175534999347292,,
2020-12-21,SELL,DIVOPPBEES.NS,4108,32.75,134537.0,67.2685,134491.90703499934,33.45,-2.093
2020-12-21,BUY,MID150BEES.NS,1779,75.54,134385.66,67.19283,39.0542049993237,,
2020-12-28,SELL,MID150BEES.NS,1779,78.9,140363.1,70.18155,140331.97265499932,75.54,4.448
2020-12-28,BUY,DIVOPPBEES.NS,4015,34.93,140243.95,70.121975,17.900679999322165,,
2021-01-04,SELL,BANKBEES.NS,529,314.12,166169.48,83.08474000000001,166104.29593999934,238.27,31.834
2021-01-04,BUY,MID150BEES.NS,2038,81.43,165954.34000000003,82.97717000000002,66.97876999931759,,
2021-01-11,SELL,MID150BEES.NS,2038,84.12,171436.56,85.71828000000001,171417.8204899993,81.43,3.303
2021-01-11,BUY,ITBEES.NS,6298,27.2,171305.6,85.6528,26.567689999297727,,
2021-01-18,SELL,CPSEETF.NS,6879,21.05,144802.95,72.401475,144757.11621499932,19.03,10.615
2021-01-18,SELL,DIVOPPBEES.NS,4015,34.61,138959.15,69.479575,283646.7866399993,34.93,-0.916
2021-01-18,SELL,MOM100.NS,6266,22.42,140483.72,70.24186,424060.26477999927,20.89,7.324
2021-01-18,BUY,NV20BEES.NS,1836,76.93,141243.48,70.62174,282746.16303999926,,
2021-01-18,BUY,INFRABEES.NS,350,403.37,141179.5,70.58975,141496.07328999924,,
2021-01-18,BUY,NIF100BEES.NS,960,147.1,141216.0,70.608,209.46528999923612,,
2021-01-25,SELL,INFRABEES.NS,350,394.16,137956.0,68.978,138096.48728999923,403.37,-2.283
2021-01-25,BUY,CONSUMBEES.NS,2046,67.45,138002.7,69.00135,24.78593999921577,,
2021-02-01,SELL,PSUBNKBEES.NS,7911,21.37,169058.07,84.52903500000001,168998.3269049992,16.14,32.404
2021-02-01,BUY,DIVOPPBEES.NS,4888,34.55,168880.4,84.4402,33.48670499920263,,
2021-02-08,SELL,CONSUMBEES.NS,2046,67.86,138841.56,69.42078,138805.6259249992,67.45,0.608
2021-02-08,SELL,DIVOPPBEES.NS,4888,35.76,174794.88,87.39744,313513.1084849992,34.55,3.502
2021-02-08,SELL,NIF100BEES.NS,960,155.67,149443.19999999998,74.7216,462881.5868849992,147.1,5.826
2021-02-08,BUY,PSUBNKBEES.NS,6246,24.69,154213.74000000002,77.10687000000001,308590.7400149992,,
2021-02-08,BUY,BANKBEES.NS,426,361.28,153905.28,76.95264,154608.50737499917,,
2021-02-08,BUY,INFRABEES.NS,362,425.36,153980.32,76.99016,551.197214999178,,
2021-02-15,SELL,ITBEES.NS,6298,26.2,165007.6,82.5038,165476.29341499918,27.2,-3.676
2021-02-15,SELL,NV20BEES.NS,1836,79.06,145154.16,72.57708000000001,310557.8763349992,76.93,2.769
2021-02-15,BUY,MID150BEES.NS,1765,87.93,155196.45,77.59822500000001,155283.82810999922,,
2021-02-15,BUY,NIFTYBEES.NS,946,163.93,155077.78,77.53889,128.5092199992214,,
2021-02-22,SELL,NIFTYBEES.NS,946,157.18,148692.28,74.34614,148746.4430799992,163.93,-4.118
2021-02-22,SELL,MID150BEES.NS,1765,87.46,154366.9,77.18345,303036.1596299992,87.93,-0.535
2021-02-22,BUY,MOM100.NS,6227,24.32,151440.64,75.72032000000002,151519.7993099992,,
2021-02-22,BUY,CPSEETF.NS,6757,22.41,151424.37,75.712185,19.71712499918067,,
2021-03-01,SELL,MOM100.NS,6227,25.13,156484.50999999998,78.24225499999999,156425.98486999917,24.32,3.331
2021-03-01,BUY,DIVOPPBEES.NS,4272,36.59,156312.48,78.15624000000001,35.348629999149125,,
2021-03-08,SELL,INFRABEES.NS,362,444.48,160901.76,80.45088000000001,160856.65774999917,425.36,4.495
2021-03-08,SELL,DIVOPPBEES.NS,4272,37.21,158961.12,79.48056,319738.29718999914,36.59,1.694
2021-03-08,BUY,MOM100.NS,6241,25.6,159769.6,79.8848,159888.81238999913,,
2021-03-08,BUY,MID150BEES.NS,1728,92.44,159736.32,79.86816,72.6242299991136,,
2021-03-15,SELL,BANKBEES.NS,426,354.07,150833.82,75.41691,150831.02731999912,361.28,-1.996
2021-03-15,BUY,DIVOPPBEES.NS,3999,37.69,150722.31,75.361155,33.35616499913158,,
2021-03-22,SELL,MOM100.NS,6241,24.52,153029.32,76.51466,152986.16150499915,25.6,-4.219
2021-03-22,BUY,BANKBEES.NS,452,337.91,152735.32,76.36766,174.47384499915643,,
2021-03-30,SELL,PSUBNKBEES.NS,6246,23.46,146531.16,73.26558,146632.36826499915,24.69,-4.982
2021-03-30,SELL,BANKBEES.NS,452,339.73,153557.96000000002,76.77898000000002,300113.54928499914,337.91,0.539
2021-03-30,BUY,MOM100.NS,6052,24.78,149968.56,74.98428,150070.00500499914,,
2021-03-30,BUY,JUNIORBEES.NS,419,357.58,149826.02,74.91301,169.0719949991617,,
2021-04-12,SELL,DIVOPPBEES.NS,3999,36.9,147563.1,73.78155000000001,147658.39044499915,37.69,-2.096
2021-04-12,SELL,JUNIORBEES.NS,419,353.62,148166.78,74.08339,295751.08705499914,357.58,-1.107
2021-04-12,BUY,ITBEES.NS,5500,26.87,147785.0,73.8925,147892.19455499915,,
2021-04-12,BUY,NV20BEES.NS,1812,81.53,147732.36000000002,73.86618000000001,85.96837499912363,,
2021-04-19,SELL,MOM100.NS,6052,24.51,148334.52000000002,74.16726000000001,148346.32111499915,24.78,-1.09
2021-04-19,SELL,CPSEETF.NS,6757,21.71,146694.47,73.347235,294967.44387999916,22.41,-3.124
2021-04-19,BUY,MON100.NS,1421,103.73,147400.33000000002,73.70016500000001,147493.41371499916,,
2021-04-19,BUY,HNGSNGBEES.NS,404,364.07,147084.28,73.54214,335.59157499915455,,
2021-04-26,SELL,MID150BEES.NS,1728,90.09,155675.52000000002,77.83776000000002,155933.27381499918,92.44,-2.542
2021-04-26,BUY,GOLDBEES.NS,3780,41.23,155849.4,77.9247,5.9491149991808925,,
2021-05-10,SELL,ITBEES.NS,5500,26.47,145585.0,72.7925,145518.15661499917,26.87,-1.489
2021-05-10,SELL,NV20BEES.NS,1812,85.87,155596.44,77.79822,301036.7983949992,81.53,5.323
2021-05-10,BUY,MOM100.NS,5711,26.34,150427.74,75.21387,150533.84452499918,,
2021-05-10,BUY,JUNIORBEES.NS,397,378.15,150125.55,75.062775,333.2317499991914,,
2021-05-17,SELL,HNGSNGBEES.NS,404,362.83,146583.32,73.29166000000001,146843.2600899992,364.07,-0.341
2021-05-17,BUY,CPSEETF.NS,5847,25.1,146759.7,73.37985,10.180239999201149,,
2021-05-24,SELL,MON100.NS,1421,97.16,138064.36,69.03218,138005.50805999918,103.73,-6.334
2021-05-24,SELL,MOM100.NS,5711,26.78,152940.58000000002,76.47029,290869.6177699992,26.34,1.67
2021-05-24,BUY,PSUBNKBEES.NS,5567,26.11,145354.37,72.677185,145442.5705849992,,
2021-05-24,BUY,MID150BEES.NS,1494,97.27,145321.38,72.66069,48.529894999199314,,
2021-05-31,SELL,GOLDBEES.NS,3780,42.59,160990.2,80.49510000000001,160958.2347949992,41.23,3.299
2021-05-31,SELL,MID150BEES.NS,1494,97.96,146352.24,73.17612,307237.2986749992,97.27,0.709
2021-05-31,BUY,MOM100.NS,5657,27.14,153530.98,76.76549,153629.5531849992,,
2021-05-31,BUY,BANKBEES.NS,431,356.12,153487.72,76.74386,65.0893249992223,,
2021-06-07,SELL,BANKBEES.NS,431,356.02,153444.62,76.72231,153432.9870149992,356.12,-0.028
2021-06-07,BUY,MID150BEES.NS,1509,101.57,153269.12999999998,76.634565,87.22244999924442,,
2021-06-21,SELL,MID150BEES.NS,1509,101.79,153601.11000000002,76.800555,153611.53189499927,101.57,0.217
2021-06-21,BUY,ITBEES.NS,5336,28.77,153516.72,76.75836,18.053534999256954,,
2021-06-28,SELL,JUNIORBEES.NS,397,403.91,160352.27000000002,80.17613500000002,160290.1473999993,378.15,6.812
2021-06-28,BUY,MID150BEES.NS,1555,102.99,160149.44999999998,80.07472499999999,60.62267499929294,,
2021-07-05,SELL,CPSEETF.NS,5847,26.36,154126.91999999998,77.06345999999999,154110.47921499927,25.1,5.02
2021-07-05,BUY,MON100.NS,1421,108.33,153936.93,76.968465,96.58074999926612,,
2021-07-12,SELL,PSUBNKBEES.NS,5567,27.05,150587.35,75.29367500000001,150608.63707499928,26.11,3.6
2021-07-12,BUY,CONSUMBEES.NS,2169,69.4,150528.6,75.2643,4.772774999262765,,
2021-07-19,SELL,CONSUMBEES.NS,2169,68.98,149617.62,74.80881,149547.58396499927,69.4,-0.605
2021-07-19,BUY,CPSEETF.NS,5722,26.12,149458.64,74.72932000000002,14.214644999243319,,
2021-07-26,SELL,MOM100.NS,5657,28.97,163883.28999999998,81.941645,163815.5629999992,27.14,6.743
2021-07-26,SELL,CPSEETF.NS,5722,25.98,148657.56,74.32878,312398.7942199992,26.12,-0.536
2021-07-26,BUY,DIVOPPBEES.NS,3803,41.05,156113.15,78.056575,156207.58764499924,,
2021-07-26,BUY,NV20BEES.NS,1763,88.53,156078.39,78.039195,51.15844999923138,,
2021-08-02,SELL,MID150BEES.NS,1555,107.5,167162.5,83.58125,167130.07719999924,102.99,4.379
2021-08-02,BUY,MOM100.NS,5624,29.7,167032.8,83.51639999999999,13.760799999261508,,
2021-08-09,SELL,DIVOPPBEES.NS,3803,41.81,159003.43000000002,79.50171500000002,158937.6890849993,41.05,1.851
2021-08-09,BUY,MID150BEES.NS,1498,106.04,158847.92,79.42396000000001,10.345124999294057,,
2021-08-16,SELL,MOM100.NS,5624,28.84,162196.16,81.09808000000001,162125.4070449993,29.7,-2.896
2021-08-16,SELL,MID150BEES.NS,1498,105.12,157469.76,78.73488,319516.4321649993,106.04,-0.868
2021-08-16,BUY,NIFTYBEES.NS,894,178.6,159668.4,79.8342,159768.1979649993,,
2021-08-16,BUY,NIF100BEES.NS,921,173.26,159572.46,79.78623,115.95173499931116,,
2021-08-23,SELL,MON100.NS,1421,111.19,158000.99,79.000495,158037.94123999932,108.33,2.64
2021-08-23,SELL,NIF100BEES.NS,921,172.37,158752.77000000002,79.37638500000001,316711.3348549993,173.26,-0.514
2021-08-23,BUY,DIVOPPBEES.NS,3698,42.8,158274.4,79.13719999999999,158357.79765499933,,
2021-08-23,BUY,CONSUMBEES.NS,2176,72.71,158216.96,79.10848,61.72917499934556,,
2021-08-30,SELL,CONSUMBEES.NS,2176,72.95,158739.2,79.3696,158721.55957499935,72.71,0.33
2021-08-30,BUY,NIF100BEES.NS,899,176.38,158565.62,79.28281,76.65676499935216,,
2021-09-06,SELL,NIFTYBEES.NS,894,187.55,167669.7,83.83485,167662.52191499935,178.6,5.011
2021-09-06,BUY,CONSUMBEES.NS,2191,76.46,167523.86,83.76192999999999,54.89998499935609,,
2021-09-13,SELL,NV20BEES.NS,1763,97.4,171716.2,85.85810000000001,171685.24188499936,88.53,10.019
2021-09-13,BUY,NIFTYBEES.NS,917,187.11,171579.87000000002,85.78993500000001,19.581949999323115,,
2021-09-20,SELL,DIVOPPBEES.NS,3698,45.02,166483.96000000002,83.24198000000001,166420.29996999935,42.8,5.187
2021-09-20,SELL,NIF100BEES.NS,899,182.82,164355.18,82.17759,330693.3023799993,176.38,3.651
2021-09-20,BUY,NV20BEES.NS,1676,98.6,165253.59999999998,82.62679999999999,165357.07557999933,,
2021-09-20,BUY,INFRABEES.NS,326,506.7,165184.19999999998,82.59209999999999,90.2834799993434,,
2021-10-04,SELL,ITBEES.NS,5336,35.78,190922.08000000002,95.46104000000001,190916.90243999937,28.77,24.366
2021-10-04,SELL,NIFTYBEES.NS,917,191.03,175174.51,87.58725500000001,366003.8251849994,187.11,2.095
2021-10-04,SELL,NV20BEES.NS,1676,99.93,167482.68000000002,83.74134000000001,533402.7638449994,98.6,1.349
2021-10-04,BUY,CPSEETF.NS,5730,31.01,177687.30000000002,88.84365000000001,355626.6201949994,,
2021-10-04,BUY,MOM100.NS,5483,32.41,177704.02999999997,88.85201499999998,177833.7381799994,,
2021-10-04,BUY,MID150BEES.NS,1520,116.84,177596.80000000002,88.79840000000002,148.13977999938652,,
2021-10-18,SELL,CONSUMBEES.NS,2191,81.42,178391.22,89.19561,178450.1641699994,76.46,6.487
2021-10-18,BUY,PSUBNKBEES.NS,5777,30.87,178335.99000000002,89.167995,25.006174999376526,,
2021-10-25,SELL,MID150BEES.NS,1520,115.6,175712.0,87.85600000000001,175649.15017499938,116.84,-1.061
2021-10-25,BUY,BANKBEES.NS,423,414.63,175388.49,87.694245,172.96592999939458,,
2021-11-01,SELL,INFRABEES.NS,326,532.95,173741.7,86.87085,173827.7950799994,506.7,5.181
2021-11-01,SELL,MOM100.NS,5483,33.0,180939.0,90.4695,354676.32557999936,32.41,1.82
2021-11-01,BUY,MID150BEES.NS,1517,116.8,177185.6,88.59280000000001,177402.13277999935,,
2021-11-01,BUY,MAFANG.NS,3059,57.94,177238.46,88.61923,75.05354999934207,,
2021-11-08,SELL,CPSEETF.NS,5730,30.55,175051.5,87.52575,175039.02779999934,31.01,-1.483
2021-11-08,SELL,MID150BEES.NS,1517,120.27,182449.59,91.224795,357397.3930049994,116.8,2.971
2021-11-08,BUY,INFRABEES.NS,327,545.76,178463.52,89.23176,178844.6412449994,,
2021-11-08,BUY,MON100.NS,1492,119.71,178607.31999999998,89.30366,148.01758499941207,,
2021-11-15,SELL,BANKBEES.NS,423,389.79,164881.17,82.44058500000001,164946.74699999942,414.63,-5.991
2021-11-15,BUY,CPSEETF.NS,5446,30.27,164850.41999999998,82.42520999999999,13.901789999450557,,
2021-11-22,SELL,INFRABEES.NS,327,526.7,172230.90000000002,86.11545000000001,172158.68633999946,545.76,-3.492
2021-11-22,SELL,CPSEETF.NS,5446,29.18,158914.28,79.45714,330993.50919999945,30.27,-3.601
2021-11-22,BUY,GOLDBEES.NS,3916,42.23,165372.68,82.68634,165538.14285999947,,
2021-11-22,BUY,MOM100.NS,4961,33.34,165399.74000000002,82.69987000000002,55.702989999437705,,
2021-11-29,SELL,MOM100.NS,4961,31.42,155874.62,77.93731,155852.38567999942,33.34,-5.759
2021-11-29,BUY,GILT5YBEES.NS,3155,49.36,155730.8,77.8654,43.720279999426566,,
2021-12-06,SELL,PSUBNKBEES.NS,5777,28.31,163546.87,81.773435,163508.8168449994,30.87,-8.293
2021-12-06,BUY,ITBEES.NS,4573,35.73,163393.28999999998,81.69664499999999,33.83019999944372,,
2021-12-13,SELL,ITBEES.NS,4573,36.83,168423.59,84.211795,168373.20840499943,35.73,3.079
2021-12-13,BUY,PSUBNKBEES.NS,5585,30.13,168276.05,84.138025,13.020379999448778,,
2021-12-20,SELL,PSUBNKBEES.NS,5585,26.93,150404.05,75.20202499999999,150341.86835499943,30.13,-10.621
2021-12-20,SELL,MAFANG.NS,3059,54.13,165583.67,82.791835,315842.74651999946,57.94,-6.576
2021-12-20,BUY,ITBEES.NS,4295,36.75,157841.25,78.920625,157922.57589499946,,
2021-12-20,BUY,LIQUIDBEES.NS,157,1000.0,157000.0,78.5,844.0758949994633,,
2021-12-27,SELL,LIQUIDBEES.NS,157,999.99,156998.43,78.49921499999999,157764.00667999947,1000.0,-0.001
2021-12-27,BUY,NV20BEES.NS,1593,98.95,157627.35,78.813675,57.84300499944948,,
2022-01-03,SELL,GOLDBEES.NS,3916,41.73,163414.68,81.70734,163390.81566499945,42.23,-1.184
2022-01-03,BUY,PHARMABEES.NS,11524,14.17,163295.08,81.64753999999999,14.08812499945634,,
2022-01-10,SELL,MON100.NS,1492,115.06,171669.52,85.83476,171597.77336499945,119.71,-3.884
2022-01-10,SELL,GILT5YBEES.NS,3155,49.18,155162.9,77.58145,326683.0919149994,49.36,-0.365
2022-01-10,BUY,CPSEETF.NS,5212,31.32,163239.84,81.61992,163361.63199499942,,
2022-01-10,BUY,DIVOPPBEES.NS,3522,46.35,163244.7,81.62235000000001,35.309644999419106,,
2022-01-17,SELL,DIVOPPBEES.NS,3522,47.34,166731.48,83.36574,166683.42390499942,46.35,2.136
2022-01-17,SELL,PHARMABEES.NS,11524,13.93,160529.32,80.26466,327132.4792449995,14.17,-1.694
2022-01-17,BUY,NIFTYBEES.NS,825,198.03,163374.75,81.687375,163676.04186999946,,
2022-01-17,BUY,MID150BEES.NS,1338,122.12,163396.56,81.69828,197.7835899994534,,
2022-01-24,SELL,ITBEES.NS,4295,35.73,153460.34999999998,76.73017499999999,153581.40341499943,36.75,-2.776
2022-01-24,SELL,MID150BEES.NS,1338,113.45,151796.1,75.89805,305301.60536499944,122.12,-7.1
2022-01-24,BUY,BANKBEES.NS,409,372.15,152209.34999999998,76.10467499999999,153016.15068999946,,
2022-01-24,BUY,PSUBNKBEES.NS,5272,28.94,152571.68,76.28584,368.1848499994667,,
2022-01-31,SELL,NIFTYBEES.NS,825,187.63,154794.75,77.397375,155085.53747499947,198.03,-5.252
2022-01-31,SELL,NV20BEES.NS,1593,98.34,156655.62,78.32781,311662.8296649995,98.95,-0.616
2022-01-31,BUY,GOLDBEES.NS,3775,41.25,155718.75,77.859375,155866.2202899995,,
2022-01-31,BUY,LIQUIDBEES.NS,155,1000.0,155000.0,77.5,788.7202899995027,,
2022-02-07,SELL,GOLDBEES.NS,3775,41.63,157153.25,78.576625,157863.39366499952,41.25,0.921
2022-02-07,SELL,LIQUIDBEES.NS,155,1000.0,155000.0,77.5,312785.8936649995,1000.0,0.0
2022-02-07,BUY,NV20BEES.NS,1582,98.78,156269.96,78.13498,156437.79868499952,,
2022-02-07,BUY,DIVOPPBEES.NS,3433,45.52,156270.16,78.13508,89.50360499951057,,
2022-02-14,SELL,DIVOPPBEES.NS,3433,44.58,153043.13999999998,76.52157,153056.12203499948,45.52,-2.065
2022-02-14,SELL,NV20BEES.NS,1582,96.64,152884.48,76.44224000000001,305864.1597949995,98.78,-2.166
2022-02-14,BUY,HNGSNGBEES.NS,488,313.05,152768.4,76.38419999999999,153019.37559499952,,
2022-02-14,BUY,NIFTYBEES.NS,837,182.59,152827.83000000002,76.413915,115.13167999949655,,
2022-02-21,SELL,NIFTYBEES.NS,837,186.29,155924.72999999998,77.96236499999999,155961.89931499946,182.59,2.026
2022-02-21,BUY,GOLDBEES.NS,3616,43.1,155849.6,77.9248,34.374514999450184,,
2022-02-28,SELL,PSUBNKBEES.NS,5272,29.1,153415.2,76.70760000000001,153372.86691499947,28.94,0.553
2022-02-28,SELL,BANKBEES.NS,409,364.89,149240.00999999998,74.62000499999999,302538.2569099994,372.15,-1.951
2022-02-28,BUY,GILT5YBEES.NS,3043,49.68,151176.24,75.58812,151286.42878999942,,
2022-02-28,BUY,LIQUIDBEES.NS,151,1000.0,151000.0,75.5,210.92878999942332,,
2022-03-14,SELL,HNGSNGBEES.NS,488,283.06,138133.28,69.06664,138275.14214999942,313.05,-9.58
2022-03-14,BUY,PHARMABEES.NS,10275,13.45,138198.75,69.099375,7.292774999426911,,
2022-03-21,SELL,GILT5YBEES.NS,3043,49.54,150750.22,75.37511,150682.13766499943,49.68,-0.282
2022-03-21,SELL,LIQUIDBEES.NS,151,999.99,150998.49,75.499245,301605.1284199994,1000.0,-0.001
2022-03-21,BUY,ITBEES.NS,4153,36.29,150712.37,75.356185,150817.40223499938,,
2022-03-21,BUY,NV20BEES.NS,1515,99.45,150666.75,75.333375,75.31885999938822,,
2022-03-28,SELL,NV20BEES.NS,1515,100.72,152590.8,76.2954,152589.82345999937,99.45,1.277
2022-03-28,SELL,PHARMABEES.NS,10275,13.63,140048.25,70.024125,292568.0493349994,13.45,1.338
2022-03-28,BUY,GILT5YBEES.NS,2954,49.49,146193.46,73.09673,146301.49260499942,,
2022-03-28,BUY,MON100.NS,1294,112.99,146209.06,73.10453,19.32807499941555,,
2022-04-04,SELL,GILT5YBEES.NS,2954,49.84,147227.36000000002,73.61368,147173.07439499942,49.49,0.707
2022-04-04,BUY,DIVOPPBEES.NS,3147,46.73,147059.31,73.529655,40.23473999943235,,
2022-04-11,SELL,ITBEES.NS,4153,35.8,148677.4,74.3387,148643.29603999943,36.29,-1.35
2022-04-11,SELL,MON100.NS,1294,112.16,145135.04,72.56752,293705.76851999946,112.99,-0.735
2022-04-11,SELL,GOLDBEES.NS,3616,45.22,163515.52,81.75775999999999,457139.5307599994,43.1,4.919
2022-04-11,BUY,JUNIORBEES.NS,328,463.53,152037.84,76.01892,305025.6718399994,,
2022-04-11,BUY,MID150BEES.NS,1278,119.17,152299.26,76.14963,152650.26220999938,,
2022-04-11,BUY,MOM100.NS,4608,33.05,152294.4,76.1472,279.71500999937416,,
2022-04-18,SELL,DIVOPPBEES.NS,3147,45.99,144730.53,72.36526500000001,144937.87974499937,46.73,-1.584
2022-04-18,BUY,MON100.NS,1295,111.81,144793.95,72.39697500000001,71.53276999935042,,
2022-04-25,SELL,MON100.NS,1295,107.71,139484.44999999998,69.74222499999999,139486.24054499934,111.81,-3.667
2022-04-25,BUY,INFRABEES.NS,262,531.59,139276.58000000002,69.63829000000001,140.02225499931956,,
2022-05-02,SELL,MOM100.NS,4608,31.36,144506.88,72.25344,144574.64881499932,33.05,-5.113
2022-05-02,SELL,CPSEETF.NS,5212,35.6,185547.2,92.7736,330029.0752149994,31.32,13.665
2022-05-02,BUY,CONSUMBEES.NS,2150,76.7,164905.0,82.4525,165041.62271499936,,
2022-05-02,BUY,PSUBNKBEES.NS,5508,29.94,164909.52000000002,82.45476000000001,49.647954999352805,,
2022-05-09,SELL,PSUBNKBEES.NS,5508,28.06,154554.47999999998,77.27723999999999,154526.85071499934,29.94,-6.279
2022-05-09,SELL,JUNIORBEES.NS,328,418.7,137333.6,68.66680000000001,291791.78391499934,463.53,-9.671
2022-05-09,SELL,MID150BEES.NS,1278,107.62,137538.36000000002,68.76918,429261.3747349994,119.17,-9.692
2022-05-09,BUY,CPSEETF.NS,3985,35.88,142981.80000000002,71.49090000000001,286208.08383499936,,
2022-05-09,BUY,HNGSNGBEES.NS,469,304.74,142923.06,71.46153,143213.56230499936,,
2022-05-09,BUY,MON100.NS,1386,103.18,143007.48,71.50374000000001,134.57856499936315,,
2022-05-16,SELL,CONSUMBEES.NS,2150,71.54,153811.0,76.9055,153868.67306499937,76.7,-6.728
2022-05-16,SELL,INFRABEES.NS,262,490.54,128521.48000000001,64.26074000000001,282325.8923249994,531.59,-7.722
2022-05-16,SELL,MON100.NS,1386,103.97,144102.42,72.05121000000001,426356.2611149994,103.18,0.766
2022-05-16,BUY,LIQUIDBEES.NS,142,1000.0,142000.0,71.0,284285.2611149994,,
2022-05-16,BUY,GILT5YBEES.NS,2878,49.34,142000.52000000002,71.00026000000001,142213.7408549994,,
2022-05-16,BUY,GOLDBEES.NS,3292,43.14,142016.88,71.00844000000001,125.85241499939002,,
2022-05-23,SELL,HNGSNGBEES.NS,469,295.04,138373.76,69.18688,138430.4255349994,304.74,-3.183
2022-05-23,BUY,CONSUMBEES.NS,1864,74.2,138308.80000000002,69.15440000000001,52.471134999388596,,
2022-06-13,SELL,CONSUMBEES.NS,1864,71.67,133592.88,66.79644,133578.5546949994,74.2,-3.41
2022-06-13,BUY,HNGSNGBEES.NS,439,303.58,133271.62,66.63580999999999,240.29888499938534,,
2022-06-20,SELL,CPSEETF.NS,3985,31.44,125288.40000000001,62.644200000000005,125466.0546849994,35.88,-12.375
2022-06-20,BUY,BANKBEES.NS,380,329.99,125396.2,62.6981,7.156584999407642,,
2022-06-27,SELL,BANKBEES.NS,380,341.4,129731.99999999999,64.866,129674.2905849994,329.99,3.458
2022-06-27,BUY,CONSUMBEES.NS,1764,73.44,129548.15999999999,64.77408,61.35650499940675,,
2022-07-04,SELL,GILT5YBEES.NS,2878,48.81,140475.18,70.23759,140466.2989149994,49.34,-1.074
2022-07-04,SELL,HNGSNGBEES.NS,439,297.94,130795.66,65.39783,271196.5610849994,303.58,-1.858
2022-07-04,SELL,LIQUIDBEES.NS,142,999.99,141998.58,70.99929,413124.14179499936,1000.0,-0.001
2022-07-04,BUY,PSUBNKBEES.NS,5001,27.52,137627.52,68.81376,275427.8080349994,,
2022-07-04,BUY,MAFANG.NS,3477,39.58,137619.66,68.80983,137739.3382049994,,
2022-07-04,BUY,BANKBEES.NS,401,342.74,137438.74,68.71937,231.87883499939926,,
2022-07-11,SELL,GOLDBEES.NS,3292,43.56,143399.52000000002,71.69976000000001,143559.69907499943,43.14,0.974
2022-07-11,BUY,AUTOBEES.NS,1162,123.43,143425.66,71.71283,62.32624499942176,,
2022-07-18,SELL,MAFANG.NS,3477,41.02,142626.54,71.31327,142617.55297499942,39.58,3.638
2022-07-18,SELL,BANKBEES.NS,401,357.55,143377.55000000002,71.688775,285923.4141999994,342.74,4.321
2022-07-18,BUY,JUNIORBEES.NS,343,416.01,142691.43,71.345715,143160.63848499942,,
2022-07-18,BUY,MID150BEES.NS,1304,109.57,142879.28,71.43964,209.91884499942535,,
2022-07-25,SELL,MID150BEES.NS,1304,111.64,145578.56,72.78928,145715.68956499943,109.57,1.889
2022-07-25,BUY,BANKBEES.NS,393,370.3,145527.9,72.76395,115.0256149994384,,
2022-08-08,SELL,BANKBEES.NS,393,386.46,151878.78,75.93939,151917.86622499942,370.3,4.364
2022-08-08,SELL,JUNIORBEES.NS,343,442.15,151657.44999999998,75.82872499999999,303499.4874999994,416.01,6.284
2022-08-08,BUY,MOM100.NS,4597,32.99,151655.03,75.827515,151768.6299849994,,
2022-08-08,BUY,MAFANG.NS,3428,44.24,151654.72,75.82736,38.08262499939883,,
2022-08-16,SELL,CONSUMBEES.NS,1764,84.87,149710.68000000002,74.85534000000001,149673.9072849994,73.44,15.564
2022-08-16,SELL,AUTOBEES.NS,1162,133.62,155266.44,77.63322000000001,304862.7140649994,123.43,8.256
2022-08-16,SELL,MAFANG.NS,3428,45.36,155494.08,77.74704,460279.0470249994,44.24,2.532
2022-08-16,BUY,MID150BEES.NS,1279,119.81,153236.99,76.618495,306965.4385299994,,
2022-08-16,BUY,BANKBEES.NS,386,397.06,153265.16,76.63258,153623.6459499994,,
2022-08-16,BUY,JUNIORBEES.NS,338,452.75,153029.5,76.51475,517.6311999993923,,
2022-08-29,SELL,BANKBEES.NS,386,387.78,149683.08,74.84154,150125.8696599994,397.06,-2.337
2022-08-29,BUY,CPSEETF.NS,4108,36.52,150024.16,75.01208,26.697579999396112,,
2022-09-12,SELL,JUNIORBEES.NS,338,472.03,159546.13999999998,79.77306999999999,159493.06450999939,452.75,4.258
2022-09-12,BUY,BANKBEES.NS,388,410.22,159165.36000000002,79.58268000000001,248.12182999937795,,
2022-09-19,SELL,MID150BEES.NS,1279,122.0,156038.0,78.019,156208.10282999938,119.81,1.828
2022-09-19,BUY,JUNIORBEES.NS,333,468.16,155897.28,77.94864,232.8741899993911,,
2022-09-26,SELL,MOM100.NS,4597,31.94,146828.18,73.41409,146987.64009999938,32.99,-3.183
2022-09-26,SELL,CPSEETF.NS,4108,34.55,141931.4,70.9657,288848.07439999934,36.52,-5.394
2022-09-26,BUY,CONSUMBEES.NS,1685,85.65,144320.25,72.16012500000001,144455.66427499935,,
2022-09-26,BUY,MID150BEES.NS,1229,117.38,144260.02,72.13001,123.51426499936497,,
2022-10-10,SELL,CONSUMBEES.NS,1685,84.73,142770.05000000002,71.38502500000001,142822.1792399994,85.65,-1.074
2022-10-10,SELL,BANKBEES.NS,388,395.58,153485.04,76.74252,296230.4767199994,410.22,-3.569
2022-10-10,SELL,JUNIORBEES.NS,333,447.16,148904.28,74.45214,445060.3045799994,468.16,-4.486
2022-10-10,BUY,SILVERBEES.NS,2545,58.25,148246.25,74.123125,296739.9314549994,,
2022-10-10,BUY,PHARMABEES.NS,11250,13.18,148275.0,74.1375,148390.79395499936,,
2022-10-10,BUY,CPSEETF.NS,4104,36.13,148277.52000000002,74.13876,39.135194999340456,,
2022-10-17,SELL,CPSEETF.NS,4104,36.23,148687.91999999998,74.34396,148652.71123499933,36.13,0.277
2022-10-17,SELL,MID150BEES.NS,1229,118.69,145870.01,72.935005,294449.7862299993,117.38,1.116
2022-10-17,BUY,BANKBEES.NS,364,403.65,146928.6,73.46430000000001,147447.72192999933,,
2022-10-17,BUY,LIQUIDBEES.NS,147,999.99,146998.53,73.499265,375.6926649993402,,
2022-10-24,SELL,LIQUIDBEES.NS,147,999.99,146998.53,73.499265,147300.72339999935,999.99,0.0
2022-10-24,BUY,ITBEES.NS,4968,29.63,147201.84,73.60092,25.28247999935411,,
2022-11-07,SELL,BANKBEES.NS,364,421.16,153302.24000000002,76.65112,153250.87135999938,403.65,4.338
2022-11-07,BUY,CPSEETF.NS,3941,38.86,153147.26,76.57363000000001,27.03772999937064,,
2022-11-14,SELL,CPSEETF.NS,3941,38.03,149876.23,74.93811500000001,149828.32961499938,38.86,-2.136
2022-11-14,SELL,PHARMABEES.NS,11250,13.16,148050.0,74.025,297804.3046149994,13.18,-0.152
2022-11-14,BUY,GOLDBEES.NS,3320,44.82,148802.4,74.4012,148927.5034149994,,
2022-11-14,BUY,NV20BEES.NS,1450,102.57,148726.5,74.36325000000001,126.64016499940772,,
2022-11-21,SELL,GOLDBEES.NS,3320,44.8,148736.0,74.368,148788.27216499942,44.82,-0.045
2022-11-21,SELL,NV20BEES.NS,1450,101.81,147624.5,73.81225,296338.95991499943,102.57,-0.741
2022-11-21,BUY,BANKBEES.NS,345,428.05,147677.25,73.83862500000001,148587.87128999943,,
2022-11-21,BUY,CPSEETF.NS,3899,37.98,148084.02,74.04200999999999,429.8092799994338,,
2022-11-28,SELL,SILVERBEES.NS,2545,61.44,156364.8,78.1824,156716.42687999943,58.25,5.476
2022-11-28,BUY,NV20BEES.NS,1505,104.07,156625.34999999998,78.31267499999998,12.764204999461072,,
2022-12-05,SELL,CPSEETF.NS,3899,39.27,153113.73,76.556865,153049.93733999948,37.98,3.397
2022-12-05,SELL,NV20BEES.NS,1505,105.71,159093.55,79.546775,312063.9405649995,104.07,1.576
2022-12-05,BUY,SILVERBEES.NS,2395,65.11,155938.45,77.96922500000001,156047.52133999945,,
2022-12-05,BUY,INFRABEES.NS,274,567.12,155390.88,77.69544,578.9458999994386,,
2022-12-12,SELL,ITBEES.NS,4968,30.27,150381.36,75.19068,150885.11521999942,29.63,2.16
2022-12-12,BUY,HNGSNGBEES.NS,537,280.78,150778.86,75.38942999999999,30.86578999942867,,
2022-12-19,SELL,BANKBEES.NS,345,439.14,151503.3,75.75165,151458.41413999943,428.05,2.591
2022-12-19,BUY,GOLDBEES.NS,3261,46.42,151375.62,75.68781,7.106329999427544,,
2022-12-26,SELL,INFRABEES.NS,274,544.96,149319.04,74.65952,149251.48680999945,567.12,-3.907
2022-12-26,BUY,MAFANG.NS,3952,37.74,149148.48,74.57424,28.432569999451516,,
2023-01-09,SELL,MAFANG.NS,3952,36.83,145552.16,72.77608000000001,145507.81648999944,37.74,-2.411
2023-01-09,BUY,MOM100.NS,4341,33.5,145423.5,72.71175,11.604739999456797,,
2023-01-16,SELL,MOM100.NS,4341,33.2,144121.2,72.06060000000001,144060.74413999947,33.5,-0.896
2023-01-16,BUY,LTGILTBEES.NS,6233,23.1,143982.30000000002,71.99115,6.4529899994668085,,
2023-01-23,SELL,LTGILTBEES.NS,6233,23.16,144356.28,72.17814,144290.55484999946,23.1,0.26
2023-01-23,BUY,CPSEETF.NS,3685,39.13,144194.05000000002,72.09702500000002,24.407824999449076,,
2023-01-30,SELL,PSUBNKBEES.NS,5001,42.59,212992.59000000003,106.49629500000002,212910.50152999948,27.52,54.76
2023-01-30,SELL,CPSEETF.NS,3685,37.66,138777.09999999998,69.38855,351618.2129799995,39.13,-3.757
2023-01-30,BUY,MAFANG.NS,4101,42.84,175686.84000000003,87.84342000000001,175843.52955999947,,
2023-01-30,BUY,GILT5YBEES.NS,3471,50.62,175702.02,87.85101,53.65854999946896,,
2023-02-06,SELL,GILT5YBEES.NS,3471,50.89,176639.19,88.319595,176604.52895499946,50.62,0.533
2023-02-06,BUY,MON100.NS,1761,100.22,176487.41999999998,88.24371,28.865244999469724,,
2023-02-13,SELL,GOLDBEES.NS,3261,48.67,158712.87,79.356435,158662.37880999947,46.42,4.847
2023-02-13,SELL,SILVERBEES.NS,2395,65.62,157159.90000000002,78.57995000000001,315743.6988599995,65.11,0.783
2023-02-13,BUY,ITBEES.NS,4991,31.61,157765.51,78.882755,157899.30610499947,,
2023-02-13,BUY,AUTOBEES.NS,1189,132.67,157744.62999999998,78.87231499999999,75.80378999951063,,
2023-02-20,SELL,AUTOBEES.NS,1189,132.96,158089.44,79.04472,158086.1990699995,132.67,0.219
2023-02-20,SELL,HNGSNGBEES.NS,537,297.52,159768.24,79.88412,317774.5549499995,280.78,5.962
2023-02-20,BUY,DIVOPPBEES.NS,3183,49.89,158799.87,79.399935,158895.2850149995,,
2023-02-20,BUY,NV20BEES.NS,1481,107.16,158703.96,79.35198,111.97303499950795,,
2023-02-27,SELL,DIVOPPBEES.NS,3183,48.55,154534.65,77.267325,154569.3557099995,49.89,-2.686
2023-02-27,BUY,CPSEETF.NS,3918,39.43,154486.74,77.24337,5.3723399995069485,,
2023-03-13,SELL,NV20BEES.NS,1481,104.15,154246.15,77.123075,154174.3992649995,107.16,-2.809
2023-03-13,BUY,GILT5YBEES.NS,3019,51.03,154059.57,77.029785,37.79947999949218,,
2023-03-20,SELL,GILT5YBEES.NS,3019,51.16,154452.03999999998,77.22601999999999,154412.61345999947,51.03,0.255
2023-03-20,SELL,ITBEES.NS,4991,29.53,147384.23,73.692115,301723.15134499944,31.61,-6.58
2023-03-20,BUY,GOLDBEES.NS,2961,50.91,150744.50999999998,75.372255,150903.26908999946,,
2023-03-20,BUY,LTGILTBEES.NS,6435,23.43,150772.05,75.38602499999999,55.833064999460476,,
2023-03-27,SELL,GOLDBEES.NS,2961,50.4,149234.4,74.6172,149215.61586499945,50.91,-1.002
2023-03-27,BUY,GILT5YBEES.NS,2906,51.32,149135.92,74.56796000000001,5.127904999448219,,
2023-04-03,SELL,GILT5YBEES.NS,2906,51.39,149339.34,74.66967,149269.79823499944,51.32,0.136
2023-04-03,SELL,LTGILTBEES.NS,6435,23.46,150965.1,75.48255,300159.41568499943,23.43,0.128
2023-04-03,BUY,SILVERBEES.NS,2131,70.39,150001.09,75.000545,150083.32513999945,,
2023-04-03,BUY,GOLDBEES.NS,2952,50.8,149961.6,74.9808,46.74433999945177,,
2023-04-24,SELL,MON100.NS,1761,103.67,182562.87,91.281435,182518.33290499944,100.22,3.442
2023-04-24,SELL,CPSEETF.NS,3918,41.07,160912.26,80.45613,343350.13677499944,39.43,4.159
2023-04-24,BUY,PSUBNKBEES.NS,3898,44.01,171550.97999999998,85.77548999999999,171713.38128499946,,
2023-04-24,BUY,BANKBEES.NS,398,431.09,171573.81999999998,85.78690999999999,53.77437499948428,,
2023-05-02,SELL,PSUBNKBEES.NS,3898,46.33,180594.34,90.29717,180557.81720499948,44.01,5.272
2023-05-02,SELL,BANKBEES.NS,398,437.85,174264.30000000002,87.13215000000001,354734.9850549995,431.09,1.568
2023-05-02,BUY,MON100.NS,1686,105.11,177215.46,88.60773,177430.9173249995,,
2023-05-02,BUY,PHARMABEES.NS,13937,12.72,177278.64,88.63932000000001,63.638004999491386,,
2023-05-08,SELL,MON100.NS,1686,104.74,176591.63999999998,88.29581999999999,176566.98218499948,105.11,-0.352
2023-05-08,BUY,PSUBNKBEES.NS,3877,45.51,176442.27,88.22113499999999,36.491049999487586,,
2023-05-15,SELL,PSUBNKBEES.NS,3877,44.41,172177.56999999998,86.08878499999999,172127.97226499947,45.51,-2.417
2023-05-15,SELL,GOLDBEES.NS,2952,52.28,154330.56,77.16528,326381.3669849995,50.8,2.913
2023-05-15,SELL,PHARMABEES.NS,13937,12.63,176024.31,88.012155,502317.6648299995,12.72,-0.708
2023-05-15,SELL,SILVERBEES.NS,2131,71.83,153069.73,76.53486500000001,655310.8599649995,70.39,2.046
2023-05-15,BUY,AUTOBEES.NS,1155,141.66,163617.3,81.80865,491611.75131499954,,
2023-05-15,BUY,BANKBEES.NS,367,445.19,163384.73,81.69236500000001,328145.32894999953,,
2023-05-15,BUY,CONSUMBEES.NS,1920,85.24,163660.8,81.8304,164402.69854999954,,
2023-05-15,BUY,MOM100.NS,4738,34.56,163745.28,81.87264,575.5459099995496,,
2023-05-22,SELL,CONSUMBEES.NS,1920,84.45,162144.0,81.072,162638.47390999956,85.24,-0.927
2023-05-22,SELL,MOM100.NS,4738,34.68,164313.84,82.15692,326870.1569899996,34.56,0.347
2023-05-22,BUY,CPSEETF.NS,3848,42.45,163347.6,81.6738,163440.8831899996,,
2023-05-22,BUY,PSUBNKBEES.NS,3705,44.08,163316.4,81.6582,42.82498999958625,,
2023-05-29,SELL,PSUBNKBEES.NS,3705,44.59,165205.95,82.602975,165166.1720149996,44.08,1.157
2023-05-29,SELL,CPSEETF.NS,3848,42.41,163193.68,81.59684,328278.2551749996,42.45,-0.094
2023-05-29,SELL,BANKBEES.NS,367,449.93,165124.31,82.562155,493320.0030199996,445.19,1.065
2023-05-29,BUY,MOM100.NS,4609,35.66,164356.93999999997,82.17846999999999,328880.8845499996,,
2023-05-29,BUY,JUNIORBEES.NS,370,443.11,163950.7,81.97535,164848.2091999996,,
2023-05-29,BUY,MID150BEES.NS,1283,128.09,164339.47,82.169735,426.5694649996003,,
2023-06-05,SELL,JUNIORBEES.NS,370,449.08,166159.6,83.0798,166503.0896649996,443.11,1.347
2023-06-05,SELL,MID150BEES.NS,1283,130.17,167008.11,83.504055,333427.6956099996,128.09,1.624
2023-06-05,BUY,MON100.NS,1433,116.22,166543.26,83.27163,166801.16397999958,,
2023-06-05,BUY,CONSUMBEES.NS,1886,88.31,166552.66,83.27633,165.22764999957872,,
2023-06-12,SELL,CONSUMBEES.NS,1886,88.33,166590.38,83.29519,166672.31245999958,88.31,0.023
2023-06-12,BUY,JUNIORBEES.NS,367,453.62,166478.54,83.23927,110.53318999957992,,
2023-06-19,SELL,MOM100.NS,4609,37.38,172284.42,86.14221,172308.8109799996,35.66,4.823
2023-06-19,BUY,MID150BEES.NS,1276,134.91,172145.16,86.07258,77.57839999959106,,
2023-06-26,SELL,JUNIORBEES.NS,367,455.07,167010.69,83.505345,167004.76305499958,453.62,0.32
2023-06-26,BUY,MOM100.NS,4490,37.17,166893.30000000002,83.44665,28.016404999565566,,
2023-07-03,SELL,MID150BEES.NS,1276,137.13,174977.88,87.48894,174918.40746499956,134.91,1.646
2023-07-03,BUY,PHARMABEES.NS,12705,13.76,174820.8,87.4104,10.197064999578288,,
2023-07-10,SELL,MON100.NS,1433,120.62,172848.46000000002,86.42423000000001,172772.2328349996,116.22,3.786
2023-07-10,BUY,PSUBNKBEES.NS,3507,49.24,172684.68,86.34234,1.2104949995991774,,
2023-07-17,SELL,MOM100.NS,4490,38.85,174436.5,87.21825,174350.4922449996,37.17,4.52
2023-07-17,BUY,MON100.NS,1404,124.08,174208.32,87.10416000000001,55.068084999598796,,
2023-07-24,SELL,MON100.NS,1404,122.74,172326.96,86.16347999999999,172295.8646049996,124.08,-1.08
2023-07-24,BUY,INFRABEES.NS,280,614.73,172124.4,86.0622,85.40240499962238,,
2023-07-31,SELL,AUTOBEES.NS,1155,158.81,183425.55,91.712775,183419.23962999962,141.66,12.106
2023-07-31,SELL,INFRABEES.NS,280,631.03,176688.4,88.3442,360019.2954299996,614.73,2.652
2023-07-31,SELL,MAFANG.NS,4101,65.71,269476.70999999996,134.73835499999998,629361.2670749996,42.84,53.385
2023-07-31,BUY,MOM100.NS,5244,39.98,209655.12,104.82756,419601.31951499963,,
2023-07-31,BUY,MON100.NS,1663,126.04,209604.52000000002,104.80226000000002,209891.99725499962,,
2023-07-31,BUY,CPSEETF.NS,4394,47.71,209637.74,104.81887,149.4383849996375,,
2023-08-07,SELL,MON100.NS,1663,123.3,205047.9,102.52395,205094.81443499963,126.04,-2.174
2023-08-07,BUY,MID150BEES.NS,1415,144.82,204920.3,102.46015,72.05428499964182,,
2023-08-28,SELL,PSUBNKBEES.NS,3507,50.78,178085.46,89.04272999999999,178068.47155499965,49.24,3.128
2023-08-28,BUY,SILVERBEES.NS,2455,72.48,177938.40000000002,88.96920000000001,41.10235499963164,,
2023-09-04,SELL,SILVERBEES.NS,2455,72.43,177815.65000000002,88.90782500000002,177767.84452999965,72.48,-0.069
2023-09-04,BUY,ITBEES.NS,5253,33.82,177656.46,88.82822999999999,22.556299999647308,,
2023-09-11,SELL,ITBEES.NS,5253,34.28,180072.84,90.03642,180005.35987999965,33.82,1.36
2023-09-11,BUY,INFRABEES.NS,275,652.19,179352.25000000003,89.67612500000001,563.4337549996271,,
2023-09-18,SELL,INFRABEES.NS,275,652.27,179374.25,89.68712500000001,179847.99662999963,652.19,0.012
2023-09-18,SELL,PHARMABEES.NS,12705,15.76,200230.8,100.1154,379978.68122999964,13.76,14.535
2023-09-18,BUY,ITBEES.NS,5453,34.82,189873.46,94.93673,190010.28449999966,,
2023-09-18,BUY,PSUBNKBEES.NS,3269,58.08,189863.52,94.93176,51.83273999966332,,
2023-10-03,SELL,ITBEES.NS,5453,33.35,181857.55000000002,90.92877500000002,181818.45396499967,34.82,-4.222
2023-10-03,BUY,DIVOPPBEES.NS,3138,57.9,181690.19999999998,90.84509999999999,37.40886499968474,,
2023-10-16,SELL,MOM100.NS,5244,43.22,226645.68,113.32284,226569.76602499967,39.98,8.104
2023-10-16,SELL,MID150BEES.NS,1415,155.43,219933.45,109.96672500000001,446393.2492999997,144.82,7.326
2023-10-16,BUY,AUTOBEES.NS,1329,167.83,223046.07,111.52303500000001,223235.65626499968,,
2023-10-16,BUY,INFRABEES.NS,340,654.68,222591.19999999998,111.2956,533.1606649996829,,
2023-10-30,SELL,INFRABEES.NS,340,634.89,215862.6,107.93130000000001,216287.8293649997,654.68,-3.023
2023-10-30,SELL,DIVOPPBEES.NS,3138,56.99,178834.62,89.41731,395033.0320549997,57.9,-1.572
2023-10-30,BUY,GOLDBEES.NS,3795,52.02,197415.90000000002,98.70795000000001,197518.4241049997,,
2023-10-30,BUY,GILT5YBEES.NS,3716,53.12,197393.91999999998,98.69695999999999,25.807144999707816,,
2023-11-06,SELL,AUTOBEES.NS,1329,164.52,218647.08000000002,109.32354000000001,218563.5636049997,167.83,-1.972
2023-11-06,BUY,LTGILTBEES.NS,8967,24.36,218436.12,109.21806,18.225544999702834,,
2023-11-13,SELL,PSUBNKBEES.NS,3269,57.39,187607.91,93.803955,187532.3315899997,58.08,-1.188
2023-11-13,SELL,LTGILTBEES.NS,8967,24.43,219063.81,109.531905,406486.6096849997,24.36,0.287
2023-11-13,SELL,GOLDBEES.NS,3795,50.93,193279.35,96.63967500000001,599669.3200099997,52.02,-2.095
2023-11-13,SELL,GILT5YBEES.NS,3716,53.41,198471.56,99.23578,798041.6442299997,53.12,0.546
2023-11-13,BUY,MAFANG.NS,3065,65.05,199378.25,99.689125,598563.7051049997,,
2023-11-13,BUY,INFRABEES.NS,304,655.09,199147.36000000002,99.57368000000001,399316.7714249997,,
2023-11-13,BUY,MID150BEES.NS,1274,156.52,199406.48,99.70324000000001,199810.58818499968,,
2023-11-13,BUY,DIVOPPBEES.NS,3376,59.05,199352.8,99.6764,358.1117849996954,,
2023-11-20,SELL,INFRABEES.NS,304,665.93,202442.71999999997,101.22135999999999,202699.61042499967,655.09,1.655
2023-11-20,SELL,DIVOPPBEES.NS,3376,60.51,204281.75999999998,102.14088,406879.22954499966,59.05,2.472
2023-11-20,SELL,MID150BEES.NS,1274,159.73,203496.02,101.74801,610273.5015349996,156.52,2.051
2023-11-20,BUY,MON100.NS,1584,128.29,203211.36,101.60567999999999,406960.53585499956,,
2023-11-20,BUY,GOLDBEES.NS,3935,51.66,203282.09999999998,101.64104999999999,203576.79480499958,,
2023-11-20,BUY,PHARMABEES.NS,12675,16.04,203307.0,101.65350000000001,168.14130499958992,,
2023-11-28,SELL,PHARMABEES.NS,12675,16.14,204574.5,102.28725,204640.3540549996,16.04,0.623
2023-11-28,BUY,AUTOBEES.NS,1172,174.49,204502.28,102.25114,35.82291499958956,,
2023-12-04,SELL,MON100.NS,1584,129.73,205492.31999999998,102.74615999999999,205425.39675499956,128.29,1.122
2023-12-04,BUY,SILVERBEES.NS,2732,75.15,205309.80000000002,102.65490000000001,12.941854999546194,,
2023-12-11,SELL,AUTOBEES.NS,1172,181.05,212190.6,106.09530000000001,212097.44655499957,174.49,3.76
2023-12-11,SELL,GOLDBEES.NS,3935,52.02,204698.7,102.34935,416693.7972049996,51.66,0.697
2023-12-11,SELL,MAFANG.NS,3065,69.01,211515.65000000002,105.75782500000001,628103.6893799996,65.05,6.088
2023-12-11,SELL,SILVERBEES.NS,2732,70.35,192196.19999999998,96.09809999999999,820203.7912799997,75.15,-6.387
2023-12-11,BUY,JUNIORBEES.NS,376,543.84,204483.84000000003,102.24192000000002,615617.7093599996,,
2023-12-11,BUY,INFRABEES.NS,282,724.68,204359.75999999998,102.17988,411155.76947999967,,
2023-12-11,BUY,DIVOPPBEES.NS,3159,64.86,204892.74,102.44637,206160.5831099997,,
2023-12-11,BUY,MOM100.NS,4300,47.66,204937.99999999997,102.469,1120.114109999704,,
2023-12-18,SELL,INFRABEES.NS,282,747.2,210710.40000000002,105.35520000000001,211725.15890999974,724.68,3.108
2023-12-18,BUY,PSUBNKBEES.NS,3317,63.78,211558.26,105.77913000000001,61.11977999971714,,
2023-12-26,SELL,PSUBNKBEES.NS,3317,61.99,205620.83000000002,102.810415,205579.13936499972,63.78,-2.807
2023-12-26,SELL,MOM100.NS,4300,48.18,207174.0,103.587,412649.5523649997,47.66,1.091
2023-12-26,BUY,MAFANG.NS,2838,72.64,206152.32,103.07616,206394.15620499972,,
2023-12-26,BUY,ITBEES.NS,5491,37.55,206187.05,103.093525,104.01267999972333,,
2024-01-01,SELL,ITBEES.NS,5491,37.68,206900.88,103.45044,206901.44223999974,37.55,0.346
2024-01-01,SELL,MAFANG.NS,2838,73.02,207230.75999999998,103.61537999999999,414028.5868599997,72.64,0.523
2024-01-01,BUY,INFRABEES.NS,273,757.41,206772.93,103.386465,207152.2703949997,,
2024-01-01,BUY,MOM100.NS,4180,49.5,206910.0,103.455,138.81539499972132,,
2024-01-15,SELL,MOM100.NS,4180,51.0,213180.0,106.59,213212.22539499972,49.5,3.03
2024-01-15,BUY,PSUBNKBEES.NS,3244,65.68,213065.92,106.53296,39.772434999700636,,
2024-01-23,SELL,DIVOPPBEES.NS,3159,69.02,218034.18,109.01709,217964.93534499969,64.86,6.414
2024-01-23,BUY,ITBEES.NS,5636,38.65,217831.4,108.9157,24.619644999678712,,
2024-01-29,SELL,PSUBNKBEES.NS,3244,67.29,218288.76,109.14438000000001,218204.23526499968,65.68,2.451
2024-01-29,SELL,JUNIORBEES.NS,376,585.04,219975.03999999998,109.98751999999999,438069.28774499963,543.84,7.576
2024-01-29,BUY,MAFANG.NS,2884,75.91,218924.44,109.46222,219035.38552499964,,
2024-01-29,BUY,MON100.NS,1545,141.65,218849.25,109.424625,76.71089999962715,,
2024-02-05,SELL,MON100.NS,1545,141.81,219096.45,109.548225,219063.61267499963,141.65,0.113
2024-02-05,SELL,MAFANG.NS,2884,78.58,226624.72,113.31236,445575.0203149996,75.91,3.517
2024-02-05,BUY,PSUBNKBEES.NS,3047,73.06,222613.82,111.30691,222849.8934049996,,
2024-02-05,BUY,DIVOPPBEES.NS,3035,73.36,222647.6,111.3238,90.96960499958368,,
2024-02-12,SELL,DIVOPPBEES.NS,3035,72.21,219157.34999999998,109.57867499999999,219138.74092999956,73.36,-1.568
2024-02-12,SELL,ITBEES.NS,5636,40.19,226510.84,113.25542,445536.32550999953,38.65,3.984
2024-02-12,BUY,PHARMABEES.NS,11724,18.99,222638.75999999998,111.31938,222786.24612999955,,
2024-02-12,BUY,JUNIORBEES.NS,371,599.64,222466.44,111.23322,208.57290999955148,,
2024-02-19,SELL,INFRABEES.NS,273,842.19,229917.87000000002,114.95893500000001,230011.48397499957,757.41,11.193
2024-02-19,SELL,JUNIORBEES.NS,371,624.16,231563.36,115.78168,461459.0622949996,599.64,4.089
2024-02-19,BUY,MAFANG.NS,2798,82.4,230555.2,115.2776,230788.5846949996,,
2024-02-19,BUY,AUTOBEES.NS,1107,208.25,230532.75,115.266375,140.56831999958376,,
2024-02-26,SELL,PHARMABEES.NS,11724,19.29,226155.96,113.07798,226183.45033999957,18.99,1.58
2024-02-26,BUY,INFRABEES.NS,266,848.61,225730.26,112.86513000000001,340.3252099995734,,
2024-03-04,SELL,INFRABEES.NS,266,865.38,230191.08,115.09554,230416.30966999955,848.61,1.976
2024-03-04,BUY,PHARMABEES.NS,11932,19.3,230287.6,115.1438,13.565869999554707,,
2024-03-11,SELL,PHARMABEES.NS,11932,19.57,233509.24,116.75462,233406.05124999955,19.3,1.399
2024-03-11,BUY,JUNIORBEES.NS,363,642.49,233223.87,116.611935,65.56931499956409,,
2024-03-18,SELL,JUNIORBEES.NS,363,621.81,225717.02999999997,112.85851499999998,225669.74079999953,642.49,-3.219
2024-03-18,BUY,PHARMABEES.NS,11778,19.15,225548.69999999998,112.77435,8.266449999558972,,
2024-03-26,SELL,PSUBNKBEES.NS,3047,76.37,232699.39,116.34969500000001,232591.30675499956,73.06,4.531
2024-03-26,SELL,CPSEETF.NS,4394,78.89,346642.66,173.32133,579060.6454249995,47.71,65.353
2024-03-26,SELL,PHARMABEES.NS,11778,19.12,225195.36000000002,112.59768000000001,804143.4077449995,19.15,-0.157
2024-03-26,BUY,HNGSNGBEES.NS,1105,242.41,267863.05,133.931525,536146.4262199996,,
2024-03-26,BUY,JUNIORBEES.NS,422,634.45,267737.9,133.86895,268274.65726999956,,
2024-03-26,BUY,MON100.NS,1789,149.71,267831.19,133.915595,309.5516749995295,,
2024-04-01,SELL,HNGSNGBEES.NS,1105,248.97,275111.85,137.555925,275283.8457499995,242.41,2.706
2024-04-01,BUY,GOLDBEES.NS,4717,58.32,275095.44,137.54772,50.85802999953739,,
2024-04-08,SELL,MON100.NS,1789,148.31,265326.59,132.663295,265244.7847349996,149.71,-0.935
2024-04-08,BUY,SILVERBEES.NS,3292,80.53,265104.76,132.55238,7.472354999568779,,
2024-04-15,SELL,JUNIORBEES.NS,422,660.53,278743.66,139.37183,278611.7605249995,634.45,4.111
2024-04-15,BUY,HNGSNGBEES.NS,1078,258.14,278274.92,139.13746,197.70306499954313,,
2024-04-22,SELL,HNGSNGBEES.NS,1078,255.25,275159.5,137.57975,275219.62331499957,258.14,-1.12
2024-04-22,BUY,JUNIORBEES.NS,412,667.39,274964.68,137.48234,117.46097499958705,,
2024-04-29,SELL,AUTOBEES.NS,1107,224.43,248444.01,124.22200500000001,248437.2489699996,208.25,7.77
2024-04-29,BUY,HNGSNGBEES.NS,937,264.81,248126.97,124.063485,186.215484999615,,
2024-05-13,SELL,GOLDBEES.NS,4717,61.15,288444.55,144.222275,288486.54320999957,58.32,4.853
2024-05-13,SELL,JUNIORBEES.NS,412,685.45,282405.4,141.20270000000002,570750.7405099996,667.39,2.706
2024-05-13,BUY,CPSEETF.NS,3374,84.52,285170.48,142.58524,285437.6752699996,,
2024-05-13,BUY,AUTOBEES.NS,1249,228.29,285134.20999999996,142.567105,160.89816499961307,,
2024-05-21,SELL,AUTOBEES.NS,1249,237.47,296600.02999999997,148.300015,296612.6281499996,228.29,4.021
2024-05-21,SELL,MAFANG.NS,2798,95.58,267432.83999999997,133.71642,563911.7517299996,82.4,15.995
2024-05-21,BUY,JUNIORBEES.NS,387,726.45,281136.15,140.56807500000002,282635.0336549995,,
2024-05-21,BUY,GOLDBEES.NS,4499,62.63,281772.37,140.886185,721.7774699995061,,
2024-05-27,SELL,GOLDBEES.NS,4499,61.0,274439.0,137.2195,275023.5579699995,62.63,-2.603
2024-05-27,BUY,AUTOBEES.NS,1133,242.61,274877.13,137.438565,8.989404999476392,,
2024-06-10,SELL,CPSEETF.NS,3374,90.42,305077.08,152.53854,304933.5308649995,84.52,6.981
2024-06-10,BUY,CONSUMBEES.NS,2495,122.13,304714.35,152.35717499999998,66.8236899995245,,
2024-06-18,SELL,CONSUMBEES.NS,2495,124.01,309404.95,154.70247500000002,309317.07121499954,122.13,1.539
2024-06-18,SELL,SILVERBEES.NS,3292,86.26,283967.92000000004,141.98396000000002,593143.0072549996,80.53,7.115
2024-06-18,BUY,MON100.NS,1829,162.02,296334.58,148.16729,296660.25996499957,,
2024-06-18,BUY,MID150BEES.NS,1388,213.45,296268.6,148.1343,243.5256649996154,,
2024-06-24,SELL,JUNIORBEES.NS,387,761.94,294870.78,147.43539,294966.87027499964,726.45,4.885
2024-06-24,BUY,SILVERBEES.NS,3389,86.99,294809.11,147.404555,10.355719999643043,,
2024-07-01,SELL,MON100.NS,1829,161.94,296188.26,148.09413,296050.52158999967,162.02,-0.049
2024-07-01,SELL,SILVERBEES.NS,3389,85.58,290030.62,145.01531,585936.1262799997,86.99,-1.621
2024-07-01,SELL,HNGSNGBEES.NS,937,305.07,285850.58999999997,142.92529499999998,871643.7909849996,264.81,15.203
2024-07-01,BUY,JUNIORBEES.NS,378,767.87,290254.86,145.12743,581243.8035549996,,
2024-07-01,BUY,CPSEETF.NS,3091,93.94,290368.54,145.18427,290730.07928499964,,
2024-07-01,BUY,MOM100.NS,4827,60.15,290344.05,145.172025,240.85725999966962,,
2024-07-08,SELL,JUNIORBEES.NS,378,783.92,296321.76,148.16088000000002,296414.4563799997,767.87,2.09
2024-07-08,BUY,ITBEES.NS,7364,40.23,296253.72,148.12686,12.609519999707118,,
2024-07-15,SELL,AUTOBEES.NS,1133,258.91,293345.03,146.672515,293210.96700499975,242.61,6.719
2024-07-15,BUY,MON100.NS,1734,168.93,292924.62,146.46231,139.88469499978237,,
2024-07-22,SELL,MON100.NS,1734,161.76,280491.83999999997,140.24591999999998,280491.47877499973,168.93,-4.244
2024-07-22,SELL,CPSEETF.NS,3091,99.59,307832.69,153.916345,588170.2524299998,93.94,6.014
2024-07-22,SELL,MID150BEES.NS,1388,215.55,299183.4,149.5917,887204.0607299998,213.45,0.984
2024-07-22,BUY,NV20BEES.NS,1866,158.33,295443.78,147.72189000000003,591612.5588399998,,
2024-07-22,BUY,DIVOPPBEES.NS,3505,84.33,295576.64999999997,147.788325,295888.1205149999,,
2024-07-22,BUY,NIFTYBEES.NS,1084,272.45,295335.8,147.6679,404.65261499991175,,
2024-07-29,SELL,NIFTYBEES.NS,1084,276.68,299921.12,149.96056,300175.81205499993,272.45,1.553
2024-07-29,BUY,CPSEETF.NS,2921,102.7,299986.7,149.99335000000002,39.11870499991346,,
2024-08-05,SELL,MOM100.NS,4827,60.19,290537.13,145.268565,290430.98013999994,60.15,0.067
2024-08-05,BUY,PHARMABEES.NS,13046,22.25,290273.5,145.13675,12.343389999936335,,
2024-08-26,SELL,CPSEETF.NS,2921,103.63,302703.23,151.35161499999998,302564.2217749999,102.7,0.906
2024-08-26,BUY,CONSUMBEES.NS,2273,133.03,302377.19,151.188595,35.8431799999089,,
2024-09-09,SELL,DIVOPPBEES.NS,3505,86.46,303042.3,151.52115,302926.6220299999,84.33,2.526
2024-09-09,SELL,NV20BEES.NS,1866,161.11,300631.26,150.31563,603407.5663999999,158.33,1.756
2024-09-09,BUY,MOM100.NS,4825,62.49,301514.25,150.757125,301742.5592749999,,
2024-09-09,BUY,MID150BEES.NS,1355,222.47,301446.85,150.723425,144.9858499999391,,
2024-09-16,SELL,MID150BEES.NS,1355,229.08,310403.4,155.20170000000002,310393.18415,222.47,2.971
2024-09-16,BUY,SILVERBEES.NS,3597,86.24,310205.27999999997,155.10263999999998,32.801510000019334,,
2024-09-23,SELL,MOM100.NS,4825,65.01,313673.25,156.836625,313549.214885,62.49,4.033
2024-09-23,SELL,ITBEES.NS,7364,44.94,330938.16,165.46908,644321.905805,40.23,11.708
2024-09-23,BUY,GOLDBEES.NS,5126,62.81,321964.06,160.98203,322196.863775,,
2024-09-23,BUY,BANKBEES.NS,578,556.57,321697.46,160.84873000000002,338.5550449999282,,
2024-09-30,SELL,GOLDBEES.NS,5126,63.55,325757.3,162.87865,325932.9763949999,62.81,1.178
2024-09-30,SELL,PHARMABEES.NS,13046,23.76,309972.96,154.98648,635750.9499149999,22.25,6.787
2024-09-30,SELL,BANKBEES.NS,578,544.78,314882.83999999997,157.44142,950476.3484949998,556.57,-2.118
2024-09-30,BUY,HNGSNGBEES.NS,862,367.12,316457.44,158.22872,633860.6797749999,,
2024-09-30,BUY,MON100.NS,1941,163.08,316538.28,158.26914000000002,317164.13063499983,,
2024-09-30,BUY,AUTOBEES.NS,1145,276.44,316523.8,158.2619,482.0687349998625,,
2024-10-07,SELL,CONSUMBEES.NS,2273,135.3,307536.9,153.76845,307865.2002849999,133.03,1.706
2024-10-07,SELL,MON100.NS,1941,162.32,315063.12,157.53156,622770.7887249999,163.08,-0.466
2024-10-07,SELL,AUTOBEES.NS,1145,264.31,302634.95,151.317475,925254.4212499999,276.44,-4.388
2024-10-07,BUY,NV20BEES.NS,1878,164.14,308254.92,154.12745999999999,616845.3737899999,,
2024-10-07,BUY,GOLDBEES.NS,4830,63.81,308202.3,154.10115,308488.9726399999,,
2024-10-07,BUY,ITBEES.NS,6836,45.09,308235.24000000005,154.11762000000002,99.61501999985194,,
2024-10-14,SELL,ITBEES.NS,6836,45.77,312883.72000000003,156.44186000000002,312826.89315999986,45.09,1.508
2024-10-14,SELL,NV20BEES.NS,1878,162.89,305907.42,152.95371,618581.3594499999,164.14,-0.762
2024-10-14,BUY,PHARMABEES.NS,12784,24.18,309117.12,154.55856,309309.6808899999,,
2024-10-14,BUY,CONSUMBEES.NS,2249,137.4,309012.60000000003,154.5063,142.5745899998583,,
2024-10-21,SELL,CONSUMBEES.NS,2249,132.69,298419.81,149.209905,298413.17468499986,137.4,-3.428
2024-10-21,SELL,PHARMABEES.NS,12784,23.54,300935.36,150.46768,599198.0670049998,24.18,-2.647
2024-10-21,BUY,MON100.NS,1811,165.29,299340.19,149.670095,299708.20690999983,,
2024-10-21,BUY,MAFANG.NS,3119,95.98,299361.62,149.68081,196.90609999984736,,
2024-11-11,SELL,SILVERBEES.NS,3597,88.48,318262.56,159.13128,318300.3348199999,86.24,2.597
2024-11-11,BUY,PSUBNKBEES.NS,4163,76.42,318136.46,159.06823,4.806589999876451,,
2024-11-18,SELL,PSUBNKBEES.NS,4163,72.69,302608.47,151.30423499999998,302461.97235499986,76.42,-4.881
2024-11-18,SELL,GOLDBEES.NS,4830,62.9,303807.0,151.9035,606117.0688549998,63.81,-1.426
2024-11-18,BUY,ITBEES.NS,6813,44.46,302905.98,151.45299,303059.63586499984,,
2024-11-18,BUY,GILT5YBEES.NS,5193,58.32,302855.76,151.42788000000002,52.44798499986064,,
2024-11-25,SELL,GILT5YBEES.NS,5193,58.36,303063.48,151.53173999999999,302964.39624499984,58.32,0.069
2024-11-25,SELL,HNGSNGBEES.NS,862,319.86,275719.32,137.85966000000002,578545.8565849998,367.12,-12.873
2024-11-25,BUY,GOLDBEES.NS,4490,64.38,289066.19999999995,144.5331,289335.1234849999,,
2024-11-25,BUY,SILVERBEES.NS,3328,86.87,289103.36,144.55168,87.21180499991169,,
2024-12-02,SELL,SILVERBEES.NS,3328,86.04,286341.12,143.17056,286285.1612449999,86.87,-0.955
2024-12-02,BUY,PSUBNKBEES.NS,3774,75.81,286106.94,143.05347,35.167774999921676,,
2024-12-09,SELL,GOLDBEES.NS,4490,64.29,288662.10000000003,144.33105000000003,288552.936725,64.38,-0.14
2024-12-09,BUY,HNGSNGBEES.NS,813,354.39,288119.07,144.059535,289.80718999996316,,
2024-12-23,SELL,PSUBNKBEES.NS,3774,73.84,278672.16000000003,139.33608,278822.63111,75.81,-2.599
2024-12-23,BUY,MOM100.NS,4555,61.18,278674.9,139.33745000000002,8.393660000001546,,
2024-12-30,SELL,HNGSNGBEES.NS,813,341.15,277354.94999999995,138.677475,277224.666185,354.39,-3.736
2024-12-30,BUY,PHARMABEES.NS,11686,23.71,277075.06,138.53753,11.06865500001004,,
2025-01-06,SELL,ITBEES.NS,6813,46.84,319120.92000000004,159.56046000000003,318972.42819500004,44.46,5.353
2025-01-06,BUY,MID150BEES.NS,1481,215.26,318800.06,159.40003000000002,12.968165000027511,,
2025-01-13,SELL,MOM100.NS,4555,56.25,256218.75,128.109375,256103.60879000003,61.18,-8.058
2025-01-13,SELL,MID150BEES.NS,1481,200.51,296955.31,148.477655,552910.441135,215.26,-6.852
2025-01-13,BUY,ITBEES.NS,5830,47.39,276283.7,138.14185,276488.59928499995,,
2025-01-13,BUY,GOLDBEES.NS,4170,66.25,276262.5,138.13125,87.96803499996895,,
2025-01-20,SELL,ITBEES.NS,5830,45.64,266081.2,133.0406,266036.127435,47.39,-3.693
2025-01-20,BUY,SILVERBEES.NS,3030,87.73,265821.9,132.91095,81.31648499995936,,
2025-01-27,SELL,SILVERBEES.NS,3030,87.59,265397.7,132.69885000000002,265346.317635,87.73,-0.16
2025-01-27,SELL,PHARMABEES.NS,11686,21.72,253819.91999999998,126.90996,519039.32767499995,23.71,-8.393
2025-01-27,BUY,HNGSNGBEES.NS,732,353.92,259069.44,129.53472,259840.35295499995,,
2025-01-27,BUY,GILT5YBEES.NS,4374,59.29,259334.46,129.66723,376.2257249999675,,
2025-02-03,SELL,GILT5YBEES.NS,4374,59.41,259859.34,129.92967,260105.63605499995,59.29,0.202
2025-02-03,SELL,HNGSNGBEES.NS,732,351.24,257107.68,128.55384,517084.76221499994,353.92,-0.757
2025-02-03,BUY,SILVERBEES.NS,2854,90.53,258372.62,129.18631,258582.95590499995,,
2025-02-03,BUY,LTGILTBEES.NS,9376,27.56,258402.56,129.20128,51.19462499994552,,
2025-02-10,SELL,LTGILTBEES.NS,9376,27.51,257933.76,128.96688,257855.98774499996,27.56,-0.181
2025-02-10,BUY,HNGSNGBEES.NS,672,383.13,257463.36,128.73167999999998,263.896064999979,,
2025-02-17,SELL,MON100.NS,1811,205.35,371888.85,185.944425,371966.80163999996,165.29,24.236
2025-02-17,BUY,LTGILTBEES.NS,13489,27.56,371756.83999999997,185.87841999999998,24.083219999971334,,
2025-03-03,SELL,MAFANG.NS,3119,130.61,407372.59,203.68629500000003,407192.986925,95.98,36.08
2025-03-03,BUY,GILT5YBEES.NS,6825,59.63,406974.75,203.48737500000001,14.749549999949522,,
2025-03-24,SELL,GILT5YBEES.NS,6825,60.04,409773.0,204.8865,409582.8630499999,59.63,0.688
2025-03-24,SELL,LTGILTBEES.NS,13489,27.84,375533.76,187.76688000000001,784928.8561699999,27.56,1.016
2025-03-24,BUY,CPSEETF.NS,4443,88.27,392183.61,196.091805,392549.15436499997,,
2025-03-24,BUY,BANKBEES.NS,740,529.72,391992.80000000005,195.99640000000002,360.35796499991557,,
2025-04-07,SELL,SILVERBEES.NS,2854,87.03,248383.62,124.19181,248619.78615499992,90.53,-3.866
2025-04-07,SELL,HNGSNGBEES.NS,672,348.05,233889.6,116.9448,482392.4413549999,383.13,-9.156
2025-04-07,BUY,PSUBNKBEES.NS,3565,67.61,241029.65,120.514825,241242.27652999992,,
2025-04-07,BUY,GILT5YBEES.NS,3951,61.01,241050.50999999998,120.52525499999999,71.24127499994938,,
2025-04-15,SELL,GILT5YBEES.NS,3951,61.11,241445.61,120.722805,241396.12846999994,61.01,0.164
2025-04-15,SELL,BANKBEES.NS,740,536.28,396847.19999999995,198.4236,638044.90487,529.72,1.238
2025-04-15,BUY,INFRABEES.NS,365,873.36,318776.4,159.3882,319109.11666999996,,
2025-04-15,BUY,JUNIORBEES.NS,470,677.29,318326.3,159.16315,623.6535199999926,,
2025-04-21,SELL,JUNIORBEES.NS,470,698.16,328135.2,164.0676,328594.78592,677.29,3.081
2025-04-21,BUY,BANKBEES.NS,580,566.23,328413.4,164.2067,17.17921999999089,,
2025-04-28,SELL,INFRABEES.NS,365,901.96,329215.4,164.60770000000002,329067.97152,873.36,3.275
2025-04-28,BUY,JUNIORBEES.NS,473,694.2,328356.60000000003,164.1783,547.1932199999574,,
2025-05-05,SELL,CPSEETF.NS,4443,88.25,392094.75,196.04737500000002,392445.89584499993,88.27,-0.023
2025-05-05,SELL,JUNIORBEES.NS,473,698.39,330338.47,165.169235,722619.19661,694.2,0.604
2025-05-05,BUY,INFRABEES.NS,394,916.29,361018.26,180.50913,361420.42747999995,,
2025-05-05,BUY,MOM100.NS,6168,58.54,361074.72,180.53735999999998,165.17011999996612,,
2025-05-12,SELL,INFRABEES.NS,394,926.73,365131.62,182.56581,365114.22430999996,916.29,1.139
2025-05-12,SELL,PSUBNKBEES.NS,3565,71.97,256573.05,128.28652499999998,621558.9877849999,67.61,6.449
2025-05-12,BUY,MID150BEES.NS,1484,209.26,310541.83999999997,155.27092,310861.87686499994,,
2025-05-12,BUY,AUTOBEES.NS,1303,238.35,310570.05,155.285025,136.54183999996167,,
2025-05-19,SELL,GOLDBEES.NS,4170,78.32,326594.39999999997,163.29719999999998,326567.64463999995,66.25,18.219
2025-05-19,BUY,MAFANG.NS,2421,134.8,326350.80000000005,163.17540000000002,53.66923999990104,,
2025-05-26,SELL,BANKBEES.NS,580,569.8,330484.0,165.242,330372.4272399999,566.23,0.63
2025-05-26,BUY,CONSUMBEES.NS,2583,127.83,330184.89,165.092445,22.444794999842998,,
2025-06-02,SELL,CONSUMBEES.NS,2583,126.87,327705.21,163.852605,327563.80218999984,127.83,-0.751
2025-06-02,BUY,PSUBNKBEES.NS,4116,79.54,327386.64,163.69332,13.468869999807794,,
2025-06-09,SELL,PSUBNKBEES.NS,4116,80.63,331873.07999999996,165.93653999999998,331720.61232999974,79.54,1.37
2025-06-09,BUY,ITBEES.NS,8108,40.89,331536.12,165.76806,18.72426999977324,,
2025-06-16,SELL,AUTOBEES.NS,1303,238.79,311143.37,155.571685,311006.5225849998,238.35,0.185
2025-06-16,SELL,MOM100.NS,6168,63.13,389385.84,194.69292000000002,700197.6696649998,58.54,7.841
2025-06-16,BUY,SILVERBEES.NS,3378,103.57,349859.45999999996,174.92972999999998,350163.2799349999,,
2025-06-16,BUY,MON100.NS,1937,180.63,349880.31,174.940155,108.02977999986615,,
2025-06-23,SELL,MON100.NS,1937,182.35,353211.95,176.605975,353143.37380499986,180.63,0.952
2025-06-23,BUY,MOM100.NS,5671,62.24,352963.04000000004,176.48152000000002,3.8522849998553284,,
2025-06-30,SELL,ITBEES.NS,8108,42.41,343860.27999999997,171.93014,343692.2021449998,40.89,3.717
2025-06-30,SELL,SILVERBEES.NS,3378,102.47,346143.66,173.07182999999998,689662.7903149999,103.57,-1.062
2025-06-30,BUY,PSUBNKBEES.NS,4282,80.49,344658.18,172.32909,344832.28122499987,,
2025-06-30,BUY,MON100.NS,1786,192.97,344644.42,172.32220999999998,15.539014999871142,,
2025-07-07,SELL,MID150BEES.NS,1484,225.72,334968.48,167.48424,334816.53477499983,209.26,7.866
2025-07-07,BUY,SILVERBEES.NS,3224,103.79,334618.96,167.30948,30.265294999815524,,
2025-07-14,SELL,MOM100.NS,5671,63.46,359881.66000000003,179.94083000000003,359731.98446499987,62.24,1.96
2025-07-14,BUY,PHARMABEES.NS,15707,22.89,359533.23,179.766615,18.98784999991767,,
2025-07-21,SELL,PSUBNKBEES.NS,4282,79.54,340590.28,170.29514,340438.97270999994,80.49,-1.18
2025-07-21,BUY,HNGSNGBEES.NS,824,412.53,339924.72,169.96236,344.29034999996657,,
2025-08-04,SELL,PHARMABEES.NS,15707,22.74,357177.18,178.58859,357342.88175999996,22.89,-0.655
2025-08-04,BUY,CONSUMBEES.NS,2734,130.63,357142.42,178.57121,21.890549999952782,,
2025-08-11,SELL,CONSUMBEES.NS,2734,130.78,357552.52,178.77626,357395.63428999996,130.63,0.115
2025-08-11,BUY,GOLDBEES.NS,4291,83.23,357139.93,178.569965,77.1343249999918,,
2025-08-25,SELL,GOLDBEES.NS,4291,83.5,358298.5,179.14925,358196.485075,83.23,0.324
2025-08-25,BUY,AUTOBEES.NS,1372,260.88,357927.36,178.96368,90.16139500000281,,
2025-09-01,SELL,MAFANG.NS,2421,161.13,390095.73,195.047865,389990.84353,134.8,19.533
2025-09-01,BUY,GOLDBEES.NS,4500,86.61,389745.0,194.8725,50.97103000001516,,
2025-09-08,SELL,MON100.NS,1786,205.28,366630.08,183.31504,366497.73599,192.97,6.379
2025-09-08,BUY,MAFANG.NS,2254,162.46,366184.84,183.09242,129.80356999998912,,
2025-10-06,SELL,MAFANG.NS,2254,169.23,381444.42,190.72221,381383.50136,162.46,4.167
2025-10-06,BUY,MON100.NS,1584,240.61,381126.24000000005,190.56312000000003,66.69823999993969,,
2025-10-13,SELL,AUTOBEES.NS,1372,273.94,375845.68,187.92284,375724.4553999999,260.88,5.006
2025-10-13,BUY,PSUBNKBEES.NS,4362,86.09,375524.58,187.76229,12.113109999918379,,
2025-11-03,SELL,HNGSNGBEES.NS,824,525.37,432904.88,216.45244,432700.5406699999,412.53,27.353
2025-11-03,BUY,MAFANG.NS,2454,176.23,432468.42,216.23421,15.886459999892395,,
2025-11-10,SELL,MAFANG.NS,2454,171.86,421744.44000000006,210.87222000000003,421549.45423999993,176.23,-2.48
2025-11-10,BUY,BANKBEES.NS,704,598.17,421111.68,210.55584,227.21839999995427,,
2025-11-24,SELL,MON100.NS,1584,230.35,364874.39999999997,182.4372,364919.18119999993,240.61,-4.264
2025-11-24,SELL,GOLDBEES.NS,4500,102.23,460035.0,230.0175,824724.1636999999,86.61,18.035
2025-11-24,SELL,SILVERBEES.NS,3224,147.08,474185.92000000004,237.09296000000003,1298672.99074,103.79,41.709
2025-11-24,BUY,ITBEES.NS,10638,40.67,432647.46,216.32373,865809.20701,,
2025-11-24,BUY,INFRABEES.NS,437,989.55,432433.35,216.21667499999998,433159.64033500006,,
2025-11-24,BUY,MOM100.NS,6688,64.69,432646.72,216.32335999999998,296.5969750001095,,
2025-12-08,SELL,INFRABEES.NS,437,974.48,425847.76,212.92388,425931.4330950001,989.55,-1.523
2025-12-08,SELL,MOM100.NS,6688,64.09,428633.92000000004,214.31696000000002,854351.0361350002,64.69,-0.928
2025-12-08,BUY,DIVOPPBEES.NS,5247,81.37,426948.39,213.474195,427189.17194000015,,
2025-12-08,BUY,AUTOBEES.NS,1506,283.42,426830.52,213.41526000000002,145.23668000014732,,
2025-12-15,SELL,AUTOBEES.NS,1506,283.33,426694.98,213.34749,426626.8691900001,283.42,-0.032
2025-12-15,SELL,DIVOPPBEES.NS,5247,81.9,429729.30000000005,214.86465000000004,856141.3045400002,81.37,0.651
2025-12-15,SELL,BANKBEES.NS,704,613.39,431826.56,215.91328000000001,1287751.9512600002,598.17,2.544
2025-12-15,BUY,SILVERBEES.NS,2320,184.87,428898.4,214.44920000000002,858639.1020600002,,
2025-12-15,BUY,GOLDBEES.NS,3866,110.95,428932.7,214.46635,429491.93571000017,,
2025-12-15,BUY,MAFANG.NS,2434,176.26,429016.83999999997,214.50842,260.58729000017047,,
2025-12-22,SELL,MAFANG.NS,2434,166.86,406137.24000000005,203.06862000000004,406194.75867000024,176.26,-5.333
2025-12-22,BUY,AUTOBEES.NS,1421,285.55,405766.55,202.883275,225.3253950002836,,
2025-12-29,SELL,PSUBNKBEES.NS,4362,92.09,401696.58,200.84829000000002,401721.0571050003,86.09,6.969
2025-12-29,BUY,DIVOPPBEES.NS,4849,82.79,401448.71,200.724355,71.62275000027148,,
2026-01-05,SELL,DIVOPPBEES.NS,4849,83.54,405085.46,202.54273,404954.5400200003,82.79,0.906
2026-01-05,BUY,PSUBNKBEES.NS,4160,97.28,404684.8,202.3424,67.39762000029441,,
2026-01-19,SELL,AUTOBEES.NS,1421,283.55,402924.55,201.462275,402790.4853450003,285.55,-0.7
2026-01-19,BUY,HNGSNGBEES.NS,736,546.61,402304.96,201.15248000000003,284.37286500027403,,
2026-01-27,SELL,ITBEES.NS,10638,42.51,452221.38,226.11069,452279.6421750003,40.67,4.524
2026-01-27,BUY,DIVOPPBEES.NS,5430,83.24,451993.19999999995,225.99659999999997,60.44557500031078,,
2026-02-02,SELL,DIVOPPBEES.NS,5430,82.62,448626.60000000003,224.31330000000003,448462.73227500037,83.24,-0.745
2026-02-02,BUY,CPSEETF.NS,4674,95.89,448189.86,224.09493,48.777345000358764,,
2026-03-09,SELL,SILVERBEES.NS,2320,247.0,573040.0,286.52,572802.2573450003,184.87,33.607
2026-03-09,SELL,HNGSNGBEES.NS,736,502.82,370075.52,185.03776000000002,942692.7395850003,546.61,-8.011
2026-03-09,BUY,PHARMABEES.NS,20021,23.53,471094.13,235.547065,471363.0625200003,,
2026-03-09,BUY,GILT5YBEES.NS,7340,64.18,471081.20000000007,235.54060000000004,46.32192000024952,,
2026-03-16,SELL,PSUBNKBEES.NS,4160,95.24,396198.39999999997,198.0992,396046.6227200002,97.28,-2.097
2026-03-16,BUY,LTGILTBEES.NS,13468,29.39,395824.52,197.91226,24.19046000018716,,
2026-03-23,SELL,GOLDBEES.NS,3866,110.72,428043.52,214.02176,427853.68870000023,110.95,-0.207
2026-03-23,BUY,LIQUIDBEES.NS,427,1000.0,427000.0,213.5,640.1887000002316,,
2026-03-30,SELL,LTGILTBEES.NS,13468,28.96,390033.28,195.01664000000002,390478.4520600003,29.39,-1.463
2026-03-30,BUY,MON100.NS,1685,231.54,390144.89999999997,195.07244999999998,138.47961000032956,,
2026-04-06,SELL,PHARMABEES.NS,20021,22.44,449271.24000000005,224.63562000000002,449185.08399000036,23.53,-4.632
2026-04-06,BUY,MAFANG.NS,2863,156.81,448947.03,224.47351500000002,13.580475000315346,,
2026-04-20,SELL,GILT5YBEES.NS,7340,64.57,473943.79999999993,236.97189999999998,473720.40857500024,64.18,0.608
2026-04-20,SELL,LIQUIDBEES.NS,427,999.99,426995.73,213.497865,900502.6407100002,1000.0,-0.001
2026-04-20,BUY,JUNIORBEES.NS,594,756.55,449390.69999999995,224.69535,450887.24536000023,,
2026-04-20,BUY,SILVERBEES.NS,1896,237.27,449863.92000000004,224.93196000000003,798.3934000001755,,
2026-04-27,SELL,SILVERBEES.NS,1896,230.72,437445.12,218.72256000000002,438024.79084000015,237.27,-2.761
2026-04-27,BUY,GILT5YBEES.NS,6785,64.52,437768.19999999995,218.8841,37.70674000016879,,
2026-05-04,SELL,GILT5YBEES.NS,6785,64.37,436750.45,218.375225,436569.78151500016,64.52,-0.232
2026-05-04,SELL,JUNIORBEES.NS,594,759.22,450976.68,225.48834,887320.9731750002,756.55,0.353
2026-05-04,BUY,MOM100.NS,6847,64.76,443411.72000000003,221.70586000000003,443687.54731500015,,
2026-05-04,BUY,MID150BEES.NS,1939,228.69,443429.91,221.714955,35.92236000020057,,
2026-05-11,SELL,CPSEETF.NS,4674,105.51,493153.74000000005,246.57687000000004,492943.08549000026,95.89,10.032
2026-05-11,BUY,AUTOBEES.NS,1794,274.58,492596.51999999996,246.29826,100.26723000028869,,
2026-05-18,SELL,AUTOBEES.NS,1794,263.18,472144.92,236.07246,472009.1147700003,274.58,-4.152
2026-05-18,BUY,SILVERBEES.NS,1863,253.16,471637.08,235.81854,136.21623000025284,,
2026-05-25,SELL,MID150BEES.NS,1939,233.95,453629.05,226.814525,453538.45170500025,228.69,2.3
2026-05-25,BUY,HNGSNGBEES.NS,845,536.43,453283.35,226.641675,28.46003000024939,,
2026-06-01,SELL,HNGSNGBEES.NS,845,511.96,432606.2,216.3031,432418.35693000024,536.43,-4.562
2026-06-01,BUY,JUNIORBEES.NS,572,755.2,431974.4,215.98720000000003,227.96973000024445,,
2026-06-08,SELL,JUNIORBEES.NS,572,744.88,426071.36,213.03567999999999,426086.29405000026,755.2,-1.367
2026-06-08,BUY,PHARMABEES.NS,17172,24.8,425865.60000000003,212.93280000000001,7.761250000214204,,
2026-06-15,SELL,SILVERBEES.NS,1863,238.62,444549.06,222.27453,444334.5467200002,253.16,-5.743
2026-06-15,BUY,GILT5YBEES.NS,6785,65.45,444078.25,222.039125,34.25759500020649,,
2026-06-22,SELL,GILT5YBEES.NS,6785,65.51,444485.35000000003,222.24267500000002,444297.36492000025,65.45,0.092
2026-06-22,BUY,BANKBEES.NS,741,598.96,443829.36000000004,221.91468000000003,246.09024000022328,,
2026-06-29,SELL,MOM100.NS,6847,66.41,454709.26999999996,227.35463499999997,454728.0056050002,64.76,2.548
2026-06-29,SELL,MAFANG.NS,2863,185.08,529884.04,264.94202,984347.1035850003,156.81,18.028
2026-06-29,BUY,GILT5YBEES.NS,7471,65.84,491890.64,245.94532,492210.51826500025,,
2026-06-29,BUY,LTGILTBEES.NS,16502,29.81,491924.62,245.96231,39.93595500028459,,
2026-07-06,SELL,MON100.NS,1685,327.91,552528.3500000001,276.2641750000001,552292.0217800003,231.54,41.621
2026-07-06,SELL,LTGILTBEES.NS,16502,29.98,494729.96,247.36498,1046774.6168000003,29.81,0.57
2026-07-06,SELL,GILT5YBEES.NS,7471,65.91,492413.61,246.206805,1538942.0199950002,65.84,0.106
2026-07-06,BUY,CONSUMBEES.NS,3886,131.94,512718.83999999997,256.35942,1025966.8205750003,,
2026-07-06,BUY,PSUBNKBEES.NS,5495,93.3,512683.5,256.34175,513026.97882500023,,
2026-07-06,BUY,JUNIORBEES.NS,653,784.84,512500.52,256.25026,270.2085650002118,,
2026-07-13,SELL,PHARMABEES.NS,17172,26.39,453169.08,226.58454,453212.7040250002,24.8,6.411
2026-07-13,BUY,AUTOBEES.NS,1624,278.85,452852.4,226.42620000000002,133.87782500020694,,
2026-07-20,SELL,CONSUMBEES.NS,3886,130.7,507900.19999999995,253.9501,507780.12772500014,131.94,-0.94
2026-07-20,SELL,PSUBNKBEES.NS,5495,96.16,528399.2,264.1996,1035915.128125,93.3,3.065
2026-07-20,SELL,AUTOBEES.NS,1624,279.0,453096.0,226.548,1488784.580125,278.85,0.054
2026-07-20,SELL,JUNIORBEES.NS,653,781.49,510312.97000000003,255.15648500000003,1998842.3936400001,784.84,-0.427
2026-07-20,BUY,PHARMABEES.NS,18657,26.77,499447.89,249.72394500000001,1499144.779695,,
2026-07-20,BUY,MAFANG.NS,2514,198.67,499456.37999999995,249.72818999999998,999438.6715050001,,
2026-07-20,BUY,GILT5YBEES.NS,7583,65.86,499416.38,249.70819,499772.5833150001,,
2026-07-20,BUY,LTGILTBEES.NS,16709,29.89,499432.01,249.71600500000002,90.85731000010855,,
2026-07-27,SELL,GILT5YBEES.NS,7583,66.03,500705.49,250.352745,500545.9945650001,65.86,0.258
2026-07-27,SELL,LTGILTBEES.NS,16709,29.98,500935.82,250.46791000000002,1001231.3466550001,29.89,0.301
2026-07-27,SELL,MAFANG.NS,2514,192.54,484045.56,242.02278,1485034.883875,198.67,-3.086
2026-07-27,BUY,CONSUMBEES.NS,3740,132.26,494652.39999999997,247.3262,990135.1576750001,,
2026-07-27,BUY,AUTOBEES.NS,1734,285.24,494606.16000000003,247.30308000000002,495281.6945950001,,
2026-07-27,BUY,JUNIORBEES.NS,631,783.45,494356.95,247.17847500000002,677.5661200000905,,
